clip_id,raw_answer,predicted,ground_truth
5000441001.avi,"Expression: The student appears to be focused and attentive, with a neutral expression.
Posture: The student is sitting upright in a chair, facing the camera.
Rating: 2",2,2
5000441002.avi,"Expression: The student appears to be focused and attentive, with a neutral expression.
Posture: The student is sitting upright in a chair, facing the camera directly.
Rating: 2",2,2
5000441003.avi,"Expression: The student appears to be focused and attentive, with a neutral expression.
Posture: The student is sitting upright in front of the camera.
Rating: 2",2,2
5000441005.avi,"Expression: The student appears to be focused and attentive, with a neutral expression.
Posture: The student is sitting upright in front of the camera.
Rating: 2",2,2
5000441006.avi,"Expression: The student appears to be focused and attentive, with a neutral expression.
Posture: The student is sitting upright in a chair, facing the camera directly.
Rating: 2",2,2
5000441007.avi,"Expression: The student appears to be focused and attentive, with a neutral expression.
Posture: The student is sitting upright in front of the camera.
Rating: 2",2,2
5000441008.avi,"Expression: The student appears to be focused and attentive, with a neutral expression.
Posture: The student is sitting upright in front of the camera.
Rating: 2",2,2
5000441009.avi,"Expression: The student appears to be focused and attentive, with a neutral expression.
Posture: The student is sitting upright in front of the camera.
Rating: 2",2,3
5000441010.avi,"Expression: The student appears to be focused and attentive, with a neutral expression.
Posture: The student is sitting upright in front of the camera.
Rating: 2",2,2
5000441012.avi,"Expression: The student appears to be focused and attentive, with a neutral expression.
Posture: The student is sitting upright in a chair, facing the camera directly.
Rating: 2",2,2
5000441013.avi,"Expression: The student appears to be focused and attentive, with a neutral expression.
Posture: The student is sitting upright in front of the camera.
Rating: 2",2,2
5000441014.avi,"Expression: The student appears to be focused and attentive, with a neutral expression.
Posture: The student is sitting upright in a chair, facing the camera directly.
Rating: 2",2,2
5000441015.avi,"Expression: The student appears to be focused and attentive, with a neutral expression.
Posture: The student is sitting upright in a chair, facing the camera directly.
Rating: 2",2,2
5000441016.avi,"Expression: The student appears to be focused and attentive, with a neutral expression.
Posture: The student is sitting upright in a chair, facing the camera directly.
Rating: 2",2,3
5000441017.avi,"Expression: The student appears to be focused and attentive, with a neutral expression.
Posture: The student is sitting upright in a chair, facing the camera directly.
Rating: 2",2,2
5000441018.avi,"Expression: The student appears to be focused and attentive, with a neutral expression.
Posture: The student is sitting upright in a chair, facing the camera directly.
Rating: 2",2,3
5000441021.avi,"Expression: The student appears to be focused and attentive, with a neutral expression.
Posture: The student is sitting upright in front of the camera.
Rating: 2",2,3
5000441022.avi,"Expression: The student appears to be focused and attentive, with a neutral expression.
Posture: The student is sitting upright in front of the camera.
Rating: 2",2,2
5000441023.avi,"Expression: The student appears to be focused and attentive, with a neutral expression.
Posture: The student is sitting upright in front of the camera.
Rating: 2",2,3
5000441024.avi,"Expression: The student appears to be focused and attentive, with a neutral expression.
Posture: The student is sitting upright in front of the camera.
Rating: 2",2,1
5000441027.avi,"Expression: The student appears to be focused and attentive, with a neutral expression.
Posture: The student is sitting upright in front of the camera.
Rating: 2",2,3
5000441030.avi,"Expression: The student appears to be focused and attentive, with a neutral expression.
Posture: The student is sitting upright in front of the camera.
Rating: 2",2,2
5000441031.avi,"Expression: The student appears to be focused and attentive, with a neutral expression.
Posture: The student is sitting upright in front of the camera.
Rating: 2",2,2
5000441032.avi,"Expression: The student appears to be focused and attentive, with a neutral expression.
Posture: The student is sitting upright in front of the camera.
Rating: 2",2,2
5000441033.avi,"Expression: The student appears to be focused and attentive, with a neutral expression.
Posture: The student is sitting upright in front of the camera.
Rating: 2",2,2
5000441034.avi,"Expression: The student appears to be focused and attentive, with a neutral expression.
Posture: The student is sitting upright in front of the camera.
Rating: 2",2,2
5000441035.avi,"Expression: The student appears to be focused and attentive, with a neutral expression.
Posture: The student is sitting upright in front of the camera.
Rating: 2",2,3
5000441037.avi,"Expression: The student appears to be focused and attentive, with a neutral expression.
Posture: The student is sitting upright in front of the camera.
Rating: 2",2,2
5000441038.avi,"Expression: The student appears to be focused and attentive, with a neutral expression.
Posture: The student is sitting upright in front of the camera.
Rating: 2",2,3
5000441039.avi,"Expression: The student appears to be focused and attentive, with a neutral expression.
Posture: The student is sitting upright in front of the camera.
Rating: 2",2,3
5000441040.avi,"Expression: The student appears to be focused and attentive, with a neutral expression.
Posture: The student is sitting upright in front of the camera.
Rating: 2",2,3
5000441041.avi,"Expression: The student appears to be focused and attentive, with a neutral expression.
Posture: The student is sitting upright in front of the camera.
Rating: 2",2,3
5000441042.avi,"Expression: The student appears to be focused and attentive, with a neutral expression.
Posture: The student is sitting upright in front of the camera.
Rating: 2",2,2
5000441043.avi,"Expression: The student appears to be focused and attentive, with a neutral expression.
Posture: The student is sitting upright in a chair, facing the camera directly.
Rating: 2",2,2
5000441044.avi,"Expression: The student appears to be focused and attentive, with a neutral expression.
Posture: The student is sitting upright in front of the camera.
Rating: 2",2,2
5000441045.avi,"Expression: The student appears to be focused and attentive, with a neutral expression.
Posture: The student is sitting upright in front of the camera.
Rating: 2",2,2
5000441046.avi,"Expression: The student appears to be focused and attentive, with a neutral expression.
Posture: The student is sitting upright in front of the camera.
Rating: 2",2,3
5000441047.avi,"Expression: The student appears to be focused and attentive, with a neutral expression.
Posture: The student is sitting upright in front of the camera.
Rating: 2",2,2
5000441048.avi,"Expression: The student appears to be focused and attentive, with a neutral expression.
Posture: The student is sitting upright in front of the camera.
Rating: 2",2,2
5000441050.avi,"Expression: The student appears to be focused and attentive, with a neutral expression.
Posture: The student is sitting upright in a chair, facing the camera directly.
Rating: 2",2,2
5000441051.avi,"Expression: The student appears to be focused and attentive, with a neutral expression.
Posture: The student is sitting upright in a chair, facing the camera directly.
Rating: 2",2,2
5000441052.avi,"Expression: The student appears to be concentrating, with a focused gaze and slightly furrowed brow.
Posture: The student is sitting upright in a chair, with their hands resting on their face.
Rating: 2",2,2
5000441053.avi,"Expression: The student appears to be focused and attentive, with a neutral expression.
Posture: The student is sitting upright in a chair, facing the camera directly.
Rating: 2",2,3
5000441054.avi,"Expression: The student appears to be focused and attentive, with a neutral expression.
Posture: The student is sitting upright in a chair, facing the camera directly.
Rating: 2",2,2
5000441055.avi,"Expression: The student appears to be focused and attentive, with a neutral expression.
Posture: The student is sitting upright in a chair, facing the camera directly.
Rating: 2",2,3
5000441058.avi,"Expression: The student appears to be focused and attentive, with a neutral expression.
Posture: The student is sitting upright in a chair, facing the camera directly.
Rating: 2",2,1
5000441059.avi,"Expression: The student appears to be focused and attentive, with a neutral expression.
Posture: The student is sitting upright in a chair, facing the camera directly.
Rating: 2",2,2
5000441061.avi,"Expression: The student appears to be focused and attentive, with a neutral expression.
Posture: The student is sitting upright in a chair, facing the camera directly.
Rating: 2",2,3
5000441062.avi,"Expression: The student appears to be focused and attentive, with a neutral expression.
Posture: The student is sitting upright in front of the camera.
Rating: 2",2,2
5000441064.avi,"Expression: The student appears to be focused and attentive, with a neutral expression.
Posture: The student is sitting upright in front of the camera.
Rating: 2",2,2
5000441065.avi,"Expression: The student appears to be focused and attentive, with a neutral expression.
Posture: The student is sitting upright in a chair, facing the camera directly.
Rating: 2",2,2
5000441066.avi,"Expression: The student appears to be focused and attentive, with a neutral expression.
Posture: The student is sitting upright in front of the camera.
Rating: 2",2,2
5000441067.avi,"Expression: The student appears to be focused and attentive, with a neutral expression.
Posture: The student is sitting upright in a chair, facing the camera directly.
Rating: 2",2,1
5000441068.avi,"Expression: The student appears to be focused and attentive, with a neutral expression.
Posture: The student is sitting in front of the camera, holding a phone in their hand.
Rating: 2",2,2
5000441069.avi,"Expression: The student appears to be focused and attentive, with a neutral expression.
Posture: The student is sitting upright in front of the camera.
Rating: 2",2,2
5000441070.avi,"Expression: The student appears to be focused and attentive, with a neutral expression.
Posture: The student is sitting upright in front of the camera.
Rating: 2",2,3
5000441071.avi,"Expression: The student appears to be focused and attentive, with a neutral expression.
Posture: The student is sitting upright in front of the camera.
Rating: 2",2,3
5000441072.avi,"Expression: The student appears to be focused and attentive, with a neutral expression.
Posture: The student is sitting upright in front of the camera.
Rating: 2",2,3
5000442001.avi,"Expression: The student appears to be focused and attentive, with a neutral facial expression.
Posture: The student is sitting upright in a chair, facing the camera.
Rating: 2",2,3
5000442002.avi,"Expression: The student appears to be focused and attentive, with a neutral expression.
Posture: The student is sitting upright in a chair, facing the camera.
Rating: 2",2,2
5000442003.avi,"Expression: The student appears to be focused and attentive, with a neutral expression.
Posture: The student is sitting upright in a chair, facing the camera.
Rating: 2",2,2
5000442004.avi,"Expression: The student appears to be focused and attentive, with a neutral expression.
Posture: The student is sitting upright in front of the camera.
Rating: 2",2,2
5000442005.avi,"Expression: The student appears to be focused and attentive, with a neutral expression.
Posture: The student is sitting upright in front of the camera.
Rating: 2",2,2
5000442007.avi,"Expression: The student appears to be focused and attentive, with a neutral expression.
Posture: The student is sitting upright in front of the camera.
Rating: 2",2,2
5000442008.avi,"Expression: The student appears to be focused and attentive, with a neutral expression.
Posture: The student is sitting upright in front of the camera.
Rating: 2",2,2
5000442009.avi,"Expression: The student appears to be focused and attentive, with a neutral expression.
Posture: The student is sitting upright in front of the camera.
Rating: 2",2,3
5000442010.avi,"Expression: The student appears to be focused and attentive, with a neutral expression.
Posture: The student is sitting upright in front of the camera.
Rating: 2",2,2
5000442014.avi,"Expression: The student appears to be focused and attentive, with a neutral expression.
Posture: The student is sitting upright in front of the camera.
Rating: 2",2,3
5000442015.avi,"Expression: The student appears to be focused and attentive, with a neutral expression.
Posture: The student is sitting upright in a chair, facing the camera directly.
Rating: 2",2,2
5000442016.avi,"Expression: The student appears to be focused and attentive, with a neutral expression.
Posture: The student is sitting upright in a chair, facing the camera directly.
Rating: 2",2,2
5000442019.avi,"Expression: The student appears to be focused and attentive, with a neutral expression.
Posture: The student is sitting upright in a chair, facing the camera directly.
Rating: 2",2,2
5000442021.avi,"Expression: The student appears to be focused and attentive, with a neutral expression.
Posture: The student is sitting upright in a chair, facing the camera directly.
Rating: 2",2,2
5000442022.avi,"Expression: The student appears to be focused and attentive, with a neutral expression.
Posture: The student is sitting upright in front of the camera.
Rating: 2",2,3
5000442024.avi,"Expression: The student appears to be focused and attentive, with a neutral expression.
Posture: The student is sitting upright in front of the camera.
Rating: 2",2,2
5000442025.avi,"Expression: The student appears to be focused and attentive, with a neutral expression.
Posture: The student is sitting upright in front of the camera.
Rating: 2",2,2
5000442026.avi,"Expression: The student appears to be focused and attentive, with a neutral expression.
Posture: The student is sitting upright in front of the camera.
Rating: 2",2,2
5000442027.avi,"Expression: The student appears to be focused and attentive, with a neutral expression.
Posture: The student is sitting upright in front of the camera.
Rating: 2",2,3
5000442028.avi,"Expression: The student appears to be focused and attentive, with a neutral expression.
Posture: The student is sitting upright in front of the camera.
Rating: 2",2,2
5000442029.avi,"Expression: The student appears to be focused and attentive, with a neutral expression.
Posture: The student is sitting upright in a chair, facing the camera directly.
Rating: 2",2,3
5000442033.avi,"Expression: The student appears to be focused and attentive, with a neutral expression.
Posture: The student is sitting upright in front of the camera.
Rating: 2",2,2
5000442034.avi,"Expression: The student appears to be focused and attentive, with a neutral expression.
Posture: The student is sitting upright in front of the camera.
Rating: 2",2,3
5000442035.avi,"Expression: The student appears to be focused and attentive, with a neutral expression.
Posture: The student is sitting upright in front of the camera.
Rating: 2",2,3
5000442036.avi,"Expression: The student appears to be focused and attentive, with a neutral expression.
Posture: The student is sitting upright in front of the camera.
Rating: 2",2,2
5000442037.avi,"Expression: The student appears to be focused and attentive, with a neutral expression.
Posture: The student is sitting upright in front of the camera.
Rating: 2",2,3
5000442038.avi,"Expression: The student appears to be focused and attentive, with a neutral expression.
Posture: The student is sitting upright in front of the camera.
Rating: 2",2,3
5000442039.avi,"Expression: The student appears to be focused and attentive, with a neutral expression.
Posture: The student is sitting upright in front of the camera.
Rating: 2",2,3
5000442040.avi,"Expression: The student appears to be focused and attentive, with a neutral expression.
Posture: The student is sitting upright in front of the camera.
Rating: 2",2,3
5000442042.avi,"Expression: The student appears to be focused and attentive, with a neutral expression.
Posture: The student is sitting upright in front of the camera.
Rating: 2",2,2
5000442043.avi,"Expression: The student appears to be focused and attentive, with a neutral expression.
Posture: The student is sitting upright in a chair, facing the camera directly.
Rating: 2",2,3
5000442045.avi,"Expression: The student appears to be focused and attentive, with a neutral expression.
Posture: The student is sitting upright in a chair, facing the camera directly.
Rating: 2",2,3
5000442047.avi,"Expression: The student appears to be focused and attentive, with a neutral expression.
Posture: The student is sitting upright in front of the camera.
Rating: 2",2,2
5000442048.avi,"Expression: The student appears to be focused and attentive, with a neutral expression.
Posture: The student is sitting upright in front of the camera.
Rating: 2",2,2
5000442050.avi,"Expression: The student appears to be focused and attentive, with a neutral expression.
Posture: The student is sitting upright in front of the camera.
Rating: 2",2,2
5000442051.avi,"Expression: The student appears to be focused and attentive, with a neutral expression.
Posture: The student is sitting upright in a chair, facing the camera directly.
Rating: 2",2,2
5000442052.avi,"Expression: The student appears to be focused and attentive, with a neutral expression.
Posture: The student is sitting upright in front of the camera.
Rating: 2",2,2
5000442053.avi,"Expression: The student appears to be focused and attentive, with a neutral expression.
Posture: The student is sitting upright in front of the camera.
Rating: 2",2,2
5000442054.avi,"Expression: The student appears to be focused and attentive, with a neutral expression.
Posture: The student is sitting upright in front of the camera.
Rating: 2",2,3
5000442055.avi,"Expression: The student appears to be focused and attentive, with a neutral expression.
Posture: The student is sitting upright in front of the camera.
Rating: 2",2,3
5000442056.avi,"Expression: The student appears to be focused and attentive, with a neutral expression.
Posture: The student is sitting upright in a chair, facing the camera directly.
Rating: 2",2,2
5000442057.avi,"Expression: The student appears to be focused and attentive, with a neutral expression.
Posture: The student is sitting upright in front of the camera.
Rating: 2",2,3
5000442058.avi,"Expression: The student appears to be focused and attentive, with a neutral expression.
Posture: The student is sitting upright in front of the camera.
Rating: 2",2,3
5000442059.avi,"Expression: The student appears to be focused and attentive, with a neutral expression.
Posture: The student is sitting upright in front of the camera.
Rating: 2",2,3
5000442060.avi,"Expression: The student appears to be focused and attentive, with a neutral expression.
Posture: The student is sitting upright in front of the camera.
Rating: 2",2,2
5000442062.avi,"Expression: The student appears to be focused and attentive, with a neutral expression.
Posture: The student is sitting upright in front of the camera.
Rating: 2",2,2
5000442063.avi,"Expression: The student appears to be focused and attentive, with a neutral expression.
Posture: The student is sitting upright in front of the camera.
Rating: 2",2,3
5000442064.avi,"Expression: The student appears to be focused and attentive, with a neutral expression.
Posture: The student is sitting upright in front of the camera.
Rating: 2",2,3
5000442065.avi,"Expression: The student appears to be focused and attentive, with a neutral expression.
Posture: The student is sitting upright in front of the camera.
Rating: 2",2,3
5000442066.avi,"Expression: The student appears to be focused and attentive, with a neutral expression.
Posture: The student is sitting upright in front of the camera.
Rating: 2",2,3
5000442067.avi,"Expression: The student appears to be focused and attentive, with a neutral expression.
Posture: The student is sitting upright in front of the camera.
Rating: 2",2,2
5000442068.avi,"Expression: The student appears to be focused and attentive, with a neutral expression.
Posture: The student is sitting upright in front of the camera.
Rating: 2",2,3
5000442069.avi,"Expression: The student appears to be focused and attentive, with a neutral expression.
Posture: The student is sitting upright in front of the camera.
Rating: 2",2,3
5000442070.avi,"Expression: The student appears to be focused and attentive, with a neutral expression.
Posture: The student is sitting upright in front of the camera.
Rating: 2",2,3
5000442072.avi,"Expression: The student appears to be focused and attentive, with a neutral expression.
Posture: The student is sitting upright in front of the camera.
Rating: 2",2,2
5000442073.avi,"Expression: The student appears to be focused and attentive, with a neutral expression.
Posture: The student is sitting upright in front of the camera.
Rating: 2",2,3
5000442074.avi,"Expression: The student appears to be focused and attentive, with a neutral expression.
Posture: The student is sitting upright in a chair, facing the camera.
Rating: 2",2,2
5000442075.avi,"Expression: The student appears to be focused and attentive, with a neutral expression.
Posture: The student is sitting upright in front of the camera.
Rating: 2",2,2
5000442076.avi,"Expression: The student appears to be focused and attentive, with a neutral expression.
Posture: The student is sitting upright in a chair, facing the camera directly.
Rating: 2",2,2
5000442077.avi,"Expression: The student appears to be focused and attentive, with a neutral expression.
Posture: The student is sitting upright in front of the camera.
Rating: 2",2,2
5000442078.avi,"Expression: The student appears to be focused and attentive, with a neutral expression.
Posture: The student is sitting upright in front of the camera.
Rating: 2",2,2
5000671001.avi,"Expression: The student appears to be focused and attentive, with a neutral expression.
Posture: The student is sitting upright in front of the camera.
Rating: 2",2,3
5000671002.avi,"Expression: The student appears to be focused and attentive, with a neutral expression.
Posture: The student is sitting upright in front of the camera.
Rating: 2",2,2
5000671003.avi,"Expression: The student appears to be focused and attentive, with a neutral expression.
Posture: The student is sitting upright in front of the camera.
Rating: 2",2,2
5000671004.avi,"Expression: The student appears to be focused and attentive, with a neutral expression.
Posture: The student is sitting upright in front of the camera.
Rating: 2",2,3
5000671005.avi,"Expression: The student appears to be focused and attentive, with a neutral expression.
Posture: The student is sitting upright in front of the camera.
Rating: 2",2,2
5000671006.avi,"Expression: The student appears to be looking directly at the camera with a neutral expression.
Posture: The student is sitting in front of a computer, likely at a desk or table, and seems to be relaxed with their hands resting on the surface in front of them.
Rating: 2 [The student's posture suggests they are engaged but not highly focused on the content.]",2,2
5000671008.avi,"Expression: The student appears to be focused and attentive, with a neutral expression.
Posture: The student is sitting upright in front of the camera.
Rating: 2",2,3
5000671009.avi,"Expression: The student appears to be focused and attentive, with a neutral expression.
Posture: The student is sitting upright in front of the camera.
Rating: 2",2,2
5000671010.avi,"Expression: The student appears to be focused and attentive, with a neutral expression.
Posture: The student is sitting upright in front of the camera.
Rating: 2",2,3
5000671011.avi,"Expression: The student appears to be focused and attentive, with a neutral expression.
Posture: The student is sitting upright in front of the camera.
Rating: 2",2,3
5000671012.avi,"Expression: The student appears to be focused and attentive, with a neutral expression.
Posture: The student is sitting upright in front of the camera.
Rating: 2",2,3
5000671013.avi,"Expression: The student appears to be looking directly at the camera with a neutral expression.
Posture: The student is sitting upright in front of a computer screen.
Rating: 2",2,2
5000671014.avi,"Expression: The student appears to be looking directly at the camera with a neutral expression.
Posture: The student is sitting in front of a computer, with their head slightly tilted and their hands resting on their lap or desk.
Rating: 2",2,3
5000671015.avi,"Expression: The student appears to be focused and attentive, with a neutral expression.
Posture: The student is sitting upright in front of the camera.
Rating: 2",2,3
5000671016.avi,"Expression: The student appears to be focused and attentive, with a neutral expression.
Posture: The student is sitting upright in front of the camera.
Rating: 2",2,2
5000671017.avi,"Expression: The student appears to be focused and attentive, with a neutral expression.
Posture: The student is sitting upright in front of the camera.
Rating: 2",2,2
5000671018.avi,"Expression: The student appears to be focused and attentive, with a neutral expression.
Posture: The student is sitting upright in front of the camera.
Rating: 2",2,3
5000671019.avi,"Expression: The student appears to be looking directly at the camera with a neutral expression.
Posture: The student is sitting in front of a computer, with their head slightly tilted and their hands resting on their lap or desk.
Rating: 2",2,2
5000671020.avi,"Expression: The student appears to be looking directly at the camera with a neutral expression.
Posture: The student is sitting in front of a computer, with their head slightly tilted and their hands resting on their lap or desk.
Rating: 2 [Based on the image, it seems like the student is engaged but not highly engaged, as they are looking at the camera rather than focusing intently on the content.]",2,2
5000671022.avi,"Expression: The student appears to be focused and attentive, with a neutral expression.
Posture: The student is sitting upright in front of the camera.
Rating: 2",2,2
5000671023.avi,"Expression: The student appears to be looking directly at the camera with a neutral expression.
Posture: The student is sitting in front of a computer, with their head slightly tilted and their hands resting on their lap or desk.
Rating: 2",2,3
5000671024.avi,"Expression: The student appears to be focused and attentive, with a neutral expression.
Posture: The student is sitting upright in front of the camera.
Rating: 2",2,2
5000671026.avi,"Expression: The student appears to be focused and attentive, with a neutral expression.
Posture: The student is sitting upright in front of the camera.
Rating: 2",2,3
5000671027.avi,"Expression: The student appears to be focused and attentive, with a neutral expression.
Posture: The student is sitting upright in front of the camera.
Rating: 2",2,2
5000671028.avi,"Expression: The student appears to be focused and attentive, with a neutral expression.
Posture: The student is sitting upright in front of the computer screen.
Rating: 2",2,3
5000671029.avi,"Expression: The student appears to be making a face, possibly in reaction to the content of the video or expressing frustration.
Posture: The student is sitting with their hands clasped together and their head slightly tilted downwards.
Rating: 2",2,2
5000671030.avi,"Expression: The student appears to be in a state of deep thought or contemplation, with their hand on their forehead and a focused gaze.
Posture: The student is sitting at a desk with their legs crossed and their body leaning slightly forward.
Rating: 2",2,3
5000671031.avi,"Expression: The student appears to be focused and intently watching the video.
Posture: The student is sitting with their hand on their face, which could indicate deep concentration or contemplation.
Rating: 2",2,2
5000671032.avi,"Expression: The student appears to be focused and attentive, with a neutral facial expression.
Posture: The student is sitting upright in a chair, with their head turned slightly towards the camera.
Rating: 2",2,3
5000671033.avi,"Expression: The student appears to be focused and attentive, with a neutral expression.
Posture: The student is sitting upright in front of the camera.
Rating: 2",2,3
5000671034.avi,"Expression: The student appears to be focused and attentive, with a neutral expression.
Posture: The student is sitting upright in a chair, facing the camera.
Rating: 2",2,2
5000671035.avi,"Expression: The student appears to be looking down and slightly away from the camera, with a neutral expression.
Posture: The student is sitting in front of a computer with headphones on, leaning back slightly.
Rating: 2",2,3
5000671036.avi,"Expression: The student appears to be looking down and slightly away from the camera, with a neutral expression.
Posture: The student is sitting in front of a computer screen, with their arms resting on their legs or crossed over each other.
Rating: 2",2,2
5000671037.avi,"Expression: The student appears to be looking down and slightly away from the camera, with a neutral expression.
Posture: The student is sitting in front of a computer or laptop, with their hands resting on their lap.
Rating: 2",2,2
5000671038.avi,"Expression: The student appears to be focused and attentive, with a neutral facial expression.
Posture: The student is sitting upright in a chair, with their head slightly tilted downwards.
Rating: 2",2,2
5000671039.avi,"Expression: The student appears to be looking directly at the camera with a neutral expression.
Posture: The student is sitting in front of a computer, leaning slightly forward with their arms resting on their knees.
Rating: 2",2,2
5000671040.avi,"Expression: The student appears to be looking directly at the camera with a neutral expression.
Posture: The student is sitting in front of a wall, leaning slightly forward with their arms resting on their knees.
Rating: 2",2,2
5000671041.avi,"Expression: The student appears to be looking down and slightly away from the camera, with a neutral expression.
Posture: The student is sitting in front of a computer or laptop, with their arms resting on their legs.
Rating: 2",2,1
5000671042.avi,"Expression: The student appears to be focused and attentive, with a neutral facial expression.
Posture: The student is sitting in front of the camera, likely at a desk or table, with their hands resting on their lap.
Rating: 2",2,1
5000671043.avi,"Expression: The student appears to be deep in thought or contemplation, with a slightly furrowed brow and a hand on their chin.
Posture: The student is sitting upright in front of the camera.
Rating: 2",2,2
5000671046.avi,"Expression: The student appears to be looking down and slightly away from the camera, with a neutral expression.
Posture: The student is sitting in front of a computer screen, with their arms resting on their legs or crossed over each other.
Rating: 2",2,2
5000671047.avi,"Expression: The student appears to be looking directly at the camera with a neutral expression.
Posture: The student is sitting in front of a computer, with their arms resting on their legs and their head slightly tilted forward.
Rating: 2",2,2
5000671048.avi,"Expression: The student appears to be focused and attentive, with a neutral facial expression.
Posture: The student is sitting in front of the camera, leaning slightly forward with their arms resting on their knees or thighs.
Rating: 2",2,1
5000671049.avi,"Expression: The student appears to be focused and attentive, with a neutral expression.
Posture: The student is sitting in front of the camera, leaning slightly forward with their arms resting on their knees or thighs.
Rating: 2",2,1
5000671050.avi,"Expression: The student appears to be focused and attentive, with a slight frown or serious expression.
Posture: The student is sitting upright in front of the camera, with their hands resting on their lap.
Rating: 2",2,2
5000671051.avi,"Expression: The student appears to be focused and attentive, with a slight smile on their face.
Posture: The student is sitting upright in front of the camera.
Rating: 2",2,2
5000671053.avi,"Expression: The student appears to be looking slightly away from the camera, with a neutral expression.
Posture: The student is sitting in front of a computer screen, with their head turned to one side.
Rating: 2",2,2
5000671055.avi,"Expression: The student appears to be focused and attentive, with a neutral expression.
Posture: The student is sitting upright in front of the camera.
Rating: 2",2,2
5000671056.avi,"Expression: The student appears to be looking down and slightly away from the camera, with a neutral expression.
Posture: The student is sitting in front of a computer screen, with their head turned towards it.
Rating: 2",2,3
5000671057.avi,"Expression: The student appears to be focused and attentive, with a neutral expression.
Posture: The student is sitting upright in front of the camera.
Rating: 2",2,2
5000671058.avi,"Expression: The student appears to be focused and attentive, with a neutral expression.
Posture: The student is sitting upright in a chair, facing the camera.
Rating: 2",2,1
5000671059.avi,"Expression: The student appears to be focused and attentive, with a neutral facial expression.
Posture: The student is sitting upright in front of the camera.
Rating: 2",2,2
5000671060.avi,"Expression: The student appears to be focused and intently watching the video.
Posture: The student is sitting with their hand on their face, which could indicate deep thought or concentration.
Rating: 2",2,2
5000671061.avi,"Expression: The student appears to be focused and attentive, with a neutral expression.
Posture: The student is sitting upright in front of the camera.
Rating: 2",2,1
5000671062.avi,"Expression: The student appears to be focused and attentive, with a neutral expression.
Posture: The student is sitting upright in front of the camera.
Rating: 2",2,2
5000671063.avi,"Expression: The student appears to be focused and attentive, with a neutral expression.
Posture: The student is sitting upright in a chair, with their head slightly tilted downwards.
Rating: 2",2,2
5000671064.avi,"Expression: The student appears to be focused and attentive, with a neutral expression.
Posture: The student is sitting upright in a chair, facing the camera.
Rating: 2",2,3
5000671065.avi,"Expression: The student appears to be looking down and slightly away from the camera, with a neutral expression.
Posture: The student is sitting in front of a computer screen, with their head turned towards it.
Rating: 2",2,2
5000671066.avi,"Expression: The student appears to be focused and attentive, with a neutral expression.
Posture: The student is sitting upright in front of the camera.
Rating: 2",2,2
5000671067.avi,"Expression: The student appears to be focused and attentive, with a neutral expression.
Posture: The student is sitting upright in a chair, facing the camera.
Rating: 2",2,2
5000671069.avi,"Expression: The student appears to be looking down and slightly away from the camera, with a neutral expression.
Posture: The student is sitting in front of a computer screen, with their head turned towards it.
Rating: 2",2,1
5000671070.avi,"Expression: The student appears to be looking down and slightly away from the camera, with a neutral expression.
Posture: The student is sitting in front of a computer screen, with their head turned towards it.
Rating: 2",2,1
5000671071.avi,"Expression: The student appears to be looking down and slightly away from the camera, with a neutral expression.
Posture: The student is sitting in front of a computer screen, with their head turned towards it.
Rating: 2",2,2
5000672002.avi,"Expression: The student appears to be making a face, possibly in reaction to the content of the video or expressing some emotion.
Posture: The student is sitting with their hands clasped together and looking directly at the camera.
Rating: 2",2,2
5000672004.avi,"Expression: The student appears to be focused and attentive, with a neutral expression.
Posture: The student is sitting upright in front of the camera.
Rating: 2",2,2
5000672005.avi,"Expression: The student appears to be focused and attentive, with a neutral expression.
Posture: The student is sitting upright in a chair, facing the camera.
Rating: 2",2,2
5000672006.avi,"Expression: The student appears to be focused and attentive, with a neutral expression.
Posture: The student is sitting upright in a chair, facing the camera.
Rating: 2",2,3
5000672007.avi,"Expression: The student appears to be focused and attentive, with a neutral expression.
Posture: The student is sitting upright in a chair, facing the camera.
Rating: 2",2,2
5000672008.avi,"Expression: The student appears to be focused and attentive, with a neutral expression.
Posture: The student is sitting in front of the camera, likely at a desk or table, with their body facing forward.
Rating: 2",2,2
5000672010.avi,"Expression: The student appears to be focused and attentive, with a neutral expression.
Posture: The student is sitting upright in a chair, facing the camera.
Rating: 2",2,2
5000672011.avi,"Expression: The student appears to be focused and attentive, with a neutral expression.
Posture: The student is sitting upright in a chair, facing the camera.
Rating: 2",2,3
5000672012.avi,"Expression: The student appears to be focused and attentive, with a neutral expression.
Posture: The student is sitting upright in front of the camera.
Rating: 2",2,2
5000672013.avi,"Expression: The student appears to be focused and attentive, with a neutral expression.
Posture: The student is sitting upright in front of the camera.
Rating: 2",2,3
5000672014.avi,"Expression: The student appears to be focused and attentive, with a neutral expression.
Posture: The student is sitting upright in front of the camera.
Rating: 2",2,3
5000672016.avi,"Expression: The student appears to be focused and attentive, with a neutral expression.
Posture: The student is sitting in front of the camera, likely at a desk or table, with their body facing forward.
Rating: 2",2,2
5000672017.avi,"Expression: The student appears to be focused and attentive, with a neutral expression.
Posture: The student is sitting upright in front of the camera.
Rating: 2",2,2
5000672019.avi,"Expression: The student appears to be focused and attentive, with a neutral expression.
Posture: The student is sitting upright in a chair, facing the camera.
Rating: 2",2,3
5000672020.avi,"Expression: The student appears to be focused and attentive, with a neutral expression.
Posture: The student is sitting upright in a chair, facing the camera.
Rating: 2",2,3
5000672021.avi,"Expression: The student appears to be looking down and slightly away from the camera, with a neutral expression.
Posture: The student is sitting in front of a computer screen, with their hands resting on their lap or arms crossed.
Rating: 2",2,3
5000672022.avi,"Expression: The student appears to be focused and attentive, with a neutral expression.
Posture: The student is sitting upright in front of the camera.
Rating: 2",2,3
5000672023.avi,"Expression: The student appears to be focused and attentive, with a neutral expression.
Posture: The student is sitting upright in front of the camera.
Rating: 2",2,2
5000672024.avi,"Expression: The student appears to be focused and attentive, with a neutral expression.
Posture: The student is sitting upright in front of the camera.
Rating: 2",2,2
5000672025.avi,"Expression: The student appears to be focused and attentive, with a neutral expression.
Posture: The student is sitting upright in front of the camera.
Rating: 2",2,3
5000672026.avi,"Expression: The student appears to be focused and attentive, with a neutral expression.
Posture: The student is sitting upright in front of the camera.
Rating: 2",2,3
5000672027.avi,"Expression: The student appears to be focused and is making a hand gesture with their right hand.
Posture: The student is sitting in front of the camera, leaning slightly forward.
Rating: 2",2,2
5000672030.avi,"Expression: The student appears to be focused and attentive, with a neutral expression.
Posture: The student is sitting upright in front of the camera.
Rating: 2",2,2
5000672031.avi,"Expression: The student appears to be focused and attentive, with a neutral expression.
Posture: The student is sitting upright in front of the camera.
Rating: 2",2,2
5000672033.avi,"Expression: The student appears to be looking down and slightly away from the camera, with a neutral expression.
Posture: The student is sitting in front of a computer screen, with their head turned towards it.
Rating: 2",2,2
5000672034.avi,"Expression: The student appears to be focused and attentive, with a neutral expression.
Posture: The student is sitting upright in a chair, facing the camera.
Rating: 2",2,2
5000672035.avi,"Expression: The student appears to be focused and attentive, with a neutral expression.
Posture: The student is sitting upright in a chair, facing the camera.
Rating: 2",2,3
5000672036.avi,"Expression: The student appears to be focused and attentive, with a neutral expression.
Posture: The student is sitting upright in a chair, facing the camera.
Rating: 2",2,2
5000672038.avi,"Expression: The student appears to be focused and attentive, with a neutral expression.
Posture: The student is sitting upright in a chair, facing the camera.
Rating: 2",2,3
5000672042.avi,"Expression: The student appears to be looking down and slightly away from the camera, with a neutral expression.
Posture: The student is sitting in front of a computer with headphones on, leaning back slightly.
Rating: 2",2,3
5000672043.avi,"Expression: The student appears to be looking down and slightly away from the camera, with a neutral expression.
Posture: The student is sitting in front of a computer with headphones on, and their body is oriented towards the screen.
Rating: 2",2,3
5000672044.avi,"Expression: The student appears to be focused and attentive, with a neutral expression.
Posture: The student is sitting upright in front of the camera.
Rating: 2",2,3
5000672045.avi,"Expression: The student appears to be focused and attentive, with a neutral expression.
Posture: The student is sitting upright in front of the camera.
Rating: 2",2,3
5000672046.avi,"Expression: The student appears to be focused and attentive, with a neutral expression.
Posture: The student is sitting upright in a chair, facing the camera.
Rating: 2",2,2
5000672047.avi,"Expression: The student appears to be focused and attentive, with a neutral expression.
Posture: The student is sitting upright in front of the camera.
Rating: 2",2,2
5000672048.avi,"Expression: The student appears to be focused and attentive, with a neutral expression.
Posture: The student is sitting upright in front of the camera.
Rating: 2",2,2
5000672049.avi,"Expression: The student appears to be focused and attentive, with a neutral expression.
Posture: The student is sitting upright in a chair, facing the camera.
Rating: 2",2,2
5000672050.avi,"Expression: The student appears to be focused and attentive, with a neutral expression.
Posture: The student is sitting upright in front of the camera.
Rating: 2",2,2
5000672051.avi,"Expression: The student appears to be focused and attentive, with a neutral expression.
Posture: The student is sitting upright in a chair, facing the camera.
Rating: 2",2,3
5000672052.avi,"Expression: The student appears to be looking down and slightly away from the camera, with a neutral expression.
Posture: The student is sitting in front of a computer or laptop, with their head turned towards the side.
Rating: 2",2,3
5000672053.avi,"Expression: The student appears to be focused and attentive, with a neutral expression.
Posture: The student is sitting upright in a chair, facing the camera.
Rating: 2",2,2
5000672054.avi,"Expression: The student appears to be focused and attentive, with a neutral expression.
Posture: The student is sitting upright in a chair, facing the camera.
Rating: 2",2,3
5000672055.avi,"Expression: The student appears to be focused and attentive, with a neutral expression.
Posture: The student is sitting upright in a chair, facing the camera.
Rating: 2",2,3
5000672056.avi,"Expression: The student appears to be focused and attentive, with a neutral expression.
Posture: The student is sitting upright in a chair, facing the camera.
Rating: 2",2,3
5000672057.avi,"Expression: The student appears to be focused and attentive, with a neutral expression.
Posture: The student is sitting upright in front of the camera.
Rating: 2",2,2
5000672058.avi,"Expression: The student appears to be focused and attentive, with a neutral expression.
Posture: The student is sitting upright in a chair, facing the camera.
Rating: 2",2,2
5000672059.avi,"Expression: The student appears to be focused and attentive, with a neutral expression.
Posture: The student is sitting upright in a chair, facing the camera.
Rating: 2",2,2
5000672060.avi,"Expression: The student appears to be focused and attentive, with a neutral expression.
Posture: The student is sitting upright in front of the camera.
Rating: 2",2,2
5000672062.avi,"Expression: The student appears to be looking directly at the camera with a neutral expression.
Posture: The student is sitting in front of a computer, with their hands resting on their lap and their body facing forward.
Rating: 2 [Based on the image, it seems like the student is engaged but not highly engaged, as they are looking directly at the camera rather than focusing intently on the content.]",2,3
5000672064.avi,"Expression: The student appears to be focused and attentive, with a neutral expression.
Posture: The student is sitting upright in front of the camera.
Rating: 2",2,2
5000672065.avi,"Expression: The student appears to be focused and attentive, with a neutral facial expression.
Posture: The student is sitting upright in a chair, facing the camera.
Rating: 2",2,2
5000672066.avi,"Expression: The student appears to be focused and attentive, with a neutral expression.
Posture: The student is sitting upright in front of the camera.
Rating: 2",2,2
5000672067.avi,"Expression: The student appears to be focused and attentive, with a neutral expression.
Posture: The student is sitting upright in front of the camera.
Rating: 2",2,2
5000672068.avi,"Expression: The student appears to be looking directly at the camera with a neutral expression.
Posture: The student is sitting in front of a computer, with their head slightly tilted and their hands resting on their lap or arms.
Rating: 2",2,2
5000672070.avi,"Expression: The student appears to be focused and attentive, with a neutral expression.
Posture: The student is sitting upright in front of the camera.
Rating: 2",2,3
5000672071.avi,"Expression: The student appears to be focused and attentive, with a neutral expression.
Posture: The student is sitting upright in front of the camera.
Rating: 2",2,2
5000672072.avi,"Expression: The student appears to be looking directly at the camera with a neutral expression.
Posture: The student is sitting in front of a computer, with their head turned slightly towards the camera.
Rating: 2",2,2
5000672074.avi,"Expression: The student appears to be looking down and slightly away from the camera, with a neutral expression.
Posture: The student is sitting in front of a computer or laptop, with their head turned to one side.
Rating: 2",2,3
5000672075.avi,"Expression: The student appears to be looking directly at the camera with a neutral expression.
Posture: The student is sitting in front of a bed, wearing headphones and has his hands resting on his lap.
Rating: 2",2,3
5000672076.avi,"Expression: The student appears to be looking down and slightly away from the camera, with a neutral expression.
Posture: The student is sitting in front of a bed with headphones on, suggesting they are focused on the content being played through them.
Rating: 2",2,3
5000672077.avi,"Expression: The student appears to be looking down and slightly away from the camera, with a neutral expression.
Posture: The student is sitting in front of a bed with headphones on, suggesting they are focused on the content they are watching or listening to.
Rating: 2",2,2
5000672081.avi,"Expression: The student appears to be focused and attentive, with a neutral expression.
Posture: The student is sitting upright in front of the camera.
Rating: 2",2,2
5000672082.avi,"Expression: The student appears to be looking directly at the camera with a neutral expression.
Posture: The student is sitting in front of a bed, wearing headphones and has their hands resting on their lap.
Rating: 2",2,2
5000951001.avi,"Expression: The student appears to be focused and attentive, with a neutral expression.
Posture: The student is sitting upright in front of the camera.
Rating: 2",2,2
5000951002.avi,"Expression: The student appears to be focused and attentive, with a neutral expression.
Posture: The student is sitting upright in front of the camera.
Rating: 2",2,2
5000951003.avi,"Expression: The student appears to be focused and attentive, with a neutral expression.
Posture: The student is sitting upright in front of the camera.
Rating: 2",2,3
5000951004.avi,"Expression: The student appears to be focused and attentive, with a neutral expression.
Posture: The student is sitting upright in front of the camera.
Rating: 2",2,2
5000951005.avi,"Expression: The student appears to be focused and attentive, with a neutral expression.
Posture: The student is sitting upright in front of the camera.
Rating: 2",2,2
5000951006.avi,"Expression: The student appears to be focused and attentive, with a neutral expression.
Posture: The student is sitting upright in front of the camera.
Rating: 2",2,2
5000951007.avi,"Expression: The student appears to be focused and attentive, with a neutral expression.
Posture: The student is sitting upright in front of the camera.
Rating: 2",2,3
5000951008.avi,"Expression: The student appears to be focused and attentive, with a neutral expression.
Posture: The student is sitting upright in front of the camera.
Rating: 2",2,2
5000951009.avi,"Expression: The student appears to be focused and attentive, with a neutral expression.
Posture: The student is sitting upright in front of the camera.
Rating: 2",2,3
5000951010.avi,"Expression: The student appears to be making a funny face, possibly smirking or rolling his eyes.
Posture: He is sitting with one hand on his chin and the other arm resting on the table.
Rating: 2",2,2
5000951011.avi,"Expression: The student appears to be in a state of deep thought or contemplation, with their hand on their chin and eyes closed.
Posture: The student is sitting down with their legs crossed at the ankles.
Rating: 2",2,3
5000951012.avi,"Expression: The student appears to be bored or disinterested, with a slight frown and a hand on their face.
Posture: The student is sitting in front of the camera with one arm resting on their head.
Rating: 1",1,2
5000951013.avi,"Expression: The student appears to be making a funny face, possibly smirking or rolling his eyes.
Posture: He is sitting with one hand on his chin and the other arm resting on the table.
Rating: 2",2,2
5000951015.avi,"Expression: The student appears to be making a funny face, possibly rolling his eyes or smirking.
Posture: He is sitting with one hand on his chin and the other arm resting on the table.
Rating: 2",2,3
5000951016.avi,"Expression: The student appears to be bored or disinterested, with a slight frown and a hand on their face.
Posture: The student is sitting in front of the camera with one arm resting on their head.
Rating: 1",1,2
5000951017.avi,"Expression: The student appears to be smiling and looking down, possibly indicating a positive or relaxed emotion.
Posture: The student is sitting with one hand on their chin, which could suggest deep thought or contemplation.
Rating: 2",2,2
5000951018.avi,"Expression: The student appears to be looking down and has a neutral expression.
Posture: The student is sitting with their hand on their chin, which could indicate contemplation or boredom.
Rating: 2",2,2
5000951019.avi,"Expression: The student appears to be looking down and has a neutral expression.
Posture: The student is sitting with their hand on their chin, which could indicate deep thought or contemplation.
Rating: 2",2,1
5000951021.avi,"Expression: The student appears to be bored or disinterested, with a slight frown and a hand on their chin.
Posture: The student is sitting in front of the camera with one arm resting on their knee.
Rating: 1",1,2
5000951023.avi,"Expression: The student appears to be bored or disinterested, with a slight frown and a hand on their chin.
Posture: The student is sitting in front of the camera with one arm resting on their chin, suggesting a relaxed posture.
Rating: 1",1,1
5000951024.avi,"Expression: The student appears to be bored or disinterested, with a slight frown and a hand on their chin.
Posture: The student is sitting in front of the camera with one arm resting on their head.
Rating: 1",1,1
5000951025.avi,"Expression: The student appears to be bored or disinterested, with a slight frown and a hand on their chin.
Posture: The student is sitting in front of the camera with one arm resting on their knee.
Rating: 1",1,2
5000951027.avi,"Expression: The student appears to be focused and attentive, with a neutral expression.
Posture: The student is sitting upright in front of the camera.
Rating: 2",2,1
5000951028.avi,"Expression: The student appears to be focused and attentive, with a neutral expression.
Posture: The student is sitting upright in front of the camera.
Rating: 2",2,3
5000951033.avi,"Expression: The student appears to be focused and attentive, with a neutral expression.
Posture: The student is sitting upright in front of the camera.
Rating: 2",2,2
5000951034.avi,"Expression: The student appears to be focused and attentive, with a neutral expression.
Posture: The student is sitting upright in front of the camera.
Rating: 2",2,2
5000951035.avi,"Expression: The student appears to be focused and attentive, with a neutral expression.
Posture: The student is sitting upright in front of the camera.
Rating: 2",2,2
5000951037.avi,"Expression: The student appears to be focused and attentive, with a neutral expression.
Posture: The student is sitting upright in front of the camera.
Rating: 2",2,2
5000951039.avi,"Expression: The student appears to be looking down and away from the camera, with a neutral expression.
Posture: The student is sitting in front of a wall, with their body facing forward but not fully engaged.
Rating: 1",1,2
5000951040.avi,"Expression: The student appears to be looking down and away from the camera, with a neutral expression.
Posture: The student is sitting in front of a wall, with their head slightly tilted downwards.
Rating: 2",2,3
5000951042.avi,"Expression: The student appears to be looking down and slightly away from the camera, with a neutral expression.
Posture: The student is sitting in front of a computer screen, possibly at a desk or table.
Rating: 2",2,2
5000951043.avi,"Expression: The student appears to be making a face, possibly indicating disinterest or boredom.
Posture: The student is sitting with their head slightly tilted and looking directly at the camera.
Rating: 1",1,3
5000951044.avi,"Expression: The student appears to be focused and attentive, with a neutral expression.
Posture: The student is sitting upright in front of the camera.
Rating: 2",2,2
5000951045.avi,"Expression: The student appears to be focused and attentive, with a neutral expression.
Posture: The student is sitting upright in front of the camera.
Rating: 2",2,2
5000951047.avi,"Expression: The student appears to be looking down and slightly away from the camera, with a neutral expression.
Posture: The student is sitting in front of a computer screen, possibly at a desk or table.
Rating: 2",2,2
5000951049.avi,"Expression: The student appears to be focused and attentive, with a neutral expression.
Posture: The student is sitting upright in front of the camera.
Rating: 2",2,3
5000951051.avi,"Expression: The student appears to be focused and attentive, with a slight frown or serious expression.
Posture: The student is sitting upright in front of the camera.
Rating: 2",2,3
5000951052.avi,"Expression: The student appears to be smiling and looking directly at the camera.
Posture: The student is sitting with a relaxed posture, leaning slightly forward.
Rating: 2",2,2
5000951053.avi,"Expression: The student appears to be looking down and slightly away from the camera, with a neutral expression.
Posture: The student is sitting in front of a wall with a light on behind them.
Rating: 2",2,2
5000951054.avi,"Expression: The student appears to be looking down and slightly away from the camera, with a neutral expression.
Posture: The student is sitting in front of a computer screen, possibly listening to an audio source.
Rating: 2",2,3
5000951055.avi,"Expression: The student appears to be focused and attentive, with a neutral expression.
Posture: The student is sitting upright in front of the camera.
Rating: 2",2,2
5000951056.avi,"Expression: The student appears to be focused and attentive, with a neutral expression.
Posture: The student is sitting upright in front of the camera.
Rating: 2",2,3
5000951057.avi,"Expression: The student appears to be focused and attentive, with a slight smile on their face.
Posture: The student is sitting upright in front of the camera.
Rating: 2",2,3
5000951058.avi,"Expression: The student appears to be focused and attentive, with a neutral expression.
Posture: The student is sitting upright in front of the camera.
Rating: 2",2,3
5000951060.avi,"Expression: The student appears to be focused and attentive, with a neutral expression.
Posture: The student is sitting upright in front of the camera.
Rating: 2",2,3
5000951061.avi,"Expression: The student appears to be focused and attentive, with a neutral expression.
Posture: The student is sitting upright in front of the camera.
Rating: 2",2,2
5000951062.avi,"Expression: The student appears to be making a funny face, possibly smirking or smiling.
Posture: The student is sitting with their head slightly tilted and looking directly at the camera.
Rating: 2",2,2
5000951063.avi,"Expression: The student appears to be focused and attentive, with a neutral expression.
Posture: The student is sitting upright in front of the camera.
Rating: 2",2,2
5000951065.avi,"Expression: The student appears to be looking down and slightly away from the camera, with a neutral expression.
Posture: The student is sitting in front of a wall with a light on behind them.
Rating: 2",2,3
5000951066.avi,"Expression: The student appears to be focused and attentive, with a slight smile on their face.
Posture: The student is sitting upright in front of the camera.
Rating: 2",2,2
5000951067.avi,"Expression: The student appears to be looking down and slightly away from the camera, with a neutral expression.
Posture: The student is sitting in front of a wall with a light on behind them.
Rating: 2",2,2
5000952002.avi,"Expression: The student appears to be focused and attentive, with a neutral expression.
Posture: The student is sitting upright in front of the camera.
Rating: 2",2,2
5000952003.avi,"Expression: The student appears to be focused and attentive, with a slight smile on their face.
Posture: The student is sitting upright in front of the camera.
Rating: 2",2,2
5000952004.avi,"Expression: The student appears to be focused and attentive, with a slight smile on their face.
Posture: The student is sitting upright in front of the camera.
Rating: 2",2,2
5000952005.avi,"Expression: The student appears to be looking down and slightly away from the camera, with a neutral or possibly mildly disinterested expression.
Posture: The student is sitting in front of a computer screen, with their head turned to one side.
Rating: 2",2,3
5000952007.avi,"Expression: The student appears to be looking down and away from the camera, with a neutral or slightly contemplative expression.
Posture: The student is sitting in front of a computer screen, possibly at a desk, with their head turned to one side.
Rating: 2",2,3
5000952008.avi,"Expression: The student appears to be looking down and away from the camera, with a neutral or slightly puzzled expression.
Posture: The student is sitting in front of a wall, with their head turned to one side.
Rating: 2",2,3
5000952011.avi,"Expression: The student appears to be looking down and away from the camera, with a neutral or slightly puzzled expression.
Posture: The student is sitting in front of a computer screen, possibly at a desk, with their head turned to one side.
Rating: 2 [The student seems to be engaged but not fully focused on the content they are watching.]",2,2
5000952013.avi,"Expression: The student appears to be looking down and away from the camera, with a neutral or slightly puzzled expression.
Posture: The student is sitting in front of a computer screen, possibly at a desk, with their hands resting on their lap.
Rating: 2",2,2
5000952014.avi,"Expression: The student appears to be looking down and away from the camera, with a neutral or slightly contemplative expression.
Posture: The student is sitting in front of a computer screen, possibly at a desk, with their hands resting on their lap or arms crossed.
Rating: 2 [The student seems to be engaged but not highly focused on the content they are watching.]",2,2
5000952015.avi,"Expression: The student appears to be looking down and away from the camera, with a neutral expression.
Posture: The student is sitting in front of a computer screen, possibly listening to an audio source.
Rating: 2",2,3
5000952016.avi,"Expression: The student appears to be looking down and away from the camera, with a neutral or slightly puzzled expression.
Posture: The student is sitting in front of a computer screen, possibly at a desk, with their head turned to one side.
Rating: 2",2,2
5000952017.avi,"Expression: The student appears to be looking down and away from the camera, with a neutral or slightly contemplative expression.
Posture: The student is sitting in front of a computer screen, possibly at a desk, with their hands resting on their lap or arms crossed.
Rating: 2 [Based on the image, it seems that the student is engaged but not highly engaged, as they are looking away from the camera and not directly interacting with the content being displayed on the screen.]",2,2
5000952018.avi,"Expression: The student appears to be looking down and away from the camera, with a neutral or slightly contemplative expression.
Posture: The student is sitting in front of a computer screen, possibly listening to audio content, but their body posture does not provide enough information to accurately assess engagement level.
Rating: 2 [Based on the limited visual information available, it's difficult to accurately rate the student's engagement level.]",2,2
5000952020.avi,"Expression: The student appears to be smiling and looking directly at the camera.
Posture: The student is sitting with their head slightly tilted, facing the camera.
Rating: 2",2,2
5000952021.avi,"Expression: The student appears to be looking down and slightly away from the camera, with a neutral expression.
Posture: The student is sitting in front of a computer screen, possibly at a desk or table.
Rating: 2",2,2
5000952022.avi,"Expression: The student appears to be looking down and slightly away from the camera, with a neutral expression.
Posture: The student is sitting in front of a wall with a light on behind them.
Rating: 2",2,2
5000952023.avi,"Expression: The student appears to be smiling and looking directly at the camera.
Posture: The student is sitting with their head slightly tilted, facing the camera.
Rating: 2",2,3
5000952024.avi,"Expression: The student appears to be looking down and slightly away from the camera, with a neutral expression.
Posture: The student is sitting in front of a computer screen, possibly at a desk or table.
Rating: 2",2,2
5000952025.avi,"Expression: The student appears to be looking down and slightly away from the camera, with a neutral expression.
Posture: The student is sitting in front of a wall with a light on behind them.
Rating: 2",2,3
5000952026.avi,"Expression: The student appears to be focused and attentive, with a slight smile on their face.
Posture: The student is sitting upright in front of the camera.
Rating: 2",2,3
5000952027.avi,"Expression: The student appears to be looking down and slightly away from the camera, with a neutral expression.
Posture: The student is sitting in front of a computer screen, possibly listening to an audio source.
Rating: 2",2,2
5000952028.avi,"Expression: The student appears to be looking down and away from the camera, with a neutral expression.
Posture: The student is sitting in front of a computer screen, possibly at a desk or table.
Rating: 2",2,2
5000952029.avi,"Expression: The student appears to be looking down and away from the camera, with a neutral or slightly contemplative expression.
Posture: The student is sitting in front of a wall, leaning forward slightly with their hands resting on their knees.
Rating: 2",2,2
5000952031.avi,"Expression: The student appears to be looking down and away from the camera, with a neutral expression.
Posture: The student is sitting in front of a computer screen, possibly at a desk or table.
Rating: 2",2,2
5000952032.avi,"Expression: The student appears to be focused and attentive, with a slight smile on their face.
Posture: The student is sitting upright in front of the camera.
Rating: 2",2,2
5000952033.avi,"Expression: The student appears to be looking down and away from the camera, with a neutral expression.
Posture: The student is sitting in front of a computer screen, possibly listening to audio or watching a video.
Rating: 2",2,2
5000952034.avi,"Expression: The student appears to be focused and attentive, with a neutral expression.
Posture: The student is sitting upright in front of the camera.
Rating: 2",2,1
5000952035.avi,"Expression: The student appears to be looking down and away from the camera, with a neutral expression.
Posture: The student is sitting in front of a computer screen, possibly at a desk or table.
Rating: 2 - The student seems to be engaged but not highly focused on the content they are watching.",2,2
5000952036.avi,"Expression: The student appears to be focused and attentive, with a neutral expression.
Posture: The student is sitting upright in front of the camera.
Rating: 2",2,2
5000952038.avi,"Expression: The student appears to be focused and attentive, with a neutral expression.
Posture: The student is sitting upright in front of the camera.
Rating: 2",2,3
5000952040.avi,"Expression: The student appears to be focused and attentive, with a neutral expression.
Posture: The student is sitting upright in front of the camera.
Rating: 2",2,3
5000952041.avi,"Expression: The student appears to be focused and attentive, with a neutral expression.
Posture: The student is sitting upright in front of the camera.
Rating: 2",2,2
5000952042.avi,"Expression: The student appears to be focused and attentive, with a neutral expression.
Posture: The student is sitting upright in front of the camera.
Rating: 2",2,2
5000952044.avi,"Expression: The student appears to be focused and attentive, with a neutral expression.
Posture: The student is sitting upright in front of the camera.
Rating: 2",2,2
5000952045.avi,"Expression: The student appears to be focused and attentive, with a neutral expression.
Posture: The student is sitting upright in front of the camera.
Rating: 2",2,2
5000952046.avi,"Expression: The student appears to be focused and attentive, with a neutral expression.
Posture: The student is sitting upright in front of the camera.
Rating: 2",2,3
5000952048.avi,"Expression: The student appears to be focused and attentive, with a slight smile on their face.
Posture: The student is sitting upright in front of the camera.
Rating: 2",2,2
5000952050.avi,"Expression: The student appears to be focused and attentive, with a neutral expression.
Posture: The student is sitting upright in front of the camera.
Rating: 2",2,3
5000952052.avi,"Expression: The student appears to be focused and attentive, with a neutral expression.
Posture: The student is sitting upright in front of the camera.
Rating: 2",2,2
5000952053.avi,"Expression: The student appears to be focused and attentive, with a neutral expression.
Posture: The student is sitting upright in front of the camera.
Rating: 2",2,3
5000952054.avi,"Expression: The student appears to be focused and attentive, with a neutral expression.
Posture: The student is sitting upright in front of the camera.
Rating: 2",2,2
5000952055.avi,"Expression: The student appears to be focused and attentive, with a neutral expression.
Posture: The student is sitting upright in front of the camera.
Rating: 2",2,2
5000952060.avi,"Expression: The student appears to be focused and attentive, with a neutral expression.
Posture: The student is sitting upright in front of the camera.
Rating: 2",2,2
5000952061.avi,"Expression: The student appears to be focused and attentive, with a neutral expression.
Posture: The student is sitting upright in front of the camera.
Rating: 2",2,2
5000952062.avi,"Expression: The student appears to be looking down and slightly away from the camera, with a neutral expression.
Posture: The student is sitting in front of a wall with a light on behind them.
Rating: 2",2,1
5000952063.avi,"Expression: The student appears to be focused and attentive, with a neutral expression.
Posture: The student is sitting upright in front of the camera.
Rating: 2",2,2
5000952064.avi,"Expression: The student appears to be focused and attentive, with a neutral expression.
Posture: The student is sitting upright in front of the camera.
Rating: 2",2,3
5000952065.avi,"Expression: The student appears to be focused and attentive, with a neutral expression.
Posture: The student is sitting upright in front of the camera.
Rating: 2",2,2
5000952066.avi,"Expression: The student appears to be looking down and away from the camera, with a neutral expression.
Posture: The student is sitting in front of a computer screen, possibly listening to an audio source.
Rating: 2",2,2
5000952068.avi,"Expression: The student appears to be looking down and has a neutral expression.
Posture: The student is sitting with their head slightly tilted downwards, which could indicate focus or contemplation.
Rating: 2",2,3
5000952069.avi,"Expression: The student appears to be looking down and away from the camera, with a neutral expression.
Posture: The student is sitting in front of a computer screen, possibly at a desk or table.
Rating: 2",2,2
5000952070.avi,"Expression: The student appears to be focused and attentive, with a neutral expression.
Posture: The student is sitting upright in front of the camera.
Rating: 2",2,3
5000952071.avi,"Expression: The student appears to be focused and attentive, with a neutral expression.
Posture: The student is sitting upright in front of the camera.
Rating: 2",2,2
5000952072.avi,"Expression: The student appears to be focused and attentive, with a neutral expression.
Posture: The student is sitting upright in front of the camera.
Rating: 2",2,3
5000952073.avi,"Expression: The student appears to be focused and attentive, with a neutral expression.
Posture: The student is sitting upright in front of the camera.
Rating: 2",2,2
5000952075.avi,"Expression: The student appears to be looking down and slightly away from the camera, with a neutral expression.
Posture: The student is sitting in front of a wall with a light on behind them.
Rating: 2",2,2
5000952076.avi,"Expression: The student appears to be looking down and slightly away from the camera, with a neutral expression.
Posture: The student is sitting in front of a computer screen, possibly at a desk or table.
Rating: 2",2,3
5000952077.avi,"Expression: The student appears to be focused and attentive, with a neutral expression.
Posture: The student is sitting upright in front of the camera.
Rating: 2",2,2
5000952078.avi,"Expression: The student appears to be focused and attentive, with a neutral expression.
Posture: The student is sitting upright in front of the camera.
Rating: 2",2,2
5000952080.avi,"Expression: The student appears to be focused and attentive, with a neutral expression.
Posture: The student is sitting upright in front of the camera.
Rating: 2",2,3
5000952083.avi,"Expression: The student appears to be focused and attentive, with a neutral expression.
Posture: The student is sitting upright in front of the camera.
Rating: 2",2,1
5100091001.avi,"Expression: The student appears to be focused and attentive, with a neutral facial expression.
Posture: The student is sitting upright in front of the screen.
Rating: 2",2,2
5100091003.avi,"Expression: The student appears to be focused and attentive, with a neutral expression.
Posture: The student is sitting upright in front of the camera.
Rating: 2",2,3
5100091004.avi,"Expression: The student appears to be focused and attentive, with a neutral expression.
Posture: The student is sitting upright in front of the camera.
Rating: 2",2,3
5100091005.avi,"Expression: The student appears to be focused and attentive, with a neutral expression.
Posture: The student is sitting upright in front of the camera.
Rating: 2",2,2
5100091006.avi,"Expression: The student appears to be looking directly at the camera with a neutral expression.
Posture: The student is sitting upright in front of a red door, possibly in a classroom or study area.
Rating: 2 - The student seems to be engaged but not highly focused on the content being displayed.",2,2
5100091007.avi,"Expression: The student appears to be focused and attentive, with a neutral expression.
Posture: The student is sitting upright in front of the camera.
Rating: 2",2,3
5100091008.avi,"Expression: The student appears to be focused and attentive, with a neutral expression.
Posture: The student is sitting upright in front of the camera.
Rating: 2",2,3
5100091009.avi,"Expression: The student appears to be focused and attentive, with a neutral expression.
Posture: The student is sitting upright in front of the camera.
Rating: 2",2,2
5100091010.avi,"Expression: The student appears to be focused and attentive, with a neutral expression.
Posture: The student is sitting upright in front of the camera.
Rating: 2",2,3
5100091012.avi,"Expression: The student appears to be focused and attentive, with a neutral expression.
Posture: The student is sitting upright in front of the camera.
Rating: 2",2,2
5100091017.avi,"Expression: The student appears to be bored or disinterested, with a slight frown and a relaxed posture.
Posture: The student is sitting with their arms crossed and resting their head on one hand, suggesting a casual or relaxed attitude.
Rating: 1",1,2
5100091019.avi,"Expression: The student appears to be in a state of deep thought or contemplation, with furrowed brows and a slightly puckered mouth.
Posture: The student is leaning on their arms, resting their head on one hand while the other rests on their knee, suggesting a relaxed yet focused posture.
Rating: 2 [Based on the image, it seems that the student is engaged in the content they are watching, but not highly engaged, as there is no visible excitement or enthusiasm.]",2,2
5100091020.avi,"Expression: The student appears to be in a state of deep thought or contemplation, with furrowed brows and a slightly puckered mouth.
Posture: The student is leaning on their elbow with their head resting on their hand, suggesting a relaxed yet focused posture.
Rating: 2 [Based on the image, it seems that the student is engaged but not highly engaged in the educational video they are watching.]",2,3
5100091025.avi,"Expression: The student appears to be looking directly at the camera with a neutral expression.
Posture: The student is sitting upright in front of a red door, with their hands resting on their lap or arms crossed.
Rating: 2 - The student seems to be engaged but not highly focused on the content they are watching.",2,2
5100091026.avi,"Expression: The student appears to be looking down and slightly away from the camera, with a neutral expression.
Posture: The student is sitting in front of a computer screen, leaning forward slightly.
Rating: 2",2,3
5100091027.avi,"Expression: The student appears to be looking directly at the camera with a neutral expression.
Posture: The student is sitting upright in front of a red door, with their hands resting on their lap or arms crossed.
Rating: 2",2,2
5100091028.avi,"Expression: The student appears to be looking directly at the camera with a neutral expression.
Posture: The student is sitting in front of a red door, leaning slightly forward.
Rating: 2",2,2
5100091032.avi,"Expression: The student appears to be focused and attentive, with a neutral expression.
Posture: The student is sitting upright in front of the camera.
Rating: 2",2,3
5100091033.avi,"Expression: The student appears to be focused and attentive, with a neutral expression.
Posture: The student is sitting upright in front of the camera.
Rating: 2",2,2
5100091034.avi,"Expression: The student appears to be focused and attentive, with a neutral expression.
Posture: The student is sitting upright in front of the camera.
Rating: 2",2,3
5100091035.avi,"Expression: The student appears to be focused and attentive, with a neutral expression.
Posture: The student is sitting upright in front of the camera.
Rating: 2",2,3
5100091036.avi,"Expression: The student appears to be focused and attentive, with a neutral expression.
Posture: The student is sitting upright in front of the camera.
Rating: 2",2,3
5100091038.avi,"Expression: The student appears to be focused and attentive, with a neutral expression.
Posture: The student is sitting upright in front of the camera.
Rating: 2",2,3
5100091039.avi,"Expression: The student appears to be focused and attentive, with a neutral expression.
Posture: The student is sitting upright in front of the camera.
Rating: 2",2,3
5100091042.avi,"Expression: The student appears to be focused and attentive, with a neutral expression.
Posture: The student is sitting upright in front of the camera.
Rating: 2",2,3
5100091046.avi,"Expression: The student appears to be focused and attentive, with a neutral expression.
Posture: The student is sitting upright in front of the camera.
Rating: 2",2,3
5100091049.avi,"Expression: The student appears to be focused and attentive, with a neutral expression.
Posture: The student is sitting upright in front of the camera.
Rating: 2",2,1
5100091050.avi,"Expression: The student appears to be focused and attentive, with a neutral expression.
Posture: The student is sitting upright in front of the camera.
Rating: 2",2,2
5100091051.avi,"Expression: The student appears to be focused and attentive, with a neutral expression.
Posture: The student is sitting upright in front of the camera.
Rating: 2",2,2
5100091053.avi,"Expression: The student appears to be focused and attentive, with a neutral expression.
Posture: The student is sitting upright in front of the camera.
Rating: 2",2,2
5100091055.avi,"Expression: The student appears to be focused and attentive, with a neutral expression.
Posture: The student is sitting upright in front of the camera.
Rating: 2",2,3
5100091056.avi,"Expression: The student appears to be focused and attentive, with a neutral expression.
Posture: The student is sitting upright in front of the camera.
Rating: 2",2,2
5100091057.avi,"Expression: The student appears to be focused and attentive, with a neutral expression.
Posture: The student is sitting upright in front of the camera.
Rating: 2",2,2
5100091058.avi,"Expression: The student appears to be focused and attentive, with a neutral expression.
Posture: The student is sitting upright in front of the camera.
Rating: 2",2,2
5100091059.avi,"Expression: The student appears to be focused and attentive, with a neutral expression.
Posture: The student is sitting upright in front of the camera.
Rating: 2",2,2
5100091062.avi,"Expression: The student has a neutral expression, with their hand on their chin and a slight smile.
Posture: The student is sitting in front of the camera with one hand resting on their chin, looking directly at it.
Rating: 2",2,2
5100091064.avi,"Expression: The student appears to be looking directly at the camera with a neutral expression.
Posture: The student is sitting in front of a computer, with their hands resting on the desk and their body facing forward.
Rating: 2",2,2
5100091065.avi,"Expression: The student appears to be looking directly at the camera with a neutral expression.
Posture: The student is sitting in front of a red door, with their hands resting on their knees and their body facing the camera.
Rating: 2 [Based on the image, it seems like the student is engaged but not highly engaged, as they are looking directly at the camera rather than focusing intently on the content.]",2,3
5100091066.avi,"Expression: The student appears to be looking directly at the camera with a neutral expression.
Posture: The student is sitting in front of a computer, possibly at a desk or table.
Rating: 2 [Based on the image, it's difficult to determine the level of engagement without more context about their actions and reactions during the video.]",2,2
5100091067.avi,"Expression: The student appears to be looking down and slightly away from the camera, with a neutral expression.
Posture: The student is sitting in front of a computer screen, with their hands resting on the desk or table in front of them.
Rating: 2",2,3
5100091068.avi,"Expression: The student appears to be looking directly at the camera with a neutral expression.
Posture: The student is sitting in front of a red door, possibly in a classroom or study area.
Rating: 2 - The student seems to be engaged but not highly focused on the content being displayed.",2,2
5100091069.avi,"Expression: The student appears to be looking directly at the camera with a neutral expression.
Posture: The student is sitting upright in front of a red door, possibly in a classroom or study area.
Rating: 2 - The student seems to be engaged but not highly focused on the content being displayed.",2,3
5100092002.avi,"Expression: The student appears to be looking directly at the camera with a neutral expression.
Posture: The student is sitting upright in front of a red door, with their hands resting on their lap or desk.
Rating: 2 - The student seems to be engaged but not highly focused on the content they are watching.",2,3
5100092003.avi,"Expression: The student appears to be making a funny or sarcastic face, with a slight smirk.
Posture: The student is sitting upright in front of the camera.
Rating: 2",2,3
5100092005.avi,"Expression: The student appears to be looking directly at the camera with a neutral expression.
Posture: The student is sitting upright in front of a red door, possibly in a classroom or study area.
Rating: 2 - The student seems to be engaged but not highly focused on the content being displayed.",2,3
5100092006.avi,"Expression: The student appears to be looking directly at the camera with a neutral expression.
Posture: The student is sitting upright in front of a red door, possibly in a classroom or study area.
Rating: 2 - The student seems to be engaged but not highly focused on the content being displayed.",2,3
5100092008.avi,"Expression: The student appears to be focused and attentive, with a neutral expression.
Posture: The student is sitting upright in front of the camera.
Rating: 2",2,3
5100092010.avi,"Expression: The student appears to be looking directly at the camera with a neutral expression.
Posture: The student is sitting upright in front of a red door, possibly in a classroom or study area.
Rating: 2 - The student seems to be engaged but not highly focused on the content being displayed.",2,3
5100092011.avi,"Expression: The student appears to be looking directly at the camera with a neutral expression.
Posture: The student is sitting upright in front of a red door, possibly in a classroom or study area.
Rating: 2 - The student seems to be engaged but not highly focused on the content being displayed.",2,2
5100092013.avi,"Expression: The student appears to be focused and attentive, with a neutral expression.
Posture: The student is sitting upright in front of the camera.
Rating: 2",2,3
5100092017.avi,"Expression: The student appears to be looking directly at the camera with a neutral expression.
Posture: The student is sitting upright in front of a red door, possibly in a classroom or study area.
Rating: 2 - The student seems to be engaged but not highly focused on the content being displayed.",2,2
5100092019.avi,"Expression: The student appears to be focused and attentive, with a neutral expression.
Posture: The student is sitting upright in front of the camera.
Rating: 2",2,3
5100092021.avi,"Expression: The student appears to be focused and attentive, with a neutral expression.
Posture: The student is sitting upright in front of the camera.
Rating: 2",2,2
5100092022.avi,"Expression: The student appears to be smiling and looking directly at the camera.
Posture: The student is sitting with a relaxed posture, leaning slightly forward.
Rating: 2",2,3
5100092023.avi,"Expression: The student appears to be focused and attentive, with a neutral expression.
Posture: The student is sitting upright in front of the camera.
Rating: 2",2,3
5100092026.avi,"Expression: The student appears to be looking directly at the camera with a neutral expression.
Posture: The student is sitting upright in front of a red door, with their hands resting on their lap.
Rating: 2",2,3
5100092027.avi,"Expression: The student appears to be focused and attentive, with a neutral expression.
Posture: The student is sitting upright in front of the camera.
Rating: 2",2,3
5100092032.avi,"Expression: The student appears to be focused and attentive, with a neutral expression.
Posture: The student is sitting upright in front of the camera.
Rating: 2",2,2
5100092033.avi,"Expression: The student appears to be making a funny face, possibly smirking or grimacing.
Posture: The student is sitting with their head slightly tilted and looking directly at the camera.
Rating: 2 - The student seems to be somewhat engaged but not fully focused on the content of the video.",2,3
5100092034.avi,"Expression: The student appears to be making a funny face, possibly smirking or grimacing.
Posture: The student is sitting with their head slightly tilted and looking directly at the camera.
Rating: 2",2,2
5100092035.avi,"Expression: The student appears to have a neutral expression, with a slight frown or concentration.
Posture: The student is sitting upright in front of the camera.
Rating: 2",2,2
5100092037.avi,"Expression: The student appears to be focused and attentive, with a neutral expression.
Posture: The student is sitting upright in front of the camera.
Rating: 2",2,2
5100092038.avi,"Expression: The student appears to be focused and attentive, with a neutral expression.
Posture: The student is sitting upright in front of the camera.
Rating: 2",2,2
5100092039.avi,"Expression: The student appears to be focused and attentive, with a neutral expression.
Posture: The student is sitting upright in front of the camera.
Rating: 2",2,3
5100092040.avi,"Expression: The student appears to be focused and attentive, with a neutral expression.
Posture: The student is sitting upright in front of the camera.
Rating: 2",2,3
5100092041.avi,"Expression: The student appears to be looking directly at the camera with a neutral expression.
Posture: The student is sitting upright in front of a red door, with their hands resting on their lap.
Rating: 2",2,2
5100092042.avi,"Expression: The student appears to be looking directly at the camera with a neutral expression.
Posture: The student is sitting upright in front of a red door, with their hands resting on their lap.
Rating: 2",2,3
5100092043.avi,"Expression: The student appears to be focused and attentive, with a neutral expression.
Posture: The student is sitting upright in front of the camera.
Rating: 2",2,2
5100092044.avi,"Expression: The student appears to be looking directly at the camera with a neutral expression.
Posture: The student is sitting upright in front of a red door, with their hands resting on their lap.
Rating: 2",2,3
5100092045.avi,"Expression: The student appears to be looking directly at the camera with a neutral expression.
Posture: The student is sitting upright in front of a red door, with their hands resting on their lap.
Rating: 2",2,3
5100092053.avi,"Expression: The student appears to be focused and attentive, with a neutral expression.
Posture: The student is sitting upright in front of the camera.
Rating: 2",2,2
5100092056.avi,"Expression: The student appears to be focused and attentive, with a neutral expression.
Posture: The student is sitting upright in front of the camera.
Rating: 2",2,2
5100092057.avi,"Expression: The student appears to be focused and attentive, with a neutral expression.
Posture: The student is sitting upright in front of the camera.
Rating: 2",2,2
5100092060.avi,"Expression: The student appears to be focused and attentive, with a slight smile.
Posture: The student is sitting upright in front of the camera.
Rating: 2",2,3
5100092061.avi,"Expression: The student appears to be looking directly at the camera with a neutral expression.
Posture: The student is sitting upright in front of a red door, with their hands resting on their lap or arms crossed.
Rating: 2",2,3
5100092062.avi,"Expression: The student appears to be focused and attentive, with a neutral expression.
Posture: The student is sitting upright in front of the camera.
Rating: 2",2,2
5100092063.avi,"Expression: The student appears to be focused and attentive, with a neutral expression.
Posture: The student is sitting upright in front of the camera.
Rating: 2",2,2
5100092064.avi,"Expression: The student appears to be focused and attentive, with a neutral expression.
Posture: The student is sitting upright in front of the camera.
Rating: 2",2,3
5100092065.avi,"Expression: The student appears to be focused and attentive, with a neutral expression.
Posture: The student is sitting upright in front of the camera.
Rating: 2",2,2
5100092067.avi,"Expression: The student appears to be focused and attentive, with a neutral expression.
Posture: The student is sitting upright in front of the camera.
Rating: 2",2,3
5100092068.avi,"Expression: The student appears to be focused and attentive, with a neutral expression.
Posture: The student is sitting upright in front of the camera.
Rating: 2",2,2
5100092069.avi,"Expression: The student appears to have a neutral expression, with a slight frown or concentration.
Posture: The student is sitting upright in front of the camera.
Rating: 2",2,3
5100092071.avi,"Expression: The student appears to be focused and attentive, with a neutral expression.
Posture: The student is sitting upright in front of the camera.
Rating: 2",2,3
5100092072.avi,"Expression: The student appears to be focused and attentive, with a neutral expression.
Posture: The student is sitting upright in front of the camera.
Rating: 2",2,3
5100341002.avi,"Expression: The student appears to be focused and attentive, with a neutral expression.
Posture: The student is sitting upright in a chair, facing the camera.
Rating: 2",2,2
5100341003.avi,"Expression: The student appears to be focused and attentive, with a neutral expression.
Posture: The student is sitting upright in front of the camera.
Rating: 2",2,2
5100341004.avi,"Expression: The student appears to be focused and attentive, with a neutral expression.
Posture: The student is sitting upright in a chair, facing the camera.
Rating: 2",2,3
5100341005.avi,"Expression: The student appears to be focused and attentive, with a neutral expression.
Posture: The student is sitting upright in a chair, facing the camera.
Rating: 2",2,2
5100341006.avi,"Expression: The student appears to be focused and attentive, with a neutral expression.
Posture: The student is sitting upright in front of the camera.
Rating: 2",2,2
5100341008.avi,"Expression: The student appears to be focused and attentive, with a neutral expression.
Posture: The student is sitting upright in a chair, facing the camera.
Rating: 2",2,2
5100341009.avi,"Expression: The student appears to be focused and attentive, with a neutral expression.
Posture: The student is sitting upright in a chair, facing the camera.
Rating: 2",2,2
5100341010.avi,"Expression: The student appears to be focused and attentive, with a neutral expression.
Posture: The student is sitting upright in a chair, facing the camera.
Rating: 2",2,2
5100341012.avi,"Expression: The student appears to be focused and attentive, with a neutral expression.
Posture: The student is sitting upright in a chair, facing the camera.
Rating: 2",2,3
5100341013.avi,"Expression: The student appears to be focused and attentive, with a neutral expression.
Posture: The student is sitting upright in a chair, facing the camera.
Rating: 2",2,2
5100341014.avi,"Expression: The student appears to be focused and attentive, with a neutral expression.
Posture: The student is sitting upright in a chair, facing the camera.
Rating: 2",2,3
5100341015.avi,"Expression: The student appears to be focused and attentive, with a neutral expression.
Posture: The student is sitting upright in a chair, facing the camera.
Rating: 2",2,2
5100341016.avi,"Expression: The student appears to be focused and attentive, with a neutral expression.
Posture: The student is sitting upright in a chair, facing the camera.
Rating: 2",2,2
5100341017.avi,"Expression: The student appears to be focused and attentive, with a neutral expression.
Posture: The student is sitting upright in a chair, facing the camera.
Rating: 2",2,2
5100341019.avi,"Expression: The student appears to be focused and attentive, with a neutral expression.
Posture: The student is sitting upright in a chair, facing the camera.
Rating: 2",2,2
5100341020.avi,"Expression: The student appears to be focused and attentive, with a neutral expression.
Posture: The student is sitting upright in a chair, facing the camera.
Rating: 2",2,3
5100341021.avi,"Expression: The student appears to be focused and attentive, with a neutral expression.
Posture: The student is sitting upright in a chair, facing the camera.
Rating: 2",2,3
5100341022.avi,"Expression: The student appears to be focused and attentive, with a neutral expression.
Posture: The student is sitting upright in a chair, facing the camera.
Rating: 2",2,2
5100341023.avi,"Expression: The student appears to be focused and attentive, with a neutral expression.
Posture: The student is sitting upright in a chair, facing the camera.
Rating: 2",2,2
5100341024.avi,"Expression: The student appears to be focused and attentive, with a neutral expression.
Posture: The student is sitting upright in a chair, facing the camera.
Rating: 2",2,3
5100341025.avi,"Expression: The student appears to be focused and attentive, with a neutral expression.
Posture: The student is sitting upright in front of the camera.
Rating: 2",2,2
5100341026.avi,"Expression: The student appears to be focused and attentive, with a neutral expression.
Posture: The student is sitting upright in a chair, facing the camera.
Rating: 2",2,3
5100341027.avi,"Expression: The student appears to be focused and attentive, with a neutral expression.
Posture: The student is sitting upright in a chair, facing the camera.
Rating: 2",2,3
5100341028.avi,"Expression: The student appears to be looking down and slightly away from the camera, with a neutral expression.
Posture: The student is sitting in front of a computer screen, leaning forward slightly.
Rating: 2",2,2
5100341030.avi,"Expression: The student appears to be focused and attentive, with a neutral expression.
Posture: The student is sitting upright in a chair, facing the camera.
Rating: 2",2,2
5100341031.avi,"Expression: The student appears to be looking down and slightly away from the camera, with a neutral expression.
Posture: The student is sitting in front of a computer screen, leaning forward slightly with their arms resting on the desk or table.
Rating: 2",2,3
5100341032.avi,"Expression: The student appears to be focused and attentive, with a neutral expression.
Posture: The student is sitting upright in a chair, facing the camera.
Rating: 2",2,2
5100341033.avi,"Expression: The student appears to be focused and attentive, with a neutral expression.
Posture: The student is sitting upright in a chair, facing the camera.
Rating: 2",2,2
5100341034.avi,"Expression: The student appears to be focused and attentive, with a neutral expression.
Posture: The student is sitting upright in a chair, facing the camera.
Rating: 2",2,3
5100341035.avi,"Expression: The student appears to be focused and attentive, with a neutral expression.
Posture: The student is sitting upright in a chair, facing the camera.
Rating: 2",2,2
5100341037.avi,"Expression: The student appears to be looking down and slightly away from the camera, with a neutral expression.
Posture: The student is sitting in front of a computer screen, leaning forward slightly with their arms resting on the desk or table.
Rating: 2",2,2
5100341038.avi,"Expression: The student appears to be looking down and slightly away from the camera, with a neutral expression.
Posture: The student is sitting in front of a computer screen, leaning forward slightly.
Rating: 2",2,2
5100341039.avi,"Expression: The student appears to be focused and attentive, with a neutral expression.
Posture: The student is sitting upright in a chair, facing the camera.
Rating: 2",2,3
5100341042.avi,"Expression: The student appears to be focused and attentive, with a neutral expression.
Posture: The student is sitting upright in a chair, facing the camera.
Rating: 2",2,2
5100341043.avi,"Expression: The student appears to be focused and attentive, with a neutral expression.
Posture: The student is sitting upright in a chair, facing the camera.
Rating: 2",2,1
5100341046.avi,"Expression: The student appears to be focused and attentive, with a neutral expression.
Posture: The student is sitting upright in a chair, facing the camera.
Rating: 2",2,2
5100341048.avi,"Expression: The student appears to be focused and attentive, with a neutral expression.
Posture: The student is sitting upright in a chair, facing the camera.
Rating: 2",2,3
5100341050.avi,"Expression: The student appears to be looking down and away from the camera, with a neutral or slightly contemplative expression.
Posture: The student is sitting in front of a computer screen, possibly at a desk, with their hands resting on their lap or arms crossed.
Rating: 2 [The student seems to be engaged but not highly focused on the content they are watching.]",2,3
5100341052.avi,"Expression: The student appears to be looking down and away from the camera, with a neutral or slightly contemplative expression.
Posture: The student is sitting in front of a computer screen, leaning forward slightly with their hands resting on the desk.
Rating: 2 - The student seems to be engaged but not highly focused on the content being displayed on the screen.",2,3
5100341054.avi,"Expression: The student appears to be focused and attentive, with a neutral expression.
Posture: The student is sitting upright in a chair, facing the camera.
Rating: 2",2,3
5100341055.avi,"Expression: The student appears to be focused and attentive, with a neutral expression.
Posture: The student is sitting upright in a chair, facing the camera.
Rating: 2",2,3
5100341056.avi,"Expression: The student appears to be looking down and slightly away from the camera, with a neutral expression.
Posture: The student is sitting in front of a computer screen, leaning forward slightly.
Rating: 2",2,2
5100341057.avi,"Expression: The student appears to be focused and attentive, with a neutral expression.
Posture: The student is sitting upright in a chair, facing the camera.
Rating: 2",2,2
5100341058.avi,"Expression: The student appears to be focused and attentive, with a neutral expression.
Posture: The student is sitting upright in a chair, facing the camera.
Rating: 2",2,3
5100341061.avi,"Expression: The student appears to be focused and attentive, with a neutral expression.
Posture: The student is sitting upright in a chair, facing the camera.
Rating: 2",2,2
5100341062.avi,"Expression: The student appears to be focused and attentive, with a neutral facial expression.
Posture: The student is sitting upright in a chair, facing the camera.
Rating: 2",2,3
5100341065.avi,"Expression: The student appears to be focused and attentive, with a neutral expression.
Posture: The student is sitting upright in a chair, facing the camera.
Rating: 2",2,3
5100341067.avi,"Expression: The student appears to be looking directly at the camera with a neutral expression.
Posture: The student is sitting in front of a red door, leaning slightly forward with their arms resting on a table or desk.
Rating: 2",2,3
5100341068.avi,"Expression: The student appears to be smiling and looking directly at the camera.
Posture: The student is sitting with their arms crossed in front of them.
Rating: 2",2,3
5100341070.avi,"Expression: The student appears to be focused and attentive, with a neutral expression.
Posture: The student is sitting upright in a chair, facing the camera.
Rating: 2",2,3
5100341071.avi,"Expression: The student appears to be focused and attentive, with a neutral expression.
Posture: The student is sitting upright in front of the camera.
Rating: 2",2,3
5100341072.avi,"Expression: The student appears to be focused and attentive, with a neutral expression.
Posture: The student is sitting upright in a chair, facing the camera.
Rating: 2",2,3
5100341074.avi,"Expression: The student appears to be looking directly at the camera with a neutral expression.
Posture: The student is sitting in front of a red door, leaning slightly forward with their arms resting on a table or desk.
Rating: 2",2,1
5100341075.avi,"Expression: The student appears to be looking down and slightly away from the camera, with a neutral expression.
Posture: The student is sitting in front of a computer screen, leaning forward slightly with their arms resting on the desk or table.
Rating: 2",2,3
5100341076.avi,"Expression: The student appears to be looking directly at the camera with a neutral expression.
Posture: The student is sitting in front of a red door, leaning slightly forward with their arms resting on a table or desk.
Rating: 2",2,3
5100341077.avi,"Expression: The student appears to be focused and attentive, with a neutral expression.
Posture: The student is sitting upright in a chair, facing the camera.
Rating: 2",2,2
5100341078.avi,"Expression: The student appears to be looking directly at the camera with a neutral expression.
Posture: The student is sitting upright in front of a red door, with their arms resting on a table or desk.
Rating: 2",2,3
5100341079.avi,"Expression: The student appears to be focused and attentive, with a neutral facial expression.
Posture: The student is sitting upright in front of the camera.
Rating: 2",2,3
5100342002.avi,"Expression: The student appears to be drowsy or sleepy, with their eyes closed and a relaxed facial expression.
Posture: The student is sitting in front of the camera with their head resting on their hand, suggesting a lack of focus or interest in the content they are watching.
Rating: 1 [The student's posture and facial expression indicate low engagement with the educational video.]",1,3
5100342003.avi,"Expression: The student appears to be looking down and away from the camera, with a neutral or slightly contemplative expression.
Posture: The student is sitting in front of a computer screen, leaning forward slightly with their hands resting on the desk.
Rating: 2 - The student seems to be engaged but not highly focused on the content they are watching.",2,2
5100342007.avi,"Expression: The student appears to be focused and attentive, with a neutral expression.
Posture: The student is sitting upright in front of the camera.
Rating: 2",2,3
5100342008.avi,"Expression: The student appears to be focused and attentive, with a neutral expression.
Posture: The student is sitting upright in front of the camera.
Rating: 2",2,2
5100342009.avi,"Expression: The student appears to be looking down and has a neutral expression.
Posture: The student is sitting with their head slightly tilted forward, which could indicate focus or concentration.
Rating: 2 - The student seems to be engaged in the video they are watching.",2,2
5100342012.avi,"Expression: The student appears to be looking down and slightly away from the camera, with a neutral expression.
Posture: The student is sitting in front of a computer screen, possibly at a desk or table.
Rating: 2",2,2
5100342016.avi,"Expression: The student appears to be looking down and away from the camera, with a neutral or slightly contemplative expression.
Posture: The student is sitting in front of a computer screen, possibly at a desk, with their hands resting on the table.
Rating: 2",2,2
5100342017.avi,"Expression: The student appears to be looking down and away from the camera, with a neutral or slightly disinterested expression.
Posture: The student is sitting in front of a computer screen, possibly at a desk, with their head turned to one side.
Rating: 1",1,3
5100342018.avi,"Expression: The student appears to be looking down and away from the camera, with a neutral or slightly bored facial expression.
Posture: The student is sitting in front of a computer screen, leaning forward slightly with their hands resting on the desk.
Rating: 1",1,2
5100342020.avi,"Expression: The student appears to be looking down and away from the camera, with a neutral or slightly contemplative expression.
Posture: The student is sitting in front of a computer screen, possibly at a desk, with their head turned to one side.
Rating: 2",2,3
5100342022.avi,"Expression: The student appears to be in a state of deep thought or contemplation, with their hand on their face and a pensive expression.
Posture: The student is sitting down with their arms crossed over their chest.
Rating: 2",2,0
5100342023.avi,"Expression: The student appears to be in a state of deep thought or contemplation, with their hand on their face and a pensive expression.
Posture: The student is sitting with their arms crossed over their chest, which could indicate a relaxed or introspective posture.
Rating: 2 [Based on the image, it seems that the student is engaged but not highly engaged in the educational video they are watching.]",2,1
5100342024.avi,"Expression: The student appears to be in a state of deep thought or contemplation, with their hand on their face and a pensive expression.
Posture: The student is sitting at a desk with their arms crossed over their chest.
Rating: 2",2,1
5100342025.avi,"Expression: The student appears to be in a state of deep thought or contemplation, with their hand on their face and a pensive expression.
Posture: The student is sitting down with their hands clasped together in front of them.
Rating: 2",2,2
5100342028.avi,"Expression: The student appears to be bored or disinterested, with a slight frown and a hand on their chin.
Posture: The student is sitting in front of the camera with one arm resting on their head, suggesting a relaxed posture.
Rating: 1",1,1
5100342030.avi,"Expression: The student appears to be bored or disinterested, with a slight frown and a hand on their chin.
Posture: The student is sitting in front of the camera with one arm resting on their head.
Rating: 1",1,2
5100342031.avi,"Expression: The student appears to be bored or disinterested, with a slight frown and a hand on their chin.
Posture: The student is sitting in front of the camera with one arm resting on their head.
Rating: 1",1,2
5100342034.avi,"Expression: The student appears to be bored or disinterested, with a slight frown and a hand on their chin.
Posture: The student is sitting in front of the camera with one arm resting on their head, suggesting a relaxed posture.
Rating: 1",1,2
5100342036.avi,"Expression: The student appears to be bored or disinterested, with a slight frown and a hand on their chin.
Posture: The student is sitting in front of the camera with one arm resting on their head.
Rating: 1",1,1
5100342042.avi,"Expression: The student appears to be looking down and away from the camera, with a neutral or slightly contemplative expression.
Posture: The student is sitting in a chair with their arms resting on a table or desk, leaning forward slightly.
Rating: 2",2,2
5100342043.avi,"Expression: The student appears to be focused and attentive, with a neutral expression.
Posture: The student is sitting upright in a chair, leaning slightly forward.
Rating: 2",2,2
5100342045.avi,"Expression: The student appears to be looking directly at the camera with a neutral expression.
Posture: The student is sitting upright in front of a red door, with their arms resting on a table or desk.
Rating: 2",2,2
5100342048.avi,"Expression: The student appears to be looking down and away from the camera, with a neutral or slightly distracted expression.
Posture: The student is sitting in front of a computer screen, leaning forward slightly with their arms resting on the desk.
Rating: 2",2,1
5100351001.avi,"Expression: The student appears to be focused and attentive, with a neutral expression.
Posture: The student is sitting upright in front of the camera.
Rating: 2",2,1
5100351002.avi,"Expression: The student appears to be looking down and away from the camera, with a neutral or slightly contemplative expression.
Posture: The student is sitting in front of a computer screen, possibly listening to an audio source, with their head turned towards the side.
Rating: 2",2,1
5100351004.avi,"Expression: The student appears to be focused and attentive, with a neutral expression.
Posture: The student is sitting upright in a chair, with their head slightly tilted downwards.
Rating: 2",2,2
5100351005.avi,"Expression: The student appears to be looking down and has a neutral expression.
Posture: The student is sitting with their head slightly tilted forward, and they are wearing earphones.
Rating: 2",2,2
5100351007.avi,"Expression: The student appears to be looking down and away from the camera, with a neutral or slightly disinterested expression.
Posture: The student is sitting in front of a computer screen, with their head turned to one side.
Rating: 2",2,2
5100351009.avi,"Expression: The student appears to be looking down and has a neutral expression.
Posture: The student is sitting with their head slightly tilted, wearing headphones, and looking at something off-camera.
Rating: 2 - The student seems to be engaged in the content they are watching or listening to, but not highly engaged as they are not actively participating or showing a strong emotional response.",2,2
5100351010.avi,"Expression: The student appears to be looking down and away from the camera, with a neutral or slightly contemplative expression.
Posture: The student is sitting in front of a computer screen, possibly listening to an audio file or watching a video, with their head turned to one side.
Rating: 2 [The student seems to be engaged but not highly focused on the content they are viewing.]",2,2
5100351012.avi,"Expression: The student appears to be looking down and has a neutral expression.
Posture: The student is sitting with their head slightly tilted downwards, possibly listening or focused on something.
Rating: 2",2,3
5100351013.avi,"Expression: The student appears to be looking down and away from the camera, with a neutral or slightly disinterested expression.
Posture: The student is sitting in front of a computer screen, possibly listening to an audio file, with their head turned to one side.
Rating: 2 [The student seems to be engaged but not highly engaged, as they are looking away from the camera and not directly interacting with the content.]",2,1
5100351015.avi,"Expression: The student appears to be looking down and away from the camera, with a neutral or slightly contemplative expression.
Posture: The student is sitting in front of a computer screen, possibly listening to an audio file or watching a video, with their head turned towards the side.
Rating: 2 [The student seems to be engaged but not highly focused on the content they are viewing.]",2,2
5100351016.avi,"Expression: The student appears to be looking down and has a neutral expression.
Posture: The student is sitting with their head slightly tilted downwards, possibly resting on their hand.
Rating: 2",2,2
5100351019.avi,"Expression: The student appears to be looking down and has a neutral expression.
Posture: The student is sitting with their head slightly tilted forward, and they are wearing headphones.
Rating: 2",2,2
5100351020.avi,"Expression: The student appears to be looking down and away from the camera, with a neutral or slightly disinterested expression.
Posture: The student is sitting in front of a computer screen, with their head turned to one side.
Rating: 2",2,2
5100351021.avi,"Expression: The student appears to be looking down and has a neutral expression.
Posture: The student is sitting with their head slightly tilted forward, and they are wearing headphones.
Rating: 2",2,2
5100351022.avi,"Expression: The student appears to be making a funny or sarcastic face, with a slight smirk and raised eyebrows.
Posture: The student is sitting in front of the camera, leaning slightly forward with one hand resting on their chin.
Rating: 2",2,0
5100351023.avi,"Expression: The student appears to be looking down and has a neutral expression.
Posture: The student is sitting with their head slightly tilted forward, and they are wearing headphones.
Rating: 2",2,2
5100351024.avi,"Expression: The student appears to be looking down and has a neutral expression.
Posture: The student is sitting with their head slightly tilted forward, and they are wearing headphones.
Rating: 2",2,2
5100351025.avi,"Expression: The student appears to be looking down and has a neutral expression.
Posture: The student is sitting with their head slightly tilted forward, and they are wearing headphones.
Rating: 2",2,2
5100351026.avi,"Expression: The student appears to be looking down and away from the camera, with a neutral or slightly bored facial expression.
Posture: The student is sitting in front of a computer screen, possibly listening to an audio file or watching a video, with their head turned to one side.
Rating: 2 [The student seems to be engaged but not highly engaged, as they are looking away from the camera and not directly interacting with the content.]",2,3
5100351032.avi,"Expression: The student appears to be looking down and has a neutral expression.
Posture: The student is sitting with their head slightly tilted forward, and they are wearing headphones.
Rating: 2",2,3
5100351034.avi,"Expression: The student appears to be tired or bored, with a slightly closed eye and a relaxed facial expression.
Posture: The student is sitting in front of the camera, leaning back slightly with their head resting on their hand.
Rating: 1",1,3
5100351035.avi,"Expression: The student appears to be tired or bored.
Posture: The student is sitting with their head down, possibly resting on their hand.
Rating: 1",1,2
5100351036.avi,"Expression: The student appears to be making a funny or sarcastic face, with a slight smirk and raised eyebrows.
Posture: The student is sitting in a chair with their head tilted slightly to the side, looking directly at the camera.
Rating: 2",2,2
5100351038.avi,"Expression: The student appears to be looking down and has a neutral expression.
Posture: The student is sitting with their head slightly tilted forward, and they are wearing headphones.
Rating: 2",2,2
5100351039.avi,"Expression: The student appears to be drowsy or sleepy.
Posture: The student is sitting with their head down, possibly resting on their hand.
Rating: 1",1,3
5100351040.avi,"Expression: The student appears to be looking down and has a neutral expression.
Posture: The student is sitting with their head slightly tilted forward, and they are wearing headphones.
Rating: 2",2,2
5100351042.avi,"Expression: The student appears to be making a funny or sarcastic face, with a slight smirk and raised eyebrows.
Posture: The student is sitting in front of a computer screen, leaning slightly forward with one hand resting on the desk.
Rating: 2",2,1
5100351043.avi,"Expression: The student appears to be looking down and slightly away from the camera, with a neutral expression.
Posture: The student is sitting in front of a computer screen, with their head turned to one side.
Rating: 2",2,3
5100351044.avi,"Expression: The student appears to be looking down and has a neutral expression.
Posture: The student is sitting with their head slightly tilted forward, and they are wearing headphones.
Rating: 2",2,2
5100351045.avi,"Expression: The student appears to be looking down and has a neutral expression.
Posture: The student is sitting with their head slightly tilted forward, and they are wearing headphones.
Rating: 2",2,2
5100351046.avi,"Expression: The student appears to be looking down and has a neutral expression.
Posture: The student is sitting with their head slightly tilted downwards, possibly resting on their hand.
Rating: 2",2,3
5100351049.avi,"Expression: The student appears to be looking down and has a neutral expression.
Posture: The student is sitting with their head slightly tilted forward, and they are wearing headphones.
Rating: 2",2,3
5100351051.avi,"Expression: The student appears to be making a funny or sarcastic face, with a slight smirk and raised eyebrows.
Posture: The student is sitting in front of the camera, leaning slightly forward with one hand resting on their knee.
Rating: 2",2,3
5100351054.avi,"Expression: The student appears to be looking down and away from the camera, with a neutral or slightly disinterested expression.
Posture: The student is sitting in front of a computer screen, wearing headphones, and has their hands resting on their legs.
Rating: 2",2,2
5100351058.avi,"Expression: The student appears to be looking down and has a neutral expression.
Posture: The student is sitting with their head slightly tilted forward, and they are wearing headphones.
Rating: 2",2,2
5100352001.avi,"Expression: The student appears to be looking down and has a neutral expression.
Posture: The student is sitting with their head slightly tilted, wearing headphones, and looking directly at the camera.
Rating: 2",2,2
5100352002.avi,"Expression: The student appears to be looking down and has a neutral expression.
Posture: The student is sitting with their head slightly tilted forward, and they are wearing headphones.
Rating: 2",2,2
5100352003.avi,"Expression: The student appears to be focused and attentive, with a neutral facial expression.
Posture: The student is sitting upright in front of the camera.
Rating: 2",2,2
5100352004.avi,"Expression: The student appears to be looking down and has a neutral expression.
Posture: The student is sitting with their head slightly tilted forward, and they are wearing earphones.
Rating: 2",2,3
5100352005.avi,"Expression: The student appears to be focused and attentive, with a neutral expression.
Posture: The student is sitting upright in front of the computer screen.
Rating: 2",2,2
5100352006.avi,"Expression: The student appears to be looking down and away from the camera, with a neutral or slightly disinterested expression.
Posture: The student is sitting in front of a computer screen, with their head turned to one side.
Rating: 2",2,2
5100352007.avi,"Expression: The student appears to be looking down and has a neutral expression.
Posture: The student is sitting with their head slightly tilted downwards, possibly listening or focused on something.
Rating: 2",2,3
5100352008.avi,"Expression: The student appears to be looking down and has a neutral expression.
Posture: The student is sitting with their head slightly tilted, wearing headphones, and looking at the camera.
Rating: 2",2,2
5100352009.avi,"Expression: The student appears to be looking down and has a neutral expression.
Posture: The student is sitting with their head slightly tilted downwards, possibly resting on their hand.
Rating: 2",2,3
5100352011.avi,"Expression: The student appears to be looking down and has a neutral expression.
Posture: The student is sitting with their head slightly tilted, and they are wearing headphones.
Rating: 2",2,2
5100352012.avi,"Expression: The student appears to be looking down and has a neutral expression.
Posture: The student is sitting with their head slightly tilted, and they are wearing headphones.
Rating: 2",2,2
5100352013.avi,"Expression: The student appears to be looking down and has a neutral expression.
Posture: The student is sitting with their head slightly tilted, wearing headphones, and looking at something off-camera.
Rating: 2",2,3
5100352014.avi,"Expression: The student appears to be looking down and has a neutral expression.
Posture: The student is sitting with their head slightly tilted, and they are wearing earphones.
Rating: 2",2,2
5100352015.avi,"Expression: The student appears to be looking down and has a neutral expression.
Posture: The student is sitting with their head slightly tilted downwards, possibly listening or watching something intently.
Rating: 2",2,2
5100352016.avi,"Expression: The student appears to be looking down and has a neutral expression.
Posture: The student is sitting with their head slightly tilted, and they are wearing earphones.
Rating: 2",2,2
5100352017.avi,"Expression: The student appears to be looking down and has a neutral expression.
Posture: The student is sitting with their head slightly tilted, wearing earphones, and looking at something off-camera.
Rating: 2",2,3
5100352018.avi,"Expression: The student appears to be making a funny face, possibly smirking or grimacing.
Posture: The student is sitting with their head tilted slightly downwards and their eyes looking upwards.
Rating: 2",2,2
5100352020.avi,"Expression: The student appears to be making a funny face, possibly smirking or smiling.
Posture: The student is sitting with their head slightly tilted and looking directly at the camera.
Rating: 2",2,3
5100352021.avi,"Expression: The student appears to be making a funny face, possibly smirking or rolling his eyes.
Posture: He is sitting with one hand on his chin and the other holding a headphone wire, looking directly at the camera.
Rating: 2",2,2
5100352022.avi,"Expression: The student appears to be looking down and away from the camera, with a neutral or slightly bored facial expression.
Posture: The student is sitting in front of a computer screen, with their head turned to one side.
Rating: 1",1,1
5100352026.avi,"Expression: The student appears to be looking down and has a neutral expression.
Posture: The student is sitting with their head slightly tilted, wearing headphones, and looking directly at the camera.
Rating: 2",2,3
5100352027.avi,"Expression: The student appears to be making a funny or sarcastic face, with a slight smirk.
Posture: The student is sitting in front of the camera, looking directly at it.
Rating: 2",2,3
5100352028.avi,"Expression: The student appears to be making a funny or sarcastic face, with a slight smirk and raised eyebrow.
Posture: The student is sitting in front of a computer screen, looking directly at the camera.
Rating: 2",2,2
5100352030.avi,"Expression: The student appears to be making a funny or sarcastic face, with a slight smirk.
Posture: The student is sitting in front of the camera, leaning slightly forward with one hand resting on their chin.
Rating: 2",2,3
5100352031.avi,"Expression: The student appears to be focused and attentive, with a slight smile.
Posture: The student is sitting upright in their chair, with one hand resting on their chin.
Rating: 2",2,3
5100352032.avi,"Expression: The student appears to be looking down and has a neutral expression.
Posture: The student is sitting with their hands on their face, which could indicate deep thought or contemplation.
Rating: 2",2,2
5100352033.avi,"Expression: The student appears to be looking down and has a neutral expression.
Posture: The student is sitting with their hands clasped together in front of them, suggesting a relaxed posture.
Rating: 2",2,2
5100352034.avi,"Expression: The student appears to be making a funny or sarcastic face, with a slight smirk and raised eyebrows.
Posture: The student is sitting in front of a computer screen, with their head turned slightly to the side.
Rating: 2",2,2
5100352035.avi,"Expression: The student appears to be looking down and has a neutral expression.
Posture: The student is sitting with their head slightly tilted, wearing headphones, and looking at the camera.
Rating: 2",2,2
5100352037.avi,"Expression: The student appears to be looking down and has a neutral expression.
Posture: The student is sitting with their head slightly tilted, wearing headphones, and looking at something off-camera.
Rating: 2",2,2
5100352038.avi,"Expression: The student appears to be focused and attentive, with a slight smile on their face.
Posture: The student is sitting upright in front of the screen.
Rating: 2",2,3
5100352039.avi,"Expression: The student appears to be smiling and looking down, possibly at the camera or a screen.
Posture: The student is sitting with their head slightly tilted downwards, suggesting they are focused on something in front of them.
Rating: 2",2,3
5100352041.avi,"Expression: The student appears to be making a funny or sarcastic face, with a slight smirk and raised eyebrows.
Posture: The student is sitting in front of a computer screen, with their head turned slightly to the side.
Rating: 2",2,2
5100352042.avi,"Expression: The student appears to be bored or disinterested.
Posture: He is sitting with his head down, looking at the camera.
Rating: 1",1,2
5100352043.avi,"Expression: The student appears to be looking down and has a neutral expression.
Posture: The student is sitting with their head slightly tilted, wearing headphones, and looking at the camera.
Rating: 2",2,1
5100352044.avi,"Expression: The student appears to be relaxed and focused, with a slight smile on their face.
Posture: The student is sitting in a chair with one leg crossed over the other, looking down at something off-camera.
Rating: 2",2,2
5100352045.avi,"Expression: The student appears to be looking down and has a neutral expression.
Posture: The student is sitting with their head slightly tilted downwards, possibly listening or watching something intently.
Rating: 2",2,3
5100352046.avi,"Expression: The student appears to be making a funny or sarcastic face, with a slight smirk and raised eyebrows.
Posture: The student is sitting in front of the camera, looking directly at it.
Rating: 2",2,3
5100352049.avi,"Expression: The student appears to be looking down and has a neutral expression.
Posture: The student is sitting with their head slightly tilted, wearing headphones, and looking at something off-camera.
Rating: 2",2,2
5100352050.avi,"Expression: The student appears to be looking down and has a neutral expression.
Posture: The student is sitting with their head slightly tilted, wearing headphones.
Rating: 2",2,2
5100352051.avi,"Expression: The student appears to be looking down and has a neutral expression.
Posture: The student is sitting with their head slightly tilted forward, and they are wearing headphones.
Rating: 2",2,2
5100352052.avi,"Expression: The student appears to be looking down and has a neutral expression.
Posture: The student is sitting with their head slightly tilted downwards, possibly listening or concentrating on the video.
Rating: 2",2,3
5100352054.avi,"Expression: The student appears to be looking down and has a neutral expression.
Posture: The student is sitting with their head slightly tilted forward, and they are wearing headphones.
Rating: 2",2,1
5100352055.avi,"Expression: The student appears to be looking down and has a neutral expression.
Posture: The student is sitting with their head slightly tilted, wearing headphones, and looking directly at the camera.
Rating: 2",2,3
5100352056.avi,"Expression: The student appears to be looking down and has a neutral expression.
Posture: The student is sitting with their head slightly tilted forward, and they are wearing headphones.
Rating: 2",2,2
5100352057.avi,"Expression: The student appears to be looking down and has a neutral expression.
Posture: The student is sitting with their head slightly tilted, and they are wearing headphones.
Rating: 2",2,2
5100352060.avi,"Expression: The student appears to be looking down and has a neutral expression.
Posture: The student is sitting with their head slightly tilted, wearing headphones, and looking at the camera.
Rating: 2",2,2
5100352061.avi,"Expression: The student appears to be looking down and has a neutral expression.
Posture: The student is sitting with their head slightly tilted, wearing headphones, and looking at the camera.
Rating: 2",2,2
5100352063.avi,"Expression: The student appears to be making a funny or sarcastic face, with a slight smirk and raised eyebrows.
Posture: The student is sitting in front of the camera, leaning slightly forward with one hand resting on their chin.
Rating: 2",2,2
5100361009.avi,"Expression: The student appears to be focused and attentive, with a neutral expression.
Posture: The student is sitting upright in front of the camera.
Rating: 2",2,2
5100361056.avi,"Expression: The student appears to be focused and attentive, with a neutral expression.
Posture: The student is sitting upright in front of the camera.
Rating: 2",2,2
5100362028.avi,"Expression: The student appears to be focused and attentive.
Posture: The student is sitting upright with a straight back, indicating an alert posture.
Rating: 2",2,3
5100362029.avi,"Expression: The student appears to be focused and attentive, with a neutral expression.
Posture: The student is sitting upright in front of the camera.
Rating: 2",2,2
5100362030.avi,"Expression: The student appears to be looking down and away from the camera, with a neutral expression.
Posture: The student is sitting in front of a red door, possibly at a desk or table.
Rating: 2 - The student seems to be engaged but not highly focused on the video.",2,3
5100362052.avi,"Expression: The student appears to be focused and attentive.
Posture: The student is sitting upright in a chair, with their head turned slightly towards the camera.
Rating: 2",2,2
5100371022.avi,"Expression: The student appears to be focused and attentive, with a neutral expression.
Posture: The student is sitting upright in front of the screen.
Rating: 2",2,2
5100371023.avi,"Expression: The student appears to be focused and attentive, with a neutral expression.
Posture: The student is sitting upright in front of the camera.
Rating: 2",2,3
5100371024.avi,"Expression: The student appears to be focused and attentive, with a neutral expression.
Posture: The student is sitting upright in front of the camera.
Rating: 2",2,2
5100371026.avi,"Expression: The student appears to be focused and attentive, with a neutral expression.
Posture: The student is sitting upright in front of the camera.
Rating: 2",2,3
5100371027.avi,"Expression: The student appears to be focused and attentive, with a neutral expression.
Posture: The student is sitting upright in front of the camera.
Rating: 2",2,3
5100371042.avi,"Expression: The student appears to be focused and attentive, with a neutral expression.
Posture: The student is sitting upright in front of the camera.
Rating: 2",2,3
5100371055.avi,"Expression: The student appears to be focused and attentive, with a neutral expression.
Posture: The student is sitting upright in front of the camera.
Rating: 2",2,2
5100371056.avi,"Expression: The student appears to be focused and attentive, with a neutral expression.
Posture: The student is sitting upright in front of the camera.
Rating: 2",2,2
5100371067.avi,"Expression: The student appears to be focused and attentive, with a neutral expression.
Posture: The student is sitting upright in front of the camera.
Rating: 2",2,2
5100371079.avi,"Expression: The student appears to be focused and attentive, with a neutral expression.
Posture: The student is sitting upright in front of the camera.
Rating: 2",2,2
5100372001.avi,"Expression: The student appears to be focused and attentive, with a neutral expression.
Posture: The student is sitting upright in front of the camera.
Rating: 2",2,3
5100372002.avi,"Expression: The student appears to be focused and attentive, with a neutral expression.
Posture: The student is sitting upright in front of the camera.
Rating: 2",2,2
5100372003.avi,"Expression: The student appears to have a neutral expression, with a slight frown or concentration.
Posture: The student is sitting upright in front of the camera.
Rating: 2",2,2
5100372005.avi,"Expression: The student appears to be focused and attentive, with a neutral expression.
Posture: The student is sitting upright in front of the camera.
Rating: 2",2,2
5100372006.avi,"Expression: The student appears to be focused and attentive, with a neutral expression.
Posture: The student is sitting upright in front of the camera.
Rating: 2",2,3
5100372007.avi,"Expression: The student appears to be focused and attentive, with a neutral expression.
Posture: The student is sitting upright in front of the camera.
Rating: 2",2,3
5100372009.avi,"Expression: The student appears to be focused and attentive, with a neutral expression.
Posture: The student is sitting upright in front of the camera.
Rating: 2",2,3
5100372011.avi,"Expression: The student appears to be focused and attentive, with a neutral expression.
Posture: The student is sitting upright in front of the camera.
Rating: 2",2,3
5100372015.avi,"Expression: The student appears to be focused and attentive, with a neutral expression.
Posture: The student is sitting upright in front of the camera.
Rating: 2",2,3
5100372016.avi,"Expression: The student appears to be focused and attentive, with a neutral expression.
Posture: The student is sitting upright in front of the camera.
Rating: 2",2,3
5100372017.avi,"Expression: The student appears to be focused and attentive, with a neutral expression.
Posture: The student is sitting upright in front of the camera.
Rating: 2",2,3
5100372018.avi,"Expression: The student appears to be focused and attentive, with a neutral expression.
Posture: The student is sitting upright in front of the camera.
Rating: 2",2,3
5100372019.avi,"Expression: The student appears to be focused and attentive, with a neutral expression.
Posture: The student is sitting upright in front of the camera.
Rating: 2",2,2
5100372020.avi,"Expression: The student appears to be focused and attentive, with a neutral expression.
Posture: The student is sitting upright in front of the camera.
Rating: 2",2,3
5100372021.avi,"Expression: The student appears to be focused and attentive, with a neutral expression.
Posture: The student is sitting upright in front of the camera.
Rating: 2",2,2
5100372022.avi,"Expression: The student appears to be focused and attentive, with a neutral expression.
Posture: The student is sitting upright in front of the camera.
Rating: 2",2,3
5100372023.avi,"Expression: The student appears to be focused and attentive, with a neutral expression.
Posture: The student is sitting upright in front of the camera.
Rating: 2",2,3
5100372026.avi,"Expression: The student appears to be focused and attentive, with a neutral expression.
Posture: The student is sitting upright in front of the camera.
Rating: 2",2,3
5100372027.avi,"Expression: The student appears to be focused and attentive, with a neutral expression.
Posture: The student is sitting upright in front of the camera.
Rating: 2",2,3
5100372028.avi,"Expression: The student appears to be focused and attentive, with a neutral expression.
Posture: The student is sitting upright in front of the camera.
Rating: 2",2,2
5100372069.avi,"Expression: The student appears to be focused and attentive, with a neutral expression.
Posture: The student is sitting upright in front of the camera.
Rating: 2",2,3
5100381002.avi,"Expression: The student appears to be looking down and slightly away from the camera, with a neutral expression.
Posture: The student is sitting in front of the camera with their arms crossed.
Rating: 2",2,3
5100381003.avi,"Expression: The student appears to be looking down and slightly away from the camera, with a neutral expression.
Posture: The student is sitting in front of a laptop or computer screen, which suggests they are engaged in an activity on the device.
Rating: 2",2,3
5100381004.avi,"Expression: The student appears to be looking directly at the camera with a neutral expression.
Posture: The student is sitting in front of the camera, possibly on a chair or couch, with their arms resting by their sides.
Rating: 2 [Based on the image, it's difficult to determine the level of engagement without more context about the student's actions and reactions during the video.]",2,2
5100381005.avi,"Expression: The student appears to be looking down and slightly away from the camera, with a neutral expression.
Posture: The student is sitting in front of a computer screen, with their arms resting on the table or desk.
Rating: 2",2,2
5100381006.avi,"Expression: The student appears to be looking directly at the camera with a neutral expression.
Posture: The student is sitting in front of the camera, possibly on a chair or couch, with their arms resting on their legs.
Rating: 2 [Based on the image, it's difficult to determine the level of engagement without more context about the student's actions and reactions during the video.]",2,2
5100381007.avi,"Expression: The student appears to be looking down and slightly away from the camera, with a neutral expression.
Posture: The student is sitting in front of a computer screen, possibly on a chair or couch, with their arms resting on their legs.
Rating: 2",2,2
5100381008.avi,"Expression: The student appears to be looking down and slightly away from the camera, with a neutral expression.
Posture: The student is sitting in front of a computer screen, possibly listening to an audio source or watching a video.
Rating: 2",2,2
5100381009.avi,"Expression: The student appears to be focused and attentive, with a neutral expression.
Posture: The student is sitting upright in their chair, suggesting engagement.
Rating: 2",2,2
5100381010.avi,"Expression: The student appears to be looking down and slightly away from the camera, with a neutral expression.
Posture: The student is sitting upright in a chair.
Rating: 2",2,2
5100381011.avi,"Expression: The student appears to be looking directly at the camera with a neutral expression.
Posture: The student is sitting upright in front of a white wall, wearing glasses and headphones.
Rating: 2",2,3
5100381012.avi,"Expression: The student appears to be looking down and slightly away from the camera, with a neutral expression.
Posture: The student is sitting upright in front of a laptop or computer screen.
Rating: 2",2,3
5100381015.avi,"Expression: The student appears to be looking down and slightly away from the camera, with a neutral expression.
Posture: The student is sitting in front of a laptop or computer screen, which suggests they are engaged in watching the video.
Rating: 2",2,3
5100381016.avi,"Expression: The student appears to be looking down and slightly away from the camera, with a neutral expression.
Posture: The student is sitting in front of a laptop or computer screen, which suggests they are focused on the content being displayed.
Rating: 2",2,3
5100381017.avi,"Expression: The student appears to be looking down and slightly away from the camera, with a neutral expression.
Posture: The student is sitting in front of a laptop or computer screen, which is not visible in the image.
Rating: 2",2,2
5100381018.avi,"Expression: The student appears to be focused and attentive, with a neutral expression.
Posture: The student is sitting upright in front of the camera.
Rating: 2",2,2
5100381019.avi,"Expression: The student appears to be focused and attentive, with a neutral expression.
Posture: The student is sitting upright in front of the camera.
Rating: 2",2,3
5100381020.avi,"Expression: The student appears to be looking down and slightly away from the camera, with a neutral expression.
Posture: The student is sitting in front of a laptop or computer screen, which suggests they are focused on the content being displayed.
Rating: 2",2,2
5100381021.avi,"Expression: The student appears to be looking down and slightly away from the camera, with a neutral expression.
Posture: The student is sitting in front of a laptop or computer screen, which suggests they are engaged in an activity on the device.
Rating: 2",2,2
5100381022.avi,"Expression: The student appears to be looking down and slightly away from the camera, with a neutral expression.
Posture: The student is sitting in front of a laptop or computer screen, which suggests they are engaged in an activity on the device.
Rating: 2",2,2
5100381023.avi,"Expression: The student appears to be looking down and slightly away from the camera, with a neutral expression.
Posture: The student is sitting in front of a computer screen, possibly listening to an audio source, but their body posture does not provide enough information to make a confident assessment.
Rating: 2 [Based on the limited visual information available, it's difficult to accurately assess the student's engagement level.]",2,3
5100381024.avi,"Expression: The student appears to be looking down and has a neutral expression.
Posture: The student is sitting with their head slightly tilted, wearing glasses, and has one hand on their face.
Rating: 2",2,3
5100381026.avi,"Expression: The student appears to be looking down and slightly away from the camera, with a neutral expression.
Posture: The student is sitting in front of a laptop or computer screen, which suggests they are engaged in watching something on the screen.
Rating: 2",2,2
5100381027.avi,"Expression: The student appears to be looking down and slightly away from the camera, with a neutral expression.
Posture: The student is sitting in front of a laptop or computer screen, which suggests they are engaged in watching something on it.
Rating: 2",2,3
5100381028.avi,"Expression: The student appears to be focused and attentive, with a neutral expression.
Posture: The student is sitting upright in front of the camera.
Rating: 2",2,3
5100381029.avi,"Expression: The student appears to be looking down and slightly away from the camera, with a neutral expression.
Posture: The student is sitting in front of a laptop or computer screen, which suggests they are engaged in watching something on the screen.
Rating: 2",2,3
5100381031.avi,"Expression: The student appears to be looking down and away from the camera, with a neutral or slightly contemplative expression.
Posture: The student is sitting in front of a laptop, with their arms resting on their knees.
Rating: 2",2,2
5100381032.avi,"Expression: The student appears to be looking down and slightly away from the camera, with a neutral expression.
Posture: The student is sitting in front of a computer screen, possibly listening to an audio source, but their body posture does not provide enough information to make a confident assessment.
Rating: 2 [Based on the limited visual information available, it's difficult to accurately assess the student's engagement level.]",2,2
5100381034.avi,"Expression: The student appears to be looking down and has a neutral expression.
Posture: The student is sitting with their arms crossed, which could indicate a relaxed or contemplative posture.
Rating: 2",2,3
5100381035.avi,"Expression: The student appears to be looking down and away from the camera, with a neutral or slightly contemplative expression.
Posture: The student is sitting upright in front of a computer screen.
Rating: 2",2,2
5100381037.avi,"Expression: The student appears to be looking down and slightly away from the camera, with a neutral expression.
Posture: The student is sitting upright in front of a white wall.
Rating: 2",2,2
5100381038.avi,"Expression: The student appears to be looking down and slightly away from the camera, with a neutral expression.
Posture: The student is sitting upright in front of a white wall.
Rating: 2",2,2
5100381039.avi,"Expression: The student appears to be looking directly at the camera with a neutral expression.
Posture: The student is sitting upright in front of the camera, with their arms resting on their knees.
Rating: 2",2,2
5100381040.avi,"Expression: The student appears to be looking down and slightly away from the camera, with a neutral expression.
Posture: The student is sitting in front of a laptop or computer screen, which suggests they are engaged in watching something.
Rating: 2",2,3
5100381041.avi,"Expression: The student appears to be looking down and slightly away from the camera, with a neutral expression.
Posture: The student is sitting in front of a laptop or computer screen, with their arms resting on their knees.
Rating: 2",2,3
5100381042.avi,"Expression: The student appears to be looking down and slightly away from the camera, with a neutral expression.
Posture: The student is sitting in front of a laptop or computer screen, which suggests they are focused on the content being displayed.
Rating: 2",2,2
5100381043.avi,"Expression: The student appears to be looking down and slightly away from the camera, with a neutral expression.
Posture: The student is sitting in front of a laptop or computer screen, which suggests they are engaged in watching something.
Rating: 2",2,2
5100381044.avi,"Expression: The student appears to be looking down and slightly away from the camera, with a neutral expression.
Posture: The student is sitting in front of a laptop or computer screen, with their arms resting on their knees.
Rating: 2",2,2
5100381045.avi,"Expression: The student appears to be looking down and slightly away from the camera, with a neutral expression.
Posture: The student is sitting in front of the camera with their arms resting on their knees or legs crossed.
Rating: 2",2,3
5100381046.avi,"Expression: The student appears to be looking down and slightly away from the camera, with a neutral expression.
Posture: The student is sitting in front of a computer screen, possibly listening to an audio source, but their body posture does not provide enough information to accurately assess engagement level.
Rating: 2 [Based on the limited visual information available, it's difficult to accurately rate the student's engagement level.]",2,3
5100381047.avi,"Expression: The student appears to be focused and attentive, with a neutral expression.
Posture: The student is sitting upright in front of the camera.
Rating: 2",2,3
5100381048.avi,"Expression: The student appears to be focused and attentive, with a neutral expression.
Posture: The student is sitting upright in their chair, suggesting an active engagement with the content of the video.
Rating: 2",2,3
5100381049.avi,"Expression: The student appears to be looking directly at the camera with a neutral expression.
Posture: The student is sitting upright in front of a laptop, with their arms resting on their knees.
Rating: 2",2,2
5100381050.avi,"Expression: The student appears to be focused and attentive, with a neutral expression.
Posture: The student is sitting upright in front of the camera.
Rating: 2",2,3
5100381051.avi,"Expression: The student appears to be looking down and slightly away from the camera, with a neutral expression.
Posture: The student is sitting in front of a computer screen, possibly listening to an audio source, but their body posture does not provide enough information to accurately assess engagement level.
Rating: 2 [Based on the limited visual information available, it's difficult to accurately rate the student's engagement level.]",2,2
5100381052.avi,"Expression: The student appears to be focused and attentive, with a neutral expression.
Posture: The student is sitting upright in their chair, facing the camera directly.
Rating: 2",2,3
5100381053.avi,"Expression: The student appears to be looking down and slightly away from the camera, with a neutral expression.
Posture: The student is sitting upright in a chair, with their arms resting on their legs.
Rating: 2",2,3
5100381054.avi,"Expression: The student appears to be focused and attentive, with a neutral expression.
Posture: The student is sitting upright in front of the camera.
Rating: 2",2,2
5100381055.avi,"Expression: The student appears to be focused and attentive, with a neutral expression.
Posture: The student is sitting upright in front of the camera.
Rating: 2",2,2
5100381056.avi,"Expression: The student appears to be looking down and slightly away from the camera, with a neutral expression.
Posture: The student is sitting in front of a laptop or computer screen, which suggests they are focused on the content being displayed.
Rating: 2",2,3
5100381058.avi,"Expression: The student appears to be focused and attentive, with a neutral expression.
Posture: The student is sitting upright in front of the camera.
Rating: 2",2,2
5100381059.avi,"Expression: The student appears to be focused and attentive, with a neutral expression.
Posture: The student is sitting upright in front of the camera.
Rating: 2",2,3
5100381060.avi,"Expression: The student appears to be looking down and slightly away from the camera, with a neutral expression.
Posture: The student is sitting in front of a computer screen, possibly listening to music or an educational video.
Rating: 2",2,2
5100381061.avi,"Expression: The student appears to be looking down and slightly away from the camera, with a neutral expression.
Posture: The student is sitting in front of a laptop or computer screen, with their arms resting on their knees.
Rating: 2",2,2
5100381063.avi,"Expression: The student appears to be looking down and slightly away from the camera, with a neutral expression.
Posture: The student is sitting in front of a laptop or computer screen, with their arms resting on their knees.
Rating: 2",2,2
5100381065.avi,"Expression: The student appears to be deep in thought or possibly bored.
Posture: The student is sitting with their hand on their chin, which could indicate contemplation or a lack of interest.
Rating: 2",2,2
5100381066.avi,"Expression: The student appears to be looking down and slightly away from the camera, with a neutral expression.
Posture: The student is sitting in front of a laptop or computer screen, which suggests they are focused on the content being displayed.
Rating: 2",2,2
5100381067.avi,"Expression: The student appears to be looking down and away from the camera, with a neutral or slightly contemplative expression.
Posture: The student is sitting in front of a computer screen, possibly on a chair, with their arms resting on their legs.
Rating: 2",2,2
5100381069.avi,"Expression: The student appears to be looking directly at the camera with a neutral expression.
Posture: The student is sitting upright in front of the camera, with their arms resting on their knees.
Rating: 2",2,2
5100382001.avi,"Expression: The student appears to be focused and attentive, with a neutral expression.
Posture: The student is sitting upright in front of the camera.
Rating: 2",2,2
5100382003.avi,"Expression: The student appears to be smiling and looking directly at the camera.
Posture: The student is sitting with their arms resting on a table or desk, facing the camera.
Rating: 2",2,3
5100382007.avi,"Expression: The student appears to be focused and attentive, with a neutral expression.
Posture: The student is sitting upright in their chair, facing the camera directly.
Rating: 2",2,2
5100382008.avi,"Expression: The student appears to be focused and attentive, with a neutral expression.
Posture: The student is sitting upright in a chair, facing the camera directly.
Rating: 2",2,2
5100382010.avi,"Expression: The student appears to be focused and attentive, with a neutral expression.
Posture: The student is sitting upright in front of the camera.
Rating: 2",2,3
5100382011.avi,"Expression: The student appears to be looking down and slightly away from the camera, with a neutral expression.
Posture: The student is sitting in front of a computer screen, possibly on a chair or couch, with their arms resting on their legs.
Rating: 2",2,3
5100382012.avi,"Expression: The student appears to be looking down and slightly away from the camera, with a neutral expression.
Posture: The student is sitting in front of a laptop or computer screen, which suggests they are engaged in watching something on the screen.
Rating: 2",2,3
5100382013.avi,"Expression: The student appears to be looking down and away from the camera, with a neutral expression.
Posture: The student is sitting in front of a laptop or computer screen, which suggests they are engaged in watching something on the screen.
Rating: 2",2,3
5100382014.avi,"Expression: The student appears to be looking down and slightly away from the camera, with a neutral expression.
Posture: The student is sitting in front of a laptop or computer screen, with their arms resting on their legs.
Rating: 2",2,3
5100382015.avi,"Expression: The student appears to be looking down and slightly away from the camera, with a neutral expression.
Posture: The student is sitting upright in front of a laptop or computer screen.
Rating: 2",2,2
5100382016.avi,"Expression: The student appears to be focused and attentive, with a neutral expression.
Posture: The student is sitting upright in front of the camera.
Rating: 2",2,3
5100382018.avi,"Expression: The student appears to be looking down and slightly away from the camera, with a neutral expression.
Posture: The student is sitting upright in front of a laptop or computer screen.
Rating: 2",2,3
5100382019.avi,"Expression: The student appears to be looking down and slightly away from the camera, with a neutral expression.
Posture: The student is sitting upright in front of a laptop or computer screen.
Rating: 2",2,3
5100382020.avi,"Expression: The student appears to be looking directly at the camera with a neutral expression.
Posture: The student is sitting in front of a computer, possibly on a chair or couch, and seems relaxed with their arms resting by their sides.
Rating: 2",2,2
5100382021.avi,"Expression: The student appears to be looking directly at the camera with a neutral expression.
Posture: The student is sitting in front of a computer, with their arms resting on the table and their legs crossed.
Rating: 2",2,3
5100382022.avi,"Expression: The student appears to be looking directly at the camera with a neutral expression.
Posture: The student is sitting in front of a laptop, with their arms resting on the table and their legs crossed.
Rating: 2",2,3
5100382023.avi,"Expression: The student appears to be looking directly at the camera with a neutral expression.
Posture: The student is sitting in front of the camera, possibly on a chair or couch, with their arms resting by their sides.
Rating: 2 [Based on the image, it's difficult to determine the level of engagement without more context about the student's actions and reactions during the video.]",2,3
5100382025.avi,"Expression: The student appears to be smiling and looking directly at the camera.
Posture: The student is sitting with their arms resting on a surface, possibly a table or desk.
Rating: 2",2,3
5100382026.avi,"Expression: The student appears to be smiling and looking directly at the camera.
Posture: The student is sitting with their arms resting on a table or desk, facing the camera.
Rating: 2",2,3
5100382027.avi,"Expression: The student appears to be looking directly at the camera with a neutral expression.
Posture: The student is sitting in front of the camera, possibly on a chair or couch, with their arms resting by their sides.
Rating: 2 [Based on the image, it's difficult to determine the level of engagement without more context about the student's actions and reactions during the video.]",2,3
5100382028.avi,"Expression: The student appears to be looking directly at the camera with a neutral expression.
Posture: The student is sitting in front of the camera, possibly on a couch or chair, with their arms resting by their sides.
Rating: 2",2,2
5100382029.avi,"Expression: The student appears to be looking down and slightly away from the camera, with a neutral expression.
Posture: The student is sitting in front of a computer screen, with their arms resting on the table or desk.
Rating: 2",2,3
5100382030.avi,"Expression: The student appears to be looking directly at the camera with a neutral expression.
Posture: The student is sitting in front of the camera, possibly on a couch or chair, with their arms resting by their sides.
Rating: 2",2,3
5100382031.avi,"Expression: The student appears to be looking down and slightly away from the camera, with a neutral expression.
Posture: The student is sitting in front of a computer screen, possibly listening to music or watching an educational video.
Rating: 2",2,2
5100382032.avi,"Expression: The student appears to be looking down and slightly away from the camera, with a neutral expression.
Posture: The student is sitting in front of a computer screen, possibly listening to music or an educational video.
Rating: 2",2,2
5100382033.avi,"Expression: The student appears to be smiling and looking directly at the camera.
Posture: The student is sitting with their arms crossed in front of them.
Rating: 2",2,3
5100382034.avi,"Expression: The student appears to be looking directly at the camera with a neutral expression.
Posture: The student is sitting in front of the camera, possibly on a chair or couch, with their arms resting by their sides.
Rating: 2 [Based on the image, it's difficult to determine the level of engagement without more context about the student's actions and reactions during the video.]",2,2
5100382035.avi,"Expression: The student appears to be looking directly at the camera with a neutral expression.
Posture: The student is sitting in front of a white wall, with their arms resting on their knees and their head slightly tilted forward.
Rating: 2",2,2
5100382036.avi,"Expression: The student appears to be looking directly at the camera with a neutral expression.
Posture: The student is sitting in front of the camera, possibly on a chair or couch, with their arms resting on their legs.
Rating: 2",2,3
5100382037.avi,"Expression: The student appears to be smiling and looking directly at the camera.
Posture: The student is sitting with their arms resting on a table or desk, facing the camera.
Rating: 2",2,2
5100382038.avi,"Expression: The student is smiling and looking directly at the camera.
Posture: The student is sitting with their arms resting on a table or desk.
Rating: 2",2,3
5100382039.avi,"Expression: The student appears to be looking directly at the camera with a neutral expression.
Posture: The student is sitting in front of the camera, possibly on a chair or couch, with their arms resting by their sides.
Rating: 2 [Based on the image, it's difficult to determine the level of engagement without more context about the student's actions and reactions during the video.]",2,3
5100382040.avi,"Expression: The student appears to be looking directly at the camera with a neutral expression.
Posture: The student is sitting in front of the camera, possibly on a chair or couch, with their arms resting by their sides.
Rating: 2 [Based on the image, it's difficult to determine the level of engagement without more context about the student's actions and reactions during the video.]",2,2
5100382042.avi,"Expression: The student appears to be looking directly at the camera with a neutral expression.
Posture: The student is sitting in front of a laptop, with their arms resting on the table and their legs crossed.
Rating: 2",2,3
5100382045.avi,"Expression: The student appears to be focused and attentive, with a neutral expression.
Posture: The student is sitting upright in front of the camera.
Rating: 2",2,3
5100382046.avi,"Expression: The student appears to be looking slightly away from the camera, with a neutral expression.
Posture: The student is sitting in front of the camera with their arms resting on their knees.
Rating: 2",2,2
5100382048.avi,"Expression: The student appears to be smiling and looking directly at the camera.
Posture: The student is sitting with their arms resting on a table or desk, facing the camera.
Rating: 2",2,2
5100382050.avi,"Expression: The student appears to be looking down and has a neutral expression.
Posture: The student is sitting with their arms resting on the table in front of them.
Rating: 2",2,3
5100382051.avi,"Expression: The student appears to be looking directly at the camera with a neutral expression.
Posture: The student is sitting upright in front of the camera, with their arms resting on their legs.
Rating: 2",2,2
5100382052.avi,"Expression: The student appears to be looking down and slightly away from the camera, with a neutral expression.
Posture: The student is sitting in front of a computer screen, with their arms resting on their knees or at their sides.
Rating: 2",2,3
5100382053.avi,"Expression: The student appears to be looking down and slightly away from the camera, with a neutral expression.
Posture: The student is sitting in front of a computer screen, with their arms resting on the table or desk.
Rating: 2",2,3
5100382054.avi,"Expression: The student appears to be looking directly at the camera with a neutral expression.
Posture: The student is sitting upright in front of the camera, with their arms resting on their legs.
Rating: 2",2,2
5100382055.avi,"Expression: The student appears to be looking down and slightly away from the camera, with a neutral expression.
Posture: The student is sitting in front of a computer screen, with their arms resting on their knees or at their sides.
Rating: 2",2,3
5100382056.avi,"Expression: The student appears to be looking directly at the camera with a neutral expression.
Posture: The student is sitting in front of the camera, possibly on a chair or couch, with their arms resting by their sides.
Rating: 2 [Based on the image, it's difficult to determine the level of engagement without more context about the student's actions and reactions during the video.]",2,3
5100382057.avi,"Expression: The student appears to be looking directly at the camera with a neutral expression.
Posture: The student is sitting in front of the camera, possibly on a chair or couch, with their arms resting by their sides.
Rating: 2 [Based on the image, it's difficult to determine the level of engagement without more context about the student's actions and reactions during the video.]",2,3
5100382058.avi,"Expression: The student appears to be looking directly at the camera with a neutral expression.
Posture: The student is sitting upright in front of a white wall, wearing glasses and a black tank top.
Rating: 2",2,2
5100382059.avi,"Expression: The student appears to be looking directly at the camera with a neutral expression.
Posture: The student is sitting upright in front of the camera, with their arms resting on their knees.
Rating: 2",2,2
5100382060.avi,"Expression: The student appears to be looking directly at the camera with a neutral expression.
Posture: The student is sitting in front of the camera, possibly on a chair or couch, with their arms resting by their sides.
Rating: 2 [Based on the image, it's difficult to determine the level of engagement without more context about the student's actions and reactions during the video.]",2,3
5100382061.avi,"Expression: The student appears to be looking down and slightly away from the camera, with a neutral expression.
Posture: The student is sitting in front of a computer screen, with their arms resting on the table or desk.
Rating: 2",2,3
5100382062.avi,"Expression: The student appears to be looking directly at the camera with a neutral expression.
Posture: The student is sitting upright in front of the camera, with their arms resting on their knees.
Rating: 2",2,3
5100382063.avi,"Expression: The student appears to be looking directly at the camera with a neutral expression.
Posture: The student is sitting upright in front of the camera, with their arms resting on their knees.
Rating: 2",2,3
5100382064.avi,"Expression: The student appears to be looking directly at the camera with a neutral expression.
Posture: The student is sitting upright in front of a white wall, wearing glasses and a black shirt.
Rating: 2",2,3
5100382065.avi,"Expression: The student appears to be looking directly at the camera with a neutral expression.
Posture: The student is sitting upright in front of a white wall, wearing glasses and a black shirt.
Rating: 2",2,3
5100382066.avi,"Expression: The student appears to be smiling and looking directly at the camera.
Posture: The student is sitting with their arms resting on a table or desk, facing the camera.
Rating: 2",2,2
5100382067.avi,"Expression: The student appears to be smiling and looking directly at the camera.
Posture: The student is sitting with their arms crossed in front of them.
Rating: 2",2,2
5100382068.avi,"Expression: The student appears to be looking directly at the camera with a neutral expression.
Posture: The student is sitting in front of the camera, possibly on a chair or couch, with their arms resting by their sides.
Rating: 2 [Based on the image, it's difficult to determine the level of engagement without more context about the student's actions and reactions during the video.]",2,3
5100382069.avi,"Expression: The student appears to be looking directly at the camera with a neutral expression.
Posture: The student is sitting in front of the camera, possibly on a chair or couch, with their arms resting by their sides.
Rating: 2 [Based on the image, it's difficult to determine the level of engagement without more context about the student's actions and reactions during the video.]",2,2
5100382070.avi,"Expression: The student appears to be smiling and looking directly at the camera.
Posture: The student is sitting with their arms resting on a table or desk, facing the camera.
Rating: 2",2,3
5100382071.avi,"Expression: The student appears to be smiling and looking directly at the camera.
Posture: The student is sitting with their arms crossed in front of them.
Rating: 2",2,3
5100382072.avi,"Expression: The student appears to be looking directly at the camera with a neutral expression.
Posture: The student is sitting in front of a white wall, wearing glasses and a black shirt. They are not making any significant gestures or movements.
Rating: 2 [Based on their posture and facial expression, it seems like they are somewhat engaged but not highly focused.]",2,3
5100382073.avi,"Expression: The student appears to be looking directly at the camera with a neutral expression.
Posture: The student is sitting in front of the camera, possibly on a chair or couch, with their arms resting by their sides.
Rating: 2",2,2
5100382075.avi,"Expression: The student appears to be smiling and looking directly at the camera.
Posture: The student is sitting with their arms resting on a table or desk.
Rating: 2",2,2
5100382076.avi,"Expression: The student appears to be looking directly at the camera with a neutral expression.
Posture: The student is sitting in front of the camera, possibly on a couch or chair, with their arms resting by their sides.
Rating: 2",2,2
5100382077.avi,"Expression: The student appears to be looking directly at the camera with a neutral expression.
Posture: The student is sitting in front of the camera, possibly on a chair or couch, with their arms resting by their sides.
Rating: 2",2,2
5100382078.avi,"Expression: The student appears to be looking directly at the camera with a neutral expression.
Posture: The student is sitting upright in front of a white wall, with their arms resting on their knees.
Rating: 2",2,2
5100382079.avi,"Expression: The student appears to be smiling and looking directly at the camera.
Posture: The student is sitting with their arms resting on a table or desk, facing the camera.
Rating: 2",2,2
5100401001.avi,"Expression: The student appears to be focused and attentive, with a neutral expression.
Posture: The student is sitting upright in a chair, facing the camera.
Rating: 2",2,2
5100401003.avi,"Expression: The student appears to be focused and attentive, with a neutral expression.
Posture: The student is sitting upright in a chair, facing the camera.
Rating: 2",2,2
5100401005.avi,"Expression: The student appears to be focused and attentive, with a neutral expression.
Posture: The student is sitting upright in front of the computer screen.
Rating: 2",2,2
5100401006.avi,"Expression: The student appears to be focused and attentive, with a neutral facial expression.
Posture: The student is sitting upright in a chair, facing the camera directly.
Rating: 2",2,2
5100401007.avi,"Expression: The student appears to be focused and attentive, with a neutral facial expression.
Posture: The student is sitting upright in front of the camera.
Rating: 2",2,3
5100401008.avi,"Expression: The student appears to be focused and attentive, with a neutral expression.
Posture: The student is sitting upright in their chair, suggesting an active engagement with the content of the video.
Rating: 2",2,3
5100401010.avi,"Expression: The student appears to be focused and attentive, with a neutral expression.
Posture: The student is sitting upright in their chair, suggesting an active engagement with the content of the video.
Rating: 2",2,2
5100401011.avi,"Expression: The student appears to be focused and attentive, with a neutral expression.
Posture: The student is sitting upright in a chair, facing the camera.
Rating: 2",2,2
5100401012.avi,"Expression: The student appears to be focused and attentive, with a neutral expression.
Posture: The student is sitting upright in a chair, facing the camera.
Rating: 2",2,2
5100401014.avi,"Expression: The student appears to be focused and attentive, with a neutral expression.
Posture: The student is sitting upright in a chair, facing the camera.
Rating: 2",2,3
5100401015.avi,"Expression: The student appears to be focused and attentive, with a neutral expression.
Posture: The student is sitting upright in a chair, facing the camera.
Rating: 2",2,2
5100401016.avi,"Expression: The student appears to be focused and attentive, with a neutral expression.
Posture: The student is sitting upright in their chair, suggesting an active engagement with the content of the video.
Rating: 2",2,2
5100401018.avi,"Expression: The student appears to be focused and attentive, with a neutral expression.
Posture: The student is sitting upright in front of the camera.
Rating: 2",2,2
5100401021.avi,"Expression: The student appears to be focused and attentive, with a neutral expression.
Posture: The student is sitting upright in their chair, suggesting an active engagement with the content of the video.
Rating: 2",2,3
5100401022.avi,"Expression: The student appears to be focused and attentive, with a neutral expression.
Posture: The student is sitting upright in a chair, facing the camera.
Rating: 2",2,3
5100401023.avi,"Expression: The student appears to be looking down and away from the camera, with a neutral expression.
Posture: The student is sitting in front of a computer screen, possibly listening to an audio source, but their body posture does not provide enough information to make a confident assessment.
Rating: 2 [Based on the limited visual information available, it's difficult to accurately assess the student's engagement level.]",2,1
5100401025.avi,"Expression: The student appears to be focused and attentive, with a neutral expression.
Posture: The student is sitting upright in a chair, facing the camera.
Rating: 2",2,3
5100401026.avi,"Expression: The student appears to be focused and attentive, with a neutral expression.
Posture: The student is sitting upright in front of the camera.
Rating: 2",2,3
5100401028.avi,"Expression: The student appears to be focused and attentive, with a neutral expression.
Posture: The student is sitting upright in front of the camera.
Rating: 2",2,2
5100401029.avi,"Expression: The student appears to be focused and attentive, with a neutral expression.
Posture: The student is sitting upright in front of the camera.
Rating: 2",2,2
5100401030.avi,"Expression: The student appears to be focused and attentive, with a neutral expression.
Posture: The student is sitting upright in front of the camera.
Rating: 2",2,3
5100401031.avi,"Expression: The student appears to be focused and attentive, with a neutral expression.
Posture: The student is sitting upright in front of the camera.
Rating: 2",2,2
5100401032.avi,"Expression: The student appears to be focused and attentive, with a neutral expression.
Posture: The student is sitting upright in front of the camera.
Rating: 2",2,2
5100401033.avi,"Expression: The student appears to be focused and attentive, with a neutral expression.
Posture: The student is sitting upright in a chair, facing the camera.
Rating: 2",2,2
5100401034.avi,"Expression: The student appears to be focused and attentive, with a neutral expression.
Posture: The student is sitting upright in front of the camera.
Rating: 2",2,1
5100401035.avi,"Expression: The student appears to be focused and attentive, with a neutral expression.
Posture: The student is sitting upright in a chair, facing the camera.
Rating: 2",2,2
5100401036.avi,"Expression: The student appears to be focused and attentive, with a neutral expression.
Posture: The student is sitting upright in front of the camera.
Rating: 2",2,2
5100401038.avi,"Expression: The student appears to be focused and attentive, with a neutral expression.
Posture: The student is sitting upright in front of the camera.
Rating: 2",2,3
5100401039.avi,"Expression: The student appears to be focused and attentive, with a neutral expression.
Posture: The student is sitting upright in front of the camera.
Rating: 2",2,2
5100401040.avi,"Expression: The student appears to be looking down and away from the camera, with a neutral or slightly contemplative expression.
Posture: The student is sitting in front of the camera, possibly on a chair, with their hands resting on their lap or arms crossed.
Rating: 2",2,2
5100401042.avi,"Expression: The student appears to be focused and attentive, with a neutral expression.
Posture: The student is sitting upright in front of the camera.
Rating: 2",2,2
5100401043.avi,"Expression: The student appears to be looking down and away from the camera, with a neutral or slightly contemplative expression.
Posture: The student is sitting upright in a chair, with their head turned to one side.
Rating: 2",2,1
5100401044.avi,"Expression: The student appears to be focused and attentive, with a neutral expression.
Posture: The student is sitting upright in a chair, facing the camera.
Rating: 2",2,3
5100401045.avi,"Expression: The student appears to be focused and attentive, with a neutral expression.
Posture: The student is sitting upright in a chair, facing the camera.
Rating: 2",2,3
5100401046.avi,"Expression: The student appears to be focused and attentive, with a neutral expression.
Posture: The student is sitting upright in front of the camera.
Rating: 2",2,2
5100401047.avi,"Expression: The student appears to be focused and attentive, with a neutral expression.
Posture: The student is sitting upright in front of the camera.
Rating: 2",2,2
5100401048.avi,"Expression: The student appears to be focused and attentive, with a neutral expression.
Posture: The student is sitting upright in front of the camera.
Rating: 2",2,2
5100401049.avi,"Expression: The student appears to be focused and attentive, with a neutral expression.
Posture: The student is sitting upright in a chair, facing the camera.
Rating: 2",2,2
5100401050.avi,"Expression: The student appears to be focused and attentive, with a neutral expression.
Posture: The student is sitting upright in front of the camera.
Rating: 2",2,2
5100401051.avi,"Expression: The student appears to be focused and attentive, with a neutral expression.
Posture: The student is sitting upright in a chair, facing the camera.
Rating: 2",2,2
5100401053.avi,"Expression: The student appears to be focused and attentive, with a neutral expression.
Posture: The student is sitting upright in a chair, facing the camera directly.
Rating: 2",2,3
5100401054.avi,"Expression: The student appears to be focused and attentive, with a neutral facial expression.
Posture: The student is sitting upright in their chair, suggesting an active engagement with the content of the video.
Rating: 2",2,2
5100401055.avi,"Expression: The student appears to be focused and attentive, with a neutral expression.
Posture: The student is sitting upright in a chair, facing the camera.
Rating: 2",2,2
5100401056.avi,"Expression: The student appears to be focused and attentive, with a neutral expression.
Posture: The student is sitting upright in front of the camera.
Rating: 2",2,3
5100401057.avi,"Expression: The student appears to be focused and attentive, with a neutral expression.
Posture: The student is sitting upright in a chair, facing the camera.
Rating: 2",2,3
5100401059.avi,"Expression: The student appears to be focused and attentive, with a neutral expression.
Posture: The student is sitting upright in front of the camera.
Rating: 2",2,2
5100401060.avi,"Expression: The student appears to be focused and attentive, with a neutral expression.
Posture: The student is sitting upright in their chair, suggesting an active engagement with the content of the video.
Rating: 2",2,2
5100401061.avi,"Expression: The student appears to be focused and attentive, with a neutral expression.
Posture: The student is sitting upright in front of the camera.
Rating: 2",2,2
5100401062.avi,"Expression: The student appears to be focused and attentive, with a neutral expression.
Posture: The student is sitting upright in front of the camera.
Rating: 2",2,3
5100401063.avi,"Expression: The student appears to be focused and attentive, with a neutral expression.
Posture: The student is sitting upright in front of the camera.
Rating: 2",2,2
5100401064.avi,"Expression: The student appears to be focused and attentive, with a neutral expression.
Posture: The student is sitting upright in a chair, facing the camera directly.
Rating: 2",2,2
5100401065.avi,"Expression: The student appears to be focused and attentive, with a neutral expression.
Posture: The student is sitting upright in front of the camera.
Rating: 2",2,1
5100401066.avi,"Expression: The student appears to be focused and attentive, with a neutral expression.
Posture: The student is sitting upright in front of the camera.
Rating: 2",2,3
5100401067.avi,"Expression: The student appears to be focused and attentive, with a neutral expression.
Posture: The student is sitting upright in a chair, facing the camera directly.
Rating: 2",2,2
5100401069.avi,"Expression: The student appears to be focused and attentive, with a neutral expression.
Posture: The student is sitting upright in front of the camera.
Rating: 2",2,3
5100401070.avi,"Expression: The student appears to be focused and attentive, with a neutral expression.
Posture: The student is sitting upright in front of the camera.
Rating: 2",2,2
5100401071.avi,"Expression: The student appears to be focused and attentive, with a neutral expression.
Posture: The student is sitting upright in front of the camera.
Rating: 2",2,2
5100401072.avi,"Expression: The student appears to be focused and attentive, with a neutral expression.
Posture: The student is sitting upright in front of the camera.
Rating: 2",2,3
5100401073.avi,"Expression: The student appears to be focused and attentive, with a neutral expression.
Posture: The student is sitting upright in front of the camera.
Rating: 2",2,2
5100401074.avi,"Expression: The student appears to be focused and attentive, with a neutral expression.
Posture: The student is sitting upright in a chair, facing the camera.
Rating: 2",2,3
5100401075.avi,"Expression: The student appears to be focused and attentive, with a neutral expression.
Posture: The student is sitting upright in front of the camera.
Rating: 2",2,2
5100401076.avi,"Expression: The student appears to be focused and attentive, with a neutral expression.
Posture: The student is sitting upright in front of the camera.
Rating: 2",2,2
5100401077.avi,"Expression: The student appears to be focused and attentive, with a neutral expression.
Posture: The student is sitting upright in front of the camera.
Rating: 2",2,2
5100401078.avi,"Expression: The student appears to be focused and attentive, with a neutral expression.
Posture: The student is sitting upright in front of the camera.
Rating: 2",2,2
5100402001.avi,"Expression: The student appears to be looking down and away from the camera, with a neutral expression.
Posture: The student is sitting in front of a computer screen, wearing headphones, and has their hands resting on their lap or arms crossed.
Rating: 2",2,1
5100402002.avi,"Expression: The student appears to be focused and attentive, with a neutral expression.
Posture: The student is sitting upright in front of the camera.
Rating: 2",2,2
5100402004.avi,"Expression: The student appears to be focused and attentive, with a neutral expression.
Posture: The student is sitting upright in front of the camera.
Rating: 2",2,3
5100402005.avi,"Expression: The student appears to be focused and attentive, with a neutral expression.
Posture: The student is sitting upright in front of the camera.
Rating: 2",2,3
5100402007.avi,"Expression: The student appears to be focused and attentive, with a neutral expression.
Posture: The student is sitting upright in front of the camera.
Rating: 2",2,2
5100402008.avi,"Expression: The student appears to be focused and attentive, with a neutral expression.
Posture: The student is sitting upright in front of the camera.
Rating: 2",2,3
5100402009.avi,"Expression: The student appears to be focused and attentive, with a neutral expression.
Posture: The student is sitting upright in front of the camera.
Rating: 2",2,2
5100402011.avi,"Expression: The student appears to be focused and attentive, with a neutral expression.
Posture: The student is sitting upright in front of the camera.
Rating: 2",2,2
5100402012.avi,"Expression: The student appears to be focused and attentive, with a neutral expression.
Posture: The student is sitting upright in front of the camera.
Rating: 2",2,2
5100402015.avi,"Expression: The student appears to be focused and attentive, with a neutral expression.
Posture: The student is sitting upright in front of the camera.
Rating: 2",2,2
5100402016.avi,"Expression: The student appears to be focused and attentive, with a neutral expression.
Posture: The student is sitting upright in front of the camera.
Rating: 2",2,2
5100402017.avi,"Expression: The student appears to be focused and attentive, with a neutral expression.
Posture: The student is sitting upright in front of the camera.
Rating: 2",2,2
5100402019.avi,"Expression: The student appears to be focused and attentive, with a neutral expression.
Posture: The student is sitting upright in front of the camera.
Rating: 2",2,3
5100402020.avi,"Expression: The student appears to be focused and attentive, with a neutral expression.
Posture: The student is sitting upright in front of the camera.
Rating: 2",2,2
5100402023.avi,"Expression: The student appears to be focused and attentive, with a neutral expression.
Posture: The student is sitting upright in front of the camera.
Rating: 2",2,3
5100402024.avi,"Expression: The student appears to be focused and attentive, with a neutral expression.
Posture: The student is sitting upright in a chair, facing the camera.
Rating: 2",2,3
5100402028.avi,"Expression: The student appears to be focused and attentive, with a neutral expression.
Posture: The student is sitting upright in front of the camera.
Rating: 2",2,2
5100402029.avi,"Expression: The student appears to be focused and attentive, with a neutral expression.
Posture: The student is sitting upright in a chair, facing the camera.
Rating: 2",2,2
5100402031.avi,"Expression: The student appears to be looking down and away from the camera, with a neutral expression.
Posture: The student is sitting in front of the camera with their head slightly tilted downwards.
Rating: 2",2,2
5100402032.avi,"Expression: The student appears to be focused and attentive, with a neutral expression.
Posture: The student is sitting upright in front of the camera.
Rating: 2",2,3
5100402033.avi,"Expression: The student appears to be looking down and away from the camera, with a neutral or slightly contemplative expression.
Posture: The student is sitting in front of a white wall, with their head turned to one side.
Rating: 2",2,2
5100402034.avi,"Expression: The student appears to be focused and attentive, with a neutral expression.
Posture: The student is sitting upright in their chair, suggesting an active engagement with the content of the video.
Rating: 2",2,2
5100402035.avi,"Expression: The student appears to be focused and attentive, with a neutral expression.
Posture: The student is sitting upright in a chair, facing the camera.
Rating: 2",2,3
5100402036.avi,"Expression: The student appears to be focused and attentive, with a neutral expression.
Posture: The student is sitting upright in a chair, facing the camera.
Rating: 2",2,2
5100402037.avi,"Expression: The student appears to be focused and attentive, with a neutral expression.
Posture: The student is sitting upright in their chair, suggesting an active engagement with the content of the video.
Rating: 2",2,2
5100402038.avi,"Expression: The student appears to be focused and attentive, with a neutral expression.
Posture: The student is sitting upright in front of the camera.
Rating: 2",2,3
5100402039.avi,"Expression: The student appears to be focused and attentive, with a neutral expression.
Posture: The student is sitting upright in a chair, facing the camera.
Rating: 2",2,2
5100402040.avi,"Expression: The student appears to be focused and attentive, with a neutral expression.
Posture: The student is sitting upright in a chair, facing the camera.
Rating: 2",2,3
5100402046.avi,"Expression: The student appears to be focused and attentive, with a neutral expression.
Posture: The student is sitting upright in front of the camera.
Rating: 2",2,2
5100402047.avi,"Expression: The student appears to be focused and attentive, with a neutral expression.
Posture: The student is sitting upright in front of the camera.
Rating: 2",2,2
5100402048.avi,"Expression: The student appears to be focused and attentive, with a neutral expression.
Posture: The student is sitting upright in their chair, suggesting an active engagement with the content of the video.
Rating: 2",2,2
5100402049.avi,"Expression: The student appears to be looking down and away from the camera, with a neutral expression.
Posture: The student is sitting in front of a computer screen, with their head slightly tilted forward.
Rating: 2",2,3
5100402050.avi,"Expression: The student appears to be focused and attentive, with a neutral expression.
Posture: The student is sitting upright in front of the camera.
Rating: 2",2,2
5100402051.avi,"Expression: The student appears to be focused and attentive, with a neutral expression.
Posture: The student is sitting upright in front of the camera.
Rating: 2",2,2
5100402052.avi,"Expression: The student appears to be focused and attentive, with a neutral expression.
Posture: The student is sitting upright in a chair, facing the camera directly.
Rating: 2",2,2
5100402053.avi,"Expression: The student appears to be focused and attentive, with a neutral expression.
Posture: The student is sitting upright in front of the camera.
Rating: 2",2,2
5100402054.avi,"Expression: The student appears to be focused and attentive, with a neutral expression.
Posture: The student is sitting upright in a chair, facing the camera directly.
Rating: 2",2,2
5100402055.avi,"Expression: The student appears to be focused and attentive, with a neutral expression.
Posture: The student is sitting upright in front of the camera.
Rating: 2",2,2
5100402057.avi,"Expression: The student appears to be looking down and away from the camera, with a neutral expression.
Posture: The student is sitting in front of a computer screen, possibly listening to an audio source, but their body posture does not provide enough information to make a confident assessment.
Rating: 2 [Based on the limited visual information available, it's difficult to accurately assess the student's engagement level.]",2,2
5100402058.avi,"Expression: The student appears to be focused and attentive, with a neutral expression.
Posture: The student is sitting upright in a chair, facing the camera.
Rating: 2",2,2
5100402059.avi,"Expression: The student appears to be focused and attentive, with a neutral expression.
Posture: The student is sitting upright in their chair, suggesting an active engagement with the content of the video.
Rating: 2",2,2
5100402062.avi,"Expression: The student appears to be focused and attentive, with a neutral expression.
Posture: The student is sitting upright in their chair, suggesting an active engagement with the content of the video.
Rating: 2",2,1
5100402063.avi,"Expression: The student appears to be focused and attentive, with a neutral expression.
Posture: The student is sitting upright in a chair, facing the camera.
Rating: 2",2,1
5100402065.avi,"Expression: The student appears to be focused and attentive, with a neutral expression.
Posture: The student is sitting upright in front of the camera.
Rating: 2",2,3
5100402066.avi,"Expression: The student appears to be focused and attentive, with a neutral expression.
Posture: The student is sitting upright in front of the camera.
Rating: 2",2,2
5100402067.avi,"Expression: The student appears to be focused and attentive, with a neutral expression.
Posture: The student is sitting upright in front of the camera.
Rating: 2",2,2
5100402068.avi,"Expression: The student appears to be focused and attentive, with a neutral expression.
Posture: The student is sitting upright in front of the camera.
Rating: 2",2,2
5100402069.avi,"Expression: The student appears to be focused and attentive, with a neutral expression.
Posture: The student is sitting upright in front of the camera.
Rating: 2",2,2
5100421001.avi,"Expression: The student appears to be looking directly at the camera with a neutral expression.
Posture: The student is sitting in front of a desk, with their head slightly tilted and hands resting on the table.
Rating: 2",2,3
5100421002.avi,"Expression: The student appears to be looking directly at the camera with a neutral expression.
Posture: The student is sitting in front of a computer, with their head slightly tilted and their hands resting on their lap or arms.
Rating: 2",2,2
5100421003.avi,"Expression: The student appears to be looking directly at the camera with a neutral expression.
Posture: The student is sitting in front of a wall with posters, wearing headphones and has his hands resting on his lap.
Rating: 2",2,3
5100421005.avi,"Expression: The student appears to be looking down and has a neutral expression.
Posture: The student is sitting with their head slightly tilted, and they are wearing headphones.
Rating: 2",2,3
5100421007.avi,"Expression: The student appears to be looking directly at the camera with a neutral expression.
Posture: The student is sitting in front of a desk or table, with their head slightly tilted and their hands resting on the surface.
Rating: 2",2,2
5100421009.avi,"Expression: The student appears to be looking directly at the camera with a neutral expression.
Posture: The student is sitting in front of a wall with posters, and they are wearing headphones around their neck.
Rating: 2",2,2
5100421011.avi,"Expression: The student appears to be looking down and has a neutral expression.
Posture: The student is sitting with their head slightly tilted forward, and they are wearing headphones.
Rating: 2",2,2
5100421012.avi,"Expression: The student appears to be looking directly at the camera with a neutral expression.
Posture: The student is sitting in front of a wall with posters, and they are wearing headphones around their neck.
Rating: 2 [Based on the image, it seems like the student is engaged but not highly engaged, as they are not actively interacting with the content or showing any strong emotional response.]",2,3
5100421013.avi,"Expression: The student appears to be looking directly at the camera with a neutral expression.
Posture: The student is sitting in front of a wall with posters, and they are wearing headphones around their neck.
Rating: 2 [Based on the image, it seems like the student is engaged but not highly engaged, as they are not actively interacting with the content or showing any strong emotional response.]",2,2
5100421015.avi,"Expression: The student appears to be looking directly at the camera with a neutral expression.
Posture: The student is sitting in front of a desk or table, with their head slightly tilted and their hands resting on the surface.
Rating: 2",2,3
5100421016.avi,"Expression: The student appears to be looking directly at the camera with a neutral expression.
Posture: The student is sitting in front of a computer, with their head slightly tilted and their hands resting on their lap or desk.
Rating: 2",2,3
5100421017.avi,"Expression: The student appears to be looking directly at the camera with a neutral expression.
Posture: The student is sitting in front of a wall with posters, wearing headphones and has his hands resting on his lap.
Rating: 2",2,2
5100421018.avi,"Expression: The student appears to be looking down and has a neutral expression.
Posture: The student is sitting with their head slightly tilted forward, and they are wearing headphones.
Rating: 2",2,2
5100421019.avi,"Expression: The student appears to be looking directly at the camera with a neutral expression.
Posture: The student is sitting in front of a desk or table, with their head slightly tilted and their hands resting on the surface.
Rating: 2",2,3
5100421020.avi,"Expression: The student appears to be looking directly at the camera with a neutral expression.
Posture: The student is sitting in front of a computer, with their head slightly tilted and their hands resting on their lap or arms.
Rating: 2",2,2
5100421021.avi,"Expression: The student appears to be looking down and has a neutral expression.
Posture: The student is sitting with their head slightly tilted forward, and they are wearing headphones.
Rating: 2",2,3
5100421024.avi,"Expression: The student appears to be looking directly at the camera with a neutral expression.
Posture: The student is sitting in front of a wall with posters, and they are wearing headphones around their neck.
Rating: 2",2,3
5100421025.avi,"Expression: The student appears to be looking directly at the camera with a neutral expression.
Posture: The student is sitting in front of a wall with posters, and they are wearing headphones around their neck.
Rating: 2 [Based on the image, it seems like the student is engaged but not highly engaged, as they are not actively interacting with the content or showing any strong emotional response.]",2,2
5100421026.avi,"Expression: The student appears to be focused and attentive, with a neutral expression.
Posture: The student is sitting upright in front of the camera.
Rating: 2",2,3
5100421027.avi,"Expression: The student appears to be looking directly at the camera with a neutral expression.
Posture: The student is sitting in front of a wall with posters, wearing headphones and has his hands resting on his lap.
Rating: 2",2,2
5100421029.avi,"Expression: The student appears to be looking directly at the camera with a neutral expression.
Posture: The student is sitting in front of a computer, with their head slightly tilted and their hands resting on their lap or arms.
Rating: 2",2,3
5100421032.avi,"Expression: The student appears to be looking directly at the camera with a neutral expression.
Posture: The student is sitting in front of a wall with posters, wearing headphones and has his hands resting on his legs.
Rating: 2",2,3
5100421033.avi,"Expression: The student appears to be looking directly at the camera with a neutral expression.
Posture: The student is sitting in front of a desk, with their head slightly tilted and their hands resting on the table.
Rating: 2",2,3
5100421034.avi,"Expression: The student appears to be looking directly at the camera with a neutral expression.
Posture: The student is sitting upright in front of a wall with posters on it, wearing headphones and has a microphone in front of him.
Rating: 2 - The student seems to be engaged but not highly engaged as he is not actively participating in the video or showing any strong emotions.",2,3
5100421038.avi,"Expression: The student appears to be looking directly at the camera with a neutral expression.
Posture: The student is sitting upright in front of a computer screen, with their hands resting on their lap.
Rating: 2",2,2
5100421039.avi,"Expression: The student appears to be looking directly at the camera with a neutral expression.
Posture: The student is sitting in front of a wall with posters, and they are wearing headphones around their neck.
Rating: 2 [Based on the image, it seems like the student is engaged but not highly engaged, as they are not actively interacting with the content or showing any strong emotional response.]",2,3
5100421040.avi,"Expression: The student appears to be looking directly at the camera with a neutral expression.
Posture: The student is sitting upright in front of a wall with posters on it, wearing headphones around their neck.
Rating: 2",2,2
5100421041.avi,"Expression: The student appears to be looking directly at the camera with a neutral expression.
Posture: The student is sitting in front of a wall with posters, and they are wearing headphones around their neck.
Rating: 2",2,2
5100421043.avi,"Expression: The student appears to be looking directly at the camera with a neutral expression.
Posture: The student is sitting in front of a computer, with their head slightly tilted and their hands resting on their lap or arms.
Rating: 2",2,2
5100421045.avi,"Expression: The student appears to be looking directly at the camera with a neutral expression.
Posture: The student is sitting in front of a wall, with their head slightly tilted and their hands resting on their legs.
Rating: 2",2,2
5100421047.avi,"Expression: The student appears to be looking directly at the camera with a neutral expression.
Posture: The student is sitting in front of a wall with posters, wearing headphones and has his hands resting on his legs.
Rating: 2",2,2
5100421048.avi,"Expression: The student appears to be looking directly at the camera with a neutral expression.
Posture: The student is sitting in front of a wall with posters, wearing headphones and has his hands resting on his lap.
Rating: 2",2,3
5100421049.avi,"Expression: The student appears to be looking directly at the camera with a neutral expression.
Posture: The student is sitting in front of a computer, with their head slightly tilted and their hands resting on their lap or arms.
Rating: 2",2,3
5100421050.avi,"Expression: The student appears to be looking directly at the camera with a neutral expression.
Posture: The student is sitting in front of a wall with posters, wearing headphones and has his hands resting on his legs.
Rating: 2",2,2
5100421051.avi,"Expression: The student appears to be looking directly at the camera with a neutral expression.
Posture: The student is sitting in front of a computer, with their head slightly tilted and their hands resting on their lap or arms.
Rating: 2",2,2
5100421052.avi,"Expression: The student appears to be looking directly at the camera with a neutral expression.
Posture: The student is sitting in front of a computer, with their head slightly tilted and their hands resting on their lap or arms.
Rating: 2",2,2
5100421053.avi,"Expression: The student appears to be looking directly at the camera with a neutral expression.
Posture: The student is sitting in front of a wall with posters, and they are wearing headphones around their neck.
Rating: 2",2,3
5100421054.avi,"Expression: The student appears to be focused and attentive, with a slight smile on their face.
Posture: The student is sitting in front of the camera, with one hand raised near their face.
Rating: 2",2,2
5100421056.avi,"Expression: The student appears to be looking down and has a neutral expression.
Posture: The student is sitting with their head slightly tilted, and they are wearing headphones.
Rating: 2",2,3
5100421057.avi,"Expression: The student appears to be looking directly at the camera with a neutral expression.
Posture: The student is sitting in front of a wall with posters, and they are wearing headphones.
Rating: 2",2,3
5100421058.avi,"Expression: The student appears to be looking directly at the camera with a neutral expression.
Posture: The student is sitting in front of a computer, with their head slightly tilted and their hands resting on their lap or arms.
Rating: 2",2,2
5100421059.avi,"Expression: The student appears to be looking directly at the camera with a neutral expression.
Posture: The student is sitting in front of a wall with posters, and they are wearing headphones.
Rating: 2",2,2
5100421060.avi,"Expression: The student appears to be looking directly at the camera with a neutral expression.
Posture: The student is sitting in front of a desk or table, with their head slightly tilted and their hands resting on the surface.
Rating: 2",2,2
5100421061.avi,"Expression: The student appears to be looking down and has a neutral expression.
Posture: The student is sitting with their head slightly tilted forward, and they are wearing headphones.
Rating: 2",2,2
5100421062.avi,"Expression: The student appears to be looking directly at the camera with a neutral expression.
Posture: The student is sitting in front of a wall with posters, and they are wearing headphones.
Rating: 2",2,3
5100421063.avi,"Expression: The student appears to be looking directly at the camera with a neutral expression.
Posture: The student is sitting in front of a wall with posters, and they are wearing headphones around their neck.
Rating: 2",2,2
5100421064.avi,"Expression: The student appears to be looking directly at the camera with a neutral expression.
Posture: The student is sitting in front of a computer, with their head slightly tilted and their hands resting on their lap or arms.
Rating: 2",2,3
5100421065.avi,"Expression: The student appears to be focused and attentive, with a slight frown or serious expression.
Posture: The student is sitting upright in front of the camera, with their head slightly tilted downwards.
Rating: 2",2,3
5100421067.avi,"Expression: The student appears to be looking down and has a neutral expression.
Posture: The student is sitting with their head slightly tilted, wearing headphones.
Rating: 2",2,2
5100421068.avi,"Expression: The student appears to be looking directly at the camera with a neutral expression.
Posture: The student is sitting in front of a computer, with their head slightly tilted and their hands resting on their lap or arms.
Rating: 2",2,3
5100421069.avi,"Expression: The student appears to be looking directly at the camera with a neutral expression.
Posture: The student is sitting in front of a wall with posters, and they are wearing headphones.
Rating: 2",2,2
5100421070.avi,"Expression: The student appears to be looking directly at the camera with a neutral expression.
Posture: The student is sitting in front of a wall with posters, wearing headphones and has his hands resting on his legs.
Rating: 2",2,3
5100421071.avi,"Expression: The student appears to be looking down and has a neutral expression.
Posture: The student is sitting with their head slightly tilted, and they are wearing headphones.
Rating: 2",2,2
5100421072.avi,"Expression: The student appears to be looking directly at the camera with a neutral expression.
Posture: The student is sitting in front of a wall with posters, wearing headphones and has his hands resting on his legs.
Rating: 2",2,2
5100421073.avi,"Expression: The student appears to be looking directly at the camera with a neutral expression.
Posture: The student is sitting in front of a wall with posters, wearing headphones and has his hands resting on his legs.
Rating: 2",2,3
5100421074.avi,"Expression: The student appears to be looking directly at the camera with a neutral expression.
Posture: The student is sitting in front of a wall with posters, wearing headphones and has his hands resting on his lap.
Rating: 2",2,2
5100421076.avi,"Expression: The student appears to be focused and attentive, with a neutral expression.
Posture: The student is sitting upright in front of the camera.
Rating: 2",2,3
5100421078.avi,"Expression: The student appears to be focused and attentive, with a neutral expression.
Posture: The student is sitting upright in front of the camera.
Rating: 2",2,3
5100421079.avi,"Expression: The student appears to be looking directly at the camera with a neutral expression.
Posture: The student is sitting upright in front of a wall with posters on it, wearing headphones and has his hands resting on his legs.
Rating: 2",2,3
5100421080.avi,"Expression: The student appears to be focused and attentive, with a neutral expression.
Posture: The student is sitting upright in front of the camera.
Rating: 2",2,3
5100421081.avi,"Expression: The student appears to be looking directly at the camera with a neutral expression.
Posture: The student is sitting down, leaning slightly forward with their arms resting on their knees.
Rating: 2",2,3
5100422002.avi,"Expression: The student appears to be making a funny or sarcastic face, with a slight smirk and raised eyebrows.
Posture: The student is sitting in front of the camera with their head slightly tilted to one side.
Rating: 2",2,2
5100422003.avi,"Expression: The student appears to be making a funny or sarcastic face, with a slight smirk and raised eyebrows.
Posture: The student is sitting in front of the camera, looking directly at it.
Rating: 2",2,2
5100422004.avi,"Expression: The student appears to be looking directly at the camera with a neutral expression.
Posture: The student is sitting in front of a computer, with their head slightly tilted and their hands resting on their lap or arms.
Rating: 2",2,3
5100422005.avi,"Expression: The student appears to be looking down and has a neutral expression.
Posture: The student is sitting with their head slightly tilted, and they are wearing headphones.
Rating: 2",2,2
5100422006.avi,"Expression: The student appears to be looking down and has a neutral expression.
Posture: The student is sitting with their hands resting on the table in front of them, and they are wearing headphones.
Rating: 2",2,3
5100422007.avi,"Expression: The student appears to be looking down and has a neutral expression.
Posture: The student is sitting with their hands on the table, leaning slightly forward.
Rating: 2",2,2
5100422008.avi,"Expression: The student appears to be looking directly at the camera with a neutral expression.
Posture: The student is sitting in front of a desk, with their arms resting on it and their legs crossed.
Rating: 2",2,2
5100422009.avi,"Expression: The student appears to be looking directly at the camera with a neutral expression.
Posture: The student is sitting in front of a computer, with their hands resting on their lap and their legs crossed.
Rating: 2",2,2
5100422011.avi,"Expression: The student appears to be looking directly at the camera with a neutral expression.
Posture: The student is sitting in front of a desk, with their hands resting on it and their legs crossed.
Rating: 2",2,2
5100422012.avi,"Expression: The student appears to be focused and attentive, with a neutral expression.
Posture: The student is sitting upright in front of the camera.
Rating: 2",2,3
5100422013.avi,"Expression: The student appears to be looking directly at the camera with a neutral expression.
Posture: The student is sitting in front of a desk, with their hands resting on it and their legs crossed.
Rating: 2",2,2
5100422014.avi,"Expression: The student appears to be looking directly at the camera with a neutral expression.
Posture: The student is sitting in front of a desk, with their legs crossed and hands resting on their lap.
Rating: 2",2,2
5100422016.avi,"Expression: The student appears to be looking directly at the camera with a neutral expression.
Posture: The student is sitting in front of a wall with posters, and they are wearing headphones around their neck.
Rating: 2 [Based on the image, it seems like the student is engaged but not highly engaged, as they are not actively interacting with the content or showing any strong emotional response.]",2,2
5100422017.avi,"Expression: The student appears to be looking directly at the camera with a neutral expression.
Posture: The student is sitting in front of a desk or table, with their hands resting on it and their legs crossed.
Rating: 2",2,3
5100422018.avi,"Expression: The student appears to be focused and attentive, with a neutral expression.
Posture: The student is sitting upright in front of the camera.
Rating: 2",2,2
5100422019.avi,"Expression: The student appears to be looking directly at the camera with a neutral expression.
Posture: The student is sitting in front of a desk or table, with their head slightly tilted and hands resting on the surface.
Rating: 2",2,3
5100422022.avi,"Expression: The student appears to be looking directly at the camera with a neutral expression.
Posture: The student is sitting in front of a wall with posters, and they are wearing headphones around their neck.
Rating: 2",2,2
5100422023.avi,"Expression: The student appears to be looking directly at the camera with a neutral expression.
Posture: The student is sitting in front of a desk, with their head slightly tilted and hands resting on the table.
Rating: 2",2,2
5100422024.avi,"Expression: The student appears to be focused and attentive, with a neutral expression.
Posture: The student is sitting upright in front of the camera.
Rating: 2",2,2
5100422025.avi,"Expression: The student appears to be looking directly at the camera with a neutral expression.
Posture: The student is sitting in front of a desk or table, with their head slightly tilted and their hands resting on the surface.
Rating: 2",2,3
5100422026.avi,"Expression: The student appears to be looking directly at the camera with a neutral expression.
Posture: The student is sitting in front of a desk or table, with their head slightly tilted and their hands resting on the surface.
Rating: 2",2,3
5100422027.avi,"Expression: The student appears to be looking directly at the camera with a neutral expression.
Posture: The student is sitting in front of a desk or table, with their head slightly tilted and hands resting on the surface.
Rating: 2",2,2
5100422028.avi,"Expression: The student appears to be looking down and has a neutral expression.
Posture: The student is sitting with their arms crossed, which could indicate a relaxed or contemplative posture.
Rating: 2",2,3
5100422029.avi,"Expression: The student appears to be looking directly at the camera with a neutral expression.
Posture: The student is sitting in front of a wall with posters, and he has his head slightly tilted to one side.
Rating: 2",2,2
5100422030.avi,"Expression: The student appears to be looking directly at the camera with a neutral expression.
Posture: The student is sitting in front of a wall with posters, leaning slightly forward with their arms resting on a surface.
Rating: 2",2,2
5100422033.avi,"Expression: The student appears to be looking directly at the camera with a neutral expression.
Posture: The student is sitting upright in front of a wall with posters on it, wearing headphones around their neck.
Rating: 2",2,2
5100422034.avi,"Expression: The student appears to be looking directly at the camera with a neutral expression.
Posture: The student is sitting in front of a wall with posters, and he has his head slightly tilted to one side.
Rating: 2",2,2
5100422035.avi,"Expression: The student appears to be looking directly at the camera with a neutral expression.
Posture: The student is sitting in front of a desk or table, leaning slightly forward with their arms resting on the surface.
Rating: 2",2,2
5100422036.avi,"Expression: The student appears to be looking directly at the camera with a neutral expression.
Posture: The student is sitting upright in front of a computer screen, with their arms resting on a table or desk.
Rating: 2",2,3
5100422037.avi,"Expression: The student appears to be looking directly at the camera with a neutral expression.
Posture: The student is sitting in front of a computer, leaning slightly forward with their arms resting on the desk.
Rating: 2",2,2
5100422038.avi,"Expression: The student appears to be looking directly at the camera with a neutral expression.
Posture: The student is sitting in front of a wall with posters, and he has his head slightly tilted to one side.
Rating: 2",2,3
5100422039.avi,"Expression: The student appears to be in deep thought or contemplation, with a focused gaze and slightly furrowed brow.
Posture: The student is sitting upright at a desk, with one hand on their face and the other holding an object that could be a phone or remote control.
Rating: 2 [The student seems to be engaged in the content they are watching, but not highly engaged.]",2,3
5100422041.avi,"Expression: The student appears to be looking directly at the camera with a neutral expression.
Posture: The student is sitting in front of a desk, leaning slightly forward with their arms resting on the table.
Rating: 2",2,2
5100422042.avi,"Expression: The student appears to be looking directly at the camera with a neutral expression.
Posture: The student is sitting in front of a desk, leaning slightly forward with their arms resting on the table.
Rating: 2",2,3
5100422044.avi,"Expression: The student appears to be looking directly at the camera with a neutral expression.
Posture: The student is sitting in front of a wall with posters, and he has his arms crossed.
Rating: 2",2,2
5100422045.avi,"Expression: The student appears to be focused and attentive, with a neutral expression.
Posture: The student is sitting upright in a chair, with their hands resting on the table or desk in front of them.
Rating: 2",2,2
5100422046.avi,"Expression: The student appears to be looking directly at the camera with a neutral expression.
Posture: The student is sitting in front of a wall with posters, and he has his headphones on.
Rating: 2",2,3
5100422047.avi,"Expression: The student appears to be looking directly at the camera with a neutral expression.
Posture: The student is sitting upright in front of a wall with posters on it, wearing headphones around their neck.
Rating: 2",2,2
5100422049.avi,"Expression: The student appears to be looking directly at the camera with a neutral expression.
Posture: The student is sitting in front of a wall with posters, wearing headphones and has his hands resting on his legs.
Rating: 2",2,2
5100422050.avi,"Expression: The student appears to be looking directly at the camera with a neutral expression.
Posture: The student is sitting in front of a wall with posters, wearing headphones and has his hands resting on his legs.
Rating: 2",2,3
5100422051.avi,"Expression: The student appears to be looking directly at the camera with a neutral expression.
Posture: The student is sitting in front of a wall with posters, wearing headphones and has his hands resting on his legs.
Rating: 2",2,2
5100422052.avi,"Expression: The student appears to be looking directly at the camera with a neutral expression.
Posture: The student is sitting in front of a wall with posters, wearing headphones and has his hands resting on his legs.
Rating: 2",2,2
5100422055.avi,"Expression: The student appears to be looking directly at the camera with a neutral expression.
Posture: The student is sitting in front of a wall with posters, and they are wearing headphones around their neck.
Rating: 2",2,3
5100422056.avi,"Expression: The student appears to be looking directly at the camera with a neutral expression.
Posture: The student is sitting in front of a wall with posters, wearing headphones and has his hands resting on his legs.
Rating: 2",2,3
5100422057.avi,"Expression: The student appears to be looking directly at the camera with a neutral expression.
Posture: The student is sitting in front of a wall with posters, wearing headphones and has his hands resting on his legs.
Rating: 2",2,2
5100422058.avi,"Expression: The student appears to be looking directly at the camera with a neutral expression.
Posture: The student is sitting in front of a wall with posters, and they are wearing headphones around their neck.
Rating: 2",2,2
5100422059.avi,"Expression: The student appears to be looking directly at the camera with a neutral expression.
Posture: The student is sitting in front of a computer, with their head slightly tilted and hands resting on their lap or arms crossed.
Rating: 2",2,3
5100422060.avi,"Expression: The student appears to be looking directly at the camera with a neutral expression.
Posture: The student is sitting in front of a wall with posters, wearing headphones and has his hands resting on a surface.
Rating: 2",2,2
5100422061.avi,"Expression: The student appears to be looking directly at the camera with a neutral expression.
Posture: The student is sitting in front of a computer, with their head slightly tilted and hands resting on the desk.
Rating: 2",2,3
5100422062.avi,"Expression: The student appears to be making a funny face, possibly sticking out their tongue or puckering their lips.
Posture: The student is sitting down with the camera in front of them.
Rating: 2",2,2
5100422063.avi,"Expression: The student appears to be looking directly at the camera with a neutral expression.
Posture: The student is sitting in front of a wall with posters, wearing headphones and has his hands resting on his legs.
Rating: 2",2,3
5100422065.avi,"Expression: The student appears to be looking down and has a neutral expression.
Posture: The student is sitting with their head slightly tilted, and they are wearing headphones.
Rating: 2",2,3
5100422066.avi,"Expression: The student appears to be looking down and has a neutral expression.
Posture: The student is sitting with their head slightly tilted forward, and they are wearing headphones.
Rating: 2",2,2
5100422067.avi,"Expression: The student appears to be looking directly at the camera with a neutral expression.
Posture: The student is sitting in front of a wall with posters, wearing headphones and has his hands resting on his legs.
Rating: 2",2,2
5100422068.avi,"Expression: The student appears to be looking directly at the camera with a neutral expression.
Posture: The student is sitting in front of a desk, with their legs crossed and hands resting on their lap.
Rating: 2",2,2
5100422069.avi,"Expression: The student appears to be looking slightly away from the camera, with a neutral expression.
Posture: The student is sitting in front of a computer or laptop, with their head turned to one side and their hands resting on their lap.
Rating: 2",2,2
5100422071.avi,"Expression: The student appears to be looking directly at the camera with a neutral expression.
Posture: The student is sitting in front of a computer, with their head slightly tilted and hands resting on their lap or arms crossed.
Rating: 2",2,3
5100422072.avi,"Expression: The student appears to be looking directly at the camera with a neutral expression.
Posture: The student is sitting in front of a desk or table, with their legs crossed and hands resting on their lap.
Rating: 2",2,2
5100422073.avi,"Expression: The student appears to be looking down and has a neutral expression.
Posture: The student is sitting with their legs crossed, and they are wearing headphones.
Rating: 2",2,2
5100422074.avi,"Expression: The student appears to be focused and attentive, with a neutral expression.
Posture: The student is sitting upright in front of the camera.
Rating: 2",2,2
5100422075.avi,"Expression: The student appears to be looking down and has a neutral expression.
Posture: The student is sitting with their legs crossed, and they are wearing headphones.
Rating: 2",2,3
5100422077.avi,"Expression: The student appears to be looking directly at the camera with a neutral expression.
Posture: The student is sitting in front of a desk, with their head slightly tilted and hands resting on the table.
Rating: 2",2,2
5100422078.avi,"Expression: The student appears to be looking directly at the camera with a neutral expression.
Posture: The student is sitting in front of a desk, with their head slightly tilted and hands resting on the table.
Rating: 2",2,2
5100422079.avi,"Expression: The student appears to be looking down and has a neutral expression.
Posture: The student is sitting with their legs crossed, and they are wearing headphones.
Rating: 2",2,3
5100422080.avi,"Expression: The student appears to be looking directly at the camera with a neutral expression.
Posture: The student is sitting in front of a wall with posters, and they are wearing headphones around their neck.
Rating: 2",2,2
5100422081.avi,"Expression: The student appears to be looking directly at the camera with a neutral expression.
Posture: The student is sitting in front of a wall, with their head slightly tilted and their hands resting on their lap or arms.
Rating: 2",2,2
5100422084.avi,"Expression: The student appears to be looking directly at the camera with a neutral expression.
Posture: The student is sitting in front of a wall with posters, and they are wearing headphones around their neck.
Rating: 2",2,2
5100422085.avi,"Expression: The student appears to be looking down and has a neutral expression.
Posture: The student is sitting with their head slightly tilted forward, and they are wearing headphones.
Rating: 2",2,2
5100451001.avi,"Expression: The student appears to be focused and attentive, with a neutral expression.
Posture: The student is sitting upright in front of the camera.
Rating: 2",2,2
5100451003.avi,"Expression: The student appears to be focused and attentive, with a neutral expression.
Posture: The student is sitting upright in front of the camera.
Rating: 2",2,3
5100451004.avi,"Expression: The student appears to be focused and attentive, with a neutral expression.
Posture: The student is sitting upright in front of the camera.
Rating: 2",2,3
5100451006.avi,"Expression: The student appears to be focused and attentive, with a neutral expression.
Posture: The student is sitting upright in front of the camera.
Rating: 2",2,3
5100451007.avi,"Expression: The student appears to be focused and attentive, with a neutral expression.
Posture: The student is sitting upright in front of the camera.
Rating: 2",2,3
5100451012.avi,"Expression: The student appears to be focused and attentive, with a neutral expression.
Posture: The student is sitting upright in a chair, facing the camera.
Rating: 2",2,3
5100451013.avi,"Expression: The student appears to be focused and attentive, with a neutral expression.
Posture: The student is sitting upright in front of the camera.
Rating: 2",2,3
5100451015.avi,"Expression: The student appears to be focused and attentive, with a neutral expression.
Posture: The student is sitting upright in front of the camera.
Rating: 2",2,3
5100451016.avi,"Expression: The student appears to be focused and attentive, with a neutral expression.
Posture: The student is sitting upright in front of the camera.
Rating: 2",2,3
5100451017.avi,"Expression: The student appears to be focused and attentive, with a neutral expression.
Posture: The student is sitting upright in front of the camera.
Rating: 2",2,2
5100451018.avi,"Expression: The student appears to be focused and attentive, with a neutral expression.
Posture: The student is sitting upright in front of the camera.
Rating: 2",2,3
5100451019.avi,"Expression: The student appears to be focused and attentive, with a neutral expression.
Posture: The student is sitting upright in front of the camera.
Rating: 2",2,3
5100451020.avi,"Expression: The student appears to be focused and attentive, with a neutral facial expression.
Posture: The student is sitting upright in front of the camera.
Rating: 2",2,2
5100451024.avi,"Expression: The student appears to be focused and attentive, with a neutral expression.
Posture: The student is sitting upright in a chair, facing the camera.
Rating: 2",2,3
5100451026.avi,"Expression: The student appears to be focused and attentive, with a neutral expression.
Posture: The student is sitting upright in a chair, facing the camera.
Rating: 2",2,3
5100451027.avi,"Expression: The student appears to be focused and attentive, with a neutral facial expression.
Posture: The student is sitting upright in a chair, facing the camera.
Rating: 2",2,3
5100451033.avi,"Expression: The student appears to be focused and attentive, with a neutral expression.
Posture: The student is sitting upright in front of the camera.
Rating: 2",2,2
5100451034.avi,"Expression: The student appears to be focused and attentive, with a neutral expression.
Posture: The student is sitting upright in front of the camera.
Rating: 2",2,3
5100451035.avi,"Expression: The student appears to be focused and attentive, with a neutral expression.
Posture: The student is sitting upright in a chair, facing the camera.
Rating: 2",2,3
5100451036.avi,"Expression: The student appears to be focused and attentive, with a neutral expression.
Posture: The student is sitting upright in front of the camera.
Rating: 2",2,2
5100451038.avi,"Expression: The student appears to be focused and attentive, with a neutral facial expression.
Posture: The student is sitting upright in their chair, facing the camera.
Rating: 2",2,2
5100451041.avi,"Expression: The student appears to be focused and attentive, with a neutral expression.
Posture: The student is sitting upright in front of the camera.
Rating: 2",2,3
5100451043.avi,"Expression: The student appears to be focused and attentive, with a neutral facial expression.
Posture: The student is sitting upright in front of the camera.
Rating: 2",2,2
5100451044.avi,"Expression: The student appears to be focused and attentive, with a neutral expression.
Posture: The student is sitting upright in front of the camera.
Rating: 2",2,3
5100451045.avi,"Expression: The student appears to be focused and attentive, with a neutral expression.
Posture: The student is sitting upright in front of the camera.
Rating: 2",2,2
5100451049.avi,"Expression: The student appears to be focused and attentive, with a neutral facial expression.
Posture: The student is sitting upright in front of the camera.
Rating: 2",2,3
5100451050.avi,"Expression: The student appears to be focused and attentive, with a neutral expression.
Posture: The student is sitting upright in front of the camera.
Rating: 2",2,3
5100451051.avi,"Expression: The student appears to be focused and attentive, with a neutral expression.
Posture: The student is sitting upright in front of the camera.
Rating: 2",2,2
5100451052.avi,"Expression: The student appears to be focused and attentive, with a neutral facial expression.
Posture: The student is sitting upright in a chair, facing the camera.
Rating: 2",2,3
5100451055.avi,"Expression: The student appears to be focused and attentive, with a neutral facial expression.
Posture: The student is sitting upright in a chair, facing the camera.
Rating: 2",2,2
5100451056.avi,"Expression: The student appears to be focused and attentive, with a neutral expression.
Posture: The student is sitting upright in front of the camera.
Rating: 2",2,3
5100451059.avi,"Expression: The student appears to be focused and attentive, with a neutral facial expression.
Posture: The student is sitting upright in front of the camera.
Rating: 2",2,3
5100451060.avi,"Expression: The student appears to be focused and attentive, with a neutral facial expression.
Posture: The student is sitting upright in front of the camera.
Rating: 2",2,3
5100451061.avi,"Expression: The student appears to be focused and attentive, with a neutral facial expression.
Posture: The student is sitting upright in a chair, facing the camera.
Rating: 2",2,3
5100451064.avi,"Expression: The student appears to be looking directly at the camera with a neutral expression.
Posture: The student is sitting upright in front of a red door, possibly in a classroom or hallway setting.
Rating: 2 - The student seems to be engaged but not highly focused on the content being displayed.",2,2
5100451065.avi,"Expression: The student appears to be focused and attentive, with a neutral facial expression.
Posture: The student is sitting upright in front of the camera.
Rating: 2",2,3
5100451066.avi,"Expression: The student appears to be focused and attentive, with a neutral facial expression.
Posture: The student is sitting upright in a chair, facing the camera.
Rating: 2",2,2
5100451067.avi,"Expression: The student appears to be focused and attentive, with a neutral facial expression.
Posture: The student is sitting upright in a chair, facing the camera.
Rating: 2",2,3
5100451070.avi,"Expression: The student appears to be focused and attentive, with a neutral expression.
Posture: The student is sitting upright in front of the camera.
Rating: 2",2,3
5100451071.avi,"Expression: The student appears to be focused and attentive, with a neutral expression.
Posture: The student is sitting upright in front of the camera.
Rating: 2",2,3
5100452002.avi,"Expression: The student appears to be focused and attentive, with a neutral expression.
Posture: The student is sitting upright in front of the camera.
Rating: 2",2,2
5100452004.avi,"Expression: The student appears to be focused and attentive, with a neutral expression.
Posture: The student is sitting upright in front of the camera.
Rating: 2",2,3
5100452005.avi,"Expression: The student appears to be focused and attentive, with a neutral expression.
Posture: The student is sitting upright in front of the camera.
Rating: 2",2,2
5100452006.avi,"Expression: The student appears to be focused and attentive, with a neutral expression.
Posture: The student is sitting upright in front of the camera.
Rating: 2",2,3
5100452007.avi,"Expression: The student appears to be focused and attentive, with a neutral expression.
Posture: The student is sitting upright in front of the camera.
Rating: 2",2,2
5100452008.avi,"Expression: The student appears to be focused and attentive, with a neutral expression.
Posture: The student is sitting upright in a chair, facing the camera directly.
Rating: 2",2,3
5100452009.avi,"Expression: The student appears to be focused and attentive, with a neutral facial expression.
Posture: The student is sitting upright in a chair, facing the camera.
Rating: 2",2,3
5100452010.avi,"Expression: The student appears to be focused and attentive, with a neutral expression.
Posture: The student is sitting upright in front of the camera.
Rating: 2",2,2
5100452011.avi,"Expression: The student appears to be focused and attentive, with a neutral expression.
Posture: The student is sitting upright in a chair, facing the camera.
Rating: 2",2,2
5100452012.avi,"Expression: The student appears to be focused and attentive, with a neutral expression.
Posture: The student is sitting upright in front of the camera.
Rating: 2",2,3
5100452013.avi,"Expression: The student appears to be focused and attentive, with a neutral expression.
Posture: The student is sitting upright in front of the camera.
Rating: 2",2,3
5100452014.avi,"Expression: The student appears to be focused and attentive, with a neutral facial expression.
Posture: The student is sitting upright in a chair, facing the camera.
Rating: 2",2,3
5100452016.avi,"Expression: The student appears to be focused and attentive, with a neutral expression.
Posture: The student is sitting upright in front of the camera.
Rating: 2",2,1
5100452017.avi,"Expression: The student appears to be focused and attentive, with a neutral facial expression.
Posture: The student is sitting upright in front of the camera.
Rating: 2",2,3
5100452018.avi,"Expression: The student appears to be focused and attentive, with a neutral expression.
Posture: The student is sitting upright in a chair, facing the camera.
Rating: 2",2,3
5100452021.avi,"Expression: The student appears to be focused and attentive, with a neutral expression.
Posture: The student is sitting upright in front of the camera.
Rating: 2",2,2
5100452023.avi,"Expression: The student appears to be focused and attentive, with a neutral facial expression.
Posture: The student is sitting upright in a chair, facing the camera.
Rating: 2",2,2
5100452025.avi,"Expression: The student appears to be focused and attentive, with a neutral facial expression.
Posture: The student is sitting upright in a chair, facing the camera.
Rating: 2",2,2
5100452027.avi,"Expression: The student appears to be focused and attentive, with a neutral facial expression.
Posture: The student is sitting upright in a chair, facing the camera.
Rating: 2",2,2
5100452028.avi,"Expression: The student appears to be looking directly at the camera with a neutral expression.
Posture: The student is sitting upright in front of a red door, with their hands resting on their knees or arms crossed.
Rating: 2",2,3
5100452030.avi,"Expression: The student appears to be focused and attentive, with a neutral facial expression.
Posture: The student is sitting upright in front of the camera.
Rating: 2",2,3
5100452031.avi,"Expression: The student appears to be focused and attentive, with a neutral facial expression.
Posture: The student is sitting upright in a chair, facing the camera.
Rating: 2",2,3
5100452032.avi,"Expression: The student appears to be focused and attentive, with a neutral expression.
Posture: The student is sitting upright in a chair, facing the camera.
Rating: 2",2,2
5100452033.avi,"Expression: The student appears to be focused and attentive, with a neutral expression.
Posture: The student is sitting upright in a chair, facing the camera.
Rating: 2",2,2
5100452034.avi,"Expression: The student appears to be focused and attentive, with a neutral expression.
Posture: The student is sitting upright in front of the camera.
Rating: 2",2,3
5100452035.avi,"Expression: The student appears to be looking down and away from the camera, with a neutral or slightly contemplative expression.
Posture: The student is sitting in front of a computer screen, likely at a desk, with their hands resting on the table.
Rating: 2 - The student seems to be engaged but not highly focused on the content being displayed on the screen.",2,2
5100452036.avi,"Expression: The student appears to be looking directly at the camera with a neutral expression.
Posture: The student is sitting upright in front of the camera.
Rating: 2",2,3
5100452037.avi,"Expression: The student appears to be focused and attentive, with a neutral expression.
Posture: The student is sitting upright in front of the camera.
Rating: 2",2,3
5100452038.avi,"Expression: The student appears to be focused and attentive, with a neutral facial expression.
Posture: The student is sitting upright in a chair, facing the camera.
Rating: 2",2,3
5100452039.avi,"Expression: The student appears to be focused and attentive, with a neutral facial expression.
Posture: The student is sitting upright in a chair, facing the camera.
Rating: 2",2,2
5100452040.avi,"Expression: The student appears to be focused and attentive, with a neutral expression.
Posture: The student is sitting upright in front of the camera.
Rating: 2",2,2
5100452047.avi,"Expression: The student appears to be focused and attentive, with a neutral facial expression.
Posture: The student is sitting upright in front of the camera.
Rating: 2",2,3
5100452049.avi,"Expression: The student appears to be focused and attentive, with a neutral expression.
Posture: The student is sitting upright in front of the camera.
Rating: 2",2,3
5100452050.avi,"Expression: The student appears to be focused and attentive, with a neutral facial expression.
Posture: The student is sitting upright in front of the camera.
Rating: 2",2,3
5100452053.avi,"Expression: The student appears to be focused and attentive, with a neutral expression.
Posture: The student is sitting upright in front of the camera.
Rating: 2",2,2
5100452054.avi,"Expression: The student appears to be looking directly at the camera with a neutral expression.
Posture: The student is sitting upright in front of a red door, possibly in a classroom or office setting.
Rating: 2",2,3
5100452055.avi,"Expression: The student appears to be focused and attentive, with a neutral expression.
Posture: The student is sitting upright in front of the camera.
Rating: 2",2,2
5100452059.avi,"Expression: The student appears to be focused and attentive, with a neutral expression.
Posture: The student is sitting upright in front of the camera.
Rating: 2",2,3
5100452060.avi,"Expression: The student appears to be focused and attentive, with a neutral expression.
Posture: The student is sitting upright in front of the camera.
Rating: 2",2,3
5100452061.avi,"Expression: The student appears to be focused and attentive, with a neutral facial expression.
Posture: The student is sitting upright in front of the camera.
Rating: 2",2,2
5100452065.avi,"Expression: The student appears to be focused and attentive, with a neutral expression.
Posture: The student is sitting upright in a chair, facing the camera.
Rating: 2",2,3
5100452066.avi,"Expression: The student appears to be focused and attentive, with a neutral expression.
Posture: The student is sitting upright in front of the camera.
Rating: 2",2,3
5100452067.avi,"Expression: The student appears to be focused and attentive, with a neutral facial expression.
Posture: The student is sitting upright in their chair, facing the camera.
Rating: 2",2,3
5100452076.avi,"Expression: The student appears to be focused and attentive, with a neutral facial expression.
Posture: The student is sitting upright in front of the camera.
Rating: 2",2,3
5100452078.avi,"Expression: The student appears to be focused and attentive, with a neutral expression.
Posture: The student is sitting upright in front of the camera.
Rating: 2",2,3
5100452079.avi,"Expression: The student appears to be focused and attentive, with a neutral expression.
Posture: The student is sitting upright in front of the camera.
Rating: 2",2,3
5100452080.avi,"Expression: The student appears to be focused and attentive, with a neutral facial expression.
Posture: The student is sitting upright in front of the camera.
Rating: 2",2,3
5100452081.avi,"Expression: The student appears to be focused and attentive, with a neutral facial expression.
Posture: The student is sitting upright in front of the camera.
Rating: 2",2,2
5100461004.avi,"Expression: The student appears to be looking directly at the camera with a neutral expression.
Posture: The student is sitting upright in front of a wall with posters on it.
Rating: 2 [Based on the image, it's difficult to determine their level of engagement without more context or information about their actions during the video.]",2,2
5100461005.avi,"Expression: The student appears to be looking directly at the camera with a neutral expression.
Posture: The student is sitting upright in front of a wall with posters on it.
Rating: 2 [Based on the image, it's difficult to determine their level of engagement without more context or information about their actions during the video.]",2,2
5100461006.avi,"Expression: The student appears to be looking directly at the camera with a neutral expression.
Posture: The student is sitting in front of a wall with posters, and there's a bed behind him. He has headphones on his ears.
Rating: 2 - The student seems to be engaged but not highly engaged, as he is looking directly at the camera instead of focusing on the content being displayed.",2,2
5100461007.avi,"Expression: The student appears to be looking directly at the camera with a neutral expression.
Posture: The student is sitting in front of a wall with posters, and they are wearing headphones.
Rating: 2",2,1
5100461008.avi,"Expression: The student appears to be looking directly at the camera with a neutral expression.
Posture: The student is sitting in front of a wall with posters, and there's a bed behind him. He has headphones on his ears.
Rating: 2 - The student seems to be engaged but not highly engaged, as he is looking directly at the camera instead of focusing on the content being displayed.",2,2
5100461009.avi,"Expression: The student appears to be looking directly at the camera with a neutral expression.
Posture: The student is sitting upright in front of a wall with posters on it.
Rating: 2 [Based on the image, it's difficult to determine their level of engagement without more context or information about their actions during the video.]",2,3
5100461010.avi,"Expression: The student appears to be looking directly at the camera with a neutral expression.
Posture: The student is sitting in front of a wall, facing the camera.
Rating: 2",2,2
5100461011.avi,"Expression: The student appears to be making a funny face, possibly smirking or grimacing.
Posture: The student is sitting down with their head tilted slightly to the side.
Rating: 2",2,2
5100461014.avi,"Expression: The student appears to be looking directly at the camera with a neutral expression.
Posture: The student is sitting upright in front of a wall with posters on it.
Rating: 2 [Based on the image, it's difficult to determine their level of engagement without more context or information about their actions during the video.]",2,2
5100461015.avi,"Expression: The student appears to be looking directly at the camera with a neutral expression.
Posture: The student is sitting in front of a wall, facing the camera.
Rating: 2 [Based on the image, it's difficult to determine their level of engagement without more context or information about their actions during the video.]",2,3
5100461016.avi,"Expression: The student appears to be looking directly at the camera with a neutral expression.
Posture: The student is sitting in front of a wall with posters, and they are wearing headphones.
Rating: 2",2,2
5100461017.avi,"Expression: The student appears to be looking directly at the camera with a neutral expression.
Posture: The student is sitting in front of a computer, possibly listening to an educational video or recording himself.
Rating: 2 - The student seems to be engaged but not highly engaged, as they are not actively participating in the activity on the screen.",2,3
5100461018.avi,"Expression: The student appears to be looking directly at the camera with a neutral expression.
Posture: The student is sitting in front of a wall, facing the camera.
Rating: 2",2,2
5100461020.avi,"Expression: The student appears to be looking directly at the camera with a neutral expression.
Posture: The student is sitting in front of a wall, facing the camera.
Rating: 2 [Based on the image, it's difficult to determine their level of engagement without more context or information about their actions during the video.]",2,2
5100461021.avi,"Expression: The student appears to be looking directly at the camera with a neutral expression.
Posture: The student is sitting in front of a wall, facing the camera.
Rating: 2",2,2
5100461022.avi,"Expression: The student appears to be looking directly at the camera with a neutral expression.
Posture: The student is sitting in front of a wall, facing the camera.
Rating: 2",2,3
5100461023.avi,"Expression: The student appears to be making a funny face, possibly smirking or grimacing.
Posture: The student is sitting with their head slightly tilted and looking directly at the camera.
Rating: 2",2,3
5100461025.avi,"Expression: The student appears to be looking directly at the camera with a neutral expression.
Posture: The student is sitting in front of a wall, facing the camera.
Rating: 2 [Based on the image, it's difficult to determine their level of engagement without more context or information about their actions during the video.]",2,2
5100461029.avi,"Expression: The student appears to be looking directly at the camera with a neutral expression.
Posture: The student is sitting in front of a wall with posters, and they are wearing headphones.
Rating: 2 - The student seems to be engaged but not highly engaged as their attention is directed towards the camera rather than the content being played on the device.",2,2
5100461030.avi,"Expression: The student appears to be making a funny face, possibly smirking or grimacing.
Posture: The student is sitting with their head turned slightly to the side and looking directly at the camera.
Rating: 2",2,3
5100461031.avi,"Expression: The student appears to be looking directly at the camera with a neutral expression.
Posture: The student is sitting in front of a wall with posters, and they are wearing headphones.
Rating: 2",2,2
5100461032.avi,"Expression: The student appears to be looking down and away from the camera, with a neutral or slightly contemplative expression.
Posture: The student is sitting in front of a wall with posters on it, and they are wearing headphones around their neck.
Rating: 2 - The student seems to be engaged but not highly focused on the content being displayed.",2,2
5100461033.avi,"Expression: The student appears to be looking directly at the camera with a neutral expression.
Posture: The student is sitting in front of a wall, facing the camera.
Rating: 2",2,2
5100461034.avi,"Expression: The student appears to be looking directly at the camera with a neutral expression.
Posture: The student is sitting in front of a wall with posters, and their body is facing forward.
Rating: 2",2,2
5100461035.avi,"Expression: The student appears to be looking directly at the camera with a neutral expression.
Posture: The student is sitting in front of a wall with posters, and their body is facing forward.
Rating: 2",2,2
5100461036.avi,"Expression: The student appears to be looking directly at the camera with a neutral expression.
Posture: The student is sitting in front of a wall with posters, and their body is facing forward.
Rating: 2 [Based on the image, it's difficult to determine the level of engagement without more context or information about the student's actions.]",2,2
5100461037.avi,"Expression: The student appears to be making a face, possibly indicating disinterest or boredom.
Posture: The student is sitting with their head slightly tilted and looking directly at the camera.
Rating: 1",1,2
5100461038.avi,"Expression: The student appears to be looking directly at the camera with a neutral expression.
Posture: The student is sitting upright in front of a wall with posters on it.
Rating: 2",2,2
5100461039.avi,"Expression: The student appears to be looking directly at the camera with a neutral expression.
Posture: The student is sitting in front of a wall with posters, and their body is facing forward.
Rating: 2 [Based on the image, it's difficult to determine the level of engagement without more context or information about the student's actions.]",2,3
5100461040.avi,"Expression: The student appears to be looking directly at the camera with a neutral expression.
Posture: The student is sitting in front of a wall with posters, and their body is facing forward.
Rating: 2",2,2
5100461042.avi,"Expression: The student appears to be looking directly at the camera with a neutral expression.
Posture: The student is sitting upright in front of a wall with posters on it.
Rating: 2",2,3
5100461043.avi,"Expression: The student appears to be making a face, possibly in reaction to the content of the video or expressing some emotion.
Posture: The student is sitting with their head turned slightly to one side and looking at the camera.
Rating: 2",2,2
5100461044.avi,"Expression: The student appears to be focused and attentive, with a neutral facial expression.
Posture: The student is sitting upright in front of the camera.
Rating: 2",2,3
5100461046.avi,"Expression: The student appears to be looking directly at the camera with a neutral expression.
Posture: The student is sitting in front of a wall, facing the camera.
Rating: 2 [Based on the image, it's difficult to determine their level of engagement without more context or information about their actions during the video.]",2,2
5100461047.avi,"Expression: The student appears to be looking directly at the camera with a neutral expression.
Posture: The student is sitting in front of a wall with posters, and their body is facing forward.
Rating: 2",2,2
5100461048.avi,"Expression: The student appears to be looking directly at the camera with a neutral expression.
Posture: The student is sitting in front of a wall, facing the camera.
Rating: 2",2,2
5100461049.avi,"Expression: The student appears to be looking directly at the camera with a neutral expression.
Posture: The student is sitting in front of a wall, facing the camera.
Rating: 2",2,2
5100461050.avi,"Expression: The student appears to be looking directly at the camera with a neutral expression.
Posture: The student is sitting in front of a wall, facing the camera.
Rating: 2",2,2
5100461051.avi,"Expression: The student appears to be looking down and has a neutral expression.
Posture: The student is sitting with their head slightly tilted forward, which could indicate focus or concentration.
Rating: 2 - The student seems to be engaged in the video they are watching.",2,3
5100461052.avi,"Expression: The student appears to be looking directly at the camera with a neutral expression.
Posture: The student is sitting upright in front of a wall with posters on it.
Rating: 2",2,2
5100461053.avi,"Expression: The student appears to be looking directly at the camera with a neutral expression.
Posture: The student is sitting upright in front of a computer screen.
Rating: 2",2,3
5100461054.avi,"Expression: The student appears to be focused and attentive, with a neutral expression.
Posture: The student is sitting upright in front of the camera.
Rating: 2",2,2
5100461055.avi,"Expression: The student appears to be looking directly at the camera with a neutral expression.
Posture: The student is sitting upright in front of a wall with posters on it.
Rating: 2",2,3
5100461056.avi,"Expression: The student appears to be looking directly at the camera with a neutral expression.
Posture: The student is sitting in front of a wall, facing the camera.
Rating: 2",2,3
5100461057.avi,"Expression: The student appears to be making a funny or sarcastic face, with a slight smirk and raised eyebrows.
Posture: The student is sitting in front of the camera, looking directly at it.
Rating: 2",2,2
5100461058.avi,"Expression: The student appears to be looking down and has a neutral expression.
Posture: The student is sitting with their head slightly tilted forward, which could indicate focus or concentration.
Rating: 2 - The student seems to be engaged in the video they are watching.",2,2
5100461061.avi,"Expression: The student appears to be making a funny face, possibly smirking or grimacing.
Posture: The student is sitting with their head slightly tilted and looking directly at the camera.
Rating: 2",2,3
5100461062.avi,"Expression: The student appears to be looking directly at the camera with a neutral expression.
Posture: The student is sitting upright in front of a wall with posters on it.
Rating: 2",2,2
5100461063.avi,"Expression: The student appears to be looking directly at the camera with a neutral expression.
Posture: The student is sitting in front of a wall, facing the camera.
Rating: 2 [Based on the image, it's difficult to determine their level of engagement without more context or information about their actions during the video.]",2,2
5100461064.avi,"Expression: The student appears to be looking down and away from the camera, with a neutral or slightly disinterested expression.
Posture: The student is sitting in front of a computer screen, possibly listening to an audio source, but their body posture does not indicate high engagement.
Rating: 1 [Based on the image, it seems that the student's attention might be elsewhere or they are not fully engaged with the educational video.]",1,3
5100461065.avi,"Expression: The student appears to be making a funny or sarcastic face, with a slight smirk and raised eyebrows.
Posture: The student is sitting in front of the camera, looking directly at it.
Rating: 2",2,3
5100461066.avi,"Expression: The student appears to be looking directly at the camera with a neutral expression.
Posture: The student is sitting in front of a computer, possibly listening to an educational video or podcast.
Rating: 2",2,3
5100461067.avi,"Expression: The student appears to be looking directly at the camera with a neutral expression.
Posture: The student is sitting in front of a computer, possibly listening to an educational video or recording a video.
Rating: 2 - The student seems to be engaged but not highly engaged, as they are not actively participating in the activity on the screen.",2,2
5100461068.avi,"Expression: The student appears to be making a funny face, possibly smirking or grimacing.
Posture: The student is sitting with their head slightly tilted and looking directly at the camera.
Rating: 2",2,2
5100461069.avi,"Expression: The student appears to be making a funny face, possibly smirking or grimacing.
Posture: The student is sitting with their head slightly tilted and looking directly at the camera.
Rating: 2",2,3
5100462001.avi,"Expression: The student appears to be looking down and away from the camera, with a neutral or slightly contemplative expression.
Posture: The student is sitting in front of a computer screen, which suggests they are engaged in watching the video.
Rating: 2",2,2
5100462002.avi,"Expression: The student appears to be looking directly at the camera with a neutral expression.
Posture: The student is sitting upright in front of a wall with posters on it.
Rating: 2",2,2
5100462003.avi,"Expression: The student appears to be looking directly at the camera with a neutral expression.
Posture: The student is sitting in front of a wall with posters, and their body is facing forward.
Rating: 2",2,1
5100462005.avi,"Expression: The student appears to be looking down and away from the camera, with a neutral or slightly contemplative expression.
Posture: The student is sitting in front of a wall with posters on it, possibly in a dorm room or similar setting.
Rating: 2 - The student seems to be engaged but not highly focused on the content they are watching.",2,2
5100462009.avi,"Expression: The student appears to be making a funny face, possibly smirking or smiling.
Posture: The student is sitting with their head slightly tilted and looking directly at the camera.
Rating: 2",2,2
5100462010.avi,"Expression: The student appears to be looking directly at the camera with a neutral expression.
Posture: The student is sitting in front of a wall, facing the camera.
Rating: 2",2,3
5100462011.avi,"Expression: The student appears to be looking down and away from the camera, with a neutral or slightly contemplative expression.
Posture: The student is sitting in front of a wall with posters on it, possibly in a bedroom or dorm room setting.
Rating: 2 - The student seems to be engaged but not highly focused on the content they are watching.",2,3
5100462012.avi,"Expression: The student appears to be looking down and away from the camera, with a neutral or slightly contemplative expression.
Posture: The student is sitting in front of a computer screen, possibly listening to an audio source, but their body posture does not provide enough information to accurately assess engagement level.
Rating: 2 [Based on the limited visual information available, it's difficult to accurately rate the student's engagement level.]",2,2
5100462014.avi,"Expression: The student appears to be looking directly at the camera with a neutral expression.
Posture: The student is sitting down, facing the camera.
Rating: 2 [Based on the image, it's difficult to determine their level of engagement without more context or information about their actions during the video.]",2,3
5100462015.avi,"Expression: The student appears to be looking directly at the camera with a neutral expression.
Posture: The student is sitting in front of a wall with posters, and their body is facing forward.
Rating: 2",2,2
5100462016.avi,"Expression: The student appears to be making a face, possibly in reaction to the content of the video or expressing some emotion.
Posture: The student is sitting with their head turned slightly towards the camera, and they seem relaxed.
Rating: 2",2,2
5100462017.avi,"Expression: The student appears to be looking directly at the camera with a neutral expression.
Posture: The student is sitting in front of a computer, possibly listening to an educational video or podcast.
Rating: 2 - The student seems to be engaged but not highly engaged, as they are not actively participating in the content being displayed on the screen.",2,2
5100462018.avi,"Expression: The student appears to be looking down and away from the camera, with a neutral or slightly contemplative expression.
Posture: The student is sitting in front of a wall with posters on it, wearing headphones around their neck.
Rating: 2 - The student seems to be engaged but not highly focused on the content they are watching.",2,2
5100462019.avi,"Expression: The student appears to be looking down and away from the camera, with a neutral or slightly contemplative expression.
Posture: The student is sitting in front of a computer screen, possibly listening to an educational video.
Rating: 2",2,2
5100462021.avi,"Expression: The student appears to be looking down and away from the camera, with a neutral or slightly contemplative expression.
Posture: The student is sitting in front of a computer screen, possibly listening to an educational video.
Rating: 2",2,3
5100462022.avi,"Expression: The student appears to be making a funny face, possibly smirking or grimacing.
Posture: The student is sitting with their head slightly tilted and looking directly at the camera.
Rating: 2",2,2
5100462023.avi,"Expression: The student appears to be making a funny face, possibly smirking or grimacing.
Posture: The student is sitting with their head slightly tilted and looking directly at the camera.
Rating: 2",2,2
5100462024.avi,"Expression: The student appears to be looking down and has a neutral expression.
Posture: The student is sitting with their head slightly tilted, and they are wearing earphones.
Rating: 2",2,2
5100462025.avi,"Expression: The student appears to be looking directly at the camera with a neutral expression.
Posture: The student is sitting in front of a computer, possibly listening to an educational video or recording himself.
Rating: 2 - The student seems to be engaged but not highly engaged as they are not actively participating in the video or showing any strong emotional response.",2,2
5100462026.avi,"Expression: The student appears to be looking directly at the camera with a neutral expression.
Posture: The student is sitting in front of a wall with posters, and their body is facing forward.
Rating: 2 [Based on the image, it seems like the student is somewhat engaged but not highly engaged.]",2,3
5100462027.avi,"Expression: The student appears to be looking down and away from the camera, with a neutral or slightly contemplative expression.
Posture: The student is sitting in front of a computer screen, possibly listening to an audio source, but their body posture does not provide enough information to accurately assess their engagement level.
Rating: 2 [Based on the limited visual information available, it's difficult to accurately rate the student's engagement level.]",2,2
5100462028.avi,"Expression: The student appears to be looking down and away from the camera, with a neutral or slightly contemplative expression.
Posture: The student is sitting in front of a computer screen, which suggests they are focused on the content being displayed.
Rating: 2 - The student seems to be engaged but not highly engaged, as their attention appears to be directed away from the camera and towards something else.",2,3
5100462029.avi,"Expression: The student appears to be making a funny face, possibly smirking or grimacing.
Posture: The student is sitting with their head slightly tilted and looking directly at the camera.
Rating: 2",2,3
5100462031.avi,"Expression: The student appears to be making a funny face, possibly smirking or grimacing.
Posture: The student is sitting with their head slightly tilted and looking directly at the camera.
Rating: 2",2,2
5100462032.avi,"Expression: The student appears to be making a funny face, possibly smirking or grimacing.
Posture: The student is sitting with their head tilted slightly to the side and looking directly at the camera.
Rating: 2",2,2
5100462033.avi,"Expression: The student appears to be making a funny face, possibly smirking or grimacing.
Posture: The student is sitting with their head turned slightly away from the camera, and they seem relaxed.
Rating: 1",1,2
5100462035.avi,"Expression: The student appears to be making a funny face, possibly smirking or grimacing.
Posture: The student is sitting with their head tilted slightly to the side and looking directly at the camera.
Rating: 2",2,3
5100462037.avi,"Expression: The student appears to be making a funny face, possibly smirking or grimacing.
Posture: The student is sitting down with their head turned slightly to the side.
Rating: 2",2,3
5100462038.avi,"Expression: The student appears to be making a funny face, possibly smirking or grimacing.
Posture: The student is sitting with their head turned slightly to the side and their body facing forward.
Rating: 2",2,2
5100462039.avi,"Expression: The student appears to be making a funny face, possibly smirking or grimacing.
Posture: The student is sitting with their head turned slightly to the side and looking at something off-camera.
Rating: 1",1,2
5100462040.avi,"Expression: The student appears to be looking down and away from the camera, with a neutral or slightly contemplative expression.
Posture: The student is sitting in front of a computer screen, possibly listening to an audio source, but their body posture does not provide enough information to accurately describe it.
Rating: 2 [Based on the limited visual information available, it's difficult to determine the student's level of engagement with the educational video.]",2,2
5100462041.avi,"Expression: The student appears to be looking down and away from the camera, with a neutral or slightly disinterested expression.
Posture: The student is sitting in front of a computer screen, possibly listening to an audio source, but their body posture does not indicate high engagement.
Rating: 1",1,3
5100462042.avi,"Expression: The student appears to be looking down and away from the camera, with a neutral or slightly disinterested facial expression.
Posture: The student is sitting in front of a computer screen, possibly listening to music or an educational video.
Rating: 1",1,2
5100462043.avi,"Expression: The student appears to be making a funny face, possibly smirking or grimacing.
Posture: The student is sitting with their head turned slightly away from the camera, looking at something off-camera.
Rating: 1",1,2
5100462044.avi,"Expression: The student appears to be focused and attentive, with a neutral expression.
Posture: The student is sitting upright in front of the camera.
Rating: 2",2,2
5100462045.avi,"Expression: The student appears to be focused and attentive, with a neutral expression.
Posture: The student is sitting upright in front of the camera.
Rating: 2",2,2
5100462046.avi,"Expression: The student appears to be focused and attentive, with a neutral facial expression.
Posture: The student is sitting upright in front of the camera.
Rating: 2",2,2
5100462047.avi,"Expression: The student appears to be making a funny face, possibly smirking or grimacing.
Posture: The student is sitting with their head tilted slightly to the side and looking directly at the camera.
Rating: 2",2,3
5100462048.avi,"Expression: The student appears to be making a face, possibly in reaction to the content of the video or expressing some emotion.
Posture: The student is sitting down with their head turned slightly towards the camera.
Rating: 2",2,2
5100462050.avi,"Expression: The student appears to be making a funny face, possibly smirking or grimacing.
Posture: The student is sitting with their head turned slightly to the side and their body facing forward.
Rating: 2",2,2
5100462051.avi,"Expression: The student appears to be looking down and away from the camera, with a neutral or slightly contemplative expression.
Posture: The student is sitting in front of a computer screen, possibly listening to an educational video.
Rating: 2 - The student seems to be engaged but not highly focused on the content being displayed.",2,2
5100462052.avi,"Expression: The student appears to be making a face, possibly in reaction to the content of the video or expressing some emotion.
Posture: The student is sitting down with their head turned slightly towards the camera.
Rating: 2",2,2
5100462053.avi,"Expression: The student appears to be looking down and away from the camera, with a neutral or slightly disinterested expression.
Posture: The student is sitting in front of a computer screen, which suggests they are focused on the content being displayed.
Rating: 2 - The student seems to be engaged but not highly engaged, as their attention appears to be directed away from the camera and towards something else.",2,3
5100462054.avi,"Expression: The student appears to be making a funny face, possibly smirking or grimacing.
Posture: The student is sitting with their head turned slightly to the side and looking at something off-camera.
Rating: 1",1,2
5100462055.avi,"Expression: The student appears to be focused and attentive, with a neutral facial expression.
Posture: The student is sitting upright in front of the camera.
Rating: 2",2,3
5100462057.avi,"Expression: The student appears to be making a funny face, possibly smirking or grimacing.
Posture: The student is sitting with their head turned slightly to the side and looking at the camera.
Rating: 2",2,2
5100462058.avi,"Expression: The student appears to be making a funny face, possibly smirking or grimacing.
Posture: The student is sitting with their head turned slightly to the side and looking at the camera.
Rating: 2",2,3
5100462059.avi,"Expression: The student appears to be making a face, possibly in reaction to the content of the video or expressing some emotion.
Posture: The student is sitting down with their head turned slightly towards the camera.
Rating: 2",2,2
5100462061.avi,"Expression: The student appears to be looking down and away from the camera, with a neutral or slightly contemplative expression.
Posture: The student is sitting in front of a computer screen, possibly on a bed or a chair, with their head turned to one side.
Rating: 2 [The student seems to be engaged but not highly focused on the content they are watching.]",2,2
5100462062.avi,"Expression: The student appears to be making a funny face, possibly smirking or grimacing.
Posture: The student is sitting with their head slightly tilted and looking directly at the camera.
Rating: 2",2,2
5100462063.avi,"Expression: The student appears to be looking directly at the camera with a neutral expression.
Posture: The student is sitting in front of a computer, possibly listening to an educational video or podcast.
Rating: 2 - The student seems to be engaged but not highly engaged, as they are not actively participating in the content being displayed on the screen.",2,3
5100462064.avi,"Expression: The student appears to be making a funny face, possibly smirking or grimacing.
Posture: The student is sitting with their head slightly tilted and looking directly at the camera.
Rating: 2",2,3
5100462066.avi,"Expression: The student appears to be making a funny face, possibly smirking or grimacing.
Posture: The student is sitting with their head turned slightly to the side and looking at the camera.
Rating: 1",1,2
5100462067.avi,"Expression: The student appears to be looking directly at the camera with a neutral expression.
Posture: The student is sitting in front of a wall, facing the camera.
Rating: 2 [Based on the image, it's difficult to determine their level of engagement without more context or information about their actions during the video.]",2,2
5100462068.avi,"Expression: The student appears to be making a funny face, possibly smirking or grimacing.
Posture: The student is sitting with their head slightly tilted and looking directly at the camera.
Rating: 2",2,2
5100462069.avi,"Expression: The student appears to be looking directly at the camera with a neutral expression.
Posture: The student is sitting in front of a wall, facing the camera.
Rating: 2",2,3
5100462070.avi,"Expression: The student appears to be making a funny or sarcastic face, with a slight smirk and raised eyebrows.
Posture: The student is sitting in front of the camera, looking directly at it.
Rating: 2",2,3
5100462071.avi,"Expression: The student appears to be making a funny face, possibly smirking or grimacing.
Posture: The student is sitting with their head slightly tilted and looking directly at the camera.
Rating: 2",2,2
5100462072.avi,"Expression: The student appears to be making a funny face, possibly smirking or grimacing.
Posture: The student is sitting with their head tilted slightly to the side and looking directly at the camera.
Rating: 2",2,3
5100462074.avi,"Expression: The student appears to be looking directly at the camera with a neutral expression.
Posture: The student is sitting in front of a wall, facing the camera.
Rating: 2 [Based on the image, it's difficult to determine their level of engagement without more context or information about their actions during the video.]",2,2
5100462075.avi,"Expression: The student appears to be focused and attentive, with a slight smile.
Posture: The student is sitting upright in front of the camera.
Rating: 2",2,3
5100462077.avi,"Expression: The student appears to be making a funny face, possibly smirking or grimacing.
Posture: The student is sitting with their head slightly tilted and looking directly at the camera.
Rating: 2",2,3
5100462078.avi,"Expression: The student appears to be looking directly at the camera with a neutral expression.
Posture: The student is sitting in front of a computer, possibly listening to an educational video or recording himself.
Rating: 2 - The student seems to be engaged but not highly engaged as they are not actively participating in the video or showing any strong emotional response.",2,2
5100462079.avi,"Expression: The student appears to be focused and attentive, with a neutral expression.
Posture: The student is sitting upright in front of the camera.
Rating: 2",2,2
5100462080.avi,"Expression: The student appears to be making a funny face, possibly smirking or smiling.
Posture: The student is sitting with their head tilted slightly to the side and looking directly at the camera.
Rating: 2",2,2
5100462081.avi,"Expression: The student appears to be making a funny face, possibly with a smirk or smile.
Posture: The student has their hand on their head and is looking upwards, which could indicate surprise or amusement.
Rating: 2",2,2
5100462082.avi,"Expression: The student appears to be making a funny or sarcastic face, with a slight smirk and raised eyebrows.
Posture: The student is sitting in front of the camera, looking directly at it.
Rating: 2",2,2
5100471001.avi,"Expression: The student appears to be looking directly at the camera with a neutral expression.
Posture: The student is sitting in front of a computer, possibly in a classroom or study area, with their hands resting on their lap and their body facing forward.
Rating: 2 [Based on the image, it seems like the student is engaged but not highly focused on the content they are watching.]",2,2
5100471002.avi,"Expression: The student appears to be focused and attentive, with a neutral expression.
Posture: The student is sitting upright in a chair, facing the camera.
Rating: 2",2,3
5100471003.avi,"Expression: The student appears to be looking down and away from the camera, with a neutral expression.
Posture: The student is sitting in front of a computer screen, possibly at a desk or table.
Rating: 2 - The student seems to be engaged but not highly focused on the content being displayed on the screen.",2,3
5100471011.avi,"Expression: The student appears to be making a funny face, possibly with their mouth open or puckered.
Posture: They are sitting down in front of the camera.
Rating: 2",2,2
5100471012.avi,"Expression: The student appears to be pondering or deep in thought, with a slight frown and furrowed brow.
Posture: The student is sitting upright at a desk, leaning slightly forward with their hands resting on the table.
Rating: 2",2,2
5100471013.avi,"Expression: The student appears to be deep in thought, with a contemplative or pensive expression.
Posture: The student is sitting upright and leaning slightly forward, which may indicate engagement or interest in the content being viewed.
Rating: 2",2,2
5100471015.avi,"Expression: The student appears to be focused and attentive, with a slight frown or concentration on their face.
Posture: The student is sitting upright in front of the camera.
Rating: 2",2,2
5100471016.avi,"Expression: The student appears to be pondering or deep in thought, with a slight frown and furrowed brow.
Posture: The student is sitting upright with their hands resting on their knees.
Rating: 2",2,3
5100471018.avi,"Expression: The student appears to be deep in thought, with a contemplative or pondering expression.
Posture: The student is sitting upright and leaning slightly forward, which suggests engagement and focus on the content of the video.
Rating: 2",2,2
5100471019.avi,"Expression: The student appears to be deep in thought, with a contemplative or pondering expression.
Posture: The student is sitting upright and leaning slightly forward, which could indicate engagement or interest in the content being viewed.
Rating: 2",2,3
5100471020.avi,"Expression: The student appears to be pondering or deep in thought, with a slightly furrowed brow and a hand on their chin.
Posture: The student is sitting upright in front of the camera.
Rating: 2",2,2
5100471021.avi,"Expression: The student appears to be pondering or deep in thought, with a slight frown and furrowed brow.
Posture: The student is sitting upright at a desk, leaning slightly forward with their hand on their chin.
Rating: 2",2,2
5100471023.avi,"Expression: The student appears to be deep in thought, with a contemplative or puzzled expression.
Posture: The student is sitting upright at a desk, leaning slightly forward with their hand on their chin.
Rating: 2",2,2
5100471026.avi,"Expression: The student appears to be focused and is looking down, possibly at a book or notes.
Posture: The student is sitting with their hands on their face, which could indicate deep thought or concentration.
Rating: 2 - The student seems to be engaged in the material they are studying or reviewing.",2,3
5100471027.avi,"Expression: The student appears to be deep in thought, with a contemplative or puzzled expression.
Posture: The student is sitting upright and leaning slightly forward, which may indicate engagement or interest in the content of the video.
Rating: 2",2,2
5100471028.avi,"Expression: The student appears to be deep in thought, with a contemplative or pondering expression.
Posture: The student is sitting upright and leaning slightly forward, which could indicate engagement or interest in the content being viewed.
Rating: 2",2,3
5100471029.avi,"Expression: The student appears to be looking down and has a neutral expression.
Posture: The student is sitting with their hands clasped together in front of them, which could indicate a relaxed or contemplative posture.
Rating: 2",2,2
5100471030.avi,"Expression: The student appears to be pondering or deep in thought, with a slight frown and furrowed brow.
Posture: The student is sitting upright at a desk, leaning slightly forward with their hands resting on the table.
Rating: 2",2,3
5100471031.avi,"Expression: The student appears to be focused and attentive, with a slight smile on their face.
Posture: The student is sitting upright in front of the camera.
Rating: 2",2,2
5100471034.avi,"Expression: The student appears to be focused and attentive, with a neutral expression.
Posture: The student is sitting upright in front of the computer screen.
Rating: 2",2,2
5100471037.avi,"Expression: The student appears to be focused and is looking directly at the camera.
Posture: The student is sitting with their hand on their chin, which could indicate deep thought or contemplation.
Rating: 2 - The student seems engaged but not highly engaged, as they are not actively participating in the video but rather observing it.",2,3
5100471038.avi,"Expression: The student appears to be pondering or deep in thought, with a slight frown and furrowed brow.
Posture: The student is sitting upright at a desk, leaning slightly forward with their hands resting on the table.
Rating: 2",2,3
5100471039.avi,"Expression: The student appears to be pondering or deep in thought, with a slight frown and furrowed brow.
Posture: The student is sitting upright at a desk, leaning slightly forward with their hands resting on the table.
Rating: 2",2,3
5100471041.avi,"Expression: The student appears to be pondering or deep in thought, with a slight frown and furrowed brow.
Posture: The student is sitting upright at a desk, leaning slightly forward with their hands resting on the table.
Rating: 2",2,3
5100471042.avi,"Expression: The student appears to be pondering or deep in thought, with a slight frown and furrowed brow.
Posture: The student is sitting upright at a desk, leaning slightly forward with their hands resting on the table.
Rating: 2",2,2
5100471044.avi,"Expression: The student appears to be pondering or deep in thought, with a slight frown and furrowed brow.
Posture: The student is sitting upright with their hands resting on their knees.
Rating: 2",2,2
5100471045.avi,"Expression: The student appears to be pondering or deep in thought, with a slight frown and furrowed brow.
Posture: The student is sitting upright with their hands resting on their knees.
Rating: 2",2,2
5100471047.avi,"Expression: The student appears to be pondering or deep in thought, with a slight frown and furrowed brow.
Posture: The student is sitting upright with their hands resting on their knees.
Rating: 2",2,3
5100471049.avi,"Expression: The student appears to be focused and attentive, with a neutral facial expression.
Posture: The student is sitting upright in front of the camera.
Rating: 2",2,2
5100471050.avi,"Expression: The student appears to be pondering or deep in thought, with a slight frown and furrowed brow.
Posture: The student is sitting upright at a desk, leaning slightly forward with their hands resting on the table.
Rating: 2",2,3
5100471051.avi,"Expression: The student appears to be pondering or deep in thought, with a slight smile.
Posture: The student is sitting upright and leaning slightly forward.
Rating: 2",2,2
5100471052.avi,"Expression: The student appears to be pondering or deep in thought, with a slight frown and furrowed brow.
Posture: The student is sitting upright at a desk, leaning slightly forward with their hands resting on the table.
Rating: 2",2,2
5100471054.avi,"Expression: The student appears to be pondering or deep in thought, with a slightly furrowed brow and a hand on their chin.
Posture: The student is seated with one leg crossed over the other, leaning forward slightly.
Rating: 2",2,2
5100471056.avi,"Expression: The student appears to be pondering or deep in thought, with a slight frown and furrowed brow.
Posture: The student is sitting upright in a chair, leaning slightly forward with their hands resting on their knees.
Rating: 2",2,2
5100471057.avi,"Expression: The student appears to be focused and is looking directly at the camera.
Posture: The student is sitting with their hands resting on their knees, which suggests a relaxed yet attentive posture.
Rating: 2",2,3
5100471058.avi,"Expression: The student appears to be focused and is looking directly at the camera.
Posture: The student is sitting with their hands resting on a surface, possibly a table or desk.
Rating: 2",2,2
5100471059.avi,"Expression: The student appears to be making a face, possibly in reaction to the content of the video.
Posture: The student is sitting with their hand on their chin, which could indicate deep thought or contemplation.
Rating: 2",2,2
5100471060.avi,"Expression: The student appears to be focused and attentive, with a neutral expression.
Posture: The student is sitting upright in front of the camera.
Rating: 2",2,2
5100471062.avi,"Expression: The student appears to be pondering or deep in thought, with a slight frown and furrowed brow.
Posture: The student is sitting upright at a desk, leaning slightly forward with their hand on their chin.
Rating: 2",2,3
5100471063.avi,"Expression: The student appears to be focused and is looking directly at the camera.
Posture: The student is sitting with their hands resting on their knees, which suggests a relaxed yet attentive posture.
Rating: 2",2,3
5100471065.avi,"Expression: The student appears to be focused and is looking directly at the camera.
Posture: The student is sitting with their hands resting on a surface, possibly a desk or table.
Rating: 2",2,2
5100471068.avi,"Expression: The student appears to be focused and attentive, with a neutral expression.
Posture: The student is sitting upright in front of the camera.
Rating: 2",2,2
5100471069.avi,"Expression: The student appears to be focused and attentive, with a neutral expression.
Posture: The student is sitting upright in a chair, facing the camera.
Rating: 2",2,3
5100471070.avi,"Expression: The student appears to be focused and attentive, with a neutral expression.
Posture: The student is sitting upright in front of the camera.
Rating: 2",2,2
5100471072.avi,"Expression: The student appears to be focused and attentive, with a neutral expression.
Posture: The student is sitting upright in a chair, facing the camera.
Rating: 2",2,2
5100471074.avi,"Expression: The student appears to be focused and attentive, with a neutral expression.
Posture: The student is sitting upright in a chair, facing the camera.
Rating: 2",2,2
5100471075.avi,"Expression: The student appears to be looking down and away from the camera, with a neutral or slightly contemplative expression.
Posture: The student is sitting in front of a computer screen, possibly at a desk, with their body facing forward but not fully engaged.
Rating: 1",1,2
5100471080.avi,"Expression: The student appears to be looking directly at the camera with a neutral expression.
Posture: The student is sitting in front of a red door, leaning slightly forward with their hands resting on their knees.
Rating: 2",2,2
5100471081.avi,"Expression: The student appears to be smiling and looking directly at the camera.
Posture: The student is sitting with their arms resting on a table or desk, facing the camera.
Rating: 2",2,2
5100472001.avi,"Expression: The student appears to be making a face, possibly in reaction to the content of the video.
Posture: The student is sitting down with their hand near their nose.
Rating: 2",2,1
5100472002.avi,"Expression: The student appears to be focused and attentive, with a slight frown or concentration on their face.
Posture: The student is sitting upright in a chair, leaning slightly forward with one hand resting on the armrest.
Rating: 2",2,2
5100472003.avi,"Expression: The student appears to be focused and attentive, with a slight frown or concentration on their face.
Posture: The student is sitting upright in a chair, leaning slightly forward towards the camera.
Rating: 2",2,2
5100472004.avi,"Expression: The student appears to be focused and attentive, with a slight frown or concentration on their face.
Posture: The student is sitting upright in a chair, facing the camera directly.
Rating: 2",2,3
5100472005.avi,"Expression: The student appears to be focused and attentive, with a slight frown or concentration on their face.
Posture: The student is sitting upright in a chair, facing the camera.
Rating: 2",2,2
5100472007.avi,"Expression: The student appears to be looking directly at the camera with a neutral expression.
Posture: The student is sitting upright in a chair, facing forward.
Rating: 2",2,3
5100472009.avi,"Expression: The student appears to be looking directly at the camera with a neutral expression.
Posture: The student is sitting upright in front of a red door, possibly in a classroom or dorm room setting.
Rating: 2 - The student seems to be engaged but not highly focused on the content being displayed.",2,3
5100472010.avi,"Expression: The student appears to be focused and attentive, with a neutral expression.
Posture: The student is sitting upright in a chair, facing the camera.
Rating: 2",2,3
5100472011.avi,"Expression: The student appears to be looking directly at the camera with a neutral expression.
Posture: The student is sitting in front of a mirror, possibly in a room or bathroom, and seems relaxed with their hands resting on their legs.
Rating: 2",2,2
5100472012.avi,"Expression: The student appears to be looking directly at the camera with a neutral expression.
Posture: The student is sitting upright in front of a mirror, possibly in a bathroom or a room with red doors.
Rating: 2 - The student seems to be engaged but not highly focused on the content they are watching.",2,2
5100472014.avi,"Expression: The student appears to be looking down and slightly away from the camera, with a neutral expression.
Posture: The student is sitting in front of a mirror, leaning forward slightly with their hands resting on their knees or thighs.
Rating: 2",2,2
5100472019.avi,"Expression: The student appears to be making a thoughtful or contemplative facial expression, with their hand on their chin and eyes looking down.
Posture: The student is sitting in front of the camera, leaning slightly forward with their elbows resting on a surface.
Rating: 2 [Based on the image, it seems that the student is engaged but not highly engaged, as they are not actively participating in the video or showing any strong emotional response.]",2,2
5100472020.avi,"Expression: The student appears to be making a thoughtful or contemplative facial expression, with their hand on their chin and a focused gaze.
Posture: The student is sitting upright in front of the camera.
Rating: 2 - The student seems to be engaged but not highly engaged, as they are not actively participating in the video or showing any strong emotional response.",2,3
5100472021.avi,"Expression: The student appears to be deep in thought or contemplation, with a focused gaze and slight furrowing of the brow.
Posture: The student is sitting upright at a desk, leaning slightly forward with their hands resting on the table.
Rating: 2",2,3
5100472027.avi,"Expression: The student appears to be focused and attentive, with a neutral expression.
Posture: The student is sitting upright in a chair, facing the camera.
Rating: 2",2,3
5100472030.avi,"Expression: The student appears to be looking directly at the camera with a neutral expression.
Posture: The student is sitting in front of a mirror, possibly in a room or hallway, and seems relaxed with their hands resting on their lap.
Rating: 2",2,2
5100472031.avi,"Expression: The student appears to be looking directly at the camera with a neutral expression.
Posture: The student is sitting upright in front of a red door, possibly in a room or hallway.
Rating: 2 - The student seems to be engaged but not highly focused on the content they are watching.",2,2
5100472032.avi,"Expression: The student appears to be focused and attentive, with a neutral expression.
Posture: The student is sitting upright in front of the camera.
Rating: 2",2,3
5100472035.avi,"Expression: The student appears to be looking directly at the camera with a neutral expression.
Posture: The student is sitting in front of a red door, leaning slightly forward with their hands resting on their knees or thighs.
Rating: 2",2,2
5100472039.avi,"Expression: The student appears to be deep in thought, with a contemplative or pondering expression.
Posture: The student is sitting upright and leaning slightly forward, which could indicate engagement or interest in the content being viewed.
Rating: 2",2,2
5100472040.avi,"Expression: The student appears to be deep in thought, with a contemplative or pondering expression.
Posture: The student is sitting upright and leaning slightly forward, which could indicate engagement or interest in the content being viewed.
Rating: 2",2,2
5100472041.avi,"Expression: The student appears to be focused and attentive, with a slight frown or concentration on their face.
Posture: The student is sitting upright in a chair, leaning slightly forward towards the camera.
Rating: 2",2,3
5100472042.avi,"Expression: The student appears to be deep in thought, with a contemplative or pensive expression.
Posture: The student is sitting upright and leaning slightly forward, which could indicate engagement or interest in the content being viewed.
Rating: 2",2,2
5100472044.avi,"Expression: The student appears to be deep in thought or possibly bored, with a slightly furrowed brow and a hand on their chin.
Posture: The student is sitting upright at a desk, looking directly at the camera.
Rating: 2",2,2
5100472045.avi,"Expression: The student appears to be pondering or deep in thought, with a slightly furrowed brow and a hand on their chin.
Posture: The student is sitting upright in a chair, facing the camera.
Rating: 2",2,3
5100472047.avi,"Expression: The student appears to be looking directly at the camera with a neutral expression.
Posture: The student is sitting in front of a computer, leaning slightly forward with their hands resting on their knees.
Rating: 2 [Based on the image, it seems like the student is engaged but not highly engaged, as they are looking directly at the camera and not actively interacting with the content.]",2,2
5100472050.avi,"Expression: The student appears to be looking directly at the camera with a neutral expression.
Posture: The student is sitting in front of a red door, leaning slightly forward with their arms resting on their knees.
Rating: 2",2,2
5100472052.avi,"Expression: The student appears to be smiling and looking directly at the camera.
Posture: The student is sitting with a relaxed posture, leaning slightly forward.
Rating: 2",2,3
5100472053.avi,"Expression: The student appears to be looking directly at the camera with a neutral expression.
Posture: The student is sitting in front of a mirror, leaning slightly forward with their arms resting on their knees.
Rating: 2",2,2
5100472054.avi,"Expression: The student appears to be looking directly at the camera with a neutral expression.
Posture: The student is sitting in front of a red door, leaning slightly forward with their hands resting on their knees.
Rating: 2",2,2
5100472058.avi,"Expression: The student appears to be looking directly at the camera with a neutral expression.
Posture: The student is sitting in front of a red door, leaning slightly forward with their arms resting on their knees.
Rating: 2",2,1
5100472060.avi,"Expression: The student appears to be looking directly at the camera with a neutral expression.
Posture: The student is sitting in front of a red door, leaning slightly forward.
Rating: 2",2,2
5100472063.avi,"Expression: The student appears to be focused and attentive, with a neutral expression.
Posture: The student is sitting upright in front of the camera.
Rating: 2",2,2
5100472064.avi,"Expression: The student appears to be focused and attentive, with a neutral expression.
Posture: The student is sitting upright in a chair, facing the camera.
Rating: 2",2,2
826412010.avi,"Expression: The student appears to be frowning or pondering, with a slight smile.
Posture: The student is sitting in front of the camera, leaning slightly forward with their hands resting on their lap.
Rating: 2",2,3
8264120110.avi,"Expression: The student appears to be focused and attentive, with a slight smile.
Posture: The student is sitting upright in front of the camera.
Rating: 2",2,2
8264120111.avi,"Expression: The student appears to be looking down and away from the camera, with a neutral expression.
Posture: The student is sitting in front of a computer screen, possibly at a desk or table.
Rating: 2",2,2
8264120112.avi,"Expression: The student appears to be making a face, possibly in reaction to the content of the video or expressing some emotion.
Posture: The student is sitting with their hand on their face, which could indicate that they are deep in thought or reacting to something.
Rating: 2 [Based on the image, it's difficult to determine the exact level of engagement without more context about the video content and the student's typical behavior during educational sessions.]",2,2
8264120113.avi,"Expression: The student appears to be making a gesture with their hand, possibly indicating confusion or frustration.
Posture: The student is sitting in front of the camera with one hand on their face and the other hand resting on their knee.
Rating: 2",2,3
8264120116.avi,"Expression: The student appears to be making a face, possibly in reaction to the content of the video or expressing frustration.
Posture: The student is sitting with their hand on their mouth, which could indicate surprise, disbelief, or contemplation.
Rating: 2 - The student seems to be engaged but not highly engaged, as they are making a face and have their hand on their mouth, which might suggest some level of emotional response to the content of the video.",2,1
8264120117.avi,"Expression: The student appears to be making a face, possibly in reaction to the content of the video or expressing frustration.
Posture: The student is sitting with their hand on their mouth, which could indicate surprise, disbelief, or contemplation.
Rating: 2",2,3
8264120119.avi,"Expression: The student appears to be looking slightly away from the camera, with a neutral expression.
Posture: The student is sitting upright in a chair, with their arms resting on the table.
Rating: 2",2,3
8264120120.avi,"Expression: The student appears to be focused and attentive, with a neutral facial expression.
Posture: The student is sitting upright in front of the screen.
Rating: 2",2,1
8264120121.avi,"Expression: The student appears to be making a face, possibly in reaction to the content of the video or expressing some emotion.
Posture: The student is sitting with their hands on their lap and looking directly at the camera.
Rating: 2",2,2
8264120122.avi,"Expression: The student appears to be looking directly at the camera with a neutral expression.
Posture: The student is sitting in front of the camera, leaning slightly forward with their arms resting on their knees.
Rating: 2",2,2
8264120123.avi,"Expression: The student appears to be looking directly at the camera with a neutral expression.
Posture: The student is sitting in front of a computer, leaning slightly forward with their arms resting on the desk.
Rating: 2",2,1
8264120124.avi,"Expression: The student appears to be focused and attentive, with a neutral facial expression.
Posture: The student is sitting upright in front of the camera.
Rating: 2",2,2
8264120125.avi,"Expression: The student appears to be focused and attentive, with a neutral facial expression.
Posture: The student is sitting upright in front of the camera, suggesting engagement.
Rating: 2",2,2
8264120126.avi,"Expression: The student appears to be looking down and away from the camera, with a neutral or slightly disinterested expression.
Posture: The student is sitting upright in front of a computer screen.
Rating: 2",2,2
8264120127.avi,"Expression: The student appears to be looking down and away from the camera, with a neutral or slightly contemplative expression.
Posture: The student is sitting upright in a chair, with their hands resting on their lap.
Rating: 2 - The student seems to be engaged but not highly focused on the content of the video.",2,1
826412013.avi,"Expression: The student appears to be smiling and looking directly at the camera, which could indicate engagement or interest in the content.
Posture: The student is sitting with their arms crossed, which might suggest a relaxed posture but not necessarily high engagement.
Rating: 2",2,1
8264120131.avi,"Expression: The student appears to be in a state of confusion or frustration, with their hand on their head and a concerned look on their face.
Posture: They are sitting down, leaning slightly forward with their elbow on the table.
Rating: 2",2,2
8264120132.avi,"Expression: The student appears to be looking down and away from the camera, with a neutral expression.
Posture: The student is sitting in front of a computer screen, possibly at a desk or table.
Rating: 2 - The student seems to be engaged but not highly focused on the content being displayed on the screen.",2,2
8264120136.avi,"Expression: The student appears to be looking directly at the camera with a neutral expression.
Posture: The student is sitting upright, leaning slightly forward.
Rating: 2",2,2
8264120139.avi,"Expression: The student appears to be looking down and away from the camera, with a neutral or slightly disinterested expression.
Posture: The student is sitting in front of the camera, but their body posture seems relaxed and not particularly engaged.
Rating: 1",1,3
8264120141.avi,"Expression: The student appears to be looking down and away from the camera, with a neutral or slightly disinterested expression.
Posture: The student is sitting upright in front of the camera.
Rating: 2",2,2
8264120144.avi,"Expression: The student appears to be looking down and away from the camera, with a neutral or slightly disinterested expression.
Posture: The student is sitting upright in front of the camera.
Rating: 2",2,3
8264120145.avi,"Expression: The student appears to be looking down and away from the camera, with a neutral or slightly disinterested expression.
Posture: The student is sitting upright in front of the camera.
Rating: 2",2,3
8264120146.avi,"Expression: The student appears to be focused and attentive, with a neutral facial expression.
Posture: The student is sitting upright in front of the screen.
Rating: 2",2,3
8264120149.avi,"Expression: The student appears to be bored or disinterested, with a slight frown and closed eyes.
Posture: The student is leaning on their hand, which could indicate a lack of engagement or fatigue.
Rating: 1",1,2
8264120150.avi,"Expression: The student appears to be bored or disinterested, with a slight frown and closed eyes.
Posture: The student is leaning on their hand, which could indicate a lack of engagement or fatigue.
Rating: 1",1,1
8264120156.avi,"Expression: The student appears to be in a state of distress or discomfort, with their hand on their head and a concerned or worried expression.
Posture: They are sitting down, possibly at a desk or table, with their body leaning slightly forward.
Rating: 2",2,1
8264120157.avi,"Expression: The student appears to be in a state of distress or frustration, with their hand on their head and a concerned or worried expression.
Posture: They are sitting down, leaning forward slightly with their elbows on the table.
Rating: 2",2,2
8264120159.avi,"Expression: The student appears to be in a state of distress or frustration, with their hand on their head and a concerned or worried expression.
Posture: They are sitting down, leaning forward slightly with their elbows on the table.
Rating: 2",2,2
8264120165.avi,"Expression: The student appears to be in a state of frustration or confusion, with their hand on their head and a concerned or puzzled expression.
Posture: They are sitting down, leaning forward slightly with their elbows on the table.
Rating: 2",2,3
8264120166.avi,"Expression: The student appears to be in a state of distress or frustration, with their hand on their head and a concerned or worried expression.
Posture: They are sitting down, leaning forward slightly with their elbows on the table.
Rating: 2",2,3
8264120169.avi,"Expression: The student appears to be in a state of confusion or frustration, with their hand on their head and a concerned look.
Posture: They are sitting upright at a desk.
Rating: 2",2,1
826412017.avi,"Expression: The student appears to be focused and attentive, with a neutral expression.
Posture: The student is sitting upright in front of the camera.
Rating: 2",2,2
826412018.avi,"Expression: The student appears to be focused and attentive, with a neutral expression.
Posture: The student is sitting upright in front of the camera.
Rating: 2",2,2
826412019.avi,"Expression: The student appears to be looking slightly away from the camera, with a neutral expression.
Posture: The student is sitting in front of the camera, with their body facing forward and their head turned to one side.
Rating: 2",2,2
8264120210.avi,"Expression: The student appears to be making a face, possibly in reaction to the content of the video.
Posture: The student is sitting with their head turned slightly away from the camera.
Rating: 2",2,2
8264120211.avi,"Expression: The student appears to be looking down and has a neutral expression.
Posture: The student is sitting with their head slightly tilted downwards, which could indicate a lack of engagement or concentration.
Rating: 1",1,1
8264120213.avi,"Expression: The student appears to be looking downwards with a neutral expression.
Posture: The student is sitting upright in their chair, facing the camera.
Rating: 2",2,3
8264120215.avi,"Expression: The student appears to be looking directly at the camera with a neutral expression.
Posture: The student is sitting upright in front of the camera.
Rating: 2",2,3
8264120216.avi,"Expression: The student appears to be looking slightly away from the camera, with a neutral expression.
Posture: The student is sitting upright in front of the camera.
Rating: 2",2,3
8264120218.avi,"Expression: The student appears to be in a state of contemplation or deep thought, with their hand on their forehead and a slight frown.
Posture: They are sitting upright at a desk or table.
Rating: 2",2,3
8264120219.avi,"Expression: The student appears to be in a state of confusion or deep thought, with their hand on their head and a contemplative expression.
Posture: They are sitting down, leaning slightly forward with their hand resting on their forehead.
Rating: 2",2,3
8264120220.avi,"Expression: The student appears to be making a gesture with their hand, possibly indicating a point or emphasizing something in the video.
Posture: The student is sitting upright and facing the camera.
Rating: 2",2,2
8264120221.avi,"Expression: The student appears to be focused and attentive, with a neutral facial expression.
Posture: The student is sitting upright in their chair, suggesting an active engagement with the content of the video.
Rating: 2",2,3
8264120223.avi,"Expression: The student appears to be looking down and away from the camera, with a neutral expression.
Posture: The student is sitting in front of the camera, possibly at a desk or table.
Rating: 2",2,2
8264120224.avi,"Expression: The student appears to be focused and attentive, with a neutral expression.
Posture: The student is sitting upright in their chair, suggesting engagement.
Rating: 2",2,3
8264120227.avi,"Expression: The student appears to be in a state of confusion or concern, with their hand on their head and a furrowed brow.
Posture: They are sitting down, leaning forward slightly with their elbows on the table.
Rating: 2",2,3
8264120228.avi,"Expression: The student appears to be in a state of confusion or frustration, with their hand on their head and a concerned look.
Posture: They are sitting down, leaning forward slightly with their hand on their forehead.
Rating: 2",2,3
8264120229.avi,"Expression: The student appears to be looking down and slightly away from the camera, with a neutral expression.
Posture: The student is sitting upright in front of the camera.
Rating: 2",2,2
826412023.avi,"Expression: The student appears to be focused and attentive, with a neutral facial expression.
Posture: The student is sitting upright in front of the camera.
Rating: 2",2,3
8264120231.avi,"Expression: The student appears to be looking down and away from the camera, with a neutral or slightly contemplative expression.
Posture: The student is sitting in front of the camera, leaning forward slightly.
Rating: 2",2,1
8264120232.avi,"Expression: The student appears to be looking down and away from the camera, with a neutral expression.
Posture: The student is sitting upright in front of the camera.
Rating: 2",2,2
8264120233.avi,"Expression: The student appears to be looking down and away from the camera, with a neutral or slightly contemplative expression.
Posture: The student is seated in front of a computer screen, possibly at a desk, with their body facing forward but not fully engaged.
Rating: 1",1,3
8264120234.avi,"Expression: The student appears to be looking down and away from the camera, with a neutral or slightly contemplative expression.
Posture: The student is sitting upright in front of the camera.
Rating: 2",2,2
8264120239.avi,"Expression: The student appears to be looking down and slightly away from the camera, with a neutral or possibly contemplative expression.
Posture: The student is seated in front of a computer screen, which suggests they are focused on the content being displayed.
Rating: 2 - The student seems to be engaged but not highly engaged, as their attention appears to be directed away from the camera and towards something else.",2,1
826412024.avi,"Expression: The student appears to be focused and attentive, with a neutral expression.
Posture: The student is sitting upright in front of the camera.
Rating: 2",2,3
8264120240.avi,"Expression: The student appears to be looking downwards with a neutral expression.
Posture: The student is sitting upright in front of the camera.
Rating: 2",2,0
8264120241.avi,"Expression: The student appears to be in a state of confusion or frustration, with their hand on their head and a concerned or puzzled expression.
Posture: They are sitting down, leaning forward slightly with their elbows on the table.
Rating: 2",2,2
8264120242.avi,"Expression: The student appears to be in a state of confusion or frustration, with their hand on their head and a furrowed brow.
Posture: They are sitting down, leaning forward slightly with their elbows on the table.
Rating: 2",2,2
8264120243.avi,"Expression: The student appears to be frowning or making a face, possibly indicating confusion or frustration.
Posture: The student is sitting with their head resting on one hand, which could suggest they are deep in thought or feeling overwhelmed.
Rating: 2 - The student seems to be somewhat engaged, but their facial expression and posture might indicate that they are struggling to understand the content of the educational video.",2,1
8264120245.avi,"Expression: The student appears to be frowning and looking down, possibly indicating frustration or confusion.
Posture: The student is sitting with their hands on their head, which could suggest they are deep in thought or overwhelmed by the content of the video.
Rating: 2 - The student seems to be engaged but might be struggling with the material being presented in the educational video.",2,2
8264120247.avi,"Expression: The student appears to be frowning or concentrating, with their head resting on one hand.
Posture: They are sitting in a chair with their body leaning forward slightly.
Rating: 2",2,3
8264120248.avi,"Expression: The student appears to be frowning or concentrating, with a slight smile.
Posture: The student is sitting down and has their hands on their face.
Rating: 2",2,2
8264120249.avi,"Expression: The student appears to be frowning or concentrating, with a slight furrowing of the brow.
Posture: The student is sitting with their arms crossed and resting their head on one hand.
Rating: 2 - The student seems to be engaged in the content they are watching, but not highly engaged.",2,1
826412025.avi,"Expression: The student appears to be looking slightly away from the camera, with a neutral expression.
Posture: The student is sitting upright in front of the camera.
Rating: 2",2,2
8264120254.avi,"Expression: The student appears to be looking downwards with a neutral expression.
Posture: The student is sitting upright in front of the camera.
Rating: 2",2,1
8264120256.avi,"Expression: The student appears to be looking down and away from the camera, with a neutral expression.
Posture: The student is sitting upright in front of the camera.
Rating: 2",2,1
8264120257.avi,"Expression: The student appears to be looking down and away from the camera, with a neutral or slightly contemplative expression.
Posture: The student is sitting upright in front of the camera.
Rating: 2",2,3
8264120258.avi,"Expression: The student appears to be looking down and away from the camera, with a neutral or slightly contemplative expression.
Posture: The student is sitting upright in a chair, facing the camera but not directly engaging with it.
Rating: 1",1,2
8264120261.avi,"Expression: The student appears to be looking down and away from the camera, with a neutral or slightly contemplative expression.
Posture: The student is sitting in front of the camera, but their body posture is not clearly visible due to the angle of the photo.
Rating: 2 [Based on the limited information available, it's difficult to accurately assess engagement level without more context.]",2,1
8264120262.avi,"Expression: The student appears to be focused and attentive, with a neutral facial expression.
Posture: The student is sitting upright in front of the screen.
Rating: 2",2,1
8264120263.avi,"Expression: The student appears to be looking down and has a neutral expression.
Posture: The student is sitting with their hands on their face, which could indicate a moment of contemplation or boredom.
Rating: 1",1,1
8264120265.avi,"Expression: The student appears to be pondering or deep in thought, with a hand on their chin.
Posture: They are sitting upright and facing the camera.
Rating: 2",2,1
8264120266.avi,"Expression: The student appears to be looking down and has a neutral expression.
Posture: The student is sitting with their hands clasped together in front of them, which could suggest they are deep in thought or focused on the content.
Rating: 2",2,1
8264120268.avi,"Expression: The student appears to be looking down and has a neutral expression.
Posture: The student is sitting with their hands on their chin, which could indicate contemplation or boredom.
Rating: 2",2,3
8264120269.avi,"Expression: The student appears to be pondering or deep in thought, with a slight frown and a hand on their chin.
Posture: The student is sitting upright with a relaxed posture.
Rating: 2",2,1
826412027.avi,"Expression: The student appears to be looking down and away from the camera, with a neutral or slightly contemplative expression.
Posture: The student is sitting upright in front of the camera.
Rating: 2",2,2
8264120274.avi,"Expression: The student appears to be focused and attentive, with a neutral facial expression.
Posture: The student is sitting upright in front of the screen.
Rating: 2",2,3
8264120275.avi,"Expression: The student appears to be looking down and away from the camera, with a neutral or slightly disinterested expression.
Posture: The student is sitting in front of the camera, but their body posture is not clearly visible due to the angle of the photo.
Rating: 1 [Based on the limited information available, it's difficult to accurately assess engagement level without more context.]",1,3
8264120279.avi,"Expression: The student appears to be looking down and away from the camera, with a neutral expression.
Posture: The student is sitting upright in front of the camera.
Rating: 2",2,1
8264120280.avi,"Expression: The student appears to be looking down and away from the camera, with a neutral or slightly contemplative expression.
Posture: The student is seated in front of a wall, leaning forward slightly with their hands resting on their knees.
Rating: 2",2,2
8264120282.avi,"Expression: The student appears to be looking down and away from the camera, with a neutral expression.
Posture: The student is sitting upright in front of the camera.
Rating: 2",2,1
8264120284.avi,"Expression: The student appears to be in a state of confusion or frustration, with their hand on their head and a concerned look.
Posture: They are sitting down, leaning slightly forward with their elbow on the table.
Rating: 2",2,1
88265401100.mp4,"Expression: The student appears to be focused and attentive, with a slight frown or concentration on their face.
Posture: The student is sitting upright in front of the computer screen.
Rating: 2",2,3
88265401130.mp4,"Expression: The student appears to be focused and attentive, with a slight smile.
Posture: The student is sitting upright in a chair, with their hand on their chin, suggesting deep thought or concentration.
Rating: 2",2,3
88265401140.mp4,"Expression: The student appears to be focused and contemplative, with a slight smile.
Posture: The student is sitting upright in front of the computer screen.
Rating: 2",2,3
88265401150.mp4,"Expression: The student appears to be focused and attentive, with a slight smile.
Posture: The student is sitting upright in front of the computer screen.
Rating: 2",2,3
88265401160.mp4,"Expression: The student appears to be focused and attentive, with a slight smile.
Posture: The student is sitting upright in front of the computer screen.
Rating: 2",2,3
88265401170.mp4,"Expression: The student appears to be focused and attentive, with a neutral expression.
Posture: The student is sitting upright in front of the computer screen.
Rating: 2",2,2
88265401190.mp4,"Expression: The student appears to be focused and attentive, with a neutral expression.
Posture: The student is sitting upright in front of the computer screen.
Rating: 2",2,3
8826540120.mp4,"Expression: The student appears to be focused and attentive, with a slight smile.
Posture: The student is sitting upright in front of the computer screen.
Rating: 2",2,3
88265401200.mp4,"Expression: The student appears to be focused and attentive, with a slight frown or concentration on their face.
Posture: The student is sitting upright in front of the screen.
Rating: 2",2,2
88265401240.mp4,"Expression: The student appears to be looking directly at the camera with a neutral expression.
Posture: The student is sitting upright in front of a computer screen.
Rating: 2",2,3
88265401260.mp4,"Expression: The student appears to be focused and attentive, with a neutral expression.
Posture: The student is sitting upright in front of the camera.
Rating: 2",2,3
88265401270.mp4,"Expression: The student appears to be focused and attentive, with a neutral expression.
Posture: The student is sitting upright in front of the camera.
Rating: 2",2,3
88265401280.mp4,"Expression: The student appears to be focused and attentive, with a neutral expression.
Posture: The student is sitting upright in front of the camera.
Rating: 2",2,3
88265401300.mp4,"Expression: The student appears to be focused and attentive, with a neutral expression.
Posture: The student is sitting upright in front of the camera.
Rating: 2",2,3
88265401320.mp4,"Expression: The student appears to be focused and attentive, with a slight smile.
Posture: The student is sitting upright in front of the camera.
Rating: 2",2,3
88265401350.mp4,"Expression: The student appears to be focused and attentive, with a neutral expression.
Posture: The student is sitting upright in front of the computer screen.
Rating: 2",2,3
88265401360.mp4,"Expression: The student appears to be looking directly at the camera with a neutral expression.
Posture: The student is sitting upright in front of a computer screen.
Rating: 2 [The student seems to be engaged, but not highly engaged.]",2,3
88265401380.mp4,"Expression: The student appears to be looking down and slightly away from the camera, with a neutral expression.
Posture: The student is sitting in front of a computer screen, possibly at a desk or table.
Rating: 2 - The student seems to be engaged but not highly focused on the content they are watching.",2,3
88265401390.mp4,"Expression: The student appears to be focused and attentive, with a neutral expression.
Posture: The student is sitting upright in front of the camera.
Rating: 2",2,3
88265401400.mp4,"Expression: The student appears to be focused and attentive, with a neutral expression.
Posture: The student is sitting upright in front of the computer screen.
Rating: 2",2,3
88265401410.mp4,"Expression: The student appears to be focused and attentive, with a neutral expression.
Posture: The student is sitting upright in front of the computer screen.
Rating: 2",2,3
88265401420.mp4,"Expression: The student appears to be focused and attentive, with a neutral expression.
Posture: The student is sitting upright in front of the camera.
Rating: 2",2,2
88265401430.mp4,"Expression: The student appears to be focused and attentive, with a neutral expression.
Posture: The student is sitting upright in front of the camera.
Rating: 2",2,3
88265401450.mp4,"Expression: The student appears to be focused and attentive, with a slight smile on their face.
Posture: The student is sitting upright in a chair, with one hand touching their ear.
Rating: 2",2,3
88265401470.mp4,"Expression: The student appears to be focused and attentive, with a neutral expression.
Posture: The student is sitting upright in front of the computer screen.
Rating: 2",2,2
88265401480.mp4,"Expression: The student appears to be focused and attentive, with a neutral expression.
Posture: The student is sitting upright in front of the computer screen.
Rating: 2",2,3
88265401490.mp4,"Expression: The student appears to be focused and attentive, with a neutral expression.
Posture: The student is sitting upright in front of the computer screen.
Rating: 2",2,3
8826540150.mp4,"Expression: The student appears to be focused and attentive, with a slight smile.
Posture: The student is sitting upright in front of the computer screen.
Rating: 2",2,3
88265401520.mp4,"Expression: The student appears to be focused and attentive, with a neutral expression.
Posture: The student is sitting upright in their chair, facing the camera.
Rating: 2",2,3
88265401550.mp4,"Expression: The student appears to be looking slightly away from the camera, with a neutral expression.
Posture: The student is sitting upright in front of a computer screen.
Rating: 2",2,3
88265401630.mp4,"Expression: The student appears to be focused and attentive, with a neutral expression.
Posture: The student is sitting upright in front of the computer screen.
Rating: 2",2,2
88265401640.mp4,"Expression: The student appears to be focused and attentive, with a neutral expression.
Posture: The student is sitting upright in front of the computer screen.
Rating: 2",2,2
88265401660.mp4,"Expression: The student appears to be focused and attentive, with a neutral expression.
Posture: The student is sitting upright in front of the computer screen.
Rating: 2",2,3
88265401690.mp4,"Expression: The student appears to be focused and attentive, with a neutral expression.
Posture: The student is sitting upright in front of the camera.
Rating: 2",2,3
8826540170.mp4,"Expression: The student appears to be focused and attentive, with a neutral expression.
Posture: The student is sitting upright in front of the computer screen.
Rating: 2",2,3
88265401730.mp4,"Expression: The student appears to be focused and attentive, with a neutral expression.
Posture: The student is sitting upright in front of the computer screen.
Rating: 2",2,3
88265401740.mp4,"Expression: The student appears to be focused and attentive, with a neutral expression.
Posture: The student is sitting upright in front of the camera.
Rating: 2",2,3
88265401750.mp4,"Expression: The student appears to be focused and attentive, with a slight smile.
Posture: The student is sitting upright in front of the screen.
Rating: 2",2,1
8826540180.mp4,"Expression: The student appears to be focused and attentive, with a neutral expression.
Posture: The student is sitting upright in front of the camera.
Rating: 2",2,3
88265402120.mp4,"Expression: The student appears to be focused and attentive, with a neutral expression.
Posture: The student is sitting upright in front of the computer screen.
Rating: 2",2,3
88265402150.mp4,"Expression: The student appears to be focused and attentive, with a slight smile.
Posture: The student is sitting upright in front of the computer screen.
Rating: 2",2,3
88265402160.mp4,"Expression: The student appears to be looking down and slightly away from the camera, with a neutral expression.
Posture: The student is sitting in front of a computer screen, possibly at a desk or table.
Rating: 2 - The student seems to be engaged but not highly focused on the content they are watching.",2,2
88265402170.mp4,"Expression: The student appears to be looking down and slightly away from the camera, with a neutral expression.
Posture: The student is sitting in front of a computer screen, possibly at a desk or table.
Rating: 2 - The student seems to be engaged but not highly focused on the content they are watching.",2,3
88265402180.mp4,"Expression: The student appears to be looking down and slightly away from the camera, with a neutral expression.
Posture: The student is sitting in front of a computer screen, possibly at a desk or table.
Rating: 2 - The student seems to be engaged but not highly focused on the content they are watching.",2,2
88265402190.mp4,"Expression: The student appears to be focused and attentive, with a neutral expression.
Posture: The student is sitting upright in front of the camera.
Rating: 2",2,3
88265402200.mp4,"Expression: The student appears to be making a funny face, possibly smirking or rolling their eyes.
Posture: They are sitting in front of the camera with one hand on their chin and the other arm resting on the table.
Rating: 2 - The student seems to be somewhat engaged but not fully focused on the content of the video.",2,3
88265402230.mp4,"Expression: The student appears to be looking down and slightly away from the camera, with a neutral expression.
Posture: The student is sitting in front of a computer screen, possibly at a desk or table.
Rating: 2 - The student seems to be engaged but not highly focused on the content they are watching.",2,2
88265402240.mp4,"Expression: The student appears to be looking down and slightly away from the camera, with a neutral expression.
Posture: The student is sitting in front of a computer screen, possibly at a desk or table.
Rating: 2 - The student seems to be engaged but not highly focused on the content they are watching.",2,2
88265402270.mp4,"Expression: The student appears to be focused and attentive, with a neutral expression.
Posture: The student is sitting upright in front of the camera.
Rating: 2",2,2
8826540230.mp4,"Expression: The student appears to be focused and attentive, with a slight smile.
Posture: The student is sitting upright in front of the screen.
Rating: 2",2,3
88265402300.mp4,"Expression: The student appears to be focused and attentive, with a neutral expression.
Posture: The student is sitting upright in front of the camera.
Rating: 2",2,3
88265402310.mp4,"Expression: The student appears to be focused and attentive, with a neutral expression.
Posture: The student is sitting upright in front of the camera.
Rating: 2",2,3
88265402320.mp4,"Expression: The student appears to be focused and attentive, with a neutral expression.
Posture: The student is sitting upright in front of the camera.
Rating: 2",2,2
88265402330.mp4,"Expression: The student appears to be focused and attentive, with a neutral expression.
Posture: The student is sitting upright in front of the screen.
Rating: 2",2,3
88265402340.mp4,"Expression: The student appears to be focused and attentive, with a neutral expression.
Posture: The student is sitting upright in front of the computer screen.
Rating: 2",2,2
88265402350.mp4,"Expression: The student appears to be focused and attentive, with a neutral expression.
Posture: The student is sitting upright in front of the camera.
Rating: 2",2,3
88265402370.mp4,"Expression: The student appears to be focused and attentive, with a neutral expression.
Posture: The student is sitting upright in front of the camera.
Rating: 2",2,3
88265402380.mp4,"Expression: The student appears to be focused and attentive, with a neutral expression.
Posture: The student is sitting upright in front of the camera.
Rating: 2",2,3
8826540240.mp4,"Expression: The student appears to be focused and attentive, with a slight smile.
Posture: The student is sitting upright in front of the computer screen.
Rating: 2",2,3
88265402400.mp4,"Expression: The student appears to be focused and attentive, with a neutral expression.
Posture: The student is sitting upright in front of the computer screen.
Rating: 2",2,2
88265402420.mp4,"Expression: The student appears to be focused and attentive, with a neutral expression.
Posture: The student is sitting upright in front of the camera.
Rating: 2",2,3
88265402440.mp4,"Expression: The student appears to be focused and attentive, with a neutral expression.
Posture: The student is sitting upright in front of the computer screen.
Rating: 2",2,2
88265402450.mp4,"Expression: The student appears to be focused and attentive, with a neutral expression.
Posture: The student is sitting upright in front of the computer screen.
Rating: 2",2,3
88265402480.mp4,"Expression: The student appears to be focused and attentive, with a neutral expression.
Posture: The student is sitting upright in front of the camera.
Rating: 2",2,2
88265402490.mp4,"Expression: The student appears to be focused and attentive, with a neutral expression.
Posture: The student is sitting upright in front of the computer screen.
Rating: 2",2,3
88265402500.mp4,"Expression: The student appears to be focused and attentive, with a neutral expression.
Posture: The student is sitting upright in front of the screen.
Rating: 2",2,3
88265402520.mp4,"Expression: The student appears to have a neutral expression, with a slight frown.
Posture: The student is sitting upright in front of the camera.
Rating: 2",2,3
88265402540.mp4,"Expression: The student appears to be focused and attentive, with a neutral expression.
Posture: The student is sitting upright in front of the camera.
Rating: 2",2,2
88265402570.mp4,"Expression: The student appears to be looking down and slightly away from the camera, with a neutral expression.
Posture: The student is sitting in front of a computer screen, possibly at a desk or table.
Rating: 2 - The student seems to be engaged but not highly focused on the content they are watching.",2,2
88265402580.mp4,"Expression: The student appears to be looking slightly away from the camera, with a neutral expression.
Posture: The student is sitting upright in front of a computer screen.
Rating: 2",2,3
88265402590.mp4,"Expression: The student appears to be focused and attentive, with a neutral expression.
Posture: The student is sitting upright in front of the camera.
Rating: 2",2,3
8826540260.mp4,"Expression: The student appears to be focused and attentive, with a neutral expression.
Posture: The student is sitting upright in front of the computer screen.
Rating: 2",2,2
88265402600.mp4,"Expression: The student appears to be looking directly at the camera with a neutral expression.
Posture: The student is sitting upright in front of a computer screen.
Rating: 2 [The student seems to be engaged but not highly engaged, as they are not actively interacting with the content on the screen.]",2,2
88265402630.mp4,"Expression: The student appears to be focused and attentive, with a neutral expression.
Posture: The student is sitting upright in front of the camera.
Rating: 2",2,3
88265402660.mp4,"Expression: The student appears to be looking down and slightly away from the camera, with a neutral expression.
Posture: The student is sitting upright in front of a computer screen.
Rating: 2",2,3
88265402690.mp4,"Expression: The student appears to be focused and attentive, with a neutral expression.
Posture: The student is sitting upright in front of the camera.
Rating: 2",2,3
8826540270.mp4,"Expression: The student appears to be focused and attentive, with a neutral expression.
Posture: The student is sitting upright in front of the computer screen.
Rating: 2",2,3
88265402700.mp4,"Expression: The student appears to be focused and attentive, with a neutral expression.
Posture: The student is sitting upright in front of the camera.
Rating: 2",2,3
88265402770.mp4,"Expression: The student appears to be focused and attentive, with a neutral expression.
Posture: The student is sitting upright in front of the camera.
Rating: 2",2,3
88265402780.mp4,"Expression: The student appears to be focused and attentive, with a neutral expression.
Posture: The student is sitting upright in front of the camera.
Rating: 2",2,3
88265402790.mp4,"Expression: The student appears to be focused and attentive, with a neutral expression.
Posture: The student is sitting upright in front of the camera.
Rating: 2",2,2
8826540280.mp4,"Expression: The student appears to be focused and attentive, with a neutral expression.
Posture: The student is sitting upright in front of the camera.
Rating: 2",2,2
88265402800.mp4,"Expression: The student appears to be focused and attentive, with a neutral expression.
Posture: The student is sitting upright in front of the camera.
Rating: 2",2,3
88265402810.mp4,"Expression: The student appears to be looking directly at the camera with a neutral expression.
Posture: The student is sitting upright in front of a computer screen.
Rating: 2",2,3
88265402820.mp4,"Expression: The student appears to be looking down and slightly away from the camera, with a neutral expression.
Posture: The student is sitting upright in front of a computer screen.
Rating: 2",2,3
88265402840.mp4,"Expression: The student appears to be looking directly at the camera with a neutral expression.
Posture: The student is sitting upright in front of a computer screen.
Rating: 2 [The student seems to be engaged but not highly engaged, as they are not actively interacting with the content on the screen.]",2,3
88265402850.mp4,"Expression: The student appears to be focused and attentive, with a neutral expression.
Posture: The student is sitting upright in front of the camera.
Rating: 2",2,3
88265402880.mp4,"Expression: The student appears to be focused and attentive, with a neutral expression.
Posture: The student is sitting upright in front of the computer screen.
Rating: 2",2,2
88265402890.mp4,"Expression: The student appears to be focused and attentive, with a neutral expression.
Posture: The student is sitting upright in front of the screen.
Rating: 2",2,3
8826540290.mp4,"Expression: The student appears to be focused and attentive, with a neutral expression.
Posture: The student is sitting upright in front of the camera.
Rating: 2",2,3
88265402900.mp4,"Expression: The student appears to be looking directly at the camera with a neutral expression.
Posture: The student is sitting upright in front of a computer screen.
Rating: 2",2,3
907001100.mp4,"Expression: The student appears to be pondering or deep in thought, with a slightly furrowed brow and a hand on their chin.
Posture: The student is sitting at a desk, leaning forward slightly with one hand resting on the table.
Rating: 2 - The student seems to be engaged but not highly focused on the video.",2,3
9070011010.mp4,"Expression: The student appears to be deep in thought or possibly bored, with a contemplative expression.
Posture: The student is sitting at a desk, leaning slightly forward with their chin resting on their hand.
Rating: 2",2,2
9070011020.mp4,"Expression: The student appears to be looking directly at the camera with a neutral expression.
Posture: The student is sitting upright in front of a computer screen.
Rating: 2",2,3
9070011060.mp4,"Expression: The student appears to be frowning or pondering, with their hand on their chin.
Posture: They are sitting in a chair and looking down at the camera.
Rating: 2 - The student seems to be somewhat engaged, as they are watching the video and have a thoughtful expression.",2,3
9070011090.mp4,"Expression: The student appears to be making a funny or surprised face, with their mouth open and eyes wide.
Posture: They are sitting at a desk in front of a computer screen.
Rating: 2 - The student seems to be somewhat engaged, but their facial expression suggests they might not be fully focused on the educational video.",2,2
907001110.mp4,"Expression: The student appears to be looking down and away from the camera, with a neutral or slightly puzzled expression.
Posture: The student is sitting at a desk in front of a computer screen.
Rating: 2",2,3
9070011110.mp4,"Expression: The student appears to be looking down and has a neutral expression.
Posture: The student is sitting at a table with their hands on the table, leaning slightly forward.
Rating: 2",2,3
907001120.mp4,"Expression: The student appears to be looking down and away from the camera, with a neutral or slightly contemplative expression.
Posture: The student is sitting at a desk in front of a computer screen.
Rating: 2 - The student seems to be engaged but not highly focused on the content they are watching.",2,2
907001150.mp4,"Expression: The student appears to be looking directly at the camera with a neutral expression.
Posture: The student is sitting upright in front of a computer screen.
Rating: 2",2,3
907001160.mp4,"Expression: The student appears to be looking slightly away from the camera, with a neutral expression.
Posture: The student is sitting in front of a computer screen, possibly at a desk or table.
Rating: 2",2,2
907001170.mp4,"Expression: The student appears to be looking off to the side with a neutral expression.
Posture: The student is sitting at a desk, leaning slightly forward with their head turned to the side.
Rating: 2",2,3
907001180.mp4,"Expression: The student appears to be looking slightly away from the camera, with a neutral expression.
Posture: The student is sitting at a desk in front of a computer screen.
Rating: 2",2,3
907001210.mp4,"Expression: The student appears to be focused and attentive, with a neutral expression.
Posture: The student is sitting upright at a desk or table in front of a computer screen.
Rating: 2",2,3
907001220.mp4,"Expression: The student appears to be focused and attentive, with a slight smile.
Posture: The student is sitting upright at a desk or table.
Rating: 2",2,3
907001240.mp4,"Expression: The student appears to be looking down and away from the camera, with a neutral or slightly contemplative expression.
Posture: The student is sitting at a desk in front of a computer screen.
Rating: 2 - The student seems to be engaged but not highly focused on the content they are watching.",2,3
907001270.mp4,"Expression: The student appears to be looking down and away from the camera, with a neutral or slightly contemplative expression.
Posture: The student is sitting at a desk in front of a computer screen.
Rating: 2 - The student seems to be engaged but not highly focused on the content they are watching.",2,2
907001280.mp4,"Expression: The student appears to be making a funny or sarcastic face, with a slight smirk and raised eyebrows.
Posture: The student is sitting at a desk in front of a computer screen, looking directly at the camera.
Rating: 2 - The student seems to be engaged but not highly focused on the educational video.",2,3
907001310.mp4,"Expression: The student appears to be making a funny or sarcastic face, with a slight smirk and raised eyebrow.
Posture: The student is sitting at a desk in front of a computer screen, looking directly at the camera.
Rating: 2 - The student seems to be engaged but not highly focused on the educational video.",2,3
907001340.mp4,"Expression: The student appears to be looking down with a neutral expression, possibly focused on the content of the video.
Posture: The student is sitting at a desk or table, which suggests they are engaged in an activity.
Rating: 2 - The student seems to be engaged but not highly engaged, as their attention is directed towards something off-camera rather than the educational video.",2,3
907001350.mp4,"Expression: The student appears to be making a funny or sarcastic face, with a slight smirk and raised eyebrow.
Posture: The student is sitting at a desk in front of a computer screen, looking directly at the camera.
Rating: 2",2,3
907001360.mp4,"Expression: The student appears to be making a playful or sarcastic face, with a slight smirk and a raised eyebrow.
Posture: The student is sitting at a desk in front of a computer screen, looking directly at the camera.
Rating: 2 - The student seems to be engaged but not highly focused on the educational video.",2,3
907001370.mp4,"Expression: The student appears to be looking down and away from the camera, with a neutral or slightly contemplative expression.
Posture: The student is sitting at a desk with their head resting on one hand, suggesting a relaxed posture.
Rating: 2",2,3
907001400.mp4,"Expression: The student appears to be making a funny or sarcastic face, with a slight smirk and raised eyebrow.
Posture: The student is sitting at a desk in front of a computer screen, looking directly at the camera.
Rating: 2",2,3
907001430.mp4,"Expression: The student appears to be making a funny or sarcastic face, with a slight smirk and raised eyebrows.
Posture: The student is sitting at a desk in front of a computer screen, looking directly at the camera.
Rating: 2",2,2
907001450.mp4,"Expression: The student appears to be looking down and away from the camera, with a neutral or slightly puzzled expression.
Posture: The student is sitting at a desk in front of a computer screen.
Rating: 2 - The student seems to be engaged but not highly focused on the content they are watching.",2,3
907001480.mp4,"Expression: The student appears to be looking down and away from the camera, with a neutral or slightly contemplative expression.
Posture: The student is sitting at a desk in front of a computer screen, which suggests they are focused on the content being displayed.
Rating: 2 - The student seems to be engaged but not highly engaged, as their attention appears to be directed away from the camera and towards something else.",2,1
907001490.mp4,"Expression: The student appears to be looking down and away from the camera, with a neutral or slightly contemplative expression.
Posture: The student is sitting upright in front of a computer screen.
Rating: 2 - The student seems to be engaged but not highly focused on the content they are watching.",2,3
90700150.mp4,"Expression: The student appears to be focused and attentive, with a slight smile on their face.
Posture: The student is sitting at a desk in front of a computer screen, looking towards the camera.
Rating: 2",2,3
907001500.mp4,"Expression: The student appears to be looking down and away from the camera, with a neutral or slightly contemplative expression.
Posture: The student is sitting at a desk in front of a computer screen, with their hands resting on the table.
Rating: 2 - The student seems to be engaged but not highly focused on the content they are watching.",2,3
907001520.mp4,"Expression: The student appears to be looking down and away from the camera, with a neutral or slightly contemplative expression.
Posture: The student is sitting at a desk in front of a computer screen, which suggests they are focused on the content being displayed.
Rating: 2 - The student seems to be engaged but not highly engaged, as their attention appears to be directed away from the camera and towards something else.",2,3
907001550.mp4,"Expression: The student appears to be looking down with a neutral expression, possibly focused on the content of the video.
Posture: The student is sitting at a desk in front of a computer screen.
Rating: 2 - The student seems to be engaged but not highly engaged, as they are not actively participating or showing strong emotions while watching the educational video.",2,3
907001560.mp4,"Expression: The student appears to be making a funny or sarcastic face, with their mouth slightly open and eyes looking directly at the camera.
Posture: The student is sitting in front of a computer screen, leaning forward slightly with their arms resting on the desk.
Rating: 2 [The student seems to be engaged but not highly engaged, as they are making a funny face which could indicate a lack of focus or interest in the educational video.]",2,2
907001570.mp4,"Expression: The student appears to be making a funny or sarcastic face, with their mouth slightly open and eyes looking directly at the camera.
Posture: The student is sitting in front of a computer screen, leaning forward slightly with their arms resting on the desk.
Rating: 2 [The student seems to be engaged but not highly engaged, as they are making a funny face which could indicate a lack of focus or interest in the educational video.]",2,3
907001580.mp4,"Expression: The student appears to be making a funny or playful face, possibly smirking.
Posture: The student is sitting at a desk with their head turned slightly towards the camera.
Rating: 2",2,3
90700160.mp4,"Expression: The student appears to be looking directly at the camera with a neutral expression.
Posture: The student is sitting upright in front of a computer screen.
Rating: 2",2,3
907001600.mp4,"Expression: The student appears to be making a funny or sarcastic face, with a slight smirk and raised eyebrow.
Posture: The student is sitting at a desk in front of a computer screen, looking directly at the camera.
Rating: 2",2,3
907001620.mp4,"Expression: The student appears to be frowning or making a face, possibly indicating confusion or frustration.
Posture: The student is sitting at a desk with their hands on their face, which could suggest they are deep in thought or overwhelmed by the content of the video.
Rating: 2 - The student seems to be engaged but might be struggling to understand or process the information presented in the educational video.",2,3
907001650.mp4,"Expression: The student appears to be frowning or concentrating, with a slight furrowing of the brow and a hand on their chin.
Posture: The student is sitting at a desk in front of a computer screen.
Rating: 2 - The student seems to be engaged but not highly engaged, as they are looking down and possibly contemplating or processing information from the video.",2,2
907001670.mp4,"Expression: The student appears to be making a playful or cheeky face, with their mouth slightly open and tongue sticking out.
Posture: The student is sitting at a desk in front of a computer screen, with their hands resting on the table.
Rating: 2",2,3
907001680.mp4,"Expression: The student appears to be looking down and slightly away from the camera, with a neutral or contemplative expression.
Posture: The student is sitting at a desk in front of a computer screen, with their body facing forward but their head turned to the side.
Rating: 2 [The student seems to be engaged, but not fully focused on the content they are watching.]",2,3
90700170.mp4,"Expression: The student appears to be looking down and away from the camera, with a neutral or slightly contemplative expression.
Posture: The student is sitting in front of a computer screen, possibly at a desk, with their body facing forward.
Rating: 2 - The student seems to be engaged but not highly focused on the content they are watching.",2,3
907001730.mp4,"Expression: The student has a neutral expression, with a slight smile.
Posture: The student is sitting upright at a desk or table.
Rating: 2",2,3
907001740.mp4,"Expression: The student appears to be looking down and away from the camera, with a neutral or slightly contemplative expression.
Posture: The student is sitting at a desk in front of a computer screen.
Rating: 2 - The student seems to be engaged but not highly focused on the content they are watching.",2,2
907001780.mp4,"Expression: The student appears to be looking down and away from the camera, with a neutral or slightly contemplative expression.
Posture: The student is sitting at a desk in front of a computer screen.
Rating: 2 - The student seems to be engaged but not highly focused on the content they are watching.",2,3
907001790.mp4,"Expression: The student appears to be looking down and away from the camera, with a neutral or slightly contemplative expression.
Posture: The student is sitting at a desk in front of a computer screen.
Rating: 2 - The student seems to be engaged but not highly focused on the content they are watching.",2,3
90700180.mp4,"Expression: The student appears to be looking down and has a contemplative or thoughtful expression.
Posture: The student is sitting with their hands clasped together, suggesting they might be deep in thought or focused on the content of the video.
Rating: 2 - The student seems to be engaged but not highly engaged, as they are not actively participating in the video and appear to be more absorbed in their thoughts than the content being displayed.",2,3
907001820.mp4,"Expression: The student appears to be looking down and away from the camera, with a neutral or slightly contemplative expression.
Posture: The student is sitting at a desk in front of a computer screen.
Rating: 2 - The student seems to be engaged but not highly focused on the content they are watching.",2,3
907001840.mp4,"Expression: The student appears to be looking down and away from the camera, with a neutral or slightly distracted expression.
Posture: The student is sitting at a desk in front of a computer screen.
Rating: 2",2,3
907001850.mp4,"Expression: The student appears to be making a thoughtful or contemplative facial expression, with their hand on their chin and a slight frown.
Posture: The student is sitting in front of a computer screen, which suggests they are focused on the content being displayed.
Rating: 2 [The student seems to be engaged but not highly engaged, as they are not actively interacting with the video or taking notes.]",2,3
907001860.mp4,"Expression: The student appears to be making a funny or sarcastic face, with a slight smirk and raised eyebrows.
Posture: The student is sitting in front of the computer screen, leaning slightly forward with their hands resting on the desk.
Rating: 2",2,3
90700190.mp4,"Expression: The student appears to be frowning or making a face, which could indicate confusion or disinterest.
Posture: The student is sitting at a desk with their hands clasped together in front of them.
Rating: 1",1,3
907001910.mp4,"Expression: The student appears to be looking down and slightly away from the camera, with a neutral expression.
Posture: The student is sitting in front of a computer screen, leaning forward slightly.
Rating: 2",2,2
907001940.mp4,"Expression: The student appears to be making a face, possibly in reaction to the content of the video or expressing discomfort.
Posture: The student is sitting at a desk with their head tilted slightly downwards and their hand near their mouth.
Rating: 2 - The student seems to be somewhat engaged, as they are watching the video and making a face in response to it. However, their body posture does not indicate high engagement or interest in the content.",2,3
907001950.mp4,"Expression: The student appears to be making a face, possibly in reaction to the content of the video or expressing boredom.
Posture: The student is sitting at a desk with their hand near their mouth.
Rating: 1",1,1
907001970.mp4,"Expression: The student appears to be frowning or concentrating, with their head slightly tilted downwards.
Posture: They are sitting at a desk in front of a computer screen.
Rating: 2 - The student seems to be engaged but not highly engaged, as they are looking down and possibly contemplating the content of the video.",2,3
9289010111.avi,"Expression: The student appears to be focused and attentive, with a neutral expression.
Posture: The student is sitting upright in front of the computer screen.
Rating: 2",2,2
9289010112.avi,"Expression: The student appears to be focused and attentive, with a neutral expression.
Posture: The student is sitting upright in front of the computer screen.
Rating: 2",2,2
9289010113.avi,"Expression: The student appears to be focused and attentive.
Posture: The student is sitting upright with a neutral posture.
Rating: 2",2,2
9289010114.avi,"Expression: The student appears to be focused and attentive.
Posture: The student is sitting upright with a neutral posture, looking directly at the camera.
Rating: 2",2,1
9289010115.avi,"Expression: The student appears to be focused and attentive.
Posture: The student is sitting upright with a neutral posture.
Rating: 2",2,3
9289010117.avi,"Expression: The student appears to be focused and attentive.
Posture: The student is sitting upright with a neutral posture.
Rating: 2",2,3
9289010118.avi,"Expression: The student appears to be focused and attentive, with a neutral facial expression.
Posture: The student is sitting upright in front of the computer screen.
Rating: 2",2,3
9289010119.avi,"Expression: The student appears to be focused and attentive.
Posture: The student is sitting upright with a neutral posture.
Rating: 2",2,3
9289010120.avi,"Expression: The student appears to be focused and attentive.
Posture: The student is sitting upright with a neutral posture.
Rating: 2",2,2
9289010121.avi,"Expression: The student appears to be focused and attentive.
Posture: The student is sitting upright with a neutral posture.
Rating: 2",2,2
9289010127.avi,"Expression: The student appears to be focused and attentive.
Posture: The student is sitting upright with a slight lean forward, indicating engagement.
Rating: 2",2,2
928901013.avi,"Expression: The student appears to be focused and attentive, with a neutral expression.
Posture: The student is sitting upright in front of the camera.
Rating: 2",2,3
9289010131.avi,"Expression: The student appears to be focused and attentive, with a slight smile.
Posture: The student is sitting upright in front of the computer screen.
Rating: 2",2,2
9289010132.avi,"Expression: The student appears to be focused and attentive, with a slight smile.
Posture: The student is sitting upright in front of the camera.
Rating: 2",2,2
9289010133.avi,"Expression: The student appears to be focused and attentive, with a neutral facial expression.
Posture: The student is sitting upright in front of the screen, wearing headphones.
Rating: 2",2,3
9289010134.avi,"Expression: The student appears to be focused and attentive.
Posture: The student is sitting upright with a neutral posture, looking directly at the camera.
Rating: 2",2,3
9289010138.avi,"Expression: The student appears to be focused and attentive, with a neutral facial expression.
Posture: The student is sitting upright in front of the camera, with their head turned slightly to one side.
Rating: 2",2,2
9289010139.avi,"Expression: The student appears to be focused and attentive, with a slight frown or concentration on their face.
Posture: The student is sitting upright in front of the camera, with one hand near their mouth.
Rating: 2",2,2
928901014.avi,"Expression: The student appears to be focused and attentive, with a slight smile on their face.
Posture: The student is sitting upright in a chair, wearing headphones and looking at the screen.
Rating: 2",2,1
9289010143.avi,"Expression: The student appears to be focused and attentive, with a slight frown or concentration on their face.
Posture: The student is sitting upright in front of the camera, with one hand resting on their chin and the other holding a pen.
Rating: 2 - The student seems engaged but not highly engaged, as they are not actively participating in the video but rather observing it attentively.",2,2
9289010144.avi,"Expression: The student appears to be focused and attentive, with a slight frown or concentration on their face.
Posture: The student is sitting upright in front of the camera, with headphones on and hands resting on their lap.
Rating: 2",2,2
9289010145.avi,"Expression: The student appears to be focused and attentive, with a neutral facial expression.
Posture: The student is sitting upright in front of the screen.
Rating: 2",2,1
9289010147.avi,"Expression: The student appears to be focused and attentive, with a neutral facial expression.
Posture: The student is sitting upright in front of the camera.
Rating: 2",2,2
9289010149.avi,"Expression: The student appears to be focused and attentive, with a neutral facial expression.
Posture: The student is sitting upright in front of the camera.
Rating: 2",2,3
9289010150.avi,"Expression: The student appears to be focused and attentive, with a slight frown or concentration on their face.
Posture: The student is sitting upright in front of the screen, wearing headphones.
Rating: 2",2,3
9289010151.avi,"Expression: The student appears to be focused and attentive, with a neutral facial expression.
Posture: The student is sitting upright in front of the screen.
Rating: 2",2,3
9289010152.avi,"Expression: The student appears to be focused and attentive, with a slight smile on their face.
Posture: The student is sitting upright in front of the computer screen.
Rating: 2",2,1
9289010153.avi,"Expression: The student appears to be focused and attentive, with a slight smile.
Posture: The student is sitting upright in front of the computer screen.
Rating: 2",2,2
9289010154.avi,"Expression: The student appears to be focused and attentive, with a slight smile.
Posture: The student is sitting upright in front of the camera.
Rating: 2",2,2
9289010155.avi,"Expression: The student appears to be focused and attentive, with a neutral expression.
Posture: The student is sitting upright in front of the computer screen.
Rating: 2",2,3
9289010157.avi,"Expression: The student appears to be focused and attentive.
Posture: The student is sitting upright with a neutral posture.
Rating: 2",2,3
9289010158.avi,"Expression: The student appears to be focused and attentive, with a neutral expression.
Posture: The student is sitting upright in front of the camera.
Rating: 2",2,3
928901016.avi,"Expression: The student appears to be focused and attentive, with a slight frown or concentration on their face.
Posture: The student is sitting upright in a chair, wearing headphones, and looking down at something out of the frame.
Rating: 2 - The student seems engaged but not highly engaged, as they are not actively participating in the video or showing strong signs of interest.",2,2
9289010160.avi,"Expression: The student appears to be focused and attentive, with a neutral expression.
Posture: The student is sitting upright in front of the camera.
Rating: 2",2,3
9289010161.avi,"Expression: The student appears to be focused and attentive.
Posture: They are sitting upright with a neutral posture, looking directly at the camera.
Rating: 2",2,2
9289010163.avi,"Expression: The student appears to be focused and attentive, with a neutral expression.
Posture: The student is sitting upright in front of the computer screen.
Rating: 2",2,3
9289010166.avi,"Expression: The student appears to be looking down and away from the camera, with a neutral or slightly disinterested facial expression.
Posture: The student is sitting in front of a computer screen, wearing headphones, and has their hands on their face.
Rating: 2",2,2
9289010167.avi,"Expression: The student appears to be focused and attentive, with a slight frown or concentration on their face.
Posture: The student is sitting in front of the computer screen, wearing headphones, and has their hands resting on their face.
Rating: 2",2,3
928901018.avi,"Expression: The student appears to be focused and attentive, with a neutral expression.
Posture: The student is sitting upright in front of the camera.
Rating: 2",2,3
9289010210.avi,"Expression: The student appears to be focused and attentive.
Posture: The student is sitting upright with a neutral posture, looking directly at the camera.
Rating: 2",2,3
9289010211.avi,"Expression: The student appears to be focused and attentive, with a neutral expression.
Posture: The student is sitting upright in front of the computer screen.
Rating: 2",2,2
9289010216.avi,"Expression: The student appears to be focused and attentive, with a neutral expression.
Posture: The student is sitting upright in front of the computer screen.
Rating: 2",2,3
9289010221.avi,"Expression: The student appears to be focused and attentive, with a neutral expression.
Posture: The student is sitting upright in front of the computer screen.
Rating: 2",2,3
9289010222.avi,"Expression: The student appears to be focused and attentive, with a neutral expression.
Posture: The student is sitting upright in front of the computer screen.
Rating: 2",2,3
9289010223.avi,"Expression: The student appears to be focused and attentive, with a neutral expression.
Posture: The student is sitting upright in front of the computer screen.
Rating: 2",2,3
9289010227.avi,"Expression: The student appears to be focused and attentive.
Posture: They are sitting upright with headphones on, suggesting they are actively listening or watching the video.
Rating: 2",2,3
9289010229.avi,"Expression: The student appears to be focused and attentive, with a neutral facial expression.
Posture: The student is sitting upright in front of the computer screen.
Rating: 2",2,3
928901023.avi,"Expression: The student appears to be making a face, possibly in reaction to the content of the video or expressing boredom.
Posture: The student is sitting with their head turned slightly away from the camera, and they are wearing headphones.
Rating: 1",1,3
9289010230.avi,"Expression: The student is smiling and appears to be enjoying the video.
Posture: The student is sitting upright with headphones on, indicating focus and engagement.
Rating: 3",3,3
9289010231.avi,"Expression: The student has a neutral expression, with a slight smile.
Posture: The student is sitting upright in a chair, facing the camera.
Rating: 2",2,2
9289010232.avi,"Expression: The student appears to be focused and attentive, with a slight smile.
Posture: The student is sitting upright in front of the camera.
Rating: 2",2,3
9289010233.avi,"Expression: The student appears to be focused and attentive, with a slight smile.
Posture: The student is sitting upright in front of the camera.
Rating: 2",2,3
9289010235.avi,"Expression: The student appears to be focused and attentive, with a neutral expression.
Posture: The student is sitting upright in front of the computer screen.
Rating: 2",2,3
9289010242.avi,"Expression: The student appears to be focused and attentive, with a slight smile.
Posture: The student is sitting upright in front of the computer screen.
Rating: 2",2,3
9289010243.avi,"Expression: The student appears to be focused and attentive, with a slight smile.
Posture: The student is sitting upright in a chair, wearing headphones.
Rating: 2",2,3
9289010244.avi,"Expression: The student appears to be focused and attentive, with a neutral expression.
Posture: The student is sitting upright in front of the camera.
Rating: 2",2,3
9289010245.avi,"Expression: The student appears to be focused and attentive, with a neutral expression.
Posture: The student is sitting upright in front of the computer screen.
Rating: 2",2,3
9289010248.avi,"Expression: The student appears to be focused and attentive, with a slight smile.
Posture: The student is sitting upright in a chair, wearing headphones.
Rating: 2",2,3
9289010249.avi,"Expression: The student appears to be focused and attentive, with a neutral expression.
Posture: The student is sitting upright in front of the computer screen.
Rating: 2",2,3
928901025.avi,"Expression: The student appears to be in deep thought or contemplation, with a slightly furrowed brow and a hand on their chin.
Posture: The student is sitting upright at a desk, wearing headphones and looking directly at the camera.
Rating: 2",2,3
9289010250.avi,"Expression: The student appears to be focused and attentive, with a slight smile.
Posture: The student is sitting upright in a chair, wearing headphones.
Rating: 2",2,2
9289010251.avi,"Expression: The student appears to be focused and attentive, with a neutral expression.
Posture: The student is sitting upright in front of the computer screen.
Rating: 2",2,3
9289010253.avi,"Expression: The student appears to be focused and attentive, with a neutral expression.
Posture: The student is sitting upright in front of the computer screen.
Rating: 2",2,3
9289010254.avi,"Expression: The student appears to be focused and attentive, with a neutral expression.
Posture: The student is sitting upright in front of the computer screen.
Rating: 2",2,2
9289010257.avi,"Expression: The student appears to be focused and attentive, with a neutral expression.
Posture: The student is sitting upright in front of the computer screen.
Rating: 2",2,3
9289010259.avi,"Expression: The student appears to be focused and attentive, with a slight smile.
Posture: The student is sitting upright in front of the computer screen.
Rating: 2",2,3
928901026.avi,"Expression: The student appears to be focused and attentive, with a slight smile.
Posture: The student is sitting upright in front of the camera.
Rating: 2",2,3
9289010261.avi,"Expression: The student appears to be focused and attentive, with a neutral expression.
Posture: The student is sitting upright in front of the computer screen.
Rating: 2",2,3
9289010262.avi,"Expression: The student appears to be focused and attentive, with a neutral facial expression.
Posture: The student is sitting upright in front of the computer screen.
Rating: 2",2,3
9289010263.avi,"Expression: The student appears to be focused and attentive, with a neutral facial expression.
Posture: The student is sitting upright in front of the computer screen.
Rating: 2",2,2
9289010265.avi,"Expression: The student appears to be focused and attentive, with a neutral expression.
Posture: The student is sitting upright in front of the computer screen.
Rating: 2",2,3
9289010266.avi,"Expression: The student appears to be focused and attentive, with a slight smile.
Posture: The student is sitting upright in front of the camera.
Rating: 2",2,3
9289010267.avi,"Expression: The student appears to be focused and attentive, with a slight smile.
Posture: The student is sitting upright in front of the computer screen.
Rating: 2",2,3
9289010268.avi,"Expression: The student appears to be focused and attentive, with a neutral facial expression.
Posture: The student is sitting upright in front of the computer screen.
Rating: 2",2,3
9289010269.avi,"Expression: The student appears to be focused and attentive, with a neutral expression.
Posture: The student is sitting upright in front of the computer screen.
Rating: 2",2,3
9289010270.avi,"Expression: The student appears to be focused and attentive, with a neutral expression.
Posture: The student is sitting upright in front of the computer screen.
Rating: 2",2,3
9289010271.avi,"Expression: The student appears to be focused and attentive, with a neutral expression.
Posture: The student is sitting upright in front of the computer screen.
Rating: 2",2,2
9289010273.avi,"Expression: The student appears to be focused and attentive, with a neutral expression.
Posture: The student is sitting upright in front of the camera.
Rating: 2",2,3
9289010274.avi,"Expression: The student appears to be focused and attentive, with a slight smile.
Posture: The student is sitting upright in front of the computer screen.
Rating: 2",2,3
9289010275.avi,"Expression: The student appears to be focused and attentive, with a neutral expression.
Posture: The student is sitting upright in front of the computer screen.
Rating: 2",2,3
9289010276.avi,"Expression: The student appears to be focused and attentive, with a neutral expression.
Posture: The student is sitting upright in front of the computer screen.
Rating: 2",2,1
9289010278.avi,"Expression: The student appears to be focused and attentive, with a slight smile.
Posture: The student is sitting upright in front of the computer screen.
Rating: 2",2,3
928901028.avi,"Expression: The student appears to be focused and attentive.
Posture: The student is sitting upright with a neutral posture.
Rating: 2",2,3
928901029.avi,"Expression: The student appears to be focused and attentive.
Posture: The student is sitting upright with a neutral posture.
Rating: 2",2,3
940328011.avi,"Expression: The student appears to be focused and attentive, with a neutral expression.
Posture: The student is sitting upright in front of the camera.
Rating: 2",2,3
9403280110.avi,"Expression: The student appears to be focused and attentive, with a neutral expression.
Posture: The student is sitting upright in front of the camera.
Rating: 2",2,3
9403280112.avi,"Expression: The student appears to be focused and attentive, with a neutral expression.
Posture: The student is sitting upright in front of the camera.
Rating: 2",2,3
9403280114.avi,"Expression: The student appears to be focused and attentive, with a neutral expression.
Posture: The student is sitting upright in front of the camera.
Rating: 2",2,3
9403280115.avi,"Expression: The student appears to be focused and attentive, with a neutral expression.
Posture: The student is sitting upright in a chair, facing the camera.
Rating: 2",2,2
9403280116.avi,"Expression: The student appears to be focused and attentive, with a neutral expression.
Posture: The student is sitting upright in front of the camera.
Rating: 2",2,3
9403280117.avi,"Expression: The student appears to be focused and attentive, with a neutral expression.
Posture: The student is sitting upright in front of the camera.
Rating: 2",2,3
940328012.avi,"Expression: The student appears to be focused and attentive, with a neutral expression.
Posture: The student is sitting upright in front of the camera.
Rating: 2",2,3
9403280126.avi,"Expression: The student appears to be looking slightly away from the camera, with a neutral expression.
Posture: The student is sitting in front of a computer screen, wearing headphones and has their arms resting on the table.
Rating: 2",2,3
9403280129.avi,"Expression: The student appears to be focused and attentive, with a neutral expression.
Posture: The student is sitting upright in front of the camera.
Rating: 2",2,3
9403280132.avi,"Expression: The student appears to be focused and attentive, with a neutral expression.
Posture: The student is sitting upright in front of the camera.
Rating: 2",2,3
9403280134.avi,"Expression: The student appears to be focused and attentive, with a neutral expression.
Posture: The student is sitting upright in front of the camera.
Rating: 2",2,2
9403280136.avi,"Expression: The student appears to be focused and attentive, with a neutral expression.
Posture: The student is sitting upright in front of the camera.
Rating: 2",2,3
9403280138.avi,"Expression: The student appears to have a neutral expression, with no visible signs of engagement or disinterest.
Posture: The student is sitting upright in front of the camera.
Rating: 2 - The student seems to be engaged but not highly engaged, as they are looking directly at the camera and wearing headphones, which might suggest that they are listening to something while watching the video.",2,2
940328014.avi,"Expression: The student appears to be focused and attentive, with a neutral expression.
Posture: The student is sitting upright in front of the camera.
Rating: 2",2,3
9403280140.avi,"Expression: The student appears to be focused and attentive, with a neutral expression.
Posture: The student is sitting upright in front of the camera.
Rating: 2",2,2
9403280143.avi,"Expression: The student appears to be focused and attentive, with a neutral expression.
Posture: The student is sitting upright in front of the camera.
Rating: 2",2,2
9403280145.avi,"Expression: The student appears to be making a funny or sarcastic face, with a slight smirk.
Posture: The student is sitting in front of a computer screen, wearing headphones and looking directly at the camera.
Rating: 2",2,2
9403280146.avi,"Expression: The student appears to be focused and attentive.
Posture: The student is sitting upright with a neutral posture.
Rating: 2",2,2
9403280147.avi,"Expression: The student appears to be focused and attentive, with a neutral facial expression.
Posture: The student is sitting upright in a chair, facing the camera directly.
Rating: 2",2,3
9403280149.avi,"Expression: The student appears to be focused and attentive, with a neutral expression.
Posture: The student is sitting upright in a chair, facing the camera.
Rating: 2",2,3
9403280150.avi,"Expression: The student appears to be focused and attentive, with a neutral facial expression.
Posture: The student is sitting upright in front of the camera, wearing headphones.
Rating: 2",2,3
9403280151.avi,"Expression: The student appears to be focused and attentive, with a neutral expression.
Posture: The student is sitting upright in front of the camera.
Rating: 2",2,2
9403280152.avi,"Expression: The student appears to be making a funny or sarcastic face, with a slight smirk and raised eyebrow.
Posture: The student is sitting in front of a computer screen, wearing headphones around their neck.
Rating: 2",2,2
9403280155.avi,"Expression: The student appears to be focused and attentive, with a neutral expression.
Posture: The student is sitting upright in front of the camera.
Rating: 2",2,3
9403280156.avi,"Expression: The student appears to be focused and attentive, with a neutral expression.
Posture: The student is sitting upright in front of the camera.
Rating: 2",2,3
9403280157.avi,"Expression: The student appears to be focused and attentive, with a neutral expression.
Posture: The student is sitting upright in front of the camera.
Rating: 2",2,2
9403280159.avi,"Expression: The student appears to be focused and attentive, with a neutral facial expression.
Posture: The student is sitting upright in front of the camera.
Rating: 2",2,3
940328016.avi,"Expression: The student appears to be focused and attentive, with a neutral expression.
Posture: The student is sitting upright in front of the camera.
Rating: 2",2,3
9403280164.avi,"Expression: The student appears to be focused and attentive, with a neutral expression.
Posture: The student is sitting upright in front of the camera.
Rating: 2",2,3
9403280165.avi,"Expression: The student appears to be focused and attentive, with a neutral expression.
Posture: The student is sitting upright in front of the camera.
Rating: 2",2,2
9403280167.avi,"Expression: The student appears to have a neutral expression, with no strong emotions visible.
Posture: The student is sitting upright in a chair, facing the camera directly.
Rating: 2 [The student seems to be engaged but not highly engaged, as they are looking at the camera rather than focusing on the content of the video.]",2,3
940328017.avi,"Expression: The student appears to be focused and attentive, with a neutral expression.
Posture: The student is sitting upright in front of the camera.
Rating: 2",2,3
940328018.avi,"Expression: The student appears to be focused and attentive, with a neutral expression.
Posture: The student is sitting upright in front of the camera.
Rating: 2",2,3
9403280212.avi,"Expression: The student appears to be focused and attentive, with a neutral expression.
Posture: The student is sitting upright in a chair, facing the camera.
Rating: 2",2,3
9403280213.avi,"Expression: The student appears to be focused and attentive, with a neutral expression.
Posture: The student is sitting upright in front of the camera.
Rating: 2",2,2
9403280217.avi,"Expression: The student appears to be focused and attentive, with a neutral expression.
Posture: The student is sitting upright in a chair, wearing headphones.
Rating: 2",2,2
9403280218.avi,"Expression: The student appears to be focused and attentive, with a neutral expression.
Posture: The student is sitting upright in front of the camera.
Rating: 2",2,2
9403280219.avi,"Expression: The student appears to be focused and attentive, with a neutral expression.
Posture: The student is sitting upright in front of the camera.
Rating: 2",2,2
940328022.avi,"Expression: The student appears to be focused and attentive, with a neutral expression.
Posture: The student is sitting upright in a chair, facing the camera.
Rating: 2",2,3
9403280227.avi,"Expression: The student appears to be focused and attentive.
Posture: The student is sitting upright with a relaxed posture, wearing headphones.
Rating: 2",2,2
9403280229.avi,"Expression: The student appears to be focused and attentive, with a neutral expression.
Posture: The student is sitting upright in front of the camera.
Rating: 2",2,3
9403280234.avi,"Expression: The student appears to be focused and attentive, with a neutral expression.
Posture: The student is sitting upright in front of the camera.
Rating: 2",2,3
9403280235.avi,"Expression: The student appears to be focused and attentive, with a neutral expression.
Posture: The student is sitting upright in front of the camera.
Rating: 2",2,2
9403280236.avi,"Expression: The student appears to be focused and attentive, with a neutral expression.
Posture: The student is sitting upright in front of the camera.
Rating: 2",2,2
9403280238.avi,"Expression: The student appears to be focused and attentive, with a neutral expression.
Posture: The student is sitting upright in front of the camera.
Rating: 2",2,2
9403280241.avi,"Expression: The student is smiling and appears to be enjoying the video.
Posture: The student is sitting with a relaxed posture, looking directly at the camera.
Rating: 2",2,3
9403280243.avi,"Expression: The student is smiling and appears to be enjoying the video.
Posture: The student is sitting with a relaxed posture, looking directly at the camera.
Rating: 2",2,3
9403280245.avi,"Expression: The student appears to be focused and attentive, with a neutral expression.
Posture: The student is sitting upright in front of the camera.
Rating: 2",2,3
9403280246.avi,"Expression: The student appears to be smiling and looking directly at the camera.
Posture: The student is sitting with a relaxed posture, wearing headphones around their neck.
Rating: 2",2,3
9403280247.avi,"Expression: The student appears to be focused and attentive, with a slight smile.
Posture: The student is sitting upright in front of the camera.
Rating: 2",2,2
9403280249.avi,"Expression: The student appears to be focused and attentive, with a neutral expression.
Posture: The student is sitting upright in a chair, facing the camera.
Rating: 2",2,3
9403280250.avi,"Expression: The student appears to be focused and attentive, with a neutral expression.
Posture: The student is sitting upright in front of the camera.
Rating: 2",2,2
9403280251.avi,"Expression: The student appears to be focused and attentive, with a neutral expression.
Posture: The student is sitting upright in front of the camera.
Rating: 2",2,2
9403280254.avi,"Expression: The student appears to be focused and attentive, with a neutral expression.
Posture: The student is sitting upright in front of the camera.
Rating: 2",2,3
9403280255.avi,"Expression: The student appears to be focused and attentive, with a neutral expression.
Posture: The student is sitting upright in front of the camera.
Rating: 2",2,3
9403280256.avi,"Expression: The student appears to be focused and attentive, with a neutral expression.
Posture: The student is sitting upright in a chair, wearing headphones around their neck.
Rating: 2",2,3
9403280259.avi,"Expression: The student is smiling and appears to be enjoying the video.
Posture: The student is sitting with a relaxed posture, looking directly at the camera.
Rating: 2",2,3
9403280260.avi,"Expression: The student has a neutral expression, with a slight smile.
Posture: The student is sitting upright in front of the camera.
Rating: 2",2,3
9403280262.avi,"Expression: The student appears to be focused and attentive, with a neutral expression.
Posture: The student is sitting upright in a chair, facing the camera.
Rating: 2",2,3
9403280265.avi,"Expression: The student appears to be focused and attentive, with a neutral expression.
Posture: The student is sitting upright in front of the camera.
Rating: 2",2,3
9403280266.avi,"Expression: The student appears to be focused and attentive, with a neutral expression.
Posture: The student is sitting upright in front of the camera.
Rating: 2",2,3
9403280271.avi,"Expression: The student appears to be smiling and looking directly at the camera.
Posture: The student is sitting with their headphones on, facing the camera.
Rating: 2",2,1
9403280272.avi,"Expression: The student appears to be focused and attentive, with a slight smile.
Posture: The student is sitting upright in a chair, facing the camera.
Rating: 2",2,3
9403280273.avi,"Expression: The student appears to be focused and attentive, with a neutral expression.
Posture: The student is sitting upright in a chair, facing the camera.
Rating: 2",2,2
9403280277.avi,"Expression: The student appears to be focused and attentive, with a neutral expression.
Posture: The student is sitting upright in a chair, facing the camera.
Rating: 2",2,3
9403280279.avi,"Expression: The student appears to be smiling and looking directly at the camera.
Posture: The student is sitting with a relaxed posture, wearing headphones around their neck.
Rating: 2",2,3
9877360111.avi,"Expression: The student appears to be looking slightly away from the camera, with a neutral expression.
Posture: The student is sitting upright in their chair, facing the camera.
Rating: 2",2,3
9877360113.avi,"Expression: The student appears to be focused and attentive, with a slight smile.
Posture: The student is sitting upright in their chair, facing the camera.
Rating: 2",2,2
9877360114.avi,"Expression: The student appears to be looking down and slightly away from the camera, with a neutral expression.
Posture: The student is sitting in front of a desk or table, possibly at a computer or workstation.
Rating: 2",2,3
9877360115.avi,"Expression: The student appears to be looking down and slightly away from the camera, with a neutral or possibly mildly disinterested expression.
Posture: The student is sitting in front of a desk, leaning forward slightly, which could indicate engagement or focus on the video.
Rating: 2 [Based on the image, it's difficult to determine the exact level of engagement without more context, but the student seems to be at least somewhat engaged with the content they are watching.]",2,3
9877360116.avi,"Expression: The student appears to be looking down and away from the camera, with a neutral or slightly puzzled expression.
Posture: The student is sitting in an office chair, leaning forward slightly with their hands resting on the desk.
Rating: 2",2,2
9877360117.avi,"Expression: The student appears to be looking down and slightly away from the camera, with a neutral or possibly mildly disinterested expression.
Posture: The student is sitting in an office chair at a desk, facing the camera but not directly engaging with it.
Rating: 1",1,2
9877360120.avi,"Expression: The student appears to be focused and attentive, with a neutral expression.
Posture: The student is sitting upright in their chair, facing the camera.
Rating: 2",2,1
9877360121.avi,"Expression: The student appears to be looking down and away from the camera, with a neutral or slightly contemplative expression.
Posture: The student is sitting in an office chair at a desk, facing the camera but not directly engaging with it.
Rating: 1",1,2
9877360124.avi,"Expression: The student appears to be looking down and away from the camera, with a neutral expression.
Posture: The student is sitting in front of a computer screen, possibly at a desk or table.
Rating: 2",2,3
9877360125.avi,"Expression: The student appears to be looking down and away from the camera, with a neutral or slightly contemplative expression.
Posture: The student is sitting in an office chair at a desk, facing the camera but not directly engaging with it.
Rating: 1",1,3
9877360126.avi,"Expression: The student appears to be focused and attentive, with a neutral expression.
Posture: The student is sitting upright in their chair, facing the camera.
Rating: 2",2,3
9877360127.avi,"Expression: The student appears to be looking down and away from the camera, with a neutral or slightly contemplative expression.
Posture: The student is sitting in an office chair, leaning forward slightly with their hands resting on the desk.
Rating: 2",2,2
9877360128.avi,"Expression: The student appears to be looking down and away from the camera, with a neutral or slightly contemplative expression.
Posture: The student is sitting in front of a computer screen, possibly at a desk, with their hands resting on the table.
Rating: 2",2,3
9877360130.avi,"Expression: The student appears to be focused and attentive, with a neutral expression.
Posture: The student is sitting upright in their chair, facing the camera.
Rating: 2",2,2
9877360131.avi,"Expression: The student appears to be looking down and away from the camera, with a neutral or slightly contemplative expression.
Posture: The student is sitting in an office chair at a desk, with their hands resting on the table.
Rating: 2",2,3
9877360132.avi,"Expression: The student appears to be looking down and away from the camera, with a neutral or slightly distracted expression.
Posture: The student is sitting in front of a computer screen, possibly at a desk, with their body facing forward but not fully engaged.
Rating: 1",1,2
9877360133.avi,"Expression: The student appears to be focused and attentive, with a neutral expression.
Posture: The student is sitting upright in their chair, facing the camera.
Rating: 2",2,0
9877360134.avi,"Expression: The student appears to be looking down and away from the camera, with a neutral expression.
Posture: The student is sitting in an office chair at a desk, facing towards the camera but not directly engaging with it.
Rating: 1",1,3
9877360135.avi,"Expression: The student appears to be focused and attentive, with a neutral expression.
Posture: The student is sitting upright in their chair, facing the camera.
Rating: 2",2,2
9877360138.avi,"Expression: The student appears to be focused and attentive, with a neutral expression.
Posture: The student is sitting upright in their chair, facing the camera.
Rating: 2",2,2
987736014.avi,"Expression: The student appears to be looking down and slightly away from the camera, with a neutral or possibly mildly disinterested expression.
Posture: The student is sitting upright in front of a computer screen.
Rating: 2",2,3
9877360140.avi,"Expression: The student appears to be looking down and away from the camera, with a neutral or slightly distracted expression.
Posture: The student is sitting in front of a computer screen, possibly at a desk, with their body facing forward but not fully engaged.
Rating: 1",1,3
9877360141.avi,"Expression: The student appears to be looking down and away from the camera, with a neutral or slightly distracted expression.
Posture: The student is sitting in front of a computer screen, possibly at a desk, with their body facing forward but not fully engaged.
Rating: 1",1,3
9877360143.avi,"Expression: The student appears to be looking down and away from the camera, with a neutral expression.
Posture: The student is sitting in an office chair at a desk, facing the camera but not directly engaging with it.
Rating: 1",1,3
9877360147.avi,"Expression: The student appears to be looking down and away from the camera, with a neutral expression.
Posture: The student is sitting in an office chair at a desk, facing the camera but not directly engaging with it.
Rating: 1",1,3
9877360149.avi,"Expression: The student appears to be focused and attentive, with a slight smile.
Posture: The student is sitting upright in their chair, facing the camera.
Rating: 2",2,3
987736015.avi,"Expression: The student appears to be focused and attentive, with a slight smile.
Posture: The student is sitting upright in their chair, leaning slightly forward towards the screen.
Rating: 2",2,2
9877360151.avi,"Expression: The student appears to be focused and attentive, with a neutral expression.
Posture: The student is sitting upright in their chair, facing the camera.
Rating: 2",2,3
9877360152.avi,"Expression: The student appears to be focused and attentive, with a neutral expression.
Posture: The student is sitting upright in their chair, facing the camera.
Rating: 2",2,3
9877360154.avi,"Expression: The student appears to be focused and attentive, with a neutral expression.
Posture: The student is sitting upright in their chair, facing the camera.
Rating: 2",2,2
9877360156.avi,"Expression: The student appears to be focused and attentive, with a neutral expression.
Posture: The student is sitting upright in their chair, facing the camera.
Rating: 2",2,3
9877360157.avi,"Expression: The student appears to be looking down and away from the camera, with a neutral or slightly distracted expression.
Posture: The student is sitting in an office chair at a desk, facing towards the camera but not directly engaging with it.
Rating: 1",1,1
9877360158.avi,"Expression: The student appears to be focused and attentive, with a neutral expression.
Posture: The student is sitting upright in their chair, facing the camera.
Rating: 2",2,3
9877360159.avi,"Expression: The student appears to be focused and attentive, with a slight smile on their face.
Posture: The student is sitting upright in a chair, facing the camera.
Rating: 2",2,3
987736016.avi,"Expression: The student appears to be looking down and slightly away from the camera, with a neutral expression.
Posture: The student is sitting upright in front of a computer screen.
Rating: 2",2,3
9877360163.avi,"Expression: The student appears to be looking down and away from the camera, with a neutral or slightly contemplative expression.
Posture: The student is sitting in an office chair at a desk, facing the camera but not directly engaging with it.
Rating: 1",1,2
9877360164.avi,"Expression: The student appears to be looking down and away from the camera, with a neutral or slightly contemplative expression.
Posture: The student is sitting in an office chair at a desk, facing the camera but not directly engaging with it.
Rating: 1",1,3
9877360165.avi,"Expression: The student appears to be looking down and away from the camera, with a neutral or slightly distracted expression.
Posture: The student is sitting in front of a computer screen, possibly at a desk, with their hands resting on the table.
Rating: 2",2,3
9877360166.avi,"Expression: The student appears to be focused and attentive, with a neutral expression.
Posture: The student is sitting upright in their chair, facing the camera.
Rating: 2",2,3
9877360168.avi,"Expression: The student appears to be focused and attentive, with a slight smile.
Posture: The student is sitting upright in their chair, facing the camera.
Rating: 2",2,3
9877360169.avi,"Expression: The student appears to be looking down and away from the camera, with a neutral expression.
Posture: The student is sitting in front of a computer screen, possibly at a desk or table.
Rating: 2",2,1
987736017.avi,"Expression: The student appears to be looking down and away from the camera, with a neutral or slightly puzzled expression.
Posture: The student is sitting upright in front of a computer screen.
Rating: 2",2,2
9877360170.avi,"Expression: The student appears to be looking down and away from the camera, with a neutral or slightly distracted expression.
Posture: The student is sitting in front of a computer screen, possibly at a desk, with their body facing forward but not fully engaged.
Rating: 1",1,3
9877360172.avi,"Expression: The student appears to be looking off to the side with a neutral expression.
Posture: The student is sitting upright in their chair, with one hand resting on their head and the other arm resting on the table.
Rating: 2",2,1
9877360173.avi,"Expression: The student appears to be looking down and slightly away from the camera, with a neutral expression.
Posture: The student is sitting in front of a computer screen, possibly at a desk or table.
Rating: 2",2,2
9877360174.avi,"Expression: The student appears to be focused and attentive, with a neutral expression.
Posture: The student is sitting upright in their chair, facing the camera.
Rating: 2",2,3
9877360175.avi,"Expression: The student appears to be focused and attentive, with a neutral expression.
Posture: The student is sitting upright in their chair, facing the camera.
Rating: 2",2,2
9877360177.avi,"Expression: The student appears to be looking down and away from the camera, with a neutral or slightly contemplative expression.
Posture: The student is sitting in an office chair at a desk, facing the camera but not directly engaging with it.
Rating: 1",1,3
987736018.avi,"Expression: The student appears to be bored or disinterested, with a slight frown and a hand on their face.
Posture: The student is sitting in front of the camera, leaning slightly forward with one hand resting on their face.
Rating: 1",1,2
9877360180.avi,"Expression: The student appears to be focused and attentive, with a neutral expression.
Posture: The student is sitting upright in their chair, facing the camera.
Rating: 2",2,3
9877360181.avi,"Expression: The student appears to be focused and attentive, with a slight frown or serious expression.
Posture: The student is sitting upright in their chair, with one hand resting on their head.
Rating: 2",2,3
9877360182.avi,"Expression: The student appears to be looking down and slightly away from the camera, with a neutral or possibly mildly disinterested expression.
Posture: The student is sitting upright in front of a computer screen.
Rating: 2",2,2
9877360183.avi,"Expression: The student appears to be looking down and slightly away from the camera, with a neutral expression.
Posture: The student is sitting upright in front of a computer screen.
Rating: 2",2,3
9877360184.avi,"Expression: The student appears to be focused and attentive, with a neutral expression.
Posture: The student is sitting upright in front of the camera.
Rating: 2",2,3
9877360185.avi,"Expression: The student appears to be looking down and slightly away from the camera, with a neutral or possibly mildly disinterested expression.
Posture: The student is sitting upright in front of a computer screen.
Rating: 2",2,2
9877360210.avi,"Expression: The student appears to be looking down and slightly away from the camera, with a neutral expression.
Posture: The student is sitting in front of a computer screen, possibly at a desk or table.
Rating: 2",2,3
9877360212.avi,"Expression: The student appears to be focused and attentive, with a slight smile.
Posture: The student is sitting upright in their chair, facing the camera.
Rating: 2",2,3
9877360213.avi,"Expression: The student appears to be looking down and away from the camera, with a neutral expression.
Posture: The student is sitting in front of a computer screen, possibly at a desk or table.
Rating: 2",2,2
9877360215.avi,"Expression: The student appears to be looking down and away from the camera, with a neutral expression.
Posture: The student is sitting in front of a computer screen, possibly at a desk or table.
Rating: 2",2,3
9877360217.avi,"Expression: The student appears to be focused and attentive, with a slight smile.
Posture: The student is sitting upright in their chair, facing the camera.
Rating: 2",2,2
987736022.avi,"Expression: The student appears to be focused and attentive, with a slight smile.
Posture: The student is sitting upright in their chair, facing the camera.
Rating: 2",2,2
9877360221.avi,"Expression: The student appears to be looking down and away from the camera, with a neutral expression.
Posture: The student is sitting in an office chair at a desk, facing towards the camera but not directly engaging with it.
Rating: 1",1,3
9877360223.avi,"Expression: The student appears to be looking away from the camera with a neutral expression.
Posture: The student is sitting in an office chair, leaning slightly forward with their hands resting on the desk.
Rating: 2",2,3
9877360225.avi,"Expression: The student appears to be looking down and away from the camera, with a neutral or slightly distracted expression.
Posture: The student is sitting in an office chair at a desk, facing the camera but not directly engaging with it.
Rating: 1",1,3
9877360226.avi,"Expression: The student appears to be looking down and away from the camera, with a neutral or slightly distracted expression.
Posture: The student is sitting in an office chair at a desk, facing the camera but not directly engaging with it.
Rating: 1",1,3
9877360227.avi,"Expression: The student appears to be looking down and away from the camera, with a neutral or slightly contemplative expression.
Posture: The student is sitting in front of a computer screen, possibly at a desk, with their body facing forward but not fully engaged.
Rating: 1",1,3
9877360228.avi,"Expression: The student appears to be looking down and away from the camera, with a neutral or slightly distracted expression.
Posture: The student is sitting in an office chair at a desk, facing the camera but not directly engaging with it.
Rating: 1",1,2
9877360229.avi,"Expression: The student appears to be looking down and away from the camera, with a neutral expression.
Posture: The student is sitting in front of a computer screen, possibly at a desk or table.
Rating: 2",2,2
9877360231.avi,"Expression: The student appears to be looking down and away from the camera, with a neutral expression.
Posture: The student is sitting in an office chair at a desk, facing the camera but not directly engaging with it.
Rating: 1",1,3
9877360232.avi,"Expression: The student appears to be focused and attentive, with a slight smile.
Posture: The student is sitting upright in their chair, facing the camera.
Rating: 2",2,3
9877360234.avi,"Expression: The student appears to be looking down and away from the camera, with a neutral expression.
Posture: The student is sitting in an office chair at a desk, facing towards the camera but not directly engaging with it.
Rating: 1",1,3
9877360238.avi,"Expression: The student appears to be looking down and away from the camera, with a neutral expression.
Posture: The student is sitting in an office chair at a desk, facing the camera but not directly engaging with it.
Rating: 1",1,3
9877360239.avi,"Expression: The student appears to be looking down and away from the camera, with a neutral expression.
Posture: The student is sitting in an office chair at a desk, facing the camera but not directly engaging with it.
Rating: 1",1,3
987736024.avi,"Expression: The student appears to be looking down and slightly away from the camera, with a neutral expression.
Posture: The student is sitting in front of a desk or table, possibly at a computer or workstation.
Rating: 2",2,2
9877360240.avi,"Expression: The student appears to be looking down and away from the camera, with a neutral or slightly distracted expression.
Posture: The student is sitting in an office chair at a desk, facing away from the camera.
Rating: 1",1,3
9877360241.avi,"Expression: The student appears to be looking down and away from the camera, with a neutral expression.
Posture: The student is sitting in an office chair at a desk, facing the camera but not directly engaging with it.
Rating: 1",1,3
9877360242.avi,"Expression: The student appears to be looking down and away from the camera, with a neutral or slightly distracted expression.
Posture: The student is sitting in an office chair at a desk, facing the camera but not directly engaging with it.
Rating: 1",1,2
9877360247.avi,"Expression: The student appears to be focused and possibly a bit bored or contemplative.
Posture: The student is sitting with their hand on their chin, which could indicate deep thought or contemplation.
Rating: 2",2,3
9877360248.avi,"Expression: The student appears to be focused and attentive, with a neutral expression.
Posture: The student is sitting upright in their chair, facing the camera.
Rating: 2",2,3
987736025.avi,"Expression: The student appears to be looking down and away from the camera, with a neutral expression.
Posture: The student is sitting in front of a computer screen, possibly at a desk or table.
Rating: 2",2,3
9877360250.avi,"Expression: The student appears to be focused and attentive, with a slight smile.
Posture: The student is sitting upright in their chair, facing the camera.
Rating: 2",2,2
9877360252.avi,"Expression: The student appears to be looking down and away from the camera, with a neutral expression.
Posture: The student is sitting in an office chair at a desk, facing the camera but not directly engaging with it.
Rating: 1",1,2
9877360253.avi,"Expression: The student appears to be looking directly at the camera with a neutral expression.
Posture: The student is sitting in an office chair, leaning slightly forward with their hands resting on the desk.
Rating: 2",2,3
9877360254.avi,"Expression: The student appears to be looking down and slightly away from the camera, with a neutral expression.
Posture: The student is sitting in an office chair at a desk, leaning forward slightly.
Rating: 2",2,3
9877360256.avi,"Expression: The student appears to be looking down and slightly away from the camera, with a neutral expression.
Posture: The student is sitting in an office chair at a desk, facing the camera.
Rating: 2",2,1
9877360258.avi,"Expression: The student appears to be looking down and away from the camera, with a neutral expression.
Posture: The student is sitting in an office chair at a desk, facing the camera but not directly engaging with it.
Rating: 1",1,2
9877360259.avi,"Expression: The student appears to be looking down and away from the camera, with a neutral or slightly distracted expression.
Posture: The student is sitting in an office chair at a desk, facing the camera but not directly engaging with it.
Rating: 1",1,2
9877360261.avi,"Expression: The student has a contemplative and relaxed facial expression, with their hand on their chin.
Posture: They are sitting in an office chair at a desk, looking directly at the camera.
Rating: 2",2,3
9877360262.avi,"Expression: The student appears to be looking down and has a neutral expression.
Posture: The student is sitting in front of the camera with their hands clasped together, possibly resting on their lap or desk.
Rating: 2",2,3
9877360264.avi,"Expression: The student appears to be looking down and away from the camera, with a neutral expression.
Posture: The student is sitting in an office chair at a desk, facing the camera but not directly engaging with it.
Rating: 1",1,3
987736027.avi,"Expression: The student appears to be looking down and slightly away from the camera, with a neutral expression.
Posture: The student is sitting in front of a computer screen, possibly at a desk or table.
Rating: 2",2,3
9877360270.avi,"Expression: The student appears to be focused and attentive, with a slight smile.
Posture: The student is sitting upright in their chair, with one hand on their head.
Rating: 2",2,1
9877360271.avi,"Expression: The student appears to be looking down and away from the camera, with a neutral expression.
Posture: The student is sitting in an office chair at a desk, facing towards the camera but not directly engaging with it.
Rating: 1",1,2
9877360273.avi,"Expression: The student appears to be looking down and away from the camera, with a neutral expression.
Posture: The student is sitting in front of a computer screen, possibly at a desk or table.
Rating: 2",2,3
9877360279.avi,"Expression: The student appears to be focused and attentive, with a slight smile.
Posture: The student is sitting upright in their chair, with one hand resting on their chin.
Rating: 2",2,2
987736028.avi,"Expression: The student appears to be looking directly at the camera with a neutral expression.
Posture: The student is sitting in front of a desk, leaning slightly forward.
Rating: 2",2,2
9877360281.avi,"Expression: The student appears to be focused and attentive, with a slight smile.
Posture: The student is sitting upright in their chair, with one hand resting on their chin.
Rating: 2",2,3
987736029.avi,"Expression: The student appears to be looking down and away from the camera, with a neutral or slightly contemplative expression.
Posture: The student is sitting in front of a computer screen, possibly at a desk, with their hands resting on the table.
Rating: 2",2,3
998826011.avi,"Expression: The student appears to be focused and attentive, with a neutral expression.
Posture: The student is sitting upright in front of the camera.
Rating: 2",2,3
9988260112.avi,"Expression: The student appears to be focused and attentive, with a neutral expression.
Posture: The student is sitting upright in front of the camera, wearing headphones.
Rating: 2",2,3
9988260115.avi,"Expression: The student appears to be focused and attentive, with a neutral expression.
Posture: The student is sitting upright in front of the camera.
Rating: 2",2,3
9988260119.avi,"Expression: The student appears to be focused and attentive, with a neutral expression.
Posture: The student is sitting upright in front of the camera.
Rating: 2",2,2
