clip_id,split,subject_id,engagement,frame_path,status
1100011002.avi,Train,110001,2,/Users/amangoyal/Documents/CVPR 2026 Workshop/frames_full/Train/1100011002.jpg,ok
1100011003.avi,Train,110001,2,/Users/amangoyal/Documents/CVPR 2026 Workshop/frames_full/Train/1100011003.jpg,ok
1100011004.avi,Train,110001,3,/Users/amangoyal/Documents/CVPR 2026 Workshop/frames_full/Train/1100011004.jpg,ok
1100011005.avi,Train,110001,3,/Users/amangoyal/Documents/CVPR 2026 Workshop/frames_full/Train/1100011005.jpg,ok
1100011006.avi,Train,110001,3,/Users/amangoyal/Documents/CVPR 2026 Workshop/frames_full/Train/1100011006.jpg,ok
1100011007.avi,Train,110001,2,/Users/amangoyal/Documents/CVPR 2026 Workshop/frames_full/Train/1100011007.jpg,ok
1100011008.avi,Train,110001,3,/Users/amangoyal/Documents/CVPR 2026 Workshop/frames_full/Train/1100011008.jpg,ok
1100011009.avi,Train,110001,2,/Users/amangoyal/Documents/CVPR 2026 Workshop/frames_full/Train/1100011009.jpg,ok
1100011010.avi,Train,110001,3,/Users/amangoyal/Documents/CVPR 2026 Workshop/frames_full/Train/1100011010.jpg,ok
1100011011.avi,Train,110001,3,/Users/amangoyal/Documents/CVPR 2026 Workshop/frames_full/Train/1100011011.jpg,ok
1100011012.avi,Train,110001,2,/Users/amangoyal/Documents/CVPR 2026 Workshop/frames_full/Train/1100011012.jpg,ok
1100011013.avi,Train,110001,3,/Users/amangoyal/Documents/CVPR 2026 Workshop/frames_full/Train/1100011013.jpg,ok
1100011014.avi,Train,110001,3,/Users/amangoyal/Documents/CVPR 2026 Workshop/frames_full/Train/1100011014.jpg,ok
1100011015.avi,Train,110001,3,/Users/amangoyal/Documents/CVPR 2026 Workshop/frames_full/Train/1100011015.jpg,ok
1100011016.avi,Train,110001,3,/Users/amangoyal/Documents/CVPR 2026 Workshop/frames_full/Train/1100011016.jpg,ok
1100011017.avi,Train,110001,3,/Users/amangoyal/Documents/CVPR 2026 Workshop/frames_full/Train/1100011017.jpg,ok
1100011018.avi,Train,110001,3,/Users/amangoyal/Documents/CVPR 2026 Workshop/frames_full/Train/1100011018.jpg,ok
1100011019.avi,Train,110001,3,/Users/amangoyal/Documents/CVPR 2026 Workshop/frames_full/Train/1100011019.jpg,ok
1100011020.avi,Train,110001,3,/Users/amangoyal/Documents/CVPR 2026 Workshop/frames_full/Train/1100011020.jpg,ok
1100011021.avi,Train,110001,3,/Users/amangoyal/Documents/CVPR 2026 Workshop/frames_full/Train/1100011021.jpg,ok
1100011022.avi,Train,110001,3,/Users/amangoyal/Documents/CVPR 2026 Workshop/frames_full/Train/1100011022.jpg,ok
1100011023.avi,Train,110001,3,/Users/amangoyal/Documents/CVPR 2026 Workshop/frames_full/Train/1100011023.jpg,ok
1100011025.avi,Train,110001,3,/Users/amangoyal/Documents/CVPR 2026 Workshop/frames_full/Train/1100011025.jpg,ok
1100011026.avi,Train,110001,3,/Users/amangoyal/Documents/CVPR 2026 Workshop/frames_full/Train/1100011026.jpg,ok
1100011027.avi,Train,110001,3,/Users/amangoyal/Documents/CVPR 2026 Workshop/frames_full/Train/1100011027.jpg,ok
1100011028.avi,Train,110001,3,/Users/amangoyal/Documents/CVPR 2026 Workshop/frames_full/Train/1100011028.jpg,ok
1100011029.avi,Train,110001,3,/Users/amangoyal/Documents/CVPR 2026 Workshop/frames_full/Train/1100011029.jpg,ok
1100011031.avi,Train,110001,3,/Users/amangoyal/Documents/CVPR 2026 Workshop/frames_full/Train/1100011031.jpg,ok
1100011032.avi,Train,110001,3,/Users/amangoyal/Documents/CVPR 2026 Workshop/frames_full/Train/1100011032.jpg,ok
1100011034.avi,Train,110001,3,/Users/amangoyal/Documents/CVPR 2026 Workshop/frames_full/Train/1100011034.jpg,ok
1100011035.avi,Train,110001,3,/Users/amangoyal/Documents/CVPR 2026 Workshop/frames_full/Train/1100011035.jpg,ok
1100011037.avi,Train,110001,3,/Users/amangoyal/Documents/CVPR 2026 Workshop/frames_full/Train/1100011037.jpg,ok
1100011038.avi,Train,110001,3,/Users/amangoyal/Documents/CVPR 2026 Workshop/frames_full/Train/1100011038.jpg,ok
1100011040.avi,Train,110001,2,/Users/amangoyal/Documents/CVPR 2026 Workshop/frames_full/Train/1100011040.jpg,ok
1100011046.avi,Train,110001,3,/Users/amangoyal/Documents/CVPR 2026 Workshop/frames_full/Train/1100011046.jpg,ok
1100011047.avi,Train,110001,3,/Users/amangoyal/Documents/CVPR 2026 Workshop/frames_full/Train/1100011047.jpg,ok
1100011048.avi,Train,110001,2,/Users/amangoyal/Documents/CVPR 2026 Workshop/frames_full/Train/1100011048.jpg,ok
1100011049.avi,Train,110001,3,/Users/amangoyal/Documents/CVPR 2026 Workshop/frames_full/Train/1100011049.jpg,ok
1100011050.avi,Train,110001,3,/Users/amangoyal/Documents/CVPR 2026 Workshop/frames_full/Train/1100011050.jpg,ok
1100011051.avi,Train,110001,3,/Users/amangoyal/Documents/CVPR 2026 Workshop/frames_full/Train/1100011051.jpg,ok
1100011052.avi,Train,110001,3,/Users/amangoyal/Documents/CVPR 2026 Workshop/frames_full/Train/1100011052.jpg,ok
1100011053.avi,Train,110001,3,/Users/amangoyal/Documents/CVPR 2026 Workshop/frames_full/Train/1100011053.jpg,ok
1100011054.avi,Train,110001,3,/Users/amangoyal/Documents/CVPR 2026 Workshop/frames_full/Train/1100011054.jpg,ok
1100011055.avi,Train,110001,3,/Users/amangoyal/Documents/CVPR 2026 Workshop/frames_full/Train/1100011055.jpg,ok
1100011056.avi,Train,110001,3,/Users/amangoyal/Documents/CVPR 2026 Workshop/frames_full/Train/1100011056.jpg,ok
1100011057.avi,Train,110001,3,/Users/amangoyal/Documents/CVPR 2026 Workshop/frames_full/Train/1100011057.jpg,ok
1100011058.avi,Train,110001,3,/Users/amangoyal/Documents/CVPR 2026 Workshop/frames_full/Train/1100011058.jpg,ok
1100011059.avi,Train,110001,3,/Users/amangoyal/Documents/CVPR 2026 Workshop/frames_full/Train/1100011059.jpg,ok
1100011060.avi,Train,110001,3,/Users/amangoyal/Documents/CVPR 2026 Workshop/frames_full/Train/1100011060.jpg,ok
1100011062.avi,Train,110001,3,/Users/amangoyal/Documents/CVPR 2026 Workshop/frames_full/Train/1100011062.jpg,ok
1100011063.avi,Train,110001,3,/Users/amangoyal/Documents/CVPR 2026 Workshop/frames_full/Train/1100011063.jpg,ok
1100011064.avi,Train,110001,3,/Users/amangoyal/Documents/CVPR 2026 Workshop/frames_full/Train/1100011064.jpg,ok
1100011066.avi,Train,110001,3,/Users/amangoyal/Documents/CVPR 2026 Workshop/frames_full/Train/1100011066.jpg,ok
1100011067.avi,Train,110001,3,/Users/amangoyal/Documents/CVPR 2026 Workshop/frames_full/Train/1100011067.jpg,ok
1100011068.avi,Train,110001,3,/Users/amangoyal/Documents/CVPR 2026 Workshop/frames_full/Train/1100011068.jpg,ok
1100011069.avi,Train,110001,3,/Users/amangoyal/Documents/CVPR 2026 Workshop/frames_full/Train/1100011069.jpg,ok
1100011070.avi,Train,110001,3,/Users/amangoyal/Documents/CVPR 2026 Workshop/frames_full/Train/1100011070.jpg,ok
1100011071.avi,Train,110001,3,/Users/amangoyal/Documents/CVPR 2026 Workshop/frames_full/Train/1100011071.jpg,ok
1100011072.avi,Train,110001,3,/Users/amangoyal/Documents/CVPR 2026 Workshop/frames_full/Train/1100011072.jpg,ok
1100011073.avi,Train,110001,3,/Users/amangoyal/Documents/CVPR 2026 Workshop/frames_full/Train/1100011073.jpg,ok
1100011075.avi,Train,110001,3,/Users/amangoyal/Documents/CVPR 2026 Workshop/frames_full/Train/1100011075.jpg,ok
1100011076.avi,Train,110001,3,/Users/amangoyal/Documents/CVPR 2026 Workshop/frames_full/Train/1100011076.jpg,ok
1100011078.avi,Train,110001,2,/Users/amangoyal/Documents/CVPR 2026 Workshop/frames_full/Train/1100011078.jpg,ok
1100011079.avi,Train,110001,3,/Users/amangoyal/Documents/CVPR 2026 Workshop/frames_full/Train/1100011079.jpg,ok
1100011080.avi,Train,110001,3,/Users/amangoyal/Documents/CVPR 2026 Workshop/frames_full/Train/1100011080.jpg,ok
1100011081.avi,Train,110001,3,/Users/amangoyal/Documents/CVPR 2026 Workshop/frames_full/Train/1100011081.jpg,ok
1100011082.avi,Train,110001,3,/Users/amangoyal/Documents/CVPR 2026 Workshop/frames_full/Train/1100011082.jpg,ok
1100011083.avi,Train,110001,3,/Users/amangoyal/Documents/CVPR 2026 Workshop/frames_full/Train/1100011083.jpg,ok
1100012001.avi,Train,110001,3,/Users/amangoyal/Documents/CVPR 2026 Workshop/frames_full/Train/1100012001.jpg,ok
1100012003.avi,Train,110001,3,/Users/amangoyal/Documents/CVPR 2026 Workshop/frames_full/Train/1100012003.jpg,ok
1100012007.avi,Train,110001,3,/Users/amangoyal/Documents/CVPR 2026 Workshop/frames_full/Train/1100012007.jpg,ok
1100012008.avi,Train,110001,3,/Users/amangoyal/Documents/CVPR 2026 Workshop/frames_full/Train/1100012008.jpg,ok
1100012009.avi,Train,110001,3,/Users/amangoyal/Documents/CVPR 2026 Workshop/frames_full/Train/1100012009.jpg,ok
1100012010.avi,Train,110001,3,/Users/amangoyal/Documents/CVPR 2026 Workshop/frames_full/Train/1100012010.jpg,ok
1100012011.avi,Train,110001,3,/Users/amangoyal/Documents/CVPR 2026 Workshop/frames_full/Train/1100012011.jpg,ok
1100012013.avi,Train,110001,3,/Users/amangoyal/Documents/CVPR 2026 Workshop/frames_full/Train/1100012013.jpg,ok
1100012014.avi,Train,110001,3,/Users/amangoyal/Documents/CVPR 2026 Workshop/frames_full/Train/1100012014.jpg,ok
1100012015.avi,Train,110001,3,/Users/amangoyal/Documents/CVPR 2026 Workshop/frames_full/Train/1100012015.jpg,ok
1100012016.avi,Train,110001,3,/Users/amangoyal/Documents/CVPR 2026 Workshop/frames_full/Train/1100012016.jpg,ok
1100012017.avi,Train,110001,3,/Users/amangoyal/Documents/CVPR 2026 Workshop/frames_full/Train/1100012017.jpg,ok
1100012018.avi,Train,110001,3,/Users/amangoyal/Documents/CVPR 2026 Workshop/frames_full/Train/1100012018.jpg,ok
1100012021.avi,Train,110001,2,/Users/amangoyal/Documents/CVPR 2026 Workshop/frames_full/Train/1100012021.jpg,ok
1100012022.avi,Train,110001,3,/Users/amangoyal/Documents/CVPR 2026 Workshop/frames_full/Train/1100012022.jpg,ok
1100012023.avi,Train,110001,3,/Users/amangoyal/Documents/CVPR 2026 Workshop/frames_full/Train/1100012023.jpg,ok
1100012025.avi,Train,110001,3,/Users/amangoyal/Documents/CVPR 2026 Workshop/frames_full/Train/1100012025.jpg,ok
1100012026.avi,Train,110001,3,/Users/amangoyal/Documents/CVPR 2026 Workshop/frames_full/Train/1100012026.jpg,ok
1100012027.avi,Train,110001,3,/Users/amangoyal/Documents/CVPR 2026 Workshop/frames_full/Train/1100012027.jpg,ok
1100012028.avi,Train,110001,3,/Users/amangoyal/Documents/CVPR 2026 Workshop/frames_full/Train/1100012028.jpg,ok
1100012030.avi,Train,110001,3,/Users/amangoyal/Documents/CVPR 2026 Workshop/frames_full/Train/1100012030.jpg,ok
1100012031.avi,Train,110001,3,/Users/amangoyal/Documents/CVPR 2026 Workshop/frames_full/Train/1100012031.jpg,ok
1100012032.avi,Train,110001,3,/Users/amangoyal/Documents/CVPR 2026 Workshop/frames_full/Train/1100012032.jpg,ok
1100012033.avi,Train,110001,3,/Users/amangoyal/Documents/CVPR 2026 Workshop/frames_full/Train/1100012033.jpg,ok
1100012036.avi,Train,110001,3,/Users/amangoyal/Documents/CVPR 2026 Workshop/frames_full/Train/1100012036.jpg,ok
1100012037.avi,Train,110001,3,/Users/amangoyal/Documents/CVPR 2026 Workshop/frames_full/Train/1100012037.jpg,ok
1100012038.avi,Train,110001,3,/Users/amangoyal/Documents/CVPR 2026 Workshop/frames_full/Train/1100012038.jpg,ok
1100012041.avi,Train,110001,3,/Users/amangoyal/Documents/CVPR 2026 Workshop/frames_full/Train/1100012041.jpg,ok
1100012042.avi,Train,110001,2,/Users/amangoyal/Documents/CVPR 2026 Workshop/frames_full/Train/1100012042.jpg,ok
1100012045.avi,Train,110001,2,/Users/amangoyal/Documents/CVPR 2026 Workshop/frames_full/Train/1100012045.jpg,ok
1100012046.avi,Train,110001,3,/Users/amangoyal/Documents/CVPR 2026 Workshop/frames_full/Train/1100012046.jpg,ok
1100012047.avi,Train,110001,2,/Users/amangoyal/Documents/CVPR 2026 Workshop/frames_full/Train/1100012047.jpg,ok
1100012049.avi,Train,110001,3,/Users/amangoyal/Documents/CVPR 2026 Workshop/frames_full/Train/1100012049.jpg,ok
1100012050.avi,Train,110001,3,/Users/amangoyal/Documents/CVPR 2026 Workshop/frames_full/Train/1100012050.jpg,ok
1100012051.avi,Train,110001,3,/Users/amangoyal/Documents/CVPR 2026 Workshop/frames_full/Train/1100012051.jpg,ok
1100012052.avi,Train,110001,3,/Users/amangoyal/Documents/CVPR 2026 Workshop/frames_full/Train/1100012052.jpg,ok
1100012057.avi,Train,110001,3,/Users/amangoyal/Documents/CVPR 2026 Workshop/frames_full/Train/1100012057.jpg,ok
1100012059.avi,Train,110001,3,/Users/amangoyal/Documents/CVPR 2026 Workshop/frames_full/Train/1100012059.jpg,ok
1100012060.avi,Train,110001,3,/Users/amangoyal/Documents/CVPR 2026 Workshop/frames_full/Train/1100012060.jpg,ok
1100012061.avi,Train,110001,3,/Users/amangoyal/Documents/CVPR 2026 Workshop/frames_full/Train/1100012061.jpg,ok
1100012062.avi,Train,110001,3,/Users/amangoyal/Documents/CVPR 2026 Workshop/frames_full/Train/1100012062.jpg,ok
1100012063.avi,Train,110001,3,/Users/amangoyal/Documents/CVPR 2026 Workshop/frames_full/Train/1100012063.jpg,ok
1100012064.avi,Train,110001,3,/Users/amangoyal/Documents/CVPR 2026 Workshop/frames_full/Train/1100012064.jpg,ok
1100012065.avi,Train,110001,3,/Users/amangoyal/Documents/CVPR 2026 Workshop/frames_full/Train/1100012065.jpg,ok
1100012066.avi,Train,110001,3,/Users/amangoyal/Documents/CVPR 2026 Workshop/frames_full/Train/1100012066.jpg,ok
1100012069.avi,Train,110001,3,/Users/amangoyal/Documents/CVPR 2026 Workshop/frames_full/Train/1100012069.jpg,ok
1100021001.avi,Train,110002,2,/Users/amangoyal/Documents/CVPR 2026 Workshop/frames_full/Train/1100021001.jpg,ok
1100021003.avi,Train,110002,1,/Users/amangoyal/Documents/CVPR 2026 Workshop/frames_full/Train/1100021003.jpg,ok
1100021015.avi,Train,110002,2,/Users/amangoyal/Documents/CVPR 2026 Workshop/frames_full/Train/1100021015.jpg,ok
1100021038.avi,Train,110002,2,/Users/amangoyal/Documents/CVPR 2026 Workshop/frames_full/Train/1100021038.jpg,ok
1100021039.avi,Train,110002,2,/Users/amangoyal/Documents/CVPR 2026 Workshop/frames_full/Train/1100021039.jpg,ok
1100021040.avi,Train,110002,3,/Users/amangoyal/Documents/CVPR 2026 Workshop/frames_full/Train/1100021040.jpg,ok
1100021045.avi,Train,110002,3,/Users/amangoyal/Documents/CVPR 2026 Workshop/frames_full/Train/1100021045.jpg,ok
1100021050.avi,Train,110002,3,/Users/amangoyal/Documents/CVPR 2026 Workshop/frames_full/Train/1100021050.jpg,ok
1100021055.avi,Train,110002,1,/Users/amangoyal/Documents/CVPR 2026 Workshop/frames_full/Train/1100021055.jpg,ok
1100022001.avi,Train,110002,3,/Users/amangoyal/Documents/CVPR 2026 Workshop/frames_full/Train/1100022001.jpg,ok
1100022002.avi,Train,110002,2,/Users/amangoyal/Documents/CVPR 2026 Workshop/frames_full/Train/1100022002.jpg,ok
1100022003.avi,Train,110002,3,/Users/amangoyal/Documents/CVPR 2026 Workshop/frames_full/Train/1100022003.jpg,ok
1100022004.avi,Train,110002,3,/Users/amangoyal/Documents/CVPR 2026 Workshop/frames_full/Train/1100022004.jpg,ok
1100022005.avi,Train,110002,1,/Users/amangoyal/Documents/CVPR 2026 Workshop/frames_full/Train/1100022005.jpg,ok
1100022008.avi,Train,110002,2,/Users/amangoyal/Documents/CVPR 2026 Workshop/frames_full/Train/1100022008.jpg,ok
1100022009.avi,Train,110002,3,/Users/amangoyal/Documents/CVPR 2026 Workshop/frames_full/Train/1100022009.jpg,ok
1100022014.avi,Train,110002,3,/Users/amangoyal/Documents/CVPR 2026 Workshop/frames_full/Train/1100022014.jpg,ok
1100022019.avi,Train,110002,3,/Users/amangoyal/Documents/CVPR 2026 Workshop/frames_full/Train/1100022019.jpg,ok
1100022020.avi,Train,110002,2,/Users/amangoyal/Documents/CVPR 2026 Workshop/frames_full/Train/1100022020.jpg,ok
1100022021.avi,Train,110002,2,/Users/amangoyal/Documents/CVPR 2026 Workshop/frames_full/Train/1100022021.jpg,ok
1100022022.avi,Train,110002,2,/Users/amangoyal/Documents/CVPR 2026 Workshop/frames_full/Train/1100022022.jpg,ok
1100022026.avi,Train,110002,3,/Users/amangoyal/Documents/CVPR 2026 Workshop/frames_full/Train/1100022026.jpg,ok
1100022027.avi,Train,110002,3,/Users/amangoyal/Documents/CVPR 2026 Workshop/frames_full/Train/1100022027.jpg,ok
1100022028.avi,Train,110002,3,/Users/amangoyal/Documents/CVPR 2026 Workshop/frames_full/Train/1100022028.jpg,ok
1100022029.avi,Train,110002,3,/Users/amangoyal/Documents/CVPR 2026 Workshop/frames_full/Train/1100022029.jpg,ok
1100022031.avi,Train,110002,3,/Users/amangoyal/Documents/CVPR 2026 Workshop/frames_full/Train/1100022031.jpg,ok
1100022035.avi,Train,110002,2,/Users/amangoyal/Documents/CVPR 2026 Workshop/frames_full/Train/1100022035.jpg,ok
1100022038.avi,Train,110002,3,/Users/amangoyal/Documents/CVPR 2026 Workshop/frames_full/Train/1100022038.jpg,ok
1100022039.avi,Train,110002,3,/Users/amangoyal/Documents/CVPR 2026 Workshop/frames_full/Train/1100022039.jpg,ok
1100022045.avi,Train,110002,3,/Users/amangoyal/Documents/CVPR 2026 Workshop/frames_full/Train/1100022045.jpg,ok
1100022046.avi,Train,110002,3,/Users/amangoyal/Documents/CVPR 2026 Workshop/frames_full/Train/1100022046.jpg,ok
1100022047.avi,Train,110002,3,/Users/amangoyal/Documents/CVPR 2026 Workshop/frames_full/Train/1100022047.jpg,ok
1100022048.avi,Train,110002,2,/Users/amangoyal/Documents/CVPR 2026 Workshop/frames_full/Train/1100022048.jpg,ok
1100022049.avi,Train,110002,2,/Users/amangoyal/Documents/CVPR 2026 Workshop/frames_full/Train/1100022049.jpg,ok
1100022051.avi,Train,110002,3,/Users/amangoyal/Documents/CVPR 2026 Workshop/frames_full/Train/1100022051.jpg,ok
1100022052.avi,Train,110002,2,/Users/amangoyal/Documents/CVPR 2026 Workshop/frames_full/Train/1100022052.jpg,ok
1100022053.avi,Train,110002,2,/Users/amangoyal/Documents/CVPR 2026 Workshop/frames_full/Train/1100022053.jpg,ok
1100022054.avi,Train,110002,2,/Users/amangoyal/Documents/CVPR 2026 Workshop/frames_full/Train/1100022054.jpg,ok
1100022055.avi,Train,110002,2,/Users/amangoyal/Documents/CVPR 2026 Workshop/frames_full/Train/1100022055.jpg,ok
1100022056.avi,Train,110002,3,/Users/amangoyal/Documents/CVPR 2026 Workshop/frames_full/Train/1100022056.jpg,ok
1100022057.avi,Train,110002,2,/Users/amangoyal/Documents/CVPR 2026 Workshop/frames_full/Train/1100022057.jpg,ok
1100041006.avi,Train,110004,3,/Users/amangoyal/Documents/CVPR 2026 Workshop/frames_full/Train/1100041006.jpg,ok
1100041015.avi,Train,110004,3,/Users/amangoyal/Documents/CVPR 2026 Workshop/frames_full/Train/1100041015.jpg,ok
1100041016.avi,Train,110004,3,/Users/amangoyal/Documents/CVPR 2026 Workshop/frames_full/Train/1100041016.jpg,ok
1100041017.avi,Train,110004,2,/Users/amangoyal/Documents/CVPR 2026 Workshop/frames_full/Train/1100041017.jpg,ok
1100041018.avi,Train,110004,2,/Users/amangoyal/Documents/CVPR 2026 Workshop/frames_full/Train/1100041018.jpg,ok
1100041021.avi,Train,110004,2,/Users/amangoyal/Documents/CVPR 2026 Workshop/frames_full/Train/1100041021.jpg,ok
1100041022.avi,Train,110004,2,/Users/amangoyal/Documents/CVPR 2026 Workshop/frames_full/Train/1100041022.jpg,ok
1100041023.avi,Train,110004,2,/Users/amangoyal/Documents/CVPR 2026 Workshop/frames_full/Train/1100041023.jpg,ok
1100041024.avi,Train,110004,2,/Users/amangoyal/Documents/CVPR 2026 Workshop/frames_full/Train/1100041024.jpg,ok
1100041029.avi,Train,110004,3,/Users/amangoyal/Documents/CVPR 2026 Workshop/frames_full/Train/1100041029.jpg,ok
1100041034.avi,Train,110004,2,/Users/amangoyal/Documents/CVPR 2026 Workshop/frames_full/Train/1100041034.jpg,ok
1100041044.avi,Train,110004,2,/Users/amangoyal/Documents/CVPR 2026 Workshop/frames_full/Train/1100041044.jpg,ok
1100041051.avi,Train,110004,3,/Users/amangoyal/Documents/CVPR 2026 Workshop/frames_full/Train/1100041051.jpg,ok
1100041052.avi,Train,110004,2,/Users/amangoyal/Documents/CVPR 2026 Workshop/frames_full/Train/1100041052.jpg,ok
1100042009.avi,Train,110004,2,/Users/amangoyal/Documents/CVPR 2026 Workshop/frames_full/Train/1100042009.jpg,ok
1100042010.avi,Train,110004,2,/Users/amangoyal/Documents/CVPR 2026 Workshop/frames_full/Train/1100042010.jpg,ok
1100042011.avi,Train,110004,2,/Users/amangoyal/Documents/CVPR 2026 Workshop/frames_full/Train/1100042011.jpg,ok
1100042017.avi,Train,110004,2,/Users/amangoyal/Documents/CVPR 2026 Workshop/frames_full/Train/1100042017.jpg,ok
1100042018.avi,Train,110004,2,/Users/amangoyal/Documents/CVPR 2026 Workshop/frames_full/Train/1100042018.jpg,ok
1100042019.avi,Train,110004,3,/Users/amangoyal/Documents/CVPR 2026 Workshop/frames_full/Train/1100042019.jpg,ok
1100042020.avi,Train,110004,3,/Users/amangoyal/Documents/CVPR 2026 Workshop/frames_full/Train/1100042020.jpg,ok
1100042023.avi,Train,110004,1,/Users/amangoyal/Documents/CVPR 2026 Workshop/frames_full/Train/1100042023.jpg,ok
1100042024.avi,Train,110004,2,/Users/amangoyal/Documents/CVPR 2026 Workshop/frames_full/Train/1100042024.jpg,ok
1100042025.avi,Train,110004,2,/Users/amangoyal/Documents/CVPR 2026 Workshop/frames_full/Train/1100042025.jpg,ok
1100042026.avi,Train,110004,1,/Users/amangoyal/Documents/CVPR 2026 Workshop/frames_full/Train/1100042026.jpg,ok
1100042029.avi,Train,110004,3,/Users/amangoyal/Documents/CVPR 2026 Workshop/frames_full/Train/1100042029.jpg,ok
1100042030.avi,Train,110004,2,/Users/amangoyal/Documents/CVPR 2026 Workshop/frames_full/Train/1100042030.jpg,ok
1100042031.avi,Train,110004,3,/Users/amangoyal/Documents/CVPR 2026 Workshop/frames_full/Train/1100042031.jpg,ok
1100042034.avi,Train,110004,2,/Users/amangoyal/Documents/CVPR 2026 Workshop/frames_full/Train/1100042034.jpg,ok
1100042040.avi,Train,110004,2,/Users/amangoyal/Documents/CVPR 2026 Workshop/frames_full/Train/1100042040.jpg,ok
1100042041.avi,Train,110004,3,/Users/amangoyal/Documents/CVPR 2026 Workshop/frames_full/Train/1100042041.jpg,ok
1100042058.avi,Train,110004,2,/Users/amangoyal/Documents/CVPR 2026 Workshop/frames_full/Train/1100042058.jpg,ok
1100042059.avi,Train,110004,2,/Users/amangoyal/Documents/CVPR 2026 Workshop/frames_full/Train/1100042059.jpg,ok
1100042060.avi,Train,110004,2,/Users/amangoyal/Documents/CVPR 2026 Workshop/frames_full/Train/1100042060.jpg,ok
1100051002.avi,Train,110005,2,/Users/amangoyal/Documents/CVPR 2026 Workshop/frames_full/Train/1100051002.jpg,ok
1100051004.avi,Train,110005,2,/Users/amangoyal/Documents/CVPR 2026 Workshop/frames_full/Train/1100051004.jpg,ok
1100051006.avi,Train,110005,2,/Users/amangoyal/Documents/CVPR 2026 Workshop/frames_full/Train/1100051006.jpg,ok
1100051007.avi,Train,110005,1,/Users/amangoyal/Documents/CVPR 2026 Workshop/frames_full/Train/1100051007.jpg,ok
1100051008.avi,Train,110005,2,/Users/amangoyal/Documents/CVPR 2026 Workshop/frames_full/Train/1100051008.jpg,ok
1100051009.avi,Train,110005,2,/Users/amangoyal/Documents/CVPR 2026 Workshop/frames_full/Train/1100051009.jpg,ok
1100051011.avi,Train,110005,2,/Users/amangoyal/Documents/CVPR 2026 Workshop/frames_full/Train/1100051011.jpg,ok
1100051012.avi,Train,110005,2,/Users/amangoyal/Documents/CVPR 2026 Workshop/frames_full/Train/1100051012.jpg,ok
1100051013.avi,Train,110005,2,/Users/amangoyal/Documents/CVPR 2026 Workshop/frames_full/Train/1100051013.jpg,ok
1100051014.avi,Train,110005,2,/Users/amangoyal/Documents/CVPR 2026 Workshop/frames_full/Train/1100051014.jpg,ok
1100051016.avi,Train,110005,1,/Users/amangoyal/Documents/CVPR 2026 Workshop/frames_full/Train/1100051016.jpg,ok
1100051017.avi,Train,110005,2,/Users/amangoyal/Documents/CVPR 2026 Workshop/frames_full/Train/1100051017.jpg,ok
1100051019.avi,Train,110005,3,/Users/amangoyal/Documents/CVPR 2026 Workshop/frames_full/Train/1100051019.jpg,ok
1100051020.avi,Train,110005,2,/Users/amangoyal/Documents/CVPR 2026 Workshop/frames_full/Train/1100051020.jpg,ok
1100051021.avi,Train,110005,2,/Users/amangoyal/Documents/CVPR 2026 Workshop/frames_full/Train/1100051021.jpg,ok
1100051022.avi,Train,110005,2,/Users/amangoyal/Documents/CVPR 2026 Workshop/frames_full/Train/1100051022.jpg,ok
1100051023.avi,Train,110005,2,/Users/amangoyal/Documents/CVPR 2026 Workshop/frames_full/Train/1100051023.jpg,ok
1100051024.avi,Train,110005,2,/Users/amangoyal/Documents/CVPR 2026 Workshop/frames_full/Train/1100051024.jpg,ok
1100051025.avi,Train,110005,2,/Users/amangoyal/Documents/CVPR 2026 Workshop/frames_full/Train/1100051025.jpg,ok
1100051026.avi,Train,110005,2,/Users/amangoyal/Documents/CVPR 2026 Workshop/frames_full/Train/1100051026.jpg,ok
1100051028.avi,Train,110005,2,/Users/amangoyal/Documents/CVPR 2026 Workshop/frames_full/Train/1100051028.jpg,ok
1100051029.avi,Train,110005,2,/Users/amangoyal/Documents/CVPR 2026 Workshop/frames_full/Train/1100051029.jpg,ok
1100051030.avi,Train,110005,1,/Users/amangoyal/Documents/CVPR 2026 Workshop/frames_full/Train/1100051030.jpg,ok
1100051031.avi,Train,110005,1,/Users/amangoyal/Documents/CVPR 2026 Workshop/frames_full/Train/1100051031.jpg,ok
1100051032.avi,Train,110005,3,/Users/amangoyal/Documents/CVPR 2026 Workshop/frames_full/Train/1100051032.jpg,ok
1100051033.avi,Train,110005,2,/Users/amangoyal/Documents/CVPR 2026 Workshop/frames_full/Train/1100051033.jpg,ok
1100051034.avi,Train,110005,2,/Users/amangoyal/Documents/CVPR 2026 Workshop/frames_full/Train/1100051034.jpg,ok
1100051035.avi,Train,110005,2,/Users/amangoyal/Documents/CVPR 2026 Workshop/frames_full/Train/1100051035.jpg,ok
1100051036.avi,Train,110005,2,/Users/amangoyal/Documents/CVPR 2026 Workshop/frames_full/Train/1100051036.jpg,ok
1100051037.avi,Train,110005,2,/Users/amangoyal/Documents/CVPR 2026 Workshop/frames_full/Train/1100051037.jpg,ok
1100051039.avi,Train,110005,2,/Users/amangoyal/Documents/CVPR 2026 Workshop/frames_full/Train/1100051039.jpg,ok
1100051041.avi,Train,110005,3,/Users/amangoyal/Documents/CVPR 2026 Workshop/frames_full/Train/1100051041.jpg,ok
1100051042.avi,Train,110005,2,/Users/amangoyal/Documents/CVPR 2026 Workshop/frames_full/Train/1100051042.jpg,ok
1100051044.avi,Train,110005,2,/Users/amangoyal/Documents/CVPR 2026 Workshop/frames_full/Train/1100051044.jpg,ok
1100051045.avi,Train,110005,3,/Users/amangoyal/Documents/CVPR 2026 Workshop/frames_full/Train/1100051045.jpg,ok
1100051046.avi,Train,110005,2,/Users/amangoyal/Documents/CVPR 2026 Workshop/frames_full/Train/1100051046.jpg,ok
1100051048.avi,Train,110005,2,/Users/amangoyal/Documents/CVPR 2026 Workshop/frames_full/Train/1100051048.jpg,ok
1100051049.avi,Train,110005,2,/Users/amangoyal/Documents/CVPR 2026 Workshop/frames_full/Train/1100051049.jpg,ok
1100051050.avi,Train,110005,3,/Users/amangoyal/Documents/CVPR 2026 Workshop/frames_full/Train/1100051050.jpg,ok
1100051051.avi,Train,110005,2,/Users/amangoyal/Documents/CVPR 2026 Workshop/frames_full/Train/1100051051.jpg,ok
1100051052.avi,Train,110005,2,/Users/amangoyal/Documents/CVPR 2026 Workshop/frames_full/Train/1100051052.jpg,ok
1100051053.avi,Train,110005,1,/Users/amangoyal/Documents/CVPR 2026 Workshop/frames_full/Train/1100051053.jpg,ok
1100051054.avi,Train,110005,2,/Users/amangoyal/Documents/CVPR 2026 Workshop/frames_full/Train/1100051054.jpg,ok
1100051055.avi,Train,110005,2,/Users/amangoyal/Documents/CVPR 2026 Workshop/frames_full/Train/1100051055.jpg,ok
1100051056.avi,Train,110005,2,/Users/amangoyal/Documents/CVPR 2026 Workshop/frames_full/Train/1100051056.jpg,ok
1100051057.avi,Train,110005,3,/Users/amangoyal/Documents/CVPR 2026 Workshop/frames_full/Train/1100051057.jpg,ok
1100051059.avi,Train,110005,3,/Users/amangoyal/Documents/CVPR 2026 Workshop/frames_full/Train/1100051059.jpg,ok
1100051061.avi,Train,110005,2,/Users/amangoyal/Documents/CVPR 2026 Workshop/frames_full/Train/1100051061.jpg,ok
1100051062.avi,Train,110005,3,/Users/amangoyal/Documents/CVPR 2026 Workshop/frames_full/Train/1100051062.jpg,ok
1100051064.avi,Train,110005,3,/Users/amangoyal/Documents/CVPR 2026 Workshop/frames_full/Train/1100051064.jpg,ok
1100051065.avi,Train,110005,2,/Users/amangoyal/Documents/CVPR 2026 Workshop/frames_full/Train/1100051065.jpg,ok
1100051066.avi,Train,110005,3,/Users/amangoyal/Documents/CVPR 2026 Workshop/frames_full/Train/1100051066.jpg,ok
1100051067.avi,Train,110005,3,/Users/amangoyal/Documents/CVPR 2026 Workshop/frames_full/Train/1100051067.jpg,ok
1100051068.avi,Train,110005,3,/Users/amangoyal/Documents/CVPR 2026 Workshop/frames_full/Train/1100051068.jpg,ok
1100051071.avi,Train,110005,3,/Users/amangoyal/Documents/CVPR 2026 Workshop/frames_full/Train/1100051071.jpg,ok
1100051076.avi,Train,110005,2,/Users/amangoyal/Documents/CVPR 2026 Workshop/frames_full/Train/1100051076.jpg,ok
1100051078.avi,Train,110005,2,/Users/amangoyal/Documents/CVPR 2026 Workshop/frames_full/Train/1100051078.jpg,ok
1100051079.avi,Train,110005,3,/Users/amangoyal/Documents/CVPR 2026 Workshop/frames_full/Train/1100051079.jpg,ok
1100052001.avi,Train,110005,2,/Users/amangoyal/Documents/CVPR 2026 Workshop/frames_full/Train/1100052001.jpg,ok
1100052002.avi,Train,110005,2,/Users/amangoyal/Documents/CVPR 2026 Workshop/frames_full/Train/1100052002.jpg,ok
1100052006.avi,Train,110005,2,/Users/amangoyal/Documents/CVPR 2026 Workshop/frames_full/Train/1100052006.jpg,ok
1100052007.avi,Train,110005,2,/Users/amangoyal/Documents/CVPR 2026 Workshop/frames_full/Train/1100052007.jpg,ok
1100052008.avi,Train,110005,3,/Users/amangoyal/Documents/CVPR 2026 Workshop/frames_full/Train/1100052008.jpg,ok
1100052009.avi,Train,110005,2,/Users/amangoyal/Documents/CVPR 2026 Workshop/frames_full/Train/1100052009.jpg,ok
1100052014.avi,Train,110005,1,/Users/amangoyal/Documents/CVPR 2026 Workshop/frames_full/Train/1100052014.jpg,ok
1100052023.avi,Train,110005,2,/Users/amangoyal/Documents/CVPR 2026 Workshop/frames_full/Train/1100052023.jpg,ok
1100052024.avi,Train,110005,2,/Users/amangoyal/Documents/CVPR 2026 Workshop/frames_full/Train/1100052024.jpg,ok
1100052026.avi,Train,110005,2,/Users/amangoyal/Documents/CVPR 2026 Workshop/frames_full/Train/1100052026.jpg,ok
1100052027.avi,Train,110005,2,/Users/amangoyal/Documents/CVPR 2026 Workshop/frames_full/Train/1100052027.jpg,ok
1100052028.avi,Train,110005,3,/Users/amangoyal/Documents/CVPR 2026 Workshop/frames_full/Train/1100052028.jpg,ok
1100052030.avi,Train,110005,2,/Users/amangoyal/Documents/CVPR 2026 Workshop/frames_full/Train/1100052030.jpg,ok
1100052031.avi,Train,110005,2,/Users/amangoyal/Documents/CVPR 2026 Workshop/frames_full/Train/1100052031.jpg,ok
1100052032.avi,Train,110005,2,/Users/amangoyal/Documents/CVPR 2026 Workshop/frames_full/Train/1100052032.jpg,ok
1100052033.avi,Train,110005,2,/Users/amangoyal/Documents/CVPR 2026 Workshop/frames_full/Train/1100052033.jpg,ok
1100052035.avi,Train,110005,2,/Users/amangoyal/Documents/CVPR 2026 Workshop/frames_full/Train/1100052035.jpg,ok
1100052036.avi,Train,110005,2,/Users/amangoyal/Documents/CVPR 2026 Workshop/frames_full/Train/1100052036.jpg,ok
1100052037.avi,Train,110005,2,/Users/amangoyal/Documents/CVPR 2026 Workshop/frames_full/Train/1100052037.jpg,ok
1100052038.avi,Train,110005,2,/Users/amangoyal/Documents/CVPR 2026 Workshop/frames_full/Train/1100052038.jpg,ok
1100052039.avi,Train,110005,2,/Users/amangoyal/Documents/CVPR 2026 Workshop/frames_full/Train/1100052039.jpg,ok
1100052040.avi,Train,110005,3,/Users/amangoyal/Documents/CVPR 2026 Workshop/frames_full/Train/1100052040.jpg,ok
1100052041.avi,Train,110005,2,/Users/amangoyal/Documents/CVPR 2026 Workshop/frames_full/Train/1100052041.jpg,ok
1100052047.avi,Train,110005,2,/Users/amangoyal/Documents/CVPR 2026 Workshop/frames_full/Train/1100052047.jpg,ok
1100052048.avi,Train,110005,2,/Users/amangoyal/Documents/CVPR 2026 Workshop/frames_full/Train/1100052048.jpg,ok
1100052049.avi,Train,110005,2,/Users/amangoyal/Documents/CVPR 2026 Workshop/frames_full/Train/1100052049.jpg,ok
1100052051.avi,Train,110005,2,/Users/amangoyal/Documents/CVPR 2026 Workshop/frames_full/Train/1100052051.jpg,ok
1100052055.avi,Train,110005,2,/Users/amangoyal/Documents/CVPR 2026 Workshop/frames_full/Train/1100052055.jpg,ok
1100052057.avi,Train,110005,2,/Users/amangoyal/Documents/CVPR 2026 Workshop/frames_full/Train/1100052057.jpg,ok
1100052060.avi,Train,110005,3,/Users/amangoyal/Documents/CVPR 2026 Workshop/frames_full/Train/1100052060.jpg,ok
1100052061.avi,Train,110005,2,/Users/amangoyal/Documents/CVPR 2026 Workshop/frames_full/Train/1100052061.jpg,ok
1100052062.avi,Train,110005,2,/Users/amangoyal/Documents/CVPR 2026 Workshop/frames_full/Train/1100052062.jpg,ok
1100052065.avi,Train,110005,3,/Users/amangoyal/Documents/CVPR 2026 Workshop/frames_full/Train/1100052065.jpg,ok
1100052068.avi,Train,110005,2,/Users/amangoyal/Documents/CVPR 2026 Workshop/frames_full/Train/1100052068.jpg,ok
1100052070.avi,Train,110005,2,/Users/amangoyal/Documents/CVPR 2026 Workshop/frames_full/Train/1100052070.jpg,ok
1100061009.avi,Train,110006,3,/Users/amangoyal/Documents/CVPR 2026 Workshop/frames_full/Train/1100061009.jpg,ok
1100061010.avi,Train,110006,3,/Users/amangoyal/Documents/CVPR 2026 Workshop/frames_full/Train/1100061010.jpg,ok
1100061011.avi,Train,110006,3,/Users/amangoyal/Documents/CVPR 2026 Workshop/frames_full/Train/1100061011.jpg,ok
1100061012.avi,Train,110006,2,/Users/amangoyal/Documents/CVPR 2026 Workshop/frames_full/Train/1100061012.jpg,ok
1100061013.avi,Train,110006,3,/Users/amangoyal/Documents/CVPR 2026 Workshop/frames_full/Train/1100061013.jpg,ok
1100061015.avi,Train,110006,2,/Users/amangoyal/Documents/CVPR 2026 Workshop/frames_full/Train/1100061015.jpg,ok
1100061016.avi,Train,110006,2,/Users/amangoyal/Documents/CVPR 2026 Workshop/frames_full/Train/1100061016.jpg,ok
1100061018.avi,Train,110006,2,/Users/amangoyal/Documents/CVPR 2026 Workshop/frames_full/Train/1100061018.jpg,ok
1100061019.avi,Train,110006,2,/Users/amangoyal/Documents/CVPR 2026 Workshop/frames_full/Train/1100061019.jpg,ok
1100061022.avi,Train,110006,3,/Users/amangoyal/Documents/CVPR 2026 Workshop/frames_full/Train/1100061022.jpg,ok
1100061023.avi,Train,110006,2,/Users/amangoyal/Documents/CVPR 2026 Workshop/frames_full/Train/1100061023.jpg,ok
1100061025.avi,Train,110006,2,/Users/amangoyal/Documents/CVPR 2026 Workshop/frames_full/Train/1100061025.jpg,ok
1100061027.avi,Train,110006,3,/Users/amangoyal/Documents/CVPR 2026 Workshop/frames_full/Train/1100061027.jpg,ok
1100061028.avi,Train,110006,2,/Users/amangoyal/Documents/CVPR 2026 Workshop/frames_full/Train/1100061028.jpg,ok
1100061030.avi,Train,110006,2,/Users/amangoyal/Documents/CVPR 2026 Workshop/frames_full/Train/1100061030.jpg,ok
1100061031.avi,Train,110006,2,/Users/amangoyal/Documents/CVPR 2026 Workshop/frames_full/Train/1100061031.jpg,ok
1100061032.avi,Train,110006,2,/Users/amangoyal/Documents/CVPR 2026 Workshop/frames_full/Train/1100061032.jpg,ok
1100061033.avi,Train,110006,3,/Users/amangoyal/Documents/CVPR 2026 Workshop/frames_full/Train/1100061033.jpg,ok
1100061034.avi,Train,110006,2,/Users/amangoyal/Documents/CVPR 2026 Workshop/frames_full/Train/1100061034.jpg,ok
1100061035.avi,Train,110006,2,/Users/amangoyal/Documents/CVPR 2026 Workshop/frames_full/Train/1100061035.jpg,ok
1100061036.avi,Train,110006,3,/Users/amangoyal/Documents/CVPR 2026 Workshop/frames_full/Train/1100061036.jpg,ok
1100061038.avi,Train,110006,3,/Users/amangoyal/Documents/CVPR 2026 Workshop/frames_full/Train/1100061038.jpg,ok
1100061039.avi,Train,110006,2,/Users/amangoyal/Documents/CVPR 2026 Workshop/frames_full/Train/1100061039.jpg,ok
1100061040.avi,Train,110006,3,/Users/amangoyal/Documents/CVPR 2026 Workshop/frames_full/Train/1100061040.jpg,ok
1100061042.avi,Train,110006,3,/Users/amangoyal/Documents/CVPR 2026 Workshop/frames_full/Train/1100061042.jpg,ok
1100061043.avi,Train,110006,3,/Users/amangoyal/Documents/CVPR 2026 Workshop/frames_full/Train/1100061043.jpg,ok
1100061044.avi,Train,110006,2,/Users/amangoyal/Documents/CVPR 2026 Workshop/frames_full/Train/1100061044.jpg,ok
1100061046.avi,Train,110006,3,/Users/amangoyal/Documents/CVPR 2026 Workshop/frames_full/Train/1100061046.jpg,ok
1100061047.avi,Train,110006,3,/Users/amangoyal/Documents/CVPR 2026 Workshop/frames_full/Train/1100061047.jpg,ok
1100061048.avi,Train,110006,3,/Users/amangoyal/Documents/CVPR 2026 Workshop/frames_full/Train/1100061048.jpg,ok
1100061049.avi,Train,110006,2,/Users/amangoyal/Documents/CVPR 2026 Workshop/frames_full/Train/1100061049.jpg,ok
1100061050.avi,Train,110006,2,/Users/amangoyal/Documents/CVPR 2026 Workshop/frames_full/Train/1100061050.jpg,ok
1100061051.avi,Train,110006,3,/Users/amangoyal/Documents/CVPR 2026 Workshop/frames_full/Train/1100061051.jpg,ok
1100061053.avi,Train,110006,2,/Users/amangoyal/Documents/CVPR 2026 Workshop/frames_full/Train/1100061053.jpg,ok
1100061057.avi,Train,110006,2,/Users/amangoyal/Documents/CVPR 2026 Workshop/frames_full/Train/1100061057.jpg,ok
1100061058.avi,Train,110006,2,/Users/amangoyal/Documents/CVPR 2026 Workshop/frames_full/Train/1100061058.jpg,ok
1100061061.avi,Train,110006,3,/Users/amangoyal/Documents/CVPR 2026 Workshop/frames_full/Train/1100061061.jpg,ok
1100061063.avi,Train,110006,3,/Users/amangoyal/Documents/CVPR 2026 Workshop/frames_full/Train/1100061063.jpg,ok
1100061064.avi,Train,110006,3,/Users/amangoyal/Documents/CVPR 2026 Workshop/frames_full/Train/1100061064.jpg,ok
1100061067.avi,Train,110006,3,/Users/amangoyal/Documents/CVPR 2026 Workshop/frames_full/Train/1100061067.jpg,ok
1100061068.avi,Train,110006,3,/Users/amangoyal/Documents/CVPR 2026 Workshop/frames_full/Train/1100061068.jpg,ok
1100061069.avi,Train,110006,3,/Users/amangoyal/Documents/CVPR 2026 Workshop/frames_full/Train/1100061069.jpg,ok
1100061073.avi,Train,110006,2,/Users/amangoyal/Documents/CVPR 2026 Workshop/frames_full/Train/1100061073.jpg,ok
1100061074.avi,Train,110006,2,/Users/amangoyal/Documents/CVPR 2026 Workshop/frames_full/Train/1100061074.jpg,ok
1100061077.avi,Train,110006,2,/Users/amangoyal/Documents/CVPR 2026 Workshop/frames_full/Train/1100061077.jpg,ok
1100061078.avi,Train,110006,2,/Users/amangoyal/Documents/CVPR 2026 Workshop/frames_full/Train/1100061078.jpg,ok
1100062004.avi,Train,110006,3,/Users/amangoyal/Documents/CVPR 2026 Workshop/frames_full/Train/1100062004.jpg,ok
1100062005.avi,Train,110006,3,/Users/amangoyal/Documents/CVPR 2026 Workshop/frames_full/Train/1100062005.jpg,ok
1100062007.avi,Train,110006,3,/Users/amangoyal/Documents/CVPR 2026 Workshop/frames_full/Train/1100062007.jpg,ok
1100062008.avi,Train,110006,1,/Users/amangoyal/Documents/CVPR 2026 Workshop/frames_full/Train/1100062008.jpg,ok
1100062009.avi,Train,110006,3,/Users/amangoyal/Documents/CVPR 2026 Workshop/frames_full/Train/1100062009.jpg,ok
1100062016.avi,Train,110006,2,/Users/amangoyal/Documents/CVPR 2026 Workshop/frames_full/Train/1100062016.jpg,ok
1100062017.avi,Train,110006,3,/Users/amangoyal/Documents/CVPR 2026 Workshop/frames_full/Train/1100062017.jpg,ok
1100062024.avi,Train,110006,2,/Users/amangoyal/Documents/CVPR 2026 Workshop/frames_full/Train/1100062024.jpg,ok
1100062028.avi,Train,110006,2,/Users/amangoyal/Documents/CVPR 2026 Workshop/frames_full/Train/1100062028.jpg,ok
1100062029.avi,Train,110006,2,/Users/amangoyal/Documents/CVPR 2026 Workshop/frames_full/Train/1100062029.jpg,ok
1100062036.avi,Train,110006,2,/Users/amangoyal/Documents/CVPR 2026 Workshop/frames_full/Train/1100062036.jpg,ok
1100062037.avi,Train,110006,2,/Users/amangoyal/Documents/CVPR 2026 Workshop/frames_full/Train/1100062037.jpg,ok
1100062044.avi,Train,110006,2,/Users/amangoyal/Documents/CVPR 2026 Workshop/frames_full/Train/1100062044.jpg,ok
1100062045.avi,Train,110006,1,/Users/amangoyal/Documents/CVPR 2026 Workshop/frames_full/Train/1100062045.jpg,ok
1100062046.avi,Train,110006,2,/Users/amangoyal/Documents/CVPR 2026 Workshop/frames_full/Train/1100062046.jpg,ok
1100062049.avi,Train,110006,1,/Users/amangoyal/Documents/CVPR 2026 Workshop/frames_full/Train/1100062049.jpg,ok
1100062051.avi,Train,110006,2,/Users/amangoyal/Documents/CVPR 2026 Workshop/frames_full/Train/1100062051.jpg,ok
1100062053.avi,Train,110006,3,/Users/amangoyal/Documents/CVPR 2026 Workshop/frames_full/Train/1100062053.jpg,ok
1100062054.avi,Train,110006,2,/Users/amangoyal/Documents/CVPR 2026 Workshop/frames_full/Train/1100062054.jpg,ok
1100062059.avi,Train,110006,2,/Users/amangoyal/Documents/CVPR 2026 Workshop/frames_full/Train/1100062059.jpg,ok
1100062060.avi,Train,110006,2,/Users/amangoyal/Documents/CVPR 2026 Workshop/frames_full/Train/1100062060.jpg,ok
1100062061.avi,Train,110006,2,/Users/amangoyal/Documents/CVPR 2026 Workshop/frames_full/Train/1100062061.jpg,ok
1100062062.avi,Train,110006,2,/Users/amangoyal/Documents/CVPR 2026 Workshop/frames_full/Train/1100062062.jpg,ok
1100062063.avi,Train,110006,2,/Users/amangoyal/Documents/CVPR 2026 Workshop/frames_full/Train/1100062063.jpg,ok
1100062064.avi,Train,110006,2,/Users/amangoyal/Documents/CVPR 2026 Workshop/frames_full/Train/1100062064.jpg,ok
1100062065.avi,Train,110006,2,/Users/amangoyal/Documents/CVPR 2026 Workshop/frames_full/Train/1100062065.jpg,ok
1100062066.avi,Train,110006,3,/Users/amangoyal/Documents/CVPR 2026 Workshop/frames_full/Train/1100062066.jpg,ok
1100062067.avi,Train,110006,3,/Users/amangoyal/Documents/CVPR 2026 Workshop/frames_full/Train/1100062067.jpg,ok
1100062068.avi,Train,110006,2,/Users/amangoyal/Documents/CVPR 2026 Workshop/frames_full/Train/1100062068.jpg,ok
1100062069.avi,Train,110006,2,/Users/amangoyal/Documents/CVPR 2026 Workshop/frames_full/Train/1100062069.jpg,ok
1100062070.avi,Train,110006,2,/Users/amangoyal/Documents/CVPR 2026 Workshop/frames_full/Train/1100062070.jpg,ok
1100062071.avi,Train,110006,3,/Users/amangoyal/Documents/CVPR 2026 Workshop/frames_full/Train/1100062071.jpg,ok
1100062072.avi,Train,110006,3,/Users/amangoyal/Documents/CVPR 2026 Workshop/frames_full/Train/1100062072.jpg,ok
1100071005.avi,Train,110007,2,/Users/amangoyal/Documents/CVPR 2026 Workshop/frames_full/Train/1100071005.jpg,ok
1100071006.avi,Train,110007,2,/Users/amangoyal/Documents/CVPR 2026 Workshop/frames_full/Train/1100071006.jpg,ok
1100071007.avi,Train,110007,2,/Users/amangoyal/Documents/CVPR 2026 Workshop/frames_full/Train/1100071007.jpg,ok
1100071008.avi,Train,110007,3,/Users/amangoyal/Documents/CVPR 2026 Workshop/frames_full/Train/1100071008.jpg,ok
1100071009.avi,Train,110007,2,/Users/amangoyal/Documents/CVPR 2026 Workshop/frames_full/Train/1100071009.jpg,ok
1100071010.avi,Train,110007,2,/Users/amangoyal/Documents/CVPR 2026 Workshop/frames_full/Train/1100071010.jpg,ok
1100071011.avi,Train,110007,2,/Users/amangoyal/Documents/CVPR 2026 Workshop/frames_full/Train/1100071011.jpg,ok
1100071012.avi,Train,110007,3,/Users/amangoyal/Documents/CVPR 2026 Workshop/frames_full/Train/1100071012.jpg,ok
1100071013.avi,Train,110007,2,/Users/amangoyal/Documents/CVPR 2026 Workshop/frames_full/Train/1100071013.jpg,ok
1100071014.avi,Train,110007,3,/Users/amangoyal/Documents/CVPR 2026 Workshop/frames_full/Train/1100071014.jpg,ok
1100071015.avi,Train,110007,2,/Users/amangoyal/Documents/CVPR 2026 Workshop/frames_full/Train/1100071015.jpg,ok
1100071016.avi,Train,110007,3,/Users/amangoyal/Documents/CVPR 2026 Workshop/frames_full/Train/1100071016.jpg,ok
1100071017.avi,Train,110007,2,/Users/amangoyal/Documents/CVPR 2026 Workshop/frames_full/Train/1100071017.jpg,ok
1100071018.avi,Train,110007,2,/Users/amangoyal/Documents/CVPR 2026 Workshop/frames_full/Train/1100071018.jpg,ok
1100071019.avi,Train,110007,2,/Users/amangoyal/Documents/CVPR 2026 Workshop/frames_full/Train/1100071019.jpg,ok
1100071020.avi,Train,110007,2,/Users/amangoyal/Documents/CVPR 2026 Workshop/frames_full/Train/1100071020.jpg,ok
1100071021.avi,Train,110007,3,/Users/amangoyal/Documents/CVPR 2026 Workshop/frames_full/Train/1100071021.jpg,ok
1100071022.avi,Train,110007,2,/Users/amangoyal/Documents/CVPR 2026 Workshop/frames_full/Train/1100071022.jpg,ok
1100071023.avi,Train,110007,2,/Users/amangoyal/Documents/CVPR 2026 Workshop/frames_full/Train/1100071023.jpg,ok
1100071024.avi,Train,110007,2,/Users/amangoyal/Documents/CVPR 2026 Workshop/frames_full/Train/1100071024.jpg,ok
1100071026.avi,Train,110007,2,/Users/amangoyal/Documents/CVPR 2026 Workshop/frames_full/Train/1100071026.jpg,ok
1100071027.avi,Train,110007,2,/Users/amangoyal/Documents/CVPR 2026 Workshop/frames_full/Train/1100071027.jpg,ok
1100071028.avi,Train,110007,2,/Users/amangoyal/Documents/CVPR 2026 Workshop/frames_full/Train/1100071028.jpg,ok
1100071029.avi,Train,110007,2,/Users/amangoyal/Documents/CVPR 2026 Workshop/frames_full/Train/1100071029.jpg,ok
1100071030.avi,Train,110007,3,/Users/amangoyal/Documents/CVPR 2026 Workshop/frames_full/Train/1100071030.jpg,ok
1100071031.avi,Train,110007,3,/Users/amangoyal/Documents/CVPR 2026 Workshop/frames_full/Train/1100071031.jpg,ok
1100071032.avi,Train,110007,2,/Users/amangoyal/Documents/CVPR 2026 Workshop/frames_full/Train/1100071032.jpg,ok
1100071033.avi,Train,110007,2,/Users/amangoyal/Documents/CVPR 2026 Workshop/frames_full/Train/1100071033.jpg,ok
1100071034.avi,Train,110007,3,/Users/amangoyal/Documents/CVPR 2026 Workshop/frames_full/Train/1100071034.jpg,ok
1100071035.avi,Train,110007,2,/Users/amangoyal/Documents/CVPR 2026 Workshop/frames_full/Train/1100071035.jpg,ok
1100071036.avi,Train,110007,2,/Users/amangoyal/Documents/CVPR 2026 Workshop/frames_full/Train/1100071036.jpg,ok
1100071037.avi,Train,110007,2,/Users/amangoyal/Documents/CVPR 2026 Workshop/frames_full/Train/1100071037.jpg,ok
1100071040.avi,Train,110007,3,/Users/amangoyal/Documents/CVPR 2026 Workshop/frames_full/Train/1100071040.jpg,ok
1100071041.avi,Train,110007,2,/Users/amangoyal/Documents/CVPR 2026 Workshop/frames_full/Train/1100071041.jpg,ok
1100071042.avi,Train,110007,2,/Users/amangoyal/Documents/CVPR 2026 Workshop/frames_full/Train/1100071042.jpg,ok
1100071043.avi,Train,110007,3,/Users/amangoyal/Documents/CVPR 2026 Workshop/frames_full/Train/1100071043.jpg,ok
1100071044.avi,Train,110007,2,/Users/amangoyal/Documents/CVPR 2026 Workshop/frames_full/Train/1100071044.jpg,ok
1100071045.avi,Train,110007,2,/Users/amangoyal/Documents/CVPR 2026 Workshop/frames_full/Train/1100071045.jpg,ok
1100071046.avi,Train,110007,2,/Users/amangoyal/Documents/CVPR 2026 Workshop/frames_full/Train/1100071046.jpg,ok
1100071047.avi,Train,110007,2,/Users/amangoyal/Documents/CVPR 2026 Workshop/frames_full/Train/1100071047.jpg,ok
1100071049.avi,Train,110007,2,/Users/amangoyal/Documents/CVPR 2026 Workshop/frames_full/Train/1100071049.jpg,ok
1100071050.avi,Train,110007,3,/Users/amangoyal/Documents/CVPR 2026 Workshop/frames_full/Train/1100071050.jpg,ok
1100071052.avi,Train,110007,2,/Users/amangoyal/Documents/CVPR 2026 Workshop/frames_full/Train/1100071052.jpg,ok
1100071054.avi,Train,110007,2,/Users/amangoyal/Documents/CVPR 2026 Workshop/frames_full/Train/1100071054.jpg,ok
1100071055.avi,Train,110007,3,/Users/amangoyal/Documents/CVPR 2026 Workshop/frames_full/Train/1100071055.jpg,ok
1100071056.avi,Train,110007,2,/Users/amangoyal/Documents/CVPR 2026 Workshop/frames_full/Train/1100071056.jpg,ok
1100071057.avi,Train,110007,3,/Users/amangoyal/Documents/CVPR 2026 Workshop/frames_full/Train/1100071057.jpg,ok
1100071058.avi,Train,110007,2,/Users/amangoyal/Documents/CVPR 2026 Workshop/frames_full/Train/1100071058.jpg,ok
1100071059.avi,Train,110007,2,/Users/amangoyal/Documents/CVPR 2026 Workshop/frames_full/Train/1100071059.jpg,ok
1100071060.avi,Train,110007,2,/Users/amangoyal/Documents/CVPR 2026 Workshop/frames_full/Train/1100071060.jpg,ok
1100071061.avi,Train,110007,3,/Users/amangoyal/Documents/CVPR 2026 Workshop/frames_full/Train/1100071061.jpg,ok
1100071062.avi,Train,110007,2,/Users/amangoyal/Documents/CVPR 2026 Workshop/frames_full/Train/1100071062.jpg,ok
1100071063.avi,Train,110007,3,/Users/amangoyal/Documents/CVPR 2026 Workshop/frames_full/Train/1100071063.jpg,ok
1100071064.avi,Train,110007,3,/Users/amangoyal/Documents/CVPR 2026 Workshop/frames_full/Train/1100071064.jpg,ok
1100071065.avi,Train,110007,2,/Users/amangoyal/Documents/CVPR 2026 Workshop/frames_full/Train/1100071065.jpg,ok
1100071066.avi,Train,110007,2,/Users/amangoyal/Documents/CVPR 2026 Workshop/frames_full/Train/1100071066.jpg,ok
1100071067.avi,Train,110007,3,/Users/amangoyal/Documents/CVPR 2026 Workshop/frames_full/Train/1100071067.jpg,ok
1100071069.avi,Train,110007,2,/Users/amangoyal/Documents/CVPR 2026 Workshop/frames_full/Train/1100071069.jpg,ok
1100071070.avi,Train,110007,3,/Users/amangoyal/Documents/CVPR 2026 Workshop/frames_full/Train/1100071070.jpg,ok
1100071071.avi,Train,110007,2,/Users/amangoyal/Documents/CVPR 2026 Workshop/frames_full/Train/1100071071.jpg,ok
1100071072.avi,Train,110007,2,/Users/amangoyal/Documents/CVPR 2026 Workshop/frames_full/Train/1100071072.jpg,ok
1100071073.avi,Train,110007,2,/Users/amangoyal/Documents/CVPR 2026 Workshop/frames_full/Train/1100071073.jpg,ok
1100071074.avi,Train,110007,2,/Users/amangoyal/Documents/CVPR 2026 Workshop/frames_full/Train/1100071074.jpg,ok
1100071075.avi,Train,110007,2,/Users/amangoyal/Documents/CVPR 2026 Workshop/frames_full/Train/1100071075.jpg,ok
1100071076.avi,Train,110007,2,/Users/amangoyal/Documents/CVPR 2026 Workshop/frames_full/Train/1100071076.jpg,ok
1100071077.avi,Train,110007,3,/Users/amangoyal/Documents/CVPR 2026 Workshop/frames_full/Train/1100071077.jpg,ok
1100071078.avi,Train,110007,3,/Users/amangoyal/Documents/CVPR 2026 Workshop/frames_full/Train/1100071078.jpg,ok
1100071079.avi,Train,110007,3,/Users/amangoyal/Documents/CVPR 2026 Workshop/frames_full/Train/1100071079.jpg,ok
1100071080.avi,Train,110007,3,/Users/amangoyal/Documents/CVPR 2026 Workshop/frames_full/Train/1100071080.jpg,ok
1100071081.avi,Train,110007,3,/Users/amangoyal/Documents/CVPR 2026 Workshop/frames_full/Train/1100071081.jpg,ok
1100072001.avi,Train,110007,2,/Users/amangoyal/Documents/CVPR 2026 Workshop/frames_full/Train/1100072001.jpg,ok
1100072002.avi,Train,110007,3,/Users/amangoyal/Documents/CVPR 2026 Workshop/frames_full/Train/1100072002.jpg,ok
1100072003.avi,Train,110007,3,/Users/amangoyal/Documents/CVPR 2026 Workshop/frames_full/Train/1100072003.jpg,ok
1100072004.avi,Train,110007,2,/Users/amangoyal/Documents/CVPR 2026 Workshop/frames_full/Train/1100072004.jpg,ok
1100072006.avi,Train,110007,2,/Users/amangoyal/Documents/CVPR 2026 Workshop/frames_full/Train/1100072006.jpg,ok
1100072007.avi,Train,110007,2,/Users/amangoyal/Documents/CVPR 2026 Workshop/frames_full/Train/1100072007.jpg,ok
1100072008.avi,Train,110007,2,/Users/amangoyal/Documents/CVPR 2026 Workshop/frames_full/Train/1100072008.jpg,ok
1100072009.avi,Train,110007,3,/Users/amangoyal/Documents/CVPR 2026 Workshop/frames_full/Train/1100072009.jpg,ok
1100072010.avi,Train,110007,2,/Users/amangoyal/Documents/CVPR 2026 Workshop/frames_full/Train/1100072010.jpg,ok
1100072011.avi,Train,110007,3,/Users/amangoyal/Documents/CVPR 2026 Workshop/frames_full/Train/1100072011.jpg,ok
1100072012.avi,Train,110007,3,/Users/amangoyal/Documents/CVPR 2026 Workshop/frames_full/Train/1100072012.jpg,ok
1100072013.avi,Train,110007,2,/Users/amangoyal/Documents/CVPR 2026 Workshop/frames_full/Train/1100072013.jpg,ok
1100072014.avi,Train,110007,2,/Users/amangoyal/Documents/CVPR 2026 Workshop/frames_full/Train/1100072014.jpg,ok
1100072015.avi,Train,110007,2,/Users/amangoyal/Documents/CVPR 2026 Workshop/frames_full/Train/1100072015.jpg,ok
1100072016.avi,Train,110007,2,/Users/amangoyal/Documents/CVPR 2026 Workshop/frames_full/Train/1100072016.jpg,ok
1100072021.avi,Train,110007,2,/Users/amangoyal/Documents/CVPR 2026 Workshop/frames_full/Train/1100072021.jpg,ok
1100072022.avi,Train,110007,2,/Users/amangoyal/Documents/CVPR 2026 Workshop/frames_full/Train/1100072022.jpg,ok
1100072023.avi,Train,110007,3,/Users/amangoyal/Documents/CVPR 2026 Workshop/frames_full/Train/1100072023.jpg,ok
1100072024.avi,Train,110007,2,/Users/amangoyal/Documents/CVPR 2026 Workshop/frames_full/Train/1100072024.jpg,ok
1100072027.avi,Train,110007,2,/Users/amangoyal/Documents/CVPR 2026 Workshop/frames_full/Train/1100072027.jpg,ok
1100072028.avi,Train,110007,2,/Users/amangoyal/Documents/CVPR 2026 Workshop/frames_full/Train/1100072028.jpg,ok
1100072029.avi,Train,110007,2,/Users/amangoyal/Documents/CVPR 2026 Workshop/frames_full/Train/1100072029.jpg,ok
1100072030.avi,Train,110007,2,/Users/amangoyal/Documents/CVPR 2026 Workshop/frames_full/Train/1100072030.jpg,ok
1100072031.avi,Train,110007,2,/Users/amangoyal/Documents/CVPR 2026 Workshop/frames_full/Train/1100072031.jpg,ok
1100072032.avi,Train,110007,3,/Users/amangoyal/Documents/CVPR 2026 Workshop/frames_full/Train/1100072032.jpg,ok
1100072033.avi,Train,110007,3,/Users/amangoyal/Documents/CVPR 2026 Workshop/frames_full/Train/1100072033.jpg,ok
1100072034.avi,Train,110007,2,/Users/amangoyal/Documents/CVPR 2026 Workshop/frames_full/Train/1100072034.jpg,ok
1100072036.avi,Train,110007,2,/Users/amangoyal/Documents/CVPR 2026 Workshop/frames_full/Train/1100072036.jpg,ok
1100072037.avi,Train,110007,2,/Users/amangoyal/Documents/CVPR 2026 Workshop/frames_full/Train/1100072037.jpg,ok
1100072038.avi,Train,110007,2,/Users/amangoyal/Documents/CVPR 2026 Workshop/frames_full/Train/1100072038.jpg,ok
1100072039.avi,Train,110007,2,/Users/amangoyal/Documents/CVPR 2026 Workshop/frames_full/Train/1100072039.jpg,ok
1100072040.avi,Train,110007,2,/Users/amangoyal/Documents/CVPR 2026 Workshop/frames_full/Train/1100072040.jpg,ok
1100072042.avi,Train,110007,2,/Users/amangoyal/Documents/CVPR 2026 Workshop/frames_full/Train/1100072042.jpg,ok
1100072043.avi,Train,110007,3,/Users/amangoyal/Documents/CVPR 2026 Workshop/frames_full/Train/1100072043.jpg,ok
1100072045.avi,Train,110007,2,/Users/amangoyal/Documents/CVPR 2026 Workshop/frames_full/Train/1100072045.jpg,ok
1100072047.avi,Train,110007,3,/Users/amangoyal/Documents/CVPR 2026 Workshop/frames_full/Train/1100072047.jpg,ok
1100072048.avi,Train,110007,2,/Users/amangoyal/Documents/CVPR 2026 Workshop/frames_full/Train/1100072048.jpg,ok
1100072049.avi,Train,110007,2,/Users/amangoyal/Documents/CVPR 2026 Workshop/frames_full/Train/1100072049.jpg,ok
1100072050.avi,Train,110007,2,/Users/amangoyal/Documents/CVPR 2026 Workshop/frames_full/Train/1100072050.jpg,ok
1100072051.avi,Train,110007,3,/Users/amangoyal/Documents/CVPR 2026 Workshop/frames_full/Train/1100072051.jpg,ok
1100072052.avi,Train,110007,3,/Users/amangoyal/Documents/CVPR 2026 Workshop/frames_full/Train/1100072052.jpg,ok
1100072053.avi,Train,110007,2,/Users/amangoyal/Documents/CVPR 2026 Workshop/frames_full/Train/1100072053.jpg,ok
1100072054.avi,Train,110007,2,/Users/amangoyal/Documents/CVPR 2026 Workshop/frames_full/Train/1100072054.jpg,ok
1100072056.avi,Train,110007,2,/Users/amangoyal/Documents/CVPR 2026 Workshop/frames_full/Train/1100072056.jpg,ok
1100072057.avi,Train,110007,2,/Users/amangoyal/Documents/CVPR 2026 Workshop/frames_full/Train/1100072057.jpg,ok
1100072058.avi,Train,110007,3,/Users/amangoyal/Documents/CVPR 2026 Workshop/frames_full/Train/1100072058.jpg,ok
1100072059.avi,Train,110007,2,/Users/amangoyal/Documents/CVPR 2026 Workshop/frames_full/Train/1100072059.jpg,ok
1100072060.avi,Train,110007,2,/Users/amangoyal/Documents/CVPR 2026 Workshop/frames_full/Train/1100072060.jpg,ok
1100072061.avi,Train,110007,2,/Users/amangoyal/Documents/CVPR 2026 Workshop/frames_full/Train/1100072061.jpg,ok
1100072062.avi,Train,110007,2,/Users/amangoyal/Documents/CVPR 2026 Workshop/frames_full/Train/1100072062.jpg,ok
1100072063.avi,Train,110007,3,/Users/amangoyal/Documents/CVPR 2026 Workshop/frames_full/Train/1100072063.jpg,ok
1100072065.avi,Train,110007,2,/Users/amangoyal/Documents/CVPR 2026 Workshop/frames_full/Train/1100072065.jpg,ok
1100072066.avi,Train,110007,3,/Users/amangoyal/Documents/CVPR 2026 Workshop/frames_full/Train/1100072066.jpg,ok
1100072067.avi,Train,110007,2,/Users/amangoyal/Documents/CVPR 2026 Workshop/frames_full/Train/1100072067.jpg,ok
1100072068.avi,Train,110007,2,/Users/amangoyal/Documents/CVPR 2026 Workshop/frames_full/Train/1100072068.jpg,ok
1100072069.avi,Train,110007,2,/Users/amangoyal/Documents/CVPR 2026 Workshop/frames_full/Train/1100072069.jpg,ok
1100072070.avi,Train,110007,2,/Users/amangoyal/Documents/CVPR 2026 Workshop/frames_full/Train/1100072070.jpg,ok
1100072071.avi,Train,110007,2,/Users/amangoyal/Documents/CVPR 2026 Workshop/frames_full/Train/1100072071.jpg,ok
1100072072.avi,Train,110007,2,/Users/amangoyal/Documents/CVPR 2026 Workshop/frames_full/Train/1100072072.jpg,ok
1100072073.avi,Train,110007,2,/Users/amangoyal/Documents/CVPR 2026 Workshop/frames_full/Train/1100072073.jpg,ok
1100072074.avi,Train,110007,3,/Users/amangoyal/Documents/CVPR 2026 Workshop/frames_full/Train/1100072074.jpg,ok
1100072075.avi,Train,110007,2,/Users/amangoyal/Documents/CVPR 2026 Workshop/frames_full/Train/1100072075.jpg,ok
1100072076.avi,Train,110007,2,/Users/amangoyal/Documents/CVPR 2026 Workshop/frames_full/Train/1100072076.jpg,ok
1100072077.avi,Train,110007,3,/Users/amangoyal/Documents/CVPR 2026 Workshop/frames_full/Train/1100072077.jpg,ok
1100072078.avi,Train,110007,3,/Users/amangoyal/Documents/CVPR 2026 Workshop/frames_full/Train/1100072078.jpg,ok
1100072079.avi,Train,110007,2,/Users/amangoyal/Documents/CVPR 2026 Workshop/frames_full/Train/1100072079.jpg,ok
1100072080.avi,Train,110007,2,/Users/amangoyal/Documents/CVPR 2026 Workshop/frames_full/Train/1100072080.jpg,ok
1100072081.avi,Train,110007,2,/Users/amangoyal/Documents/CVPR 2026 Workshop/frames_full/Train/1100072081.jpg,ok
1100072082.avi,Train,110007,3,/Users/amangoyal/Documents/CVPR 2026 Workshop/frames_full/Train/1100072082.jpg,ok
1100072083.avi,Train,110007,2,/Users/amangoyal/Documents/CVPR 2026 Workshop/frames_full/Train/1100072083.jpg,ok
1100072084.avi,Train,110007,2,/Users/amangoyal/Documents/CVPR 2026 Workshop/frames_full/Train/1100072084.jpg,ok
1100072085.avi,Train,110007,2,/Users/amangoyal/Documents/CVPR 2026 Workshop/frames_full/Train/1100072085.jpg,ok
1100081044.avi,Train,110008,2,/Users/amangoyal/Documents/CVPR 2026 Workshop/frames_full/Train/1100081044.jpg,ok
1100081045.avi,Train,110008,2,/Users/amangoyal/Documents/CVPR 2026 Workshop/frames_full/Train/1100081045.jpg,ok
1100081046.avi,Train,110008,2,/Users/amangoyal/Documents/CVPR 2026 Workshop/frames_full/Train/1100081046.jpg,ok
1100081047.avi,Train,110008,3,/Users/amangoyal/Documents/CVPR 2026 Workshop/frames_full/Train/1100081047.jpg,ok
1100081048.avi,Train,110008,3,/Users/amangoyal/Documents/CVPR 2026 Workshop/frames_full/Train/1100081048.jpg,ok
1100082002.avi,Train,110008,3,/Users/amangoyal/Documents/CVPR 2026 Workshop/frames_full/Train/1100082002.jpg,ok
1100082003.avi,Train,110008,3,/Users/amangoyal/Documents/CVPR 2026 Workshop/frames_full/Train/1100082003.jpg,ok
1100082018.avi,Train,110008,2,/Users/amangoyal/Documents/CVPR 2026 Workshop/frames_full/Train/1100082018.jpg,ok
1100082027.avi,Train,110008,2,/Users/amangoyal/Documents/CVPR 2026 Workshop/frames_full/Train/1100082027.jpg,ok
1100102003.avi,Train,110010,2,/Users/amangoyal/Documents/CVPR 2026 Workshop/frames_full/Train/1100102003.jpg,ok
1100111001.avi,Train,110011,3,/Users/amangoyal/Documents/CVPR 2026 Workshop/frames_full/Train/1100111001.jpg,ok
1100111002.avi,Train,110011,3,/Users/amangoyal/Documents/CVPR 2026 Workshop/frames_full/Train/1100111002.jpg,ok
1100111003.avi,Train,110011,2,/Users/amangoyal/Documents/CVPR 2026 Workshop/frames_full/Train/1100111003.jpg,ok
1100111008.avi,Train,110011,2,/Users/amangoyal/Documents/CVPR 2026 Workshop/frames_full/Train/1100111008.jpg,ok
1100111009.avi,Train,110011,2,/Users/amangoyal/Documents/CVPR 2026 Workshop/frames_full/Train/1100111009.jpg,ok
1100111010.avi,Train,110011,3,/Users/amangoyal/Documents/CVPR 2026 Workshop/frames_full/Train/1100111010.jpg,ok
1100111011.avi,Train,110011,2,/Users/amangoyal/Documents/CVPR 2026 Workshop/frames_full/Train/1100111011.jpg,ok
1100111012.avi,Train,110011,2,/Users/amangoyal/Documents/CVPR 2026 Workshop/frames_full/Train/1100111012.jpg,ok
1100111013.avi,Train,110011,2,/Users/amangoyal/Documents/CVPR 2026 Workshop/frames_full/Train/1100111013.jpg,ok
1100111014.avi,Train,110011,2,/Users/amangoyal/Documents/CVPR 2026 Workshop/frames_full/Train/1100111014.jpg,ok
1100111016.avi,Train,110011,2,/Users/amangoyal/Documents/CVPR 2026 Workshop/frames_full/Train/1100111016.jpg,ok
1100111017.avi,Train,110011,2,/Users/amangoyal/Documents/CVPR 2026 Workshop/frames_full/Train/1100111017.jpg,ok
1100111018.avi,Train,110011,2,/Users/amangoyal/Documents/CVPR 2026 Workshop/frames_full/Train/1100111018.jpg,ok
1100111019.avi,Train,110011,2,/Users/amangoyal/Documents/CVPR 2026 Workshop/frames_full/Train/1100111019.jpg,ok
1100111021.avi,Train,110011,2,/Users/amangoyal/Documents/CVPR 2026 Workshop/frames_full/Train/1100111021.jpg,ok
1100111023.avi,Train,110011,3,/Users/amangoyal/Documents/CVPR 2026 Workshop/frames_full/Train/1100111023.jpg,ok
1100111025.avi,Train,110011,3,/Users/amangoyal/Documents/CVPR 2026 Workshop/frames_full/Train/1100111025.jpg,ok
1100111026.avi,Train,110011,2,/Users/amangoyal/Documents/CVPR 2026 Workshop/frames_full/Train/1100111026.jpg,ok
1100111027.avi,Train,110011,3,/Users/amangoyal/Documents/CVPR 2026 Workshop/frames_full/Train/1100111027.jpg,ok
1100111029.avi,Train,110011,2,/Users/amangoyal/Documents/CVPR 2026 Workshop/frames_full/Train/1100111029.jpg,ok
1100111030.avi,Train,110011,3,/Users/amangoyal/Documents/CVPR 2026 Workshop/frames_full/Train/1100111030.jpg,ok
1100111032.avi,Train,110011,2,/Users/amangoyal/Documents/CVPR 2026 Workshop/frames_full/Train/1100111032.jpg,ok
1100112001.avi,Train,110011,2,/Users/amangoyal/Documents/CVPR 2026 Workshop/frames_full/Train/1100112001.jpg,ok
1100112002.avi,Train,110011,1,/Users/amangoyal/Documents/CVPR 2026 Workshop/frames_full/Train/1100112002.jpg,ok
1100112003.avi,Train,110011,3,/Users/amangoyal/Documents/CVPR 2026 Workshop/frames_full/Train/1100112003.jpg,ok
1100112004.avi,Train,110011,3,/Users/amangoyal/Documents/CVPR 2026 Workshop/frames_full/Train/1100112004.jpg,ok
1100112006.avi,Train,110011,1,/Users/amangoyal/Documents/CVPR 2026 Workshop/frames_full/Train/1100112006.jpg,ok
1100112007.avi,Train,110011,3,/Users/amangoyal/Documents/CVPR 2026 Workshop/frames_full/Train/1100112007.jpg,ok
1100112008.avi,Train,110011,3,/Users/amangoyal/Documents/CVPR 2026 Workshop/frames_full/Train/1100112008.jpg,ok
1100112009.avi,Train,110011,3,/Users/amangoyal/Documents/CVPR 2026 Workshop/frames_full/Train/1100112009.jpg,ok
1100112010.avi,Train,110011,2,/Users/amangoyal/Documents/CVPR 2026 Workshop/frames_full/Train/1100112010.jpg,ok
1100112011.avi,Train,110011,2,/Users/amangoyal/Documents/CVPR 2026 Workshop/frames_full/Train/1100112011.jpg,ok
1100112012.avi,Train,110011,3,/Users/amangoyal/Documents/CVPR 2026 Workshop/frames_full/Train/1100112012.jpg,ok
1100112013.avi,Train,110011,2,/Users/amangoyal/Documents/CVPR 2026 Workshop/frames_full/Train/1100112013.jpg,ok
1100112014.avi,Train,110011,2,/Users/amangoyal/Documents/CVPR 2026 Workshop/frames_full/Train/1100112014.jpg,ok
1100112015.avi,Train,110011,3,/Users/amangoyal/Documents/CVPR 2026 Workshop/frames_full/Train/1100112015.jpg,ok
1100112016.avi,Train,110011,3,/Users/amangoyal/Documents/CVPR 2026 Workshop/frames_full/Train/1100112016.jpg,ok
1100112017.avi,Train,110011,3,/Users/amangoyal/Documents/CVPR 2026 Workshop/frames_full/Train/1100112017.jpg,ok
1100112018.avi,Train,110011,3,/Users/amangoyal/Documents/CVPR 2026 Workshop/frames_full/Train/1100112018.jpg,ok
1100112021.avi,Train,110011,2,/Users/amangoyal/Documents/CVPR 2026 Workshop/frames_full/Train/1100112021.jpg,ok
1100112022.avi,Train,110011,2,/Users/amangoyal/Documents/CVPR 2026 Workshop/frames_full/Train/1100112022.jpg,ok
1100112024.avi,Train,110011,3,/Users/amangoyal/Documents/CVPR 2026 Workshop/frames_full/Train/1100112024.jpg,ok
1100112025.avi,Train,110011,2,/Users/amangoyal/Documents/CVPR 2026 Workshop/frames_full/Train/1100112025.jpg,ok
1100112026.avi,Train,110011,2,/Users/amangoyal/Documents/CVPR 2026 Workshop/frames_full/Train/1100112026.jpg,ok
1100112029.avi,Train,110011,3,/Users/amangoyal/Documents/CVPR 2026 Workshop/frames_full/Train/1100112029.jpg,ok
1100112030.avi,Train,110011,3,/Users/amangoyal/Documents/CVPR 2026 Workshop/frames_full/Train/1100112030.jpg,ok
1100112033.avi,Train,110011,3,/Users/amangoyal/Documents/CVPR 2026 Workshop/frames_full/Train/1100112033.jpg,ok
1100112035.avi,Train,110011,2,/Users/amangoyal/Documents/CVPR 2026 Workshop/frames_full/Train/1100112035.jpg,ok
1100112036.avi,Train,110011,3,/Users/amangoyal/Documents/CVPR 2026 Workshop/frames_full/Train/1100112036.jpg,ok
1100112037.avi,Train,110011,3,/Users/amangoyal/Documents/CVPR 2026 Workshop/frames_full/Train/1100112037.jpg,ok
1100112038.avi,Train,110011,2,/Users/amangoyal/Documents/CVPR 2026 Workshop/frames_full/Train/1100112038.jpg,ok
1100112039.avi,Train,110011,3,/Users/amangoyal/Documents/CVPR 2026 Workshop/frames_full/Train/1100112039.jpg,ok
1100112040.avi,Train,110011,2,/Users/amangoyal/Documents/CVPR 2026 Workshop/frames_full/Train/1100112040.jpg,ok
1100112041.avi,Train,110011,2,/Users/amangoyal/Documents/CVPR 2026 Workshop/frames_full/Train/1100112041.jpg,ok
1100112042.avi,Train,110011,3,/Users/amangoyal/Documents/CVPR 2026 Workshop/frames_full/Train/1100112042.jpg,ok
1100112043.avi,Train,110011,2,/Users/amangoyal/Documents/CVPR 2026 Workshop/frames_full/Train/1100112043.jpg,ok
1100112044.avi,Train,110011,2,/Users/amangoyal/Documents/CVPR 2026 Workshop/frames_full/Train/1100112044.jpg,ok
1100112045.avi,Train,110011,2,/Users/amangoyal/Documents/CVPR 2026 Workshop/frames_full/Train/1100112045.jpg,ok
1100112047.avi,Train,110011,3,/Users/amangoyal/Documents/CVPR 2026 Workshop/frames_full/Train/1100112047.jpg,ok
1100112048.avi,Train,110011,2,/Users/amangoyal/Documents/CVPR 2026 Workshop/frames_full/Train/1100112048.jpg,ok
1100112051.avi,Train,110011,3,/Users/amangoyal/Documents/CVPR 2026 Workshop/frames_full/Train/1100112051.jpg,ok
1100112052.avi,Train,110011,3,/Users/amangoyal/Documents/CVPR 2026 Workshop/frames_full/Train/1100112052.jpg,ok
1100112053.avi,Train,110011,3,/Users/amangoyal/Documents/CVPR 2026 Workshop/frames_full/Train/1100112053.jpg,ok
1100112056.avi,Train,110011,2,/Users/amangoyal/Documents/CVPR 2026 Workshop/frames_full/Train/1100112056.jpg,ok
1100112057.avi,Train,110011,3,/Users/amangoyal/Documents/CVPR 2026 Workshop/frames_full/Train/1100112057.jpg,ok
1100112058.avi,Train,110011,2,/Users/amangoyal/Documents/CVPR 2026 Workshop/frames_full/Train/1100112058.jpg,ok
1100112059.avi,Train,110011,3,/Users/amangoyal/Documents/CVPR 2026 Workshop/frames_full/Train/1100112059.jpg,ok
1100112060.avi,Train,110011,3,/Users/amangoyal/Documents/CVPR 2026 Workshop/frames_full/Train/1100112060.jpg,ok
1100112061.avi,Train,110011,2,/Users/amangoyal/Documents/CVPR 2026 Workshop/frames_full/Train/1100112061.jpg,ok
1100112062.avi,Train,110011,2,/Users/amangoyal/Documents/CVPR 2026 Workshop/frames_full/Train/1100112062.jpg,ok
1100112063.avi,Train,110011,2,/Users/amangoyal/Documents/CVPR 2026 Workshop/frames_full/Train/1100112063.jpg,ok
1100112064.avi,Train,110011,3,/Users/amangoyal/Documents/CVPR 2026 Workshop/frames_full/Train/1100112064.jpg,ok
1100112065.avi,Train,110011,2,/Users/amangoyal/Documents/CVPR 2026 Workshop/frames_full/Train/1100112065.jpg,ok
1100112066.avi,Train,110011,3,/Users/amangoyal/Documents/CVPR 2026 Workshop/frames_full/Train/1100112066.jpg,ok
1100112068.avi,Train,110011,3,/Users/amangoyal/Documents/CVPR 2026 Workshop/frames_full/Train/1100112068.jpg,ok
1100121002.avi,Train,110012,3,/Users/amangoyal/Documents/CVPR 2026 Workshop/frames_full/Train/1100121002.jpg,ok
1100121003.avi,Train,110012,2,/Users/amangoyal/Documents/CVPR 2026 Workshop/frames_full/Train/1100121003.jpg,ok
1100121004.avi,Train,110012,3,/Users/amangoyal/Documents/CVPR 2026 Workshop/frames_full/Train/1100121004.jpg,ok
1100121005.avi,Train,110012,3,/Users/amangoyal/Documents/CVPR 2026 Workshop/frames_full/Train/1100121005.jpg,ok
1100121006.avi,Train,110012,3,/Users/amangoyal/Documents/CVPR 2026 Workshop/frames_full/Train/1100121006.jpg,ok
1100121007.avi,Train,110012,3,/Users/amangoyal/Documents/CVPR 2026 Workshop/frames_full/Train/1100121007.jpg,ok
1100121008.avi,Train,110012,3,/Users/amangoyal/Documents/CVPR 2026 Workshop/frames_full/Train/1100121008.jpg,ok
1100121009.avi,Train,110012,3,/Users/amangoyal/Documents/CVPR 2026 Workshop/frames_full/Train/1100121009.jpg,ok
1100121010.avi,Train,110012,3,/Users/amangoyal/Documents/CVPR 2026 Workshop/frames_full/Train/1100121010.jpg,ok
1100121011.avi,Train,110012,3,/Users/amangoyal/Documents/CVPR 2026 Workshop/frames_full/Train/1100121011.jpg,ok
1100121012.avi,Train,110012,3,/Users/amangoyal/Documents/CVPR 2026 Workshop/frames_full/Train/1100121012.jpg,ok
1100121015.avi,Train,110012,2,/Users/amangoyal/Documents/CVPR 2026 Workshop/frames_full/Train/1100121015.jpg,ok
1100121016.avi,Train,110012,3,/Users/amangoyal/Documents/CVPR 2026 Workshop/frames_full/Train/1100121016.jpg,ok
1100121017.avi,Train,110012,3,/Users/amangoyal/Documents/CVPR 2026 Workshop/frames_full/Train/1100121017.jpg,ok
1100121018.avi,Train,110012,2,/Users/amangoyal/Documents/CVPR 2026 Workshop/frames_full/Train/1100121018.jpg,ok
1100121019.avi,Train,110012,2,/Users/amangoyal/Documents/CVPR 2026 Workshop/frames_full/Train/1100121019.jpg,ok
1100121020.avi,Train,110012,3,/Users/amangoyal/Documents/CVPR 2026 Workshop/frames_full/Train/1100121020.jpg,ok
1100121024.avi,Train,110012,2,/Users/amangoyal/Documents/CVPR 2026 Workshop/frames_full/Train/1100121024.jpg,ok
1100121025.avi,Train,110012,2,/Users/amangoyal/Documents/CVPR 2026 Workshop/frames_full/Train/1100121025.jpg,ok
1100121028.avi,Train,110012,3,/Users/amangoyal/Documents/CVPR 2026 Workshop/frames_full/Train/1100121028.jpg,ok
1100121031.avi,Train,110012,2,/Users/amangoyal/Documents/CVPR 2026 Workshop/frames_full/Train/1100121031.jpg,ok
1100121032.avi,Train,110012,3,/Users/amangoyal/Documents/CVPR 2026 Workshop/frames_full/Train/1100121032.jpg,ok
1100121033.avi,Train,110012,2,/Users/amangoyal/Documents/CVPR 2026 Workshop/frames_full/Train/1100121033.jpg,ok
1100121034.avi,Train,110012,2,/Users/amangoyal/Documents/CVPR 2026 Workshop/frames_full/Train/1100121034.jpg,ok
1100121035.avi,Train,110012,3,/Users/amangoyal/Documents/CVPR 2026 Workshop/frames_full/Train/1100121035.jpg,ok
1100121036.avi,Train,110012,2,/Users/amangoyal/Documents/CVPR 2026 Workshop/frames_full/Train/1100121036.jpg,ok
1100121038.avi,Train,110012,3,/Users/amangoyal/Documents/CVPR 2026 Workshop/frames_full/Train/1100121038.jpg,ok
1100121040.avi,Train,110012,3,/Users/amangoyal/Documents/CVPR 2026 Workshop/frames_full/Train/1100121040.jpg,ok
1100121041.avi,Train,110012,2,/Users/amangoyal/Documents/CVPR 2026 Workshop/frames_full/Train/1100121041.jpg,ok
1100121042.avi,Train,110012,2,/Users/amangoyal/Documents/CVPR 2026 Workshop/frames_full/Train/1100121042.jpg,ok
1100121044.avi,Train,110012,3,/Users/amangoyal/Documents/CVPR 2026 Workshop/frames_full/Train/1100121044.jpg,ok
1100121045.avi,Train,110012,3,/Users/amangoyal/Documents/CVPR 2026 Workshop/frames_full/Train/1100121045.jpg,ok
1100121047.avi,Train,110012,3,/Users/amangoyal/Documents/CVPR 2026 Workshop/frames_full/Train/1100121047.jpg,ok
1100121049.avi,Train,110012,2,/Users/amangoyal/Documents/CVPR 2026 Workshop/frames_full/Train/1100121049.jpg,ok
1100121050.avi,Train,110012,3,/Users/amangoyal/Documents/CVPR 2026 Workshop/frames_full/Train/1100121050.jpg,ok
1100121052.avi,Train,110012,2,/Users/amangoyal/Documents/CVPR 2026 Workshop/frames_full/Train/1100121052.jpg,ok
1100121053.avi,Train,110012,3,/Users/amangoyal/Documents/CVPR 2026 Workshop/frames_full/Train/1100121053.jpg,ok
1100121054.avi,Train,110012,3,/Users/amangoyal/Documents/CVPR 2026 Workshop/frames_full/Train/1100121054.jpg,ok
1100121056.avi,Train,110012,2,/Users/amangoyal/Documents/CVPR 2026 Workshop/frames_full/Train/1100121056.jpg,ok
1100121057.avi,Train,110012,3,/Users/amangoyal/Documents/CVPR 2026 Workshop/frames_full/Train/1100121057.jpg,ok
1100121059.avi,Train,110012,2,/Users/amangoyal/Documents/CVPR 2026 Workshop/frames_full/Train/1100121059.jpg,ok
1100121060.avi,Train,110012,2,/Users/amangoyal/Documents/CVPR 2026 Workshop/frames_full/Train/1100121060.jpg,ok
1100121061.avi,Train,110012,2,/Users/amangoyal/Documents/CVPR 2026 Workshop/frames_full/Train/1100121061.jpg,ok
1100121064.avi,Train,110012,3,/Users/amangoyal/Documents/CVPR 2026 Workshop/frames_full/Train/1100121064.jpg,ok
1100122001.avi,Train,110012,2,/Users/amangoyal/Documents/CVPR 2026 Workshop/frames_full/Train/1100122001.jpg,ok
1100122002.avi,Train,110012,2,/Users/amangoyal/Documents/CVPR 2026 Workshop/frames_full/Train/1100122002.jpg,ok
1100122003.avi,Train,110012,2,/Users/amangoyal/Documents/CVPR 2026 Workshop/frames_full/Train/1100122003.jpg,ok
1100122005.avi,Train,110012,2,/Users/amangoyal/Documents/CVPR 2026 Workshop/frames_full/Train/1100122005.jpg,ok
1100122006.avi,Train,110012,3,/Users/amangoyal/Documents/CVPR 2026 Workshop/frames_full/Train/1100122006.jpg,ok
1100122007.avi,Train,110012,3,/Users/amangoyal/Documents/CVPR 2026 Workshop/frames_full/Train/1100122007.jpg,ok
1100122008.avi,Train,110012,3,/Users/amangoyal/Documents/CVPR 2026 Workshop/frames_full/Train/1100122008.jpg,ok
1100122009.avi,Train,110012,2,/Users/amangoyal/Documents/CVPR 2026 Workshop/frames_full/Train/1100122009.jpg,ok
1100122010.avi,Train,110012,3,/Users/amangoyal/Documents/CVPR 2026 Workshop/frames_full/Train/1100122010.jpg,ok
1100122011.avi,Train,110012,3,/Users/amangoyal/Documents/CVPR 2026 Workshop/frames_full/Train/1100122011.jpg,ok
1100122012.avi,Train,110012,3,/Users/amangoyal/Documents/CVPR 2026 Workshop/frames_full/Train/1100122012.jpg,ok
1100122013.avi,Train,110012,3,/Users/amangoyal/Documents/CVPR 2026 Workshop/frames_full/Train/1100122013.jpg,ok
1100122014.avi,Train,110012,3,/Users/amangoyal/Documents/CVPR 2026 Workshop/frames_full/Train/1100122014.jpg,ok
1100122015.avi,Train,110012,2,/Users/amangoyal/Documents/CVPR 2026 Workshop/frames_full/Train/1100122015.jpg,ok
1100122017.avi,Train,110012,2,/Users/amangoyal/Documents/CVPR 2026 Workshop/frames_full/Train/1100122017.jpg,ok
1100122018.avi,Train,110012,3,/Users/amangoyal/Documents/CVPR 2026 Workshop/frames_full/Train/1100122018.jpg,ok
1100122019.avi,Train,110012,3,/Users/amangoyal/Documents/CVPR 2026 Workshop/frames_full/Train/1100122019.jpg,ok
1100122020.avi,Train,110012,3,/Users/amangoyal/Documents/CVPR 2026 Workshop/frames_full/Train/1100122020.jpg,ok
1100122021.avi,Train,110012,2,/Users/amangoyal/Documents/CVPR 2026 Workshop/frames_full/Train/1100122021.jpg,ok
1100122023.avi,Train,110012,2,/Users/amangoyal/Documents/CVPR 2026 Workshop/frames_full/Train/1100122023.jpg,ok
1100122024.avi,Train,110012,3,/Users/amangoyal/Documents/CVPR 2026 Workshop/frames_full/Train/1100122024.jpg,ok
1100122025.avi,Train,110012,2,/Users/amangoyal/Documents/CVPR 2026 Workshop/frames_full/Train/1100122025.jpg,ok
1100122026.avi,Train,110012,2,/Users/amangoyal/Documents/CVPR 2026 Workshop/frames_full/Train/1100122026.jpg,ok
1100122031.avi,Train,110012,3,/Users/amangoyal/Documents/CVPR 2026 Workshop/frames_full/Train/1100122031.jpg,ok
1100122032.avi,Train,110012,3,/Users/amangoyal/Documents/CVPR 2026 Workshop/frames_full/Train/1100122032.jpg,ok
1100122033.avi,Train,110012,2,/Users/amangoyal/Documents/CVPR 2026 Workshop/frames_full/Train/1100122033.jpg,ok
1100122034.avi,Train,110012,3,/Users/amangoyal/Documents/CVPR 2026 Workshop/frames_full/Train/1100122034.jpg,ok
1100122035.avi,Train,110012,2,/Users/amangoyal/Documents/CVPR 2026 Workshop/frames_full/Train/1100122035.jpg,ok
1100122036.avi,Train,110012,3,/Users/amangoyal/Documents/CVPR 2026 Workshop/frames_full/Train/1100122036.jpg,ok
1100122037.avi,Train,110012,3,/Users/amangoyal/Documents/CVPR 2026 Workshop/frames_full/Train/1100122037.jpg,ok
1100122038.avi,Train,110012,3,/Users/amangoyal/Documents/CVPR 2026 Workshop/frames_full/Train/1100122038.jpg,ok
1100122039.avi,Train,110012,3,/Users/amangoyal/Documents/CVPR 2026 Workshop/frames_full/Train/1100122039.jpg,ok
1100122040.avi,Train,110012,2,/Users/amangoyal/Documents/CVPR 2026 Workshop/frames_full/Train/1100122040.jpg,ok
1100122041.avi,Train,110012,2,/Users/amangoyal/Documents/CVPR 2026 Workshop/frames_full/Train/1100122041.jpg,ok
1100122045.avi,Train,110012,2,/Users/amangoyal/Documents/CVPR 2026 Workshop/frames_full/Train/1100122045.jpg,ok
1100122047.avi,Train,110012,2,/Users/amangoyal/Documents/CVPR 2026 Workshop/frames_full/Train/1100122047.jpg,ok
1100122048.avi,Train,110012,3,/Users/amangoyal/Documents/CVPR 2026 Workshop/frames_full/Train/1100122048.jpg,ok
1100122050.avi,Train,110012,3,/Users/amangoyal/Documents/CVPR 2026 Workshop/frames_full/Train/1100122050.jpg,ok
1100122051.avi,Train,110012,2,/Users/amangoyal/Documents/CVPR 2026 Workshop/frames_full/Train/1100122051.jpg,ok
1100122052.avi,Train,110012,3,/Users/amangoyal/Documents/CVPR 2026 Workshop/frames_full/Train/1100122052.jpg,ok
1100122053.avi,Train,110012,2,/Users/amangoyal/Documents/CVPR 2026 Workshop/frames_full/Train/1100122053.jpg,ok
1100122054.avi,Train,110012,2,/Users/amangoyal/Documents/CVPR 2026 Workshop/frames_full/Train/1100122054.jpg,ok
1100122056.avi,Train,110012,1,/Users/amangoyal/Documents/CVPR 2026 Workshop/frames_full/Train/1100122056.jpg,ok
1100131006.avi,Train,110013,3,/Users/amangoyal/Documents/CVPR 2026 Workshop/frames_full/Train/1100131006.jpg,ok
1100131007.avi,Train,110013,2,/Users/amangoyal/Documents/CVPR 2026 Workshop/frames_full/Train/1100131007.jpg,ok
1100131009.avi,Train,110013,3,/Users/amangoyal/Documents/CVPR 2026 Workshop/frames_full/Train/1100131009.jpg,ok
1100131010.avi,Train,110013,3,/Users/amangoyal/Documents/CVPR 2026 Workshop/frames_full/Train/1100131010.jpg,ok
1100131011.avi,Train,110013,3,/Users/amangoyal/Documents/CVPR 2026 Workshop/frames_full/Train/1100131011.jpg,ok
1100131012.avi,Train,110013,3,/Users/amangoyal/Documents/CVPR 2026 Workshop/frames_full/Train/1100131012.jpg,ok
1100131017.avi,Train,110013,0,/Users/amangoyal/Documents/CVPR 2026 Workshop/frames_full/Train/1100131017.jpg,ok
1100131019.avi,Train,110013,3,/Users/amangoyal/Documents/CVPR 2026 Workshop/frames_full/Train/1100131019.jpg,ok
1100141001.avi,Train,110014,3,/Users/amangoyal/Documents/CVPR 2026 Workshop/frames_full/Train/1100141001.jpg,ok
1100141002.avi,Train,110014,2,/Users/amangoyal/Documents/CVPR 2026 Workshop/frames_full/Train/1100141002.jpg,ok
1100141003.avi,Train,110014,3,/Users/amangoyal/Documents/CVPR 2026 Workshop/frames_full/Train/1100141003.jpg,ok
1100141004.avi,Train,110014,3,/Users/amangoyal/Documents/CVPR 2026 Workshop/frames_full/Train/1100141004.jpg,ok
1100141005.avi,Train,110014,2,/Users/amangoyal/Documents/CVPR 2026 Workshop/frames_full/Train/1100141005.jpg,ok
1100141006.avi,Train,110014,2,/Users/amangoyal/Documents/CVPR 2026 Workshop/frames_full/Train/1100141006.jpg,ok
1100141007.avi,Train,110014,3,/Users/amangoyal/Documents/CVPR 2026 Workshop/frames_full/Train/1100141007.jpg,ok
1100141008.avi,Train,110014,2,/Users/amangoyal/Documents/CVPR 2026 Workshop/frames_full/Train/1100141008.jpg,ok
1100141009.avi,Train,110014,2,/Users/amangoyal/Documents/CVPR 2026 Workshop/frames_full/Train/1100141009.jpg,ok
1100141010.avi,Train,110014,3,/Users/amangoyal/Documents/CVPR 2026 Workshop/frames_full/Train/1100141010.jpg,ok
1100141011.avi,Train,110014,2,/Users/amangoyal/Documents/CVPR 2026 Workshop/frames_full/Train/1100141011.jpg,ok
1100141012.avi,Train,110014,2,/Users/amangoyal/Documents/CVPR 2026 Workshop/frames_full/Train/1100141012.jpg,ok
1100141013.avi,Train,110014,1,/Users/amangoyal/Documents/CVPR 2026 Workshop/frames_full/Train/1100141013.jpg,ok
1100141014.avi,Train,110014,2,/Users/amangoyal/Documents/CVPR 2026 Workshop/frames_full/Train/1100141014.jpg,ok
1100141015.avi,Train,110014,2,/Users/amangoyal/Documents/CVPR 2026 Workshop/frames_full/Train/1100141015.jpg,ok
1100141016.avi,Train,110014,3,/Users/amangoyal/Documents/CVPR 2026 Workshop/frames_full/Train/1100141016.jpg,ok
1100141017.avi,Train,110014,2,/Users/amangoyal/Documents/CVPR 2026 Workshop/frames_full/Train/1100141017.jpg,ok
1100141019.avi,Train,110014,2,/Users/amangoyal/Documents/CVPR 2026 Workshop/frames_full/Train/1100141019.jpg,ok
1100141020.avi,Train,110014,2,/Users/amangoyal/Documents/CVPR 2026 Workshop/frames_full/Train/1100141020.jpg,ok
1100141021.avi,Train,110014,2,/Users/amangoyal/Documents/CVPR 2026 Workshop/frames_full/Train/1100141021.jpg,ok
1100141023.avi,Train,110014,3,/Users/amangoyal/Documents/CVPR 2026 Workshop/frames_full/Train/1100141023.jpg,ok
1100141027.avi,Train,110014,1,/Users/amangoyal/Documents/CVPR 2026 Workshop/frames_full/Train/1100141027.jpg,ok
1100141028.avi,Train,110014,2,/Users/amangoyal/Documents/CVPR 2026 Workshop/frames_full/Train/1100141028.jpg,ok
1100141029.avi,Train,110014,2,/Users/amangoyal/Documents/CVPR 2026 Workshop/frames_full/Train/1100141029.jpg,ok
1100141030.avi,Train,110014,2,/Users/amangoyal/Documents/CVPR 2026 Workshop/frames_full/Train/1100141030.jpg,ok
1100141031.avi,Train,110014,2,/Users/amangoyal/Documents/CVPR 2026 Workshop/frames_full/Train/1100141031.jpg,ok
1100141032.avi,Train,110014,2,/Users/amangoyal/Documents/CVPR 2026 Workshop/frames_full/Train/1100141032.jpg,ok
1100141033.avi,Train,110014,2,/Users/amangoyal/Documents/CVPR 2026 Workshop/frames_full/Train/1100141033.jpg,ok
1100141034.avi,Train,110014,2,/Users/amangoyal/Documents/CVPR 2026 Workshop/frames_full/Train/1100141034.jpg,ok
1100141035.avi,Train,110014,2,/Users/amangoyal/Documents/CVPR 2026 Workshop/frames_full/Train/1100141035.jpg,ok
1100141036.avi,Train,110014,2,/Users/amangoyal/Documents/CVPR 2026 Workshop/frames_full/Train/1100141036.jpg,ok
1100141039.avi,Train,110014,3,/Users/amangoyal/Documents/CVPR 2026 Workshop/frames_full/Train/1100141039.jpg,ok
1100141040.avi,Train,110014,2,/Users/amangoyal/Documents/CVPR 2026 Workshop/frames_full/Train/1100141040.jpg,ok
1100141042.avi,Train,110014,2,/Users/amangoyal/Documents/CVPR 2026 Workshop/frames_full/Train/1100141042.jpg,ok
1100141044.avi,Train,110014,2,/Users/amangoyal/Documents/CVPR 2026 Workshop/frames_full/Train/1100141044.jpg,ok
1100141045.avi,Train,110014,3,/Users/amangoyal/Documents/CVPR 2026 Workshop/frames_full/Train/1100141045.jpg,ok
1100141046.avi,Train,110014,2,/Users/amangoyal/Documents/CVPR 2026 Workshop/frames_full/Train/1100141046.jpg,ok
1100141049.avi,Train,110014,2,/Users/amangoyal/Documents/CVPR 2026 Workshop/frames_full/Train/1100141049.jpg,ok
1100141050.avi,Train,110014,2,/Users/amangoyal/Documents/CVPR 2026 Workshop/frames_full/Train/1100141050.jpg,ok
1100141052.avi,Train,110014,2,/Users/amangoyal/Documents/CVPR 2026 Workshop/frames_full/Train/1100141052.jpg,ok
1100141053.avi,Train,110014,2,/Users/amangoyal/Documents/CVPR 2026 Workshop/frames_full/Train/1100141053.jpg,ok
1100141054.avi,Train,110014,3,/Users/amangoyal/Documents/CVPR 2026 Workshop/frames_full/Train/1100141054.jpg,ok
1100141055.avi,Train,110014,3,/Users/amangoyal/Documents/CVPR 2026 Workshop/frames_full/Train/1100141055.jpg,ok
1100141056.avi,Train,110014,2,/Users/amangoyal/Documents/CVPR 2026 Workshop/frames_full/Train/1100141056.jpg,ok
1100141057.avi,Train,110014,2,/Users/amangoyal/Documents/CVPR 2026 Workshop/frames_full/Train/1100141057.jpg,ok
1100142002.avi,Train,110014,3,/Users/amangoyal/Documents/CVPR 2026 Workshop/frames_full/Train/1100142002.jpg,ok
1100142003.avi,Train,110014,2,/Users/amangoyal/Documents/CVPR 2026 Workshop/frames_full/Train/1100142003.jpg,ok
1100142004.avi,Train,110014,2,/Users/amangoyal/Documents/CVPR 2026 Workshop/frames_full/Train/1100142004.jpg,ok
1100142007.avi,Train,110014,2,/Users/amangoyal/Documents/CVPR 2026 Workshop/frames_full/Train/1100142007.jpg,ok
1100142008.avi,Train,110014,2,/Users/amangoyal/Documents/CVPR 2026 Workshop/frames_full/Train/1100142008.jpg,ok
1100142009.avi,Train,110014,2,/Users/amangoyal/Documents/CVPR 2026 Workshop/frames_full/Train/1100142009.jpg,ok
1100142010.avi,Train,110014,2,/Users/amangoyal/Documents/CVPR 2026 Workshop/frames_full/Train/1100142010.jpg,ok
1100142011.avi,Train,110014,3,/Users/amangoyal/Documents/CVPR 2026 Workshop/frames_full/Train/1100142011.jpg,ok
1100142013.avi,Train,110014,2,/Users/amangoyal/Documents/CVPR 2026 Workshop/frames_full/Train/1100142013.jpg,ok
1100142014.avi,Train,110014,2,/Users/amangoyal/Documents/CVPR 2026 Workshop/frames_full/Train/1100142014.jpg,ok
1100142015.avi,Train,110014,2,/Users/amangoyal/Documents/CVPR 2026 Workshop/frames_full/Train/1100142015.jpg,ok
1100142017.avi,Train,110014,2,/Users/amangoyal/Documents/CVPR 2026 Workshop/frames_full/Train/1100142017.jpg,ok
1100142018.avi,Train,110014,2,/Users/amangoyal/Documents/CVPR 2026 Workshop/frames_full/Train/1100142018.jpg,ok
1100142019.avi,Train,110014,2,/Users/amangoyal/Documents/CVPR 2026 Workshop/frames_full/Train/1100142019.jpg,ok
1100142021.avi,Train,110014,3,/Users/amangoyal/Documents/CVPR 2026 Workshop/frames_full/Train/1100142021.jpg,ok
1100142022.avi,Train,110014,2,/Users/amangoyal/Documents/CVPR 2026 Workshop/frames_full/Train/1100142022.jpg,ok
1100142023.avi,Train,110014,2,/Users/amangoyal/Documents/CVPR 2026 Workshop/frames_full/Train/1100142023.jpg,ok
1100142024.avi,Train,110014,2,/Users/amangoyal/Documents/CVPR 2026 Workshop/frames_full/Train/1100142024.jpg,ok
1100142027.avi,Train,110014,3,/Users/amangoyal/Documents/CVPR 2026 Workshop/frames_full/Train/1100142027.jpg,ok
1100142028.avi,Train,110014,2,/Users/amangoyal/Documents/CVPR 2026 Workshop/frames_full/Train/1100142028.jpg,ok
1100142029.avi,Train,110014,3,/Users/amangoyal/Documents/CVPR 2026 Workshop/frames_full/Train/1100142029.jpg,ok
1100142030.avi,Train,110014,2,/Users/amangoyal/Documents/CVPR 2026 Workshop/frames_full/Train/1100142030.jpg,ok
1100142031.avi,Train,110014,2,/Users/amangoyal/Documents/CVPR 2026 Workshop/frames_full/Train/1100142031.jpg,ok
1100142032.avi,Train,110014,3,/Users/amangoyal/Documents/CVPR 2026 Workshop/frames_full/Train/1100142032.jpg,ok
1100142033.avi,Train,110014,1,/Users/amangoyal/Documents/CVPR 2026 Workshop/frames_full/Train/1100142033.jpg,ok
1100142034.avi,Train,110014,3,/Users/amangoyal/Documents/CVPR 2026 Workshop/frames_full/Train/1100142034.jpg,ok
1100142035.avi,Train,110014,3,/Users/amangoyal/Documents/CVPR 2026 Workshop/frames_full/Train/1100142035.jpg,ok
1100142038.avi,Train,110014,2,/Users/amangoyal/Documents/CVPR 2026 Workshop/frames_full/Train/1100142038.jpg,ok
1100142041.avi,Train,110014,3,/Users/amangoyal/Documents/CVPR 2026 Workshop/frames_full/Train/1100142041.jpg,ok
1100142043.avi,Train,110014,2,/Users/amangoyal/Documents/CVPR 2026 Workshop/frames_full/Train/1100142043.jpg,ok
1100142044.avi,Train,110014,2,/Users/amangoyal/Documents/CVPR 2026 Workshop/frames_full/Train/1100142044.jpg,ok
1100142045.avi,Train,110014,2,/Users/amangoyal/Documents/CVPR 2026 Workshop/frames_full/Train/1100142045.jpg,ok
1100142046.avi,Train,110014,3,/Users/amangoyal/Documents/CVPR 2026 Workshop/frames_full/Train/1100142046.jpg,ok
1100142048.avi,Train,110014,3,/Users/amangoyal/Documents/CVPR 2026 Workshop/frames_full/Train/1100142048.jpg,ok
1100142049.avi,Train,110014,2,/Users/amangoyal/Documents/CVPR 2026 Workshop/frames_full/Train/1100142049.jpg,ok
1100142050.avi,Train,110014,2,/Users/amangoyal/Documents/CVPR 2026 Workshop/frames_full/Train/1100142050.jpg,ok
1100142051.avi,Train,110014,2,/Users/amangoyal/Documents/CVPR 2026 Workshop/frames_full/Train/1100142051.jpg,ok
1100142052.avi,Train,110014,2,/Users/amangoyal/Documents/CVPR 2026 Workshop/frames_full/Train/1100142052.jpg,ok
1100142053.avi,Train,110014,3,/Users/amangoyal/Documents/CVPR 2026 Workshop/frames_full/Train/1100142053.jpg,ok
1100142056.avi,Train,110014,3,/Users/amangoyal/Documents/CVPR 2026 Workshop/frames_full/Train/1100142056.jpg,ok
1100142057.avi,Train,110014,3,/Users/amangoyal/Documents/CVPR 2026 Workshop/frames_full/Train/1100142057.jpg,ok
1100142058.avi,Train,110014,2,/Users/amangoyal/Documents/CVPR 2026 Workshop/frames_full/Train/1100142058.jpg,ok
1100142059.avi,Train,110014,2,/Users/amangoyal/Documents/CVPR 2026 Workshop/frames_full/Train/1100142059.jpg,ok
1100142060.avi,Train,110014,2,/Users/amangoyal/Documents/CVPR 2026 Workshop/frames_full/Train/1100142060.jpg,ok
1100151003.avi,Train,110015,2,/Users/amangoyal/Documents/CVPR 2026 Workshop/frames_full/Train/1100151003.jpg,ok
1100151004.avi,Train,110015,3,/Users/amangoyal/Documents/CVPR 2026 Workshop/frames_full/Train/1100151004.jpg,ok
1100151008.avi,Train,110015,3,/Users/amangoyal/Documents/CVPR 2026 Workshop/frames_full/Train/1100151008.jpg,ok
1100151009.avi,Train,110015,2,/Users/amangoyal/Documents/CVPR 2026 Workshop/frames_full/Train/1100151009.jpg,ok
1100151010.avi,Train,110015,2,/Users/amangoyal/Documents/CVPR 2026 Workshop/frames_full/Train/1100151010.jpg,ok
1100151011.avi,Train,110015,1,/Users/amangoyal/Documents/CVPR 2026 Workshop/frames_full/Train/1100151011.jpg,ok
1100151012.avi,Train,110015,2,/Users/amangoyal/Documents/CVPR 2026 Workshop/frames_full/Train/1100151012.jpg,ok
1100151013.avi,Train,110015,2,/Users/amangoyal/Documents/CVPR 2026 Workshop/frames_full/Train/1100151013.jpg,ok
1100151014.avi,Train,110015,3,/Users/amangoyal/Documents/CVPR 2026 Workshop/frames_full/Train/1100151014.jpg,ok
1100151015.avi,Train,110015,2,/Users/amangoyal/Documents/CVPR 2026 Workshop/frames_full/Train/1100151015.jpg,ok
1100151016.avi,Train,110015,2,/Users/amangoyal/Documents/CVPR 2026 Workshop/frames_full/Train/1100151016.jpg,ok
1100151017.avi,Train,110015,2,/Users/amangoyal/Documents/CVPR 2026 Workshop/frames_full/Train/1100151017.jpg,ok
1100151018.avi,Train,110015,2,/Users/amangoyal/Documents/CVPR 2026 Workshop/frames_full/Train/1100151018.jpg,ok
1100151019.avi,Train,110015,2,/Users/amangoyal/Documents/CVPR 2026 Workshop/frames_full/Train/1100151019.jpg,ok
1100151020.avi,Train,110015,2,/Users/amangoyal/Documents/CVPR 2026 Workshop/frames_full/Train/1100151020.jpg,ok
1100151021.avi,Train,110015,3,/Users/amangoyal/Documents/CVPR 2026 Workshop/frames_full/Train/1100151021.jpg,ok
1100151022.avi,Train,110015,3,/Users/amangoyal/Documents/CVPR 2026 Workshop/frames_full/Train/1100151022.jpg,ok
1100151023.avi,Train,110015,2,/Users/amangoyal/Documents/CVPR 2026 Workshop/frames_full/Train/1100151023.jpg,ok
1100151024.avi,Train,110015,2,/Users/amangoyal/Documents/CVPR 2026 Workshop/frames_full/Train/1100151024.jpg,ok
1100151028.avi,Train,110015,2,/Users/amangoyal/Documents/CVPR 2026 Workshop/frames_full/Train/1100151028.jpg,ok
1100151030.avi,Train,110015,2,/Users/amangoyal/Documents/CVPR 2026 Workshop/frames_full/Train/1100151030.jpg,ok
1100151032.avi,Train,110015,3,/Users/amangoyal/Documents/CVPR 2026 Workshop/frames_full/Train/1100151032.jpg,ok
1100151033.avi,Train,110015,2,/Users/amangoyal/Documents/CVPR 2026 Workshop/frames_full/Train/1100151033.jpg,ok
1100151035.avi,Train,110015,3,/Users/amangoyal/Documents/CVPR 2026 Workshop/frames_full/Train/1100151035.jpg,ok
1100151037.avi,Train,110015,3,/Users/amangoyal/Documents/CVPR 2026 Workshop/frames_full/Train/1100151037.jpg,ok
1100151038.avi,Train,110015,2,/Users/amangoyal/Documents/CVPR 2026 Workshop/frames_full/Train/1100151038.jpg,ok
1100151039.avi,Train,110015,2,/Users/amangoyal/Documents/CVPR 2026 Workshop/frames_full/Train/1100151039.jpg,ok
1100151040.avi,Train,110015,3,/Users/amangoyal/Documents/CVPR 2026 Workshop/frames_full/Train/1100151040.jpg,ok
1100151042.avi,Train,110015,3,/Users/amangoyal/Documents/CVPR 2026 Workshop/frames_full/Train/1100151042.jpg,ok
1100151043.avi,Train,110015,2,/Users/amangoyal/Documents/CVPR 2026 Workshop/frames_full/Train/1100151043.jpg,ok
1100151044.avi,Train,110015,2,/Users/amangoyal/Documents/CVPR 2026 Workshop/frames_full/Train/1100151044.jpg,ok
1100151047.avi,Train,110015,2,/Users/amangoyal/Documents/CVPR 2026 Workshop/frames_full/Train/1100151047.jpg,ok
1100151049.avi,Train,110015,3,/Users/amangoyal/Documents/CVPR 2026 Workshop/frames_full/Train/1100151049.jpg,ok
1100151050.avi,Train,110015,2,/Users/amangoyal/Documents/CVPR 2026 Workshop/frames_full/Train/1100151050.jpg,ok
1100151051.avi,Train,110015,2,/Users/amangoyal/Documents/CVPR 2026 Workshop/frames_full/Train/1100151051.jpg,ok
1100151052.avi,Train,110015,3,/Users/amangoyal/Documents/CVPR 2026 Workshop/frames_full/Train/1100151052.jpg,ok
1100151054.avi,Train,110015,3,/Users/amangoyal/Documents/CVPR 2026 Workshop/frames_full/Train/1100151054.jpg,ok
1100151055.avi,Train,110015,2,/Users/amangoyal/Documents/CVPR 2026 Workshop/frames_full/Train/1100151055.jpg,ok
1100151056.avi,Train,110015,3,/Users/amangoyal/Documents/CVPR 2026 Workshop/frames_full/Train/1100151056.jpg,ok
1100151057.avi,Train,110015,1,/Users/amangoyal/Documents/CVPR 2026 Workshop/frames_full/Train/1100151057.jpg,ok
1100151058.avi,Train,110015,2,/Users/amangoyal/Documents/CVPR 2026 Workshop/frames_full/Train/1100151058.jpg,ok
1100151062.avi,Train,110015,2,/Users/amangoyal/Documents/CVPR 2026 Workshop/frames_full/Train/1100151062.jpg,ok
1100152001.avi,Train,110015,2,/Users/amangoyal/Documents/CVPR 2026 Workshop/frames_full/Train/1100152001.jpg,ok
1100152004.avi,Train,110015,3,/Users/amangoyal/Documents/CVPR 2026 Workshop/frames_full/Train/1100152004.jpg,ok
1100152005.avi,Train,110015,2,/Users/amangoyal/Documents/CVPR 2026 Workshop/frames_full/Train/1100152005.jpg,ok
1100152006.avi,Train,110015,2,/Users/amangoyal/Documents/CVPR 2026 Workshop/frames_full/Train/1100152006.jpg,ok
1100152008.avi,Train,110015,2,/Users/amangoyal/Documents/CVPR 2026 Workshop/frames_full/Train/1100152008.jpg,ok
1100152009.avi,Train,110015,2,/Users/amangoyal/Documents/CVPR 2026 Workshop/frames_full/Train/1100152009.jpg,ok
1100152010.avi,Train,110015,1,/Users/amangoyal/Documents/CVPR 2026 Workshop/frames_full/Train/1100152010.jpg,ok
1100152013.avi,Train,110015,3,/Users/amangoyal/Documents/CVPR 2026 Workshop/frames_full/Train/1100152013.jpg,ok
1100152014.avi,Train,110015,2,/Users/amangoyal/Documents/CVPR 2026 Workshop/frames_full/Train/1100152014.jpg,ok
1100152015.avi,Train,110015,2,/Users/amangoyal/Documents/CVPR 2026 Workshop/frames_full/Train/1100152015.jpg,ok
1100152017.avi,Train,110015,1,/Users/amangoyal/Documents/CVPR 2026 Workshop/frames_full/Train/1100152017.jpg,ok
1100152019.avi,Train,110015,3,/Users/amangoyal/Documents/CVPR 2026 Workshop/frames_full/Train/1100152019.jpg,ok
1100152020.avi,Train,110015,3,/Users/amangoyal/Documents/CVPR 2026 Workshop/frames_full/Train/1100152020.jpg,ok
1100152022.avi,Train,110015,2,/Users/amangoyal/Documents/CVPR 2026 Workshop/frames_full/Train/1100152022.jpg,ok
1100152024.avi,Train,110015,2,/Users/amangoyal/Documents/CVPR 2026 Workshop/frames_full/Train/1100152024.jpg,ok
1100152025.avi,Train,110015,2,/Users/amangoyal/Documents/CVPR 2026 Workshop/frames_full/Train/1100152025.jpg,ok
1100152026.avi,Train,110015,2,/Users/amangoyal/Documents/CVPR 2026 Workshop/frames_full/Train/1100152026.jpg,ok
1100152027.avi,Train,110015,3,/Users/amangoyal/Documents/CVPR 2026 Workshop/frames_full/Train/1100152027.jpg,ok
1100152031.avi,Train,110015,1,/Users/amangoyal/Documents/CVPR 2026 Workshop/frames_full/Train/1100152031.jpg,ok
1100152032.avi,Train,110015,2,/Users/amangoyal/Documents/CVPR 2026 Workshop/frames_full/Train/1100152032.jpg,ok
1100152039.avi,Train,110015,3,/Users/amangoyal/Documents/CVPR 2026 Workshop/frames_full/Train/1100152039.jpg,ok
1100152040.avi,Train,110015,2,/Users/amangoyal/Documents/CVPR 2026 Workshop/frames_full/Train/1100152040.jpg,ok
1100152041.avi,Train,110015,2,/Users/amangoyal/Documents/CVPR 2026 Workshop/frames_full/Train/1100152041.jpg,ok
1100152042.avi,Train,110015,2,/Users/amangoyal/Documents/CVPR 2026 Workshop/frames_full/Train/1100152042.jpg,ok
1100152043.avi,Train,110015,2,/Users/amangoyal/Documents/CVPR 2026 Workshop/frames_full/Train/1100152043.jpg,ok
1100152048.avi,Train,110015,2,/Users/amangoyal/Documents/CVPR 2026 Workshop/frames_full/Train/1100152048.jpg,ok
1100152049.avi,Train,110015,2,/Users/amangoyal/Documents/CVPR 2026 Workshop/frames_full/Train/1100152049.jpg,ok
1100152050.avi,Train,110015,2,/Users/amangoyal/Documents/CVPR 2026 Workshop/frames_full/Train/1100152050.jpg,ok
1100152051.avi,Train,110015,2,/Users/amangoyal/Documents/CVPR 2026 Workshop/frames_full/Train/1100152051.jpg,ok
1100152055.avi,Train,110015,1,/Users/amangoyal/Documents/CVPR 2026 Workshop/frames_full/Train/1100152055.jpg,ok
1100152056.avi,Train,110015,2,/Users/amangoyal/Documents/CVPR 2026 Workshop/frames_full/Train/1100152056.jpg,ok
1100152061.avi,Train,110015,2,/Users/amangoyal/Documents/CVPR 2026 Workshop/frames_full/Train/1100152061.jpg,ok
1100152062.avi,Train,110015,2,/Users/amangoyal/Documents/CVPR 2026 Workshop/frames_full/Train/1100152062.jpg,ok
1100152067.avi,Train,110015,2,/Users/amangoyal/Documents/CVPR 2026 Workshop/frames_full/Train/1100152067.jpg,ok
1100152069.avi,Train,110015,2,/Users/amangoyal/Documents/CVPR 2026 Workshop/frames_full/Train/1100152069.jpg,ok
1100152070.avi,Train,110015,0,/Users/amangoyal/Documents/CVPR 2026 Workshop/frames_full/Train/1100152070.jpg,ok
1100161002.avi,Train,110016,2,/Users/amangoyal/Documents/CVPR 2026 Workshop/frames_full/Train/1100161002.jpg,ok
1100161004.avi,Train,110016,3,/Users/amangoyal/Documents/CVPR 2026 Workshop/frames_full/Train/1100161004.jpg,ok
1100161011.avi,Train,110016,3,/Users/amangoyal/Documents/CVPR 2026 Workshop/frames_full/Train/1100161011.jpg,ok
1100161012.avi,Train,110016,3,/Users/amangoyal/Documents/CVPR 2026 Workshop/frames_full/Train/1100161012.jpg,ok
1100161013.avi,Train,110016,2,/Users/amangoyal/Documents/CVPR 2026 Workshop/frames_full/Train/1100161013.jpg,ok
1100161014.avi,Train,110016,2,/Users/amangoyal/Documents/CVPR 2026 Workshop/frames_full/Train/1100161014.jpg,ok
1100161015.avi,Train,110016,3,/Users/amangoyal/Documents/CVPR 2026 Workshop/frames_full/Train/1100161015.jpg,ok
1100161016.avi,Train,110016,2,/Users/amangoyal/Documents/CVPR 2026 Workshop/frames_full/Train/1100161016.jpg,ok
1100161020.avi,Train,110016,3,/Users/amangoyal/Documents/CVPR 2026 Workshop/frames_full/Train/1100161020.jpg,ok
1100161021.avi,Train,110016,3,/Users/amangoyal/Documents/CVPR 2026 Workshop/frames_full/Train/1100161021.jpg,ok
1100161022.avi,Train,110016,2,/Users/amangoyal/Documents/CVPR 2026 Workshop/frames_full/Train/1100161022.jpg,ok
1100161023.avi,Train,110016,2,/Users/amangoyal/Documents/CVPR 2026 Workshop/frames_full/Train/1100161023.jpg,ok
1100161028.avi,Train,110016,2,/Users/amangoyal/Documents/CVPR 2026 Workshop/frames_full/Train/1100161028.jpg,ok
1100161029.avi,Train,110016,2,/Users/amangoyal/Documents/CVPR 2026 Workshop/frames_full/Train/1100161029.jpg,ok
1100161032.avi,Train,110016,2,/Users/amangoyal/Documents/CVPR 2026 Workshop/frames_full/Train/1100161032.jpg,ok
1100161035.avi,Train,110016,2,/Users/amangoyal/Documents/CVPR 2026 Workshop/frames_full/Train/1100161035.jpg,ok
1100161036.avi,Train,110016,2,/Users/amangoyal/Documents/CVPR 2026 Workshop/frames_full/Train/1100161036.jpg,ok
1100161038.avi,Train,110016,2,/Users/amangoyal/Documents/CVPR 2026 Workshop/frames_full/Train/1100161038.jpg,ok
1100161039.avi,Train,110016,3,/Users/amangoyal/Documents/CVPR 2026 Workshop/frames_full/Train/1100161039.jpg,ok
1100161041.avi,Train,110016,3,/Users/amangoyal/Documents/CVPR 2026 Workshop/frames_full/Train/1100161041.jpg,ok
1100161043.avi,Train,110016,3,/Users/amangoyal/Documents/CVPR 2026 Workshop/frames_full/Train/1100161043.jpg,ok
1100161044.avi,Train,110016,2,/Users/amangoyal/Documents/CVPR 2026 Workshop/frames_full/Train/1100161044.jpg,ok
1100161045.avi,Train,110016,2,/Users/amangoyal/Documents/CVPR 2026 Workshop/frames_full/Train/1100161045.jpg,ok
1100161046.avi,Train,110016,2,/Users/amangoyal/Documents/CVPR 2026 Workshop/frames_full/Train/1100161046.jpg,ok
1100161048.avi,Train,110016,2,/Users/amangoyal/Documents/CVPR 2026 Workshop/frames_full/Train/1100161048.jpg,ok
1100161050.avi,Train,110016,3,/Users/amangoyal/Documents/CVPR 2026 Workshop/frames_full/Train/1100161050.jpg,ok
1100161053.avi,Train,110016,1,/Users/amangoyal/Documents/CVPR 2026 Workshop/frames_full/Train/1100161053.jpg,ok
1100162005.avi,Train,110016,1,/Users/amangoyal/Documents/CVPR 2026 Workshop/frames_full/Train/1100162005.jpg,ok
1100162007.avi,Train,110016,2,/Users/amangoyal/Documents/CVPR 2026 Workshop/frames_full/Train/1100162007.jpg,ok
1100162011.avi,Train,110016,2,/Users/amangoyal/Documents/CVPR 2026 Workshop/frames_full/Train/1100162011.jpg,ok
1100162016.avi,Train,110016,1,/Users/amangoyal/Documents/CVPR 2026 Workshop/frames_full/Train/1100162016.jpg,ok
1100171001.avi,Train,110017,2,/Users/amangoyal/Documents/CVPR 2026 Workshop/frames_full/Train/1100171001.jpg,ok
1100171002.avi,Train,110017,2,/Users/amangoyal/Documents/CVPR 2026 Workshop/frames_full/Train/1100171002.jpg,ok
1100171004.avi,Train,110017,0,/Users/amangoyal/Documents/CVPR 2026 Workshop/frames_full/Train/1100171004.jpg,ok
1100171005.avi,Train,110017,2,/Users/amangoyal/Documents/CVPR 2026 Workshop/frames_full/Train/1100171005.jpg,ok
1100171007.avi,Train,110017,2,/Users/amangoyal/Documents/CVPR 2026 Workshop/frames_full/Train/1100171007.jpg,ok
1100171008.avi,Train,110017,0,/Users/amangoyal/Documents/CVPR 2026 Workshop/frames_full/Train/1100171008.jpg,ok
1100171009.avi,Train,110017,2,/Users/amangoyal/Documents/CVPR 2026 Workshop/frames_full/Train/1100171009.jpg,ok
1100171010.avi,Train,110017,2,/Users/amangoyal/Documents/CVPR 2026 Workshop/frames_full/Train/1100171010.jpg,ok
1100171011.avi,Train,110017,3,/Users/amangoyal/Documents/CVPR 2026 Workshop/frames_full/Train/1100171011.jpg,ok
1100171012.avi,Train,110017,2,/Users/amangoyal/Documents/CVPR 2026 Workshop/frames_full/Train/1100171012.jpg,ok
1100171013.avi,Train,110017,2,/Users/amangoyal/Documents/CVPR 2026 Workshop/frames_full/Train/1100171013.jpg,ok
1100171015.avi,Train,110017,2,/Users/amangoyal/Documents/CVPR 2026 Workshop/frames_full/Train/1100171015.jpg,ok
1100171016.avi,Train,110017,2,/Users/amangoyal/Documents/CVPR 2026 Workshop/frames_full/Train/1100171016.jpg,ok
1100171017.avi,Train,110017,2,/Users/amangoyal/Documents/CVPR 2026 Workshop/frames_full/Train/1100171017.jpg,ok
1100171019.avi,Train,110017,2,/Users/amangoyal/Documents/CVPR 2026 Workshop/frames_full/Train/1100171019.jpg,ok
1100171021.avi,Train,110017,3,/Users/amangoyal/Documents/CVPR 2026 Workshop/frames_full/Train/1100171021.jpg,ok
1100171022.avi,Train,110017,2,/Users/amangoyal/Documents/CVPR 2026 Workshop/frames_full/Train/1100171022.jpg,ok
1100171023.avi,Train,110017,2,/Users/amangoyal/Documents/CVPR 2026 Workshop/frames_full/Train/1100171023.jpg,ok
1100171031.avi,Train,110017,2,/Users/amangoyal/Documents/CVPR 2026 Workshop/frames_full/Train/1100171031.jpg,ok
1100171035.avi,Train,110017,2,/Users/amangoyal/Documents/CVPR 2026 Workshop/frames_full/Train/1100171035.jpg,ok
1100171036.avi,Train,110017,2,/Users/amangoyal/Documents/CVPR 2026 Workshop/frames_full/Train/1100171036.jpg,ok
1100171038.avi,Train,110017,3,/Users/amangoyal/Documents/CVPR 2026 Workshop/frames_full/Train/1100171038.jpg,ok
1100171039.avi,Train,110017,3,/Users/amangoyal/Documents/CVPR 2026 Workshop/frames_full/Train/1100171039.jpg,ok
1100171040.avi,Train,110017,3,/Users/amangoyal/Documents/CVPR 2026 Workshop/frames_full/Train/1100171040.jpg,ok
1100171041.avi,Train,110017,2,/Users/amangoyal/Documents/CVPR 2026 Workshop/frames_full/Train/1100171041.jpg,ok
1100171043.avi,Train,110017,2,/Users/amangoyal/Documents/CVPR 2026 Workshop/frames_full/Train/1100171043.jpg,ok
1100171045.avi,Train,110017,2,/Users/amangoyal/Documents/CVPR 2026 Workshop/frames_full/Train/1100171045.jpg,ok
1100171049.avi,Train,110017,2,/Users/amangoyal/Documents/CVPR 2026 Workshop/frames_full/Train/1100171049.jpg,ok
1100171055.avi,Train,110017,2,/Users/amangoyal/Documents/CVPR 2026 Workshop/frames_full/Train/1100171055.jpg,ok
1100171056.avi,Train,110017,3,/Users/amangoyal/Documents/CVPR 2026 Workshop/frames_full/Train/1100171056.jpg,ok
1100171057.avi,Train,110017,2,/Users/amangoyal/Documents/CVPR 2026 Workshop/frames_full/Train/1100171057.jpg,ok
1100171059.avi,Train,110017,1,/Users/amangoyal/Documents/CVPR 2026 Workshop/frames_full/Train/1100171059.jpg,ok
1100171061.avi,Train,110017,3,/Users/amangoyal/Documents/CVPR 2026 Workshop/frames_full/Train/1100171061.jpg,ok
1100171063.avi,Train,110017,3,/Users/amangoyal/Documents/CVPR 2026 Workshop/frames_full/Train/1100171063.jpg,ok
1100171064.avi,Train,110017,3,/Users/amangoyal/Documents/CVPR 2026 Workshop/frames_full/Train/1100171064.jpg,ok
1100171065.avi,Train,110017,2,/Users/amangoyal/Documents/CVPR 2026 Workshop/frames_full/Train/1100171065.jpg,ok
1100171067.avi,Train,110017,2,/Users/amangoyal/Documents/CVPR 2026 Workshop/frames_full/Train/1100171067.jpg,ok
1100171069.avi,Train,110017,3,/Users/amangoyal/Documents/CVPR 2026 Workshop/frames_full/Train/1100171069.jpg,ok
1100171070.avi,Train,110017,2,/Users/amangoyal/Documents/CVPR 2026 Workshop/frames_full/Train/1100171070.jpg,ok
1100171071.avi,Train,110017,3,/Users/amangoyal/Documents/CVPR 2026 Workshop/frames_full/Train/1100171071.jpg,ok
1100171072.avi,Train,110017,2,/Users/amangoyal/Documents/CVPR 2026 Workshop/frames_full/Train/1100171072.jpg,ok
1100171073.avi,Train,110017,3,/Users/amangoyal/Documents/CVPR 2026 Workshop/frames_full/Train/1100171073.jpg,ok
1100171074.avi,Train,110017,2,/Users/amangoyal/Documents/CVPR 2026 Workshop/frames_full/Train/1100171074.jpg,ok
1100171075.avi,Train,110017,2,/Users/amangoyal/Documents/CVPR 2026 Workshop/frames_full/Train/1100171075.jpg,ok
1100171076.avi,Train,110017,2,/Users/amangoyal/Documents/CVPR 2026 Workshop/frames_full/Train/1100171076.jpg,ok
1100171077.avi,Train,110017,3,/Users/amangoyal/Documents/CVPR 2026 Workshop/frames_full/Train/1100171077.jpg,ok
1100171078.avi,Train,110017,3,/Users/amangoyal/Documents/CVPR 2026 Workshop/frames_full/Train/1100171078.jpg,ok
1100171080.avi,Train,110017,2,/Users/amangoyal/Documents/CVPR 2026 Workshop/frames_full/Train/1100171080.jpg,ok
1100171083.avi,Train,110017,2,/Users/amangoyal/Documents/CVPR 2026 Workshop/frames_full/Train/1100171083.jpg,ok
1100172003.avi,Train,110017,2,/Users/amangoyal/Documents/CVPR 2026 Workshop/frames_full/Train/1100172003.jpg,ok
1100172004.avi,Train,110017,2,/Users/amangoyal/Documents/CVPR 2026 Workshop/frames_full/Train/1100172004.jpg,ok
1100172007.avi,Train,110017,2,/Users/amangoyal/Documents/CVPR 2026 Workshop/frames_full/Train/1100172007.jpg,ok
1100172012.avi,Train,110017,1,/Users/amangoyal/Documents/CVPR 2026 Workshop/frames_full/Train/1100172012.jpg,ok
1100172013.avi,Train,110017,2,/Users/amangoyal/Documents/CVPR 2026 Workshop/frames_full/Train/1100172013.jpg,ok
1100172014.avi,Train,110017,2,/Users/amangoyal/Documents/CVPR 2026 Workshop/frames_full/Train/1100172014.jpg,ok
1100172015.avi,Train,110017,2,/Users/amangoyal/Documents/CVPR 2026 Workshop/frames_full/Train/1100172015.jpg,ok
1100172016.avi,Train,110017,2,/Users/amangoyal/Documents/CVPR 2026 Workshop/frames_full/Train/1100172016.jpg,ok
1100172017.avi,Train,110017,1,/Users/amangoyal/Documents/CVPR 2026 Workshop/frames_full/Train/1100172017.jpg,ok
1100172018.avi,Train,110017,3,/Users/amangoyal/Documents/CVPR 2026 Workshop/frames_full/Train/1100172018.jpg,ok
1100172020.avi,Train,110017,2,/Users/amangoyal/Documents/CVPR 2026 Workshop/frames_full/Train/1100172020.jpg,ok
1100172021.avi,Train,110017,2,/Users/amangoyal/Documents/CVPR 2026 Workshop/frames_full/Train/1100172021.jpg,ok
1100172022.avi,Train,110017,2,/Users/amangoyal/Documents/CVPR 2026 Workshop/frames_full/Train/1100172022.jpg,ok
1100172026.avi,Train,110017,2,/Users/amangoyal/Documents/CVPR 2026 Workshop/frames_full/Train/1100172026.jpg,ok
1100172028.avi,Train,110017,2,/Users/amangoyal/Documents/CVPR 2026 Workshop/frames_full/Train/1100172028.jpg,ok
1100172030.avi,Train,110017,3,/Users/amangoyal/Documents/CVPR 2026 Workshop/frames_full/Train/1100172030.jpg,ok
1100172032.avi,Train,110017,2,/Users/amangoyal/Documents/CVPR 2026 Workshop/frames_full/Train/1100172032.jpg,ok
1100172033.avi,Train,110017,1,/Users/amangoyal/Documents/CVPR 2026 Workshop/frames_full/Train/1100172033.jpg,ok
1100172034.avi,Train,110017,1,/Users/amangoyal/Documents/CVPR 2026 Workshop/frames_full/Train/1100172034.jpg,ok
1100172035.avi,Train,110017,3,/Users/amangoyal/Documents/CVPR 2026 Workshop/frames_full/Train/1100172035.jpg,ok
1100172037.avi,Train,110017,2,/Users/amangoyal/Documents/CVPR 2026 Workshop/frames_full/Train/1100172037.jpg,ok
1100172039.avi,Train,110017,2,/Users/amangoyal/Documents/CVPR 2026 Workshop/frames_full/Train/1100172039.jpg,ok
1100172042.avi,Train,110017,2,/Users/amangoyal/Documents/CVPR 2026 Workshop/frames_full/Train/1100172042.jpg,ok
1100172043.avi,Train,110017,1,/Users/amangoyal/Documents/CVPR 2026 Workshop/frames_full/Train/1100172043.jpg,ok
1100172047.avi,Train,110017,3,/Users/amangoyal/Documents/CVPR 2026 Workshop/frames_full/Train/1100172047.jpg,ok
1100172050.avi,Train,110017,2,/Users/amangoyal/Documents/CVPR 2026 Workshop/frames_full/Train/1100172050.jpg,ok
1100172058.avi,Train,110017,1,/Users/amangoyal/Documents/CVPR 2026 Workshop/frames_full/Train/1100172058.jpg,ok
1100172063.avi,Train,110017,3,/Users/amangoyal/Documents/CVPR 2026 Workshop/frames_full/Train/1100172063.jpg,ok
1100172066.avi,Train,110017,2,/Users/amangoyal/Documents/CVPR 2026 Workshop/frames_full/Train/1100172066.jpg,ok
1100411010.avi,Train,110041,2,/Users/amangoyal/Documents/CVPR 2026 Workshop/frames_full/Train/1100411010.jpg,ok
1100411011.avi,Train,110041,3,/Users/amangoyal/Documents/CVPR 2026 Workshop/frames_full/Train/1100411011.jpg,ok
1100411012.avi,Train,110041,2,/Users/amangoyal/Documents/CVPR 2026 Workshop/frames_full/Train/1100411012.jpg,ok
1100411013.avi,Train,110041,3,/Users/amangoyal/Documents/CVPR 2026 Workshop/frames_full/Train/1100411013.jpg,ok
1100411015.avi,Train,110041,3,/Users/amangoyal/Documents/CVPR 2026 Workshop/frames_full/Train/1100411015.jpg,ok
1100411016.avi,Train,110041,3,/Users/amangoyal/Documents/CVPR 2026 Workshop/frames_full/Train/1100411016.jpg,ok
1100411018.avi,Train,110041,2,/Users/amangoyal/Documents/CVPR 2026 Workshop/frames_full/Train/1100411018.jpg,ok
1100411020.avi,Train,110041,2,/Users/amangoyal/Documents/CVPR 2026 Workshop/frames_full/Train/1100411020.jpg,ok
1100411023.avi,Train,110041,3,/Users/amangoyal/Documents/CVPR 2026 Workshop/frames_full/Train/1100411023.jpg,ok
1100411036.avi,Train,110041,2,/Users/amangoyal/Documents/CVPR 2026 Workshop/frames_full/Train/1100411036.jpg,ok
1100411041.avi,Train,110041,3,/Users/amangoyal/Documents/CVPR 2026 Workshop/frames_full/Train/1100411041.jpg,ok
1100411045.avi,Train,110041,3,/Users/amangoyal/Documents/CVPR 2026 Workshop/frames_full/Train/1100411045.jpg,ok
1100411047.avi,Train,110041,2,/Users/amangoyal/Documents/CVPR 2026 Workshop/frames_full/Train/1100411047.jpg,ok
1100411048.avi,Train,110041,2,/Users/amangoyal/Documents/CVPR 2026 Workshop/frames_full/Train/1100411048.jpg,ok
1100411049.avi,Train,110041,2,/Users/amangoyal/Documents/CVPR 2026 Workshop/frames_full/Train/1100411049.jpg,ok
1100411050.avi,Train,110041,3,/Users/amangoyal/Documents/CVPR 2026 Workshop/frames_full/Train/1100411050.jpg,ok
1100411051.avi,Train,110041,3,/Users/amangoyal/Documents/CVPR 2026 Workshop/frames_full/Train/1100411051.jpg,ok
1100411053.avi,Train,110041,3,/Users/amangoyal/Documents/CVPR 2026 Workshop/frames_full/Train/1100411053.jpg,ok
1100411054.avi,Train,110041,2,/Users/amangoyal/Documents/CVPR 2026 Workshop/frames_full/Train/1100411054.jpg,ok
1100411055.avi,Train,110041,2,/Users/amangoyal/Documents/CVPR 2026 Workshop/frames_full/Train/1100411055.jpg,ok
1100411057.avi,Train,110041,2,/Users/amangoyal/Documents/CVPR 2026 Workshop/frames_full/Train/1100411057.jpg,ok
1100412001.avi,Train,110041,3,/Users/amangoyal/Documents/CVPR 2026 Workshop/frames_full/Train/1100412001.jpg,ok
1100412003.avi,Train,110041,2,/Users/amangoyal/Documents/CVPR 2026 Workshop/frames_full/Train/1100412003.jpg,ok
1100412010.avi,Train,110041,2,/Users/amangoyal/Documents/CVPR 2026 Workshop/frames_full/Train/1100412010.jpg,ok
1100412018.avi,Train,110041,0,/Users/amangoyal/Documents/CVPR 2026 Workshop/frames_full/Train/1100412018.jpg,ok
1100412033.avi,Train,110041,1,/Users/amangoyal/Documents/CVPR 2026 Workshop/frames_full/Train/1100412033.jpg,ok
1100412038.avi,Train,110041,2,/Users/amangoyal/Documents/CVPR 2026 Workshop/frames_full/Train/1100412038.jpg,ok
1100412039.avi,Train,110041,1,/Users/amangoyal/Documents/CVPR 2026 Workshop/frames_full/Train/1100412039.jpg,ok
1100412040.avi,Train,110041,2,/Users/amangoyal/Documents/CVPR 2026 Workshop/frames_full/Train/1100412040.jpg,ok
1110031003.avi,Train,111003,2,/Users/amangoyal/Documents/CVPR 2026 Workshop/frames_full/Train/1110031003.jpg,ok
1110031007.avi,Train,111003,3,/Users/amangoyal/Documents/CVPR 2026 Workshop/frames_full/Train/1110031007.jpg,ok
1110031010.avi,Train,111003,1,/Users/amangoyal/Documents/CVPR 2026 Workshop/frames_full/Train/1110031010.jpg,ok
1110031011.avi,Train,111003,2,/Users/amangoyal/Documents/CVPR 2026 Workshop/frames_full/Train/1110031011.jpg,ok
1110031012.avi,Train,111003,3,/Users/amangoyal/Documents/CVPR 2026 Workshop/frames_full/Train/1110031012.jpg,ok
1110031014.avi,Train,111003,2,/Users/amangoyal/Documents/CVPR 2026 Workshop/frames_full/Train/1110031014.jpg,ok
1110031019.avi,Train,111003,2,/Users/amangoyal/Documents/CVPR 2026 Workshop/frames_full/Train/1110031019.jpg,ok
1110031020.avi,Train,111003,2,/Users/amangoyal/Documents/CVPR 2026 Workshop/frames_full/Train/1110031020.jpg,ok
1110031021.avi,Train,111003,2,/Users/amangoyal/Documents/CVPR 2026 Workshop/frames_full/Train/1110031021.jpg,ok
1110031025.avi,Train,111003,0,/Users/amangoyal/Documents/CVPR 2026 Workshop/frames_full/Train/1110031025.jpg,ok
1110031027.avi,Train,111003,1,/Users/amangoyal/Documents/CVPR 2026 Workshop/frames_full/Train/1110031027.jpg,ok
1110031031.avi,Train,111003,3,/Users/amangoyal/Documents/CVPR 2026 Workshop/frames_full/Train/1110031031.jpg,ok
1110031033.avi,Train,111003,1,/Users/amangoyal/Documents/CVPR 2026 Workshop/frames_full/Train/1110031033.jpg,ok
1110031037.avi,Train,111003,3,/Users/amangoyal/Documents/CVPR 2026 Workshop/frames_full/Train/1110031037.jpg,ok
1110031038.avi,Train,111003,0,/Users/amangoyal/Documents/CVPR 2026 Workshop/frames_full/Train/1110031038.jpg,ok
1110031039.avi,Train,111003,2,/Users/amangoyal/Documents/CVPR 2026 Workshop/frames_full/Train/1110031039.jpg,ok
1110031040.avi,Train,111003,3,/Users/amangoyal/Documents/CVPR 2026 Workshop/frames_full/Train/1110031040.jpg,ok
1110031042.avi,Train,111003,2,/Users/amangoyal/Documents/CVPR 2026 Workshop/frames_full/Train/1110031042.jpg,ok
1110031048.avi,Train,111003,2,/Users/amangoyal/Documents/CVPR 2026 Workshop/frames_full/Train/1110031048.jpg,ok
1110031049.avi,Train,111003,2,/Users/amangoyal/Documents/CVPR 2026 Workshop/frames_full/Train/1110031049.jpg,ok
1110031050.avi,Train,111003,3,/Users/amangoyal/Documents/CVPR 2026 Workshop/frames_full/Train/1110031050.jpg,ok
1110031056.avi,Train,111003,1,/Users/amangoyal/Documents/CVPR 2026 Workshop/frames_full/Train/1110031056.jpg,ok
1110031061.avi,Train,111003,2,/Users/amangoyal/Documents/CVPR 2026 Workshop/frames_full/Train/1110031061.jpg,ok
1110031062.avi,Train,111003,2,/Users/amangoyal/Documents/CVPR 2026 Workshop/frames_full/Train/1110031062.jpg,ok
1110031063.avi,Train,111003,0,/Users/amangoyal/Documents/CVPR 2026 Workshop/frames_full/Train/1110031063.jpg,ok
1110031064.avi,Train,111003,2,/Users/amangoyal/Documents/CVPR 2026 Workshop/frames_full/Train/1110031064.jpg,ok
1110031065.avi,Train,111003,3,/Users/amangoyal/Documents/CVPR 2026 Workshop/frames_full/Train/1110031065.jpg,ok
1110032002.avi,Train,111003,3,/Users/amangoyal/Documents/CVPR 2026 Workshop/frames_full/Train/1110032002.jpg,ok
1110032004.avi,Train,111003,2,/Users/amangoyal/Documents/CVPR 2026 Workshop/frames_full/Train/1110032004.jpg,ok
1110032006.avi,Train,111003,3,/Users/amangoyal/Documents/CVPR 2026 Workshop/frames_full/Train/1110032006.jpg,ok
1110032008.avi,Train,111003,2,/Users/amangoyal/Documents/CVPR 2026 Workshop/frames_full/Train/1110032008.jpg,ok
1110032010.avi,Train,111003,2,/Users/amangoyal/Documents/CVPR 2026 Workshop/frames_full/Train/1110032010.jpg,ok
1110032014.avi,Train,111003,1,/Users/amangoyal/Documents/CVPR 2026 Workshop/frames_full/Train/1110032014.jpg,ok
1110032015.avi,Train,111003,3,/Users/amangoyal/Documents/CVPR 2026 Workshop/frames_full/Train/1110032015.jpg,ok
1110032018.avi,Train,111003,3,/Users/amangoyal/Documents/CVPR 2026 Workshop/frames_full/Train/1110032018.jpg,ok
1110032019.avi,Train,111003,2,/Users/amangoyal/Documents/CVPR 2026 Workshop/frames_full/Train/1110032019.jpg,ok
1110032020.avi,Train,111003,2,/Users/amangoyal/Documents/CVPR 2026 Workshop/frames_full/Train/1110032020.jpg,ok
1110032021.avi,Train,111003,2,/Users/amangoyal/Documents/CVPR 2026 Workshop/frames_full/Train/1110032021.jpg,ok
1110032022.avi,Train,111003,2,/Users/amangoyal/Documents/CVPR 2026 Workshop/frames_full/Train/1110032022.jpg,ok
1110032023.avi,Train,111003,2,/Users/amangoyal/Documents/CVPR 2026 Workshop/frames_full/Train/1110032023.jpg,ok
1110032024.avi,Train,111003,3,/Users/amangoyal/Documents/CVPR 2026 Workshop/frames_full/Train/1110032024.jpg,ok
1110032025.avi,Train,111003,2,/Users/amangoyal/Documents/CVPR 2026 Workshop/frames_full/Train/1110032025.jpg,ok
1110032027.avi,Train,111003,1,/Users/amangoyal/Documents/CVPR 2026 Workshop/frames_full/Train/1110032027.jpg,ok
1110032029.avi,Train,111003,3,/Users/amangoyal/Documents/CVPR 2026 Workshop/frames_full/Train/1110032029.jpg,ok
1110032031.avi,Train,111003,2,/Users/amangoyal/Documents/CVPR 2026 Workshop/frames_full/Train/1110032031.jpg,ok
1110032032.avi,Train,111003,3,/Users/amangoyal/Documents/CVPR 2026 Workshop/frames_full/Train/1110032032.jpg,ok
1110032033.avi,Train,111003,3,/Users/amangoyal/Documents/CVPR 2026 Workshop/frames_full/Train/1110032033.jpg,ok
1110032034.avi,Train,111003,2,/Users/amangoyal/Documents/CVPR 2026 Workshop/frames_full/Train/1110032034.jpg,ok
1110032036.avi,Train,111003,3,/Users/amangoyal/Documents/CVPR 2026 Workshop/frames_full/Train/1110032036.jpg,ok
1110032037.avi,Train,111003,2,/Users/amangoyal/Documents/CVPR 2026 Workshop/frames_full/Train/1110032037.jpg,ok
1110032042.avi,Train,111003,2,/Users/amangoyal/Documents/CVPR 2026 Workshop/frames_full/Train/1110032042.jpg,ok
1110032043.avi,Train,111003,1,/Users/amangoyal/Documents/CVPR 2026 Workshop/frames_full/Train/1110032043.jpg,ok
1110032045.avi,Train,111003,2,/Users/amangoyal/Documents/CVPR 2026 Workshop/frames_full/Train/1110032045.jpg,ok
1110032047.avi,Train,111003,2,/Users/amangoyal/Documents/CVPR 2026 Workshop/frames_full/Train/1110032047.jpg,ok
1110032048.avi,Train,111003,2,/Users/amangoyal/Documents/CVPR 2026 Workshop/frames_full/Train/1110032048.jpg,ok
1110032049.avi,Train,111003,2,/Users/amangoyal/Documents/CVPR 2026 Workshop/frames_full/Train/1110032049.jpg,ok
1110032050.avi,Train,111003,3,/Users/amangoyal/Documents/CVPR 2026 Workshop/frames_full/Train/1110032050.jpg,ok
1110032051.avi,Train,111003,2,/Users/amangoyal/Documents/CVPR 2026 Workshop/frames_full/Train/1110032051.jpg,ok
1110032052.avi,Train,111003,3,/Users/amangoyal/Documents/CVPR 2026 Workshop/frames_full/Train/1110032052.jpg,ok
1110032053.avi,Train,111003,2,/Users/amangoyal/Documents/CVPR 2026 Workshop/frames_full/Train/1110032053.jpg,ok
1110032055.avi,Train,111003,2,/Users/amangoyal/Documents/CVPR 2026 Workshop/frames_full/Train/1110032055.jpg,ok
1110032056.avi,Train,111003,2,/Users/amangoyal/Documents/CVPR 2026 Workshop/frames_full/Train/1110032056.jpg,ok
1110032058.avi,Train,111003,3,/Users/amangoyal/Documents/CVPR 2026 Workshop/frames_full/Train/1110032058.jpg,ok
1110032059.avi,Train,111003,2,/Users/amangoyal/Documents/CVPR 2026 Workshop/frames_full/Train/1110032059.jpg,ok
1110032060.avi,Train,111003,3,/Users/amangoyal/Documents/CVPR 2026 Workshop/frames_full/Train/1110032060.jpg,ok
1110032061.avi,Train,111003,2,/Users/amangoyal/Documents/CVPR 2026 Workshop/frames_full/Train/1110032061.jpg,ok
1110032062.avi,Train,111003,2,/Users/amangoyal/Documents/CVPR 2026 Workshop/frames_full/Train/1110032062.jpg,ok
1110032063.avi,Train,111003,2,/Users/amangoyal/Documents/CVPR 2026 Workshop/frames_full/Train/1110032063.jpg,ok
1813740111.avi,Train,181374,3,/Users/amangoyal/Documents/CVPR 2026 Workshop/frames_full/Train/1813740111.jpg,ok
1813740112.avi,Train,181374,2,/Users/amangoyal/Documents/CVPR 2026 Workshop/frames_full/Train/1813740112.jpg,ok
1813740115.avi,Train,181374,3,/Users/amangoyal/Documents/CVPR 2026 Workshop/frames_full/Train/1813740115.jpg,ok
1813740116.avi,Train,181374,3,/Users/amangoyal/Documents/CVPR 2026 Workshop/frames_full/Train/1813740116.jpg,ok
1813740118.avi,Train,181374,2,/Users/amangoyal/Documents/CVPR 2026 Workshop/frames_full/Train/1813740118.jpg,ok
1813740119.avi,Train,181374,2,/Users/amangoyal/Documents/CVPR 2026 Workshop/frames_full/Train/1813740119.jpg,ok
1813740122.avi,Train,181374,2,/Users/amangoyal/Documents/CVPR 2026 Workshop/frames_full/Train/1813740122.jpg,ok
1813740123.avi,Train,181374,3,/Users/amangoyal/Documents/CVPR 2026 Workshop/frames_full/Train/1813740123.jpg,ok
1813740124.avi,Train,181374,2,/Users/amangoyal/Documents/CVPR 2026 Workshop/frames_full/Train/1813740124.jpg,ok
1813740126.avi,Train,181374,3,/Users/amangoyal/Documents/CVPR 2026 Workshop/frames_full/Train/1813740126.jpg,ok
1813740127.avi,Train,181374,3,/Users/amangoyal/Documents/CVPR 2026 Workshop/frames_full/Train/1813740127.jpg,ok
1813740128.avi,Train,181374,3,/Users/amangoyal/Documents/CVPR 2026 Workshop/frames_full/Train/1813740128.jpg,ok
1813740131.avi,Train,181374,2,/Users/amangoyal/Documents/CVPR 2026 Workshop/frames_full/Train/1813740131.jpg,ok
1813740133.avi,Train,181374,3,/Users/amangoyal/Documents/CVPR 2026 Workshop/frames_full/Train/1813740133.jpg,ok
1813740135.avi,Train,181374,2,/Users/amangoyal/Documents/CVPR 2026 Workshop/frames_full/Train/1813740135.jpg,ok
1813740137.avi,Train,181374,2,/Users/amangoyal/Documents/CVPR 2026 Workshop/frames_full/Train/1813740137.jpg,ok
1813740138.avi,Train,181374,0,/Users/amangoyal/Documents/CVPR 2026 Workshop/frames_full/Train/1813740138.jpg,ok
1813740143.avi,Train,181374,2,/Users/amangoyal/Documents/CVPR 2026 Workshop/frames_full/Train/1813740143.jpg,ok
1813740144.avi,Train,181374,2,/Users/amangoyal/Documents/CVPR 2026 Workshop/frames_full/Train/1813740144.jpg,ok
1813740149.avi,Train,181374,3,/Users/amangoyal/Documents/CVPR 2026 Workshop/frames_full/Train/1813740149.jpg,ok
181374015.avi,Train,181374,2,/Users/amangoyal/Documents/CVPR 2026 Workshop/frames_full/Train/181374015.jpg,ok
1813740150.avi,Train,181374,2,/Users/amangoyal/Documents/CVPR 2026 Workshop/frames_full/Train/1813740150.jpg,ok
1813740153.avi,Train,181374,2,/Users/amangoyal/Documents/CVPR 2026 Workshop/frames_full/Train/1813740153.jpg,ok
1813740155.avi,Train,181374,2,/Users/amangoyal/Documents/CVPR 2026 Workshop/frames_full/Train/1813740155.jpg,ok
1813740157.avi,Train,181374,2,/Users/amangoyal/Documents/CVPR 2026 Workshop/frames_full/Train/1813740157.jpg,ok
1813740159.avi,Train,181374,2,/Users/amangoyal/Documents/CVPR 2026 Workshop/frames_full/Train/1813740159.jpg,ok
181374016.avi,Train,181374,3,/Users/amangoyal/Documents/CVPR 2026 Workshop/frames_full/Train/181374016.jpg,ok
1813740162.avi,Train,181374,3,/Users/amangoyal/Documents/CVPR 2026 Workshop/frames_full/Train/1813740162.jpg,ok
1813740164.avi,Train,181374,3,/Users/amangoyal/Documents/CVPR 2026 Workshop/frames_full/Train/1813740164.jpg,ok
1813740165.avi,Train,181374,3,/Users/amangoyal/Documents/CVPR 2026 Workshop/frames_full/Train/1813740165.jpg,ok
1813740167.avi,Train,181374,3,/Users/amangoyal/Documents/CVPR 2026 Workshop/frames_full/Train/1813740167.jpg,ok
1813740168.avi,Train,181374,3,/Users/amangoyal/Documents/CVPR 2026 Workshop/frames_full/Train/1813740168.jpg,ok
1813740169.avi,Train,181374,2,/Users/amangoyal/Documents/CVPR 2026 Workshop/frames_full/Train/1813740169.jpg,ok
181374017.avi,Train,181374,2,/Users/amangoyal/Documents/CVPR 2026 Workshop/frames_full/Train/181374017.jpg,ok
1813740171.avi,Train,181374,2,/Users/amangoyal/Documents/CVPR 2026 Workshop/frames_full/Train/1813740171.jpg,ok
1813740172.avi,Train,181374,3,/Users/amangoyal/Documents/CVPR 2026 Workshop/frames_full/Train/1813740172.jpg,ok
1813740173.avi,Train,181374,2,/Users/amangoyal/Documents/CVPR 2026 Workshop/frames_full/Train/1813740173.jpg,ok
1813740174.avi,Train,181374,3,/Users/amangoyal/Documents/CVPR 2026 Workshop/frames_full/Train/1813740174.jpg,ok
1813740176.avi,Train,181374,2,/Users/amangoyal/Documents/CVPR 2026 Workshop/frames_full/Train/1813740176.jpg,ok
1813740178.avi,Train,181374,2,/Users/amangoyal/Documents/CVPR 2026 Workshop/frames_full/Train/1813740178.jpg,ok
1813740179.avi,Train,181374,2,/Users/amangoyal/Documents/CVPR 2026 Workshop/frames_full/Train/1813740179.jpg,ok
1813740180.avi,Train,181374,2,/Users/amangoyal/Documents/CVPR 2026 Workshop/frames_full/Train/1813740180.jpg,ok
1813740181.avi,Train,181374,3,/Users/amangoyal/Documents/CVPR 2026 Workshop/frames_full/Train/1813740181.jpg,ok
1813740182.avi,Train,181374,3,/Users/amangoyal/Documents/CVPR 2026 Workshop/frames_full/Train/1813740182.jpg,ok
1813740183.avi,Train,181374,2,/Users/amangoyal/Documents/CVPR 2026 Workshop/frames_full/Train/1813740183.jpg,ok
1813740184.avi,Train,181374,1,/Users/amangoyal/Documents/CVPR 2026 Workshop/frames_full/Train/1813740184.jpg,ok
1813740185.avi,Train,181374,1,/Users/amangoyal/Documents/CVPR 2026 Workshop/frames_full/Train/1813740185.jpg,ok
181374019.avi,Train,181374,3,/Users/amangoyal/Documents/CVPR 2026 Workshop/frames_full/Train/181374019.jpg,ok
1813740210.avi,Train,181374,3,/Users/amangoyal/Documents/CVPR 2026 Workshop/frames_full/Train/1813740210.jpg,ok
1813740211.avi,Train,181374,3,/Users/amangoyal/Documents/CVPR 2026 Workshop/frames_full/Train/1813740211.jpg,ok
1813740212.avi,Train,181374,2,/Users/amangoyal/Documents/CVPR 2026 Workshop/frames_full/Train/1813740212.jpg,ok
1813740213.avi,Train,181374,2,/Users/amangoyal/Documents/CVPR 2026 Workshop/frames_full/Train/1813740213.jpg,ok
1813740214.avi,Train,181374,3,/Users/amangoyal/Documents/CVPR 2026 Workshop/frames_full/Train/1813740214.jpg,ok
1813740218.avi,Train,181374,3,/Users/amangoyal/Documents/CVPR 2026 Workshop/frames_full/Train/1813740218.jpg,ok
1813740219.avi,Train,181374,3,/Users/amangoyal/Documents/CVPR 2026 Workshop/frames_full/Train/1813740219.jpg,ok
1813740220.avi,Train,181374,3,/Users/amangoyal/Documents/CVPR 2026 Workshop/frames_full/Train/1813740220.jpg,ok
1813740221.avi,Train,181374,3,/Users/amangoyal/Documents/CVPR 2026 Workshop/frames_full/Train/1813740221.jpg,ok
1813740224.avi,Train,181374,2,/Users/amangoyal/Documents/CVPR 2026 Workshop/frames_full/Train/1813740224.jpg,ok
1813740225.avi,Train,181374,2,/Users/amangoyal/Documents/CVPR 2026 Workshop/frames_full/Train/1813740225.jpg,ok
1813740226.avi,Train,181374,3,/Users/amangoyal/Documents/CVPR 2026 Workshop/frames_full/Train/1813740226.jpg,ok
1813740227.avi,Train,181374,2,/Users/amangoyal/Documents/CVPR 2026 Workshop/frames_full/Train/1813740227.jpg,ok
1813740229.avi,Train,181374,2,/Users/amangoyal/Documents/CVPR 2026 Workshop/frames_full/Train/1813740229.jpg,ok
181374023.avi,Train,181374,2,/Users/amangoyal/Documents/CVPR 2026 Workshop/frames_full/Train/181374023.jpg,ok
1813740231.avi,Train,181374,3,/Users/amangoyal/Documents/CVPR 2026 Workshop/frames_full/Train/1813740231.jpg,ok
1813740232.avi,Train,181374,2,/Users/amangoyal/Documents/CVPR 2026 Workshop/frames_full/Train/1813740232.jpg,ok
1813740233.avi,Train,181374,2,/Users/amangoyal/Documents/CVPR 2026 Workshop/frames_full/Train/1813740233.jpg,ok
1813740234.avi,Train,181374,3,/Users/amangoyal/Documents/CVPR 2026 Workshop/frames_full/Train/1813740234.jpg,ok
1813740235.avi,Train,181374,2,/Users/amangoyal/Documents/CVPR 2026 Workshop/frames_full/Train/1813740235.jpg,ok
1813740236.avi,Train,181374,3,/Users/amangoyal/Documents/CVPR 2026 Workshop/frames_full/Train/1813740236.jpg,ok
1813740237.avi,Train,181374,3,/Users/amangoyal/Documents/CVPR 2026 Workshop/frames_full/Train/1813740237.jpg,ok
1813740238.avi,Train,181374,3,/Users/amangoyal/Documents/CVPR 2026 Workshop/frames_full/Train/1813740238.jpg,ok
181374024.avi,Train,181374,3,/Users/amangoyal/Documents/CVPR 2026 Workshop/frames_full/Train/181374024.jpg,ok
1813740240.avi,Train,181374,3,/Users/amangoyal/Documents/CVPR 2026 Workshop/frames_full/Train/1813740240.jpg,ok
1813740241.avi,Train,181374,3,/Users/amangoyal/Documents/CVPR 2026 Workshop/frames_full/Train/1813740241.jpg,ok
1813740242.avi,Train,181374,3,/Users/amangoyal/Documents/CVPR 2026 Workshop/frames_full/Train/1813740242.jpg,ok
1813740243.avi,Train,181374,3,/Users/amangoyal/Documents/CVPR 2026 Workshop/frames_full/Train/1813740243.jpg,ok
1813740245.avi,Train,181374,3,/Users/amangoyal/Documents/CVPR 2026 Workshop/frames_full/Train/1813740245.jpg,ok
1813740249.avi,Train,181374,3,/Users/amangoyal/Documents/CVPR 2026 Workshop/frames_full/Train/1813740249.jpg,ok
181374025.avi,Train,181374,3,/Users/amangoyal/Documents/CVPR 2026 Workshop/frames_full/Train/181374025.jpg,ok
1813740250.avi,Train,181374,2,/Users/amangoyal/Documents/CVPR 2026 Workshop/frames_full/Train/1813740250.jpg,ok
1813740251.avi,Train,181374,3,/Users/amangoyal/Documents/CVPR 2026 Workshop/frames_full/Train/1813740251.jpg,ok
1813740252.avi,Train,181374,3,/Users/amangoyal/Documents/CVPR 2026 Workshop/frames_full/Train/1813740252.jpg,ok
1813740253.avi,Train,181374,2,/Users/amangoyal/Documents/CVPR 2026 Workshop/frames_full/Train/1813740253.jpg,ok
1813740255.avi,Train,181374,3,/Users/amangoyal/Documents/CVPR 2026 Workshop/frames_full/Train/1813740255.jpg,ok
1813740256.avi,Train,181374,3,/Users/amangoyal/Documents/CVPR 2026 Workshop/frames_full/Train/1813740256.jpg,ok
1813740257.avi,Train,181374,3,/Users/amangoyal/Documents/CVPR 2026 Workshop/frames_full/Train/1813740257.jpg,ok
1813740258.avi,Train,181374,3,/Users/amangoyal/Documents/CVPR 2026 Workshop/frames_full/Train/1813740258.jpg,ok
1813740259.avi,Train,181374,3,/Users/amangoyal/Documents/CVPR 2026 Workshop/frames_full/Train/1813740259.jpg,ok
181374026.avi,Train,181374,2,/Users/amangoyal/Documents/CVPR 2026 Workshop/frames_full/Train/181374026.jpg,ok
1813740260.avi,Train,181374,2,/Users/amangoyal/Documents/CVPR 2026 Workshop/frames_full/Train/1813740260.jpg,ok
1813740261.avi,Train,181374,3,/Users/amangoyal/Documents/CVPR 2026 Workshop/frames_full/Train/1813740261.jpg,ok
1813740262.avi,Train,181374,3,/Users/amangoyal/Documents/CVPR 2026 Workshop/frames_full/Train/1813740262.jpg,ok
1813740263.avi,Train,181374,3,/Users/amangoyal/Documents/CVPR 2026 Workshop/frames_full/Train/1813740263.jpg,ok
1813740264.avi,Train,181374,3,/Users/amangoyal/Documents/CVPR 2026 Workshop/frames_full/Train/1813740264.jpg,ok
1813740265.avi,Train,181374,3,/Users/amangoyal/Documents/CVPR 2026 Workshop/frames_full/Train/1813740265.jpg,ok
1813740266.avi,Train,181374,3,/Users/amangoyal/Documents/CVPR 2026 Workshop/frames_full/Train/1813740266.jpg,ok
1813740267.avi,Train,181374,2,/Users/amangoyal/Documents/CVPR 2026 Workshop/frames_full/Train/1813740267.jpg,ok
1813740268.avi,Train,181374,3,/Users/amangoyal/Documents/CVPR 2026 Workshop/frames_full/Train/1813740268.jpg,ok
1813740269.avi,Train,181374,2,/Users/amangoyal/Documents/CVPR 2026 Workshop/frames_full/Train/1813740269.jpg,ok
181374027.avi,Train,181374,2,/Users/amangoyal/Documents/CVPR 2026 Workshop/frames_full/Train/181374027.jpg,ok
1813740270.avi,Train,181374,3,/Users/amangoyal/Documents/CVPR 2026 Workshop/frames_full/Train/1813740270.jpg,ok
1813740271.avi,Train,181374,2,/Users/amangoyal/Documents/CVPR 2026 Workshop/frames_full/Train/1813740271.jpg,ok
1813740272.avi,Train,181374,3,/Users/amangoyal/Documents/CVPR 2026 Workshop/frames_full/Train/1813740272.jpg,ok
1813740273.avi,Train,181374,3,/Users/amangoyal/Documents/CVPR 2026 Workshop/frames_full/Train/1813740273.jpg,ok
1813740274.avi,Train,181374,3,/Users/amangoyal/Documents/CVPR 2026 Workshop/frames_full/Train/1813740274.jpg,ok
1813740275.avi,Train,181374,2,/Users/amangoyal/Documents/CVPR 2026 Workshop/frames_full/Train/1813740275.jpg,ok
1813740276.avi,Train,181374,3,/Users/amangoyal/Documents/CVPR 2026 Workshop/frames_full/Train/1813740276.jpg,ok
1813740277.avi,Train,181374,3,/Users/amangoyal/Documents/CVPR 2026 Workshop/frames_full/Train/1813740277.jpg,ok
1813740278.avi,Train,181374,2,/Users/amangoyal/Documents/CVPR 2026 Workshop/frames_full/Train/1813740278.jpg,ok
1813740279.avi,Train,181374,3,/Users/amangoyal/Documents/CVPR 2026 Workshop/frames_full/Train/1813740279.jpg,ok
181374028.avi,Train,181374,3,/Users/amangoyal/Documents/CVPR 2026 Workshop/frames_full/Train/181374028.jpg,ok
181374029.avi,Train,181374,3,/Users/amangoyal/Documents/CVPR 2026 Workshop/frames_full/Train/181374029.jpg,ok
2000481035.avi,Train,200048,2,/Users/amangoyal/Documents/CVPR 2026 Workshop/frames_full/Train/2000481035.jpg,ok
2000481036.avi,Train,200048,3,/Users/amangoyal/Documents/CVPR 2026 Workshop/frames_full/Train/2000481036.jpg,ok
2000481037.avi,Train,200048,3,/Users/amangoyal/Documents/CVPR 2026 Workshop/frames_full/Train/2000481037.jpg,ok
2000481038.avi,Train,200048,3,/Users/amangoyal/Documents/CVPR 2026 Workshop/frames_full/Train/2000481038.jpg,ok
2000481039.avi,Train,200048,2,/Users/amangoyal/Documents/CVPR 2026 Workshop/frames_full/Train/2000481039.jpg,ok
2000481040.avi,Train,200048,2,/Users/amangoyal/Documents/CVPR 2026 Workshop/frames_full/Train/2000481040.jpg,ok
2000481041.avi,Train,200048,2,/Users/amangoyal/Documents/CVPR 2026 Workshop/frames_full/Train/2000481041.jpg,ok
2000481043.avi,Train,200048,2,/Users/amangoyal/Documents/CVPR 2026 Workshop/frames_full/Train/2000481043.jpg,ok
2000481048.avi,Train,200048,2,/Users/amangoyal/Documents/CVPR 2026 Workshop/frames_full/Train/2000481048.jpg,ok
2000482008.avi,Train,200048,2,/Users/amangoyal/Documents/CVPR 2026 Workshop/frames_full/Train/2000482008.jpg,ok
2000482009.avi,Train,200048,3,/Users/amangoyal/Documents/CVPR 2026 Workshop/frames_full/Train/2000482009.jpg,ok
2000482012.avi,Train,200048,2,/Users/amangoyal/Documents/CVPR 2026 Workshop/frames_full/Train/2000482012.jpg,ok
2000482018.avi,Train,200048,2,/Users/amangoyal/Documents/CVPR 2026 Workshop/frames_full/Train/2000482018.jpg,ok
2000482021.avi,Train,200048,2,/Users/amangoyal/Documents/CVPR 2026 Workshop/frames_full/Train/2000482021.jpg,ok
2000482034.avi,Train,200048,2,/Users/amangoyal/Documents/CVPR 2026 Workshop/frames_full/Train/2000482034.jpg,ok
2000482037.avi,Train,200048,2,/Users/amangoyal/Documents/CVPR 2026 Workshop/frames_full/Train/2000482037.jpg,ok
2000482038.avi,Train,200048,2,/Users/amangoyal/Documents/CVPR 2026 Workshop/frames_full/Train/2000482038.jpg,ok
2000482039.avi,Train,200048,3,/Users/amangoyal/Documents/CVPR 2026 Workshop/frames_full/Train/2000482039.jpg,ok
2000482041.avi,Train,200048,3,/Users/amangoyal/Documents/CVPR 2026 Workshop/frames_full/Train/2000482041.jpg,ok
2000482042.avi,Train,200048,2,/Users/amangoyal/Documents/CVPR 2026 Workshop/frames_full/Train/2000482042.jpg,ok
2000482043.avi,Train,200048,3,/Users/amangoyal/Documents/CVPR 2026 Workshop/frames_full/Train/2000482043.jpg,ok
2000482044.avi,Train,200048,2,/Users/amangoyal/Documents/CVPR 2026 Workshop/frames_full/Train/2000482044.jpg,ok
2000482049.avi,Train,200048,2,/Users/amangoyal/Documents/CVPR 2026 Workshop/frames_full/Train/2000482049.jpg,ok
2000482050.avi,Train,200048,2,/Users/amangoyal/Documents/CVPR 2026 Workshop/frames_full/Train/2000482050.jpg,ok
2000482052.avi,Train,200048,2,/Users/amangoyal/Documents/CVPR 2026 Workshop/frames_full/Train/2000482052.jpg,ok
2000482059.avi,Train,200048,3,/Users/amangoyal/Documents/CVPR 2026 Workshop/frames_full/Train/2000482059.jpg,ok
2000482065.avi,Train,200048,2,/Users/amangoyal/Documents/CVPR 2026 Workshop/frames_full/Train/2000482065.jpg,ok
2000482066.avi,Train,200048,3,/Users/amangoyal/Documents/CVPR 2026 Workshop/frames_full/Train/2000482066.jpg,ok
2000482067.avi,Train,200048,3,/Users/amangoyal/Documents/CVPR 2026 Workshop/frames_full/Train/2000482067.jpg,ok
2000482068.avi,Train,200048,3,/Users/amangoyal/Documents/CVPR 2026 Workshop/frames_full/Train/2000482068.jpg,ok
2000482070.avi,Train,200048,2,/Users/amangoyal/Documents/CVPR 2026 Workshop/frames_full/Train/2000482070.jpg,ok
2000491062.avi,Train,200049,2,/Users/amangoyal/Documents/CVPR 2026 Workshop/frames_full/Train/2000491062.jpg,ok
2000491064.avi,Train,200049,2,/Users/amangoyal/Documents/CVPR 2026 Workshop/frames_full/Train/2000491064.jpg,ok
2000491065.avi,Train,200049,2,/Users/amangoyal/Documents/CVPR 2026 Workshop/frames_full/Train/2000491065.jpg,ok
2000491066.avi,Train,200049,3,/Users/amangoyal/Documents/CVPR 2026 Workshop/frames_full/Train/2000491066.jpg,ok
2000491067.avi,Train,200049,2,/Users/amangoyal/Documents/CVPR 2026 Workshop/frames_full/Train/2000491067.jpg,ok
2000491068.avi,Train,200049,2,/Users/amangoyal/Documents/CVPR 2026 Workshop/frames_full/Train/2000491068.jpg,ok
2000491070.avi,Train,200049,2,/Users/amangoyal/Documents/CVPR 2026 Workshop/frames_full/Train/2000491070.jpg,ok
2000491072.avi,Train,200049,3,/Users/amangoyal/Documents/CVPR 2026 Workshop/frames_full/Train/2000491072.jpg,ok
2000491074.avi,Train,200049,2,/Users/amangoyal/Documents/CVPR 2026 Workshop/frames_full/Train/2000491074.jpg,ok
2000491075.avi,Train,200049,2,/Users/amangoyal/Documents/CVPR 2026 Workshop/frames_full/Train/2000491075.jpg,ok
2000491076.avi,Train,200049,2,/Users/amangoyal/Documents/CVPR 2026 Workshop/frames_full/Train/2000491076.jpg,ok
2000491077.avi,Train,200049,1,/Users/amangoyal/Documents/CVPR 2026 Workshop/frames_full/Train/2000491077.jpg,ok
2000491078.avi,Train,200049,2,/Users/amangoyal/Documents/CVPR 2026 Workshop/frames_full/Train/2000491078.jpg,ok
2000491079.avi,Train,200049,3,/Users/amangoyal/Documents/CVPR 2026 Workshop/frames_full/Train/2000491079.jpg,ok
2000501001.avi,Train,200050,3,/Users/amangoyal/Documents/CVPR 2026 Workshop/frames_full/Train/2000501001.jpg,ok
2000501002.avi,Train,200050,2,/Users/amangoyal/Documents/CVPR 2026 Workshop/frames_full/Train/2000501002.jpg,ok
2000501003.avi,Train,200050,2,/Users/amangoyal/Documents/CVPR 2026 Workshop/frames_full/Train/2000501003.jpg,ok
2000501004.avi,Train,200050,3,/Users/amangoyal/Documents/CVPR 2026 Workshop/frames_full/Train/2000501004.jpg,ok
2000501006.avi,Train,200050,1,/Users/amangoyal/Documents/CVPR 2026 Workshop/frames_full/Train/2000501006.jpg,ok
2000501009.avi,Train,200050,3,/Users/amangoyal/Documents/CVPR 2026 Workshop/frames_full/Train/2000501009.jpg,ok
2000501010.avi,Train,200050,3,/Users/amangoyal/Documents/CVPR 2026 Workshop/frames_full/Train/2000501010.jpg,ok
2000501011.avi,Train,200050,3,/Users/amangoyal/Documents/CVPR 2026 Workshop/frames_full/Train/2000501011.jpg,ok
2000501012.avi,Train,200050,2,/Users/amangoyal/Documents/CVPR 2026 Workshop/frames_full/Train/2000501012.jpg,ok
2000501014.avi,Train,200050,2,/Users/amangoyal/Documents/CVPR 2026 Workshop/frames_full/Train/2000501014.jpg,ok
2000501015.avi,Train,200050,3,/Users/amangoyal/Documents/CVPR 2026 Workshop/frames_full/Train/2000501015.jpg,ok
2000501016.avi,Train,200050,3,/Users/amangoyal/Documents/CVPR 2026 Workshop/frames_full/Train/2000501016.jpg,ok
2000501018.avi,Train,200050,2,/Users/amangoyal/Documents/CVPR 2026 Workshop/frames_full/Train/2000501018.jpg,ok
2000501019.avi,Train,200050,3,/Users/amangoyal/Documents/CVPR 2026 Workshop/frames_full/Train/2000501019.jpg,ok
2000501020.avi,Train,200050,3,/Users/amangoyal/Documents/CVPR 2026 Workshop/frames_full/Train/2000501020.jpg,ok
2000501021.avi,Train,200050,3,/Users/amangoyal/Documents/CVPR 2026 Workshop/frames_full/Train/2000501021.jpg,ok
2000501023.avi,Train,200050,3,/Users/amangoyal/Documents/CVPR 2026 Workshop/frames_full/Train/2000501023.jpg,ok
2000501027.avi,Train,200050,2,/Users/amangoyal/Documents/CVPR 2026 Workshop/frames_full/Train/2000501027.jpg,ok
2000501028.avi,Train,200050,2,/Users/amangoyal/Documents/CVPR 2026 Workshop/frames_full/Train/2000501028.jpg,ok
2000501030.avi,Train,200050,1,/Users/amangoyal/Documents/CVPR 2026 Workshop/frames_full/Train/2000501030.jpg,ok
2000501031.avi,Train,200050,2,/Users/amangoyal/Documents/CVPR 2026 Workshop/frames_full/Train/2000501031.jpg,ok
2000501032.avi,Train,200050,3,/Users/amangoyal/Documents/CVPR 2026 Workshop/frames_full/Train/2000501032.jpg,ok
2000501033.avi,Train,200050,3,/Users/amangoyal/Documents/CVPR 2026 Workshop/frames_full/Train/2000501033.jpg,ok
2000501035.avi,Train,200050,2,/Users/amangoyal/Documents/CVPR 2026 Workshop/frames_full/Train/2000501035.jpg,ok
2000501036.avi,Train,200050,3,/Users/amangoyal/Documents/CVPR 2026 Workshop/frames_full/Train/2000501036.jpg,ok
2000501037.avi,Train,200050,3,/Users/amangoyal/Documents/CVPR 2026 Workshop/frames_full/Train/2000501037.jpg,ok
2000501038.avi,Train,200050,3,/Users/amangoyal/Documents/CVPR 2026 Workshop/frames_full/Train/2000501038.jpg,ok
2000501039.avi,Train,200050,3,/Users/amangoyal/Documents/CVPR 2026 Workshop/frames_full/Train/2000501039.jpg,ok
2000501040.avi,Train,200050,3,/Users/amangoyal/Documents/CVPR 2026 Workshop/frames_full/Train/2000501040.jpg,ok
2000501041.avi,Train,200050,3,/Users/amangoyal/Documents/CVPR 2026 Workshop/frames_full/Train/2000501041.jpg,ok
2000501042.avi,Train,200050,2,/Users/amangoyal/Documents/CVPR 2026 Workshop/frames_full/Train/2000501042.jpg,ok
2000501043.avi,Train,200050,2,/Users/amangoyal/Documents/CVPR 2026 Workshop/frames_full/Train/2000501043.jpg,ok
2000501044.avi,Train,200050,3,/Users/amangoyal/Documents/CVPR 2026 Workshop/frames_full/Train/2000501044.jpg,ok
2000501045.avi,Train,200050,2,/Users/amangoyal/Documents/CVPR 2026 Workshop/frames_full/Train/2000501045.jpg,ok
2000501046.avi,Train,200050,2,/Users/amangoyal/Documents/CVPR 2026 Workshop/frames_full/Train/2000501046.jpg,ok
2000501049.avi,Train,200050,3,/Users/amangoyal/Documents/CVPR 2026 Workshop/frames_full/Train/2000501049.jpg,ok
2000501050.avi,Train,200050,2,/Users/amangoyal/Documents/CVPR 2026 Workshop/frames_full/Train/2000501050.jpg,ok
2000501051.avi,Train,200050,2,/Users/amangoyal/Documents/CVPR 2026 Workshop/frames_full/Train/2000501051.jpg,ok
2000501052.avi,Train,200050,3,/Users/amangoyal/Documents/CVPR 2026 Workshop/frames_full/Train/2000501052.jpg,ok
2000501053.avi,Train,200050,2,/Users/amangoyal/Documents/CVPR 2026 Workshop/frames_full/Train/2000501053.jpg,ok
2000501054.avi,Train,200050,3,/Users/amangoyal/Documents/CVPR 2026 Workshop/frames_full/Train/2000501054.jpg,ok
2000501056.avi,Train,200050,2,/Users/amangoyal/Documents/CVPR 2026 Workshop/frames_full/Train/2000501056.jpg,ok
2000501057.avi,Train,200050,2,/Users/amangoyal/Documents/CVPR 2026 Workshop/frames_full/Train/2000501057.jpg,ok
2000501060.avi,Train,200050,3,/Users/amangoyal/Documents/CVPR 2026 Workshop/frames_full/Train/2000501060.jpg,ok
2000501061.avi,Train,200050,2,/Users/amangoyal/Documents/CVPR 2026 Workshop/frames_full/Train/2000501061.jpg,ok
2000501062.avi,Train,200050,2,/Users/amangoyal/Documents/CVPR 2026 Workshop/frames_full/Train/2000501062.jpg,ok
2000501063.avi,Train,200050,3,/Users/amangoyal/Documents/CVPR 2026 Workshop/frames_full/Train/2000501063.jpg,ok
2000501065.avi,Train,200050,3,/Users/amangoyal/Documents/CVPR 2026 Workshop/frames_full/Train/2000501065.jpg,ok
2000501066.avi,Train,200050,3,/Users/amangoyal/Documents/CVPR 2026 Workshop/frames_full/Train/2000501066.jpg,ok
2000501067.avi,Train,200050,2,/Users/amangoyal/Documents/CVPR 2026 Workshop/frames_full/Train/2000501067.jpg,ok
2000501071.avi,Train,200050,3,/Users/amangoyal/Documents/CVPR 2026 Workshop/frames_full/Train/2000501071.jpg,ok
2000501074.avi,Train,200050,2,/Users/amangoyal/Documents/CVPR 2026 Workshop/frames_full/Train/2000501074.jpg,ok
2000501075.avi,Train,200050,3,/Users/amangoyal/Documents/CVPR 2026 Workshop/frames_full/Train/2000501075.jpg,ok
2000501076.avi,Train,200050,3,/Users/amangoyal/Documents/CVPR 2026 Workshop/frames_full/Train/2000501076.jpg,ok
2000501078.avi,Train,200050,3,/Users/amangoyal/Documents/CVPR 2026 Workshop/frames_full/Train/2000501078.jpg,ok
2000502002.avi,Train,200050,2,/Users/amangoyal/Documents/CVPR 2026 Workshop/frames_full/Train/2000502002.jpg,ok
2000502005.avi,Train,200050,2,/Users/amangoyal/Documents/CVPR 2026 Workshop/frames_full/Train/2000502005.jpg,ok
2000502006.avi,Train,200050,2,/Users/amangoyal/Documents/CVPR 2026 Workshop/frames_full/Train/2000502006.jpg,ok
2000502007.avi,Train,200050,2,/Users/amangoyal/Documents/CVPR 2026 Workshop/frames_full/Train/2000502007.jpg,ok
2000502009.avi,Train,200050,2,/Users/amangoyal/Documents/CVPR 2026 Workshop/frames_full/Train/2000502009.jpg,ok
2000502010.avi,Train,200050,3,/Users/amangoyal/Documents/CVPR 2026 Workshop/frames_full/Train/2000502010.jpg,ok
2000502012.avi,Train,200050,2,/Users/amangoyal/Documents/CVPR 2026 Workshop/frames_full/Train/2000502012.jpg,ok
2000502013.avi,Train,200050,3,/Users/amangoyal/Documents/CVPR 2026 Workshop/frames_full/Train/2000502013.jpg,ok
2000502014.avi,Train,200050,3,/Users/amangoyal/Documents/CVPR 2026 Workshop/frames_full/Train/2000502014.jpg,ok
2000502015.avi,Train,200050,2,/Users/amangoyal/Documents/CVPR 2026 Workshop/frames_full/Train/2000502015.jpg,ok
2000502019.avi,Train,200050,2,/Users/amangoyal/Documents/CVPR 2026 Workshop/frames_full/Train/2000502019.jpg,ok
2000502020.avi,Train,200050,2,/Users/amangoyal/Documents/CVPR 2026 Workshop/frames_full/Train/2000502020.jpg,ok
2000502023.avi,Train,200050,2,/Users/amangoyal/Documents/CVPR 2026 Workshop/frames_full/Train/2000502023.jpg,ok
2000502025.avi,Train,200050,3,/Users/amangoyal/Documents/CVPR 2026 Workshop/frames_full/Train/2000502025.jpg,ok
2000502033.avi,Train,200050,2,/Users/amangoyal/Documents/CVPR 2026 Workshop/frames_full/Train/2000502033.jpg,ok
2000502036.avi,Train,200050,2,/Users/amangoyal/Documents/CVPR 2026 Workshop/frames_full/Train/2000502036.jpg,ok
2000502037.avi,Train,200050,2,/Users/amangoyal/Documents/CVPR 2026 Workshop/frames_full/Train/2000502037.jpg,ok
2000502039.avi,Train,200050,2,/Users/amangoyal/Documents/CVPR 2026 Workshop/frames_full/Train/2000502039.jpg,ok
2000502040.avi,Train,200050,3,/Users/amangoyal/Documents/CVPR 2026 Workshop/frames_full/Train/2000502040.jpg,ok
2000502041.avi,Train,200050,2,/Users/amangoyal/Documents/CVPR 2026 Workshop/frames_full/Train/2000502041.jpg,ok
2000502043.avi,Train,200050,2,/Users/amangoyal/Documents/CVPR 2026 Workshop/frames_full/Train/2000502043.jpg,ok
2000502044.avi,Train,200050,3,/Users/amangoyal/Documents/CVPR 2026 Workshop/frames_full/Train/2000502044.jpg,ok
2000502045.avi,Train,200050,3,/Users/amangoyal/Documents/CVPR 2026 Workshop/frames_full/Train/2000502045.jpg,ok
2000502047.avi,Train,200050,3,/Users/amangoyal/Documents/CVPR 2026 Workshop/frames_full/Train/2000502047.jpg,ok
2000502048.avi,Train,200050,3,/Users/amangoyal/Documents/CVPR 2026 Workshop/frames_full/Train/2000502048.jpg,ok
2000502049.avi,Train,200050,2,/Users/amangoyal/Documents/CVPR 2026 Workshop/frames_full/Train/2000502049.jpg,ok
2000502050.avi,Train,200050,2,/Users/amangoyal/Documents/CVPR 2026 Workshop/frames_full/Train/2000502050.jpg,ok
2000502051.avi,Train,200050,2,/Users/amangoyal/Documents/CVPR 2026 Workshop/frames_full/Train/2000502051.jpg,ok
2000502053.avi,Train,200050,1,/Users/amangoyal/Documents/CVPR 2026 Workshop/frames_full/Train/2000502053.jpg,ok
2000502054.avi,Train,200050,3,/Users/amangoyal/Documents/CVPR 2026 Workshop/frames_full/Train/2000502054.jpg,ok
2000502055.avi,Train,200050,3,/Users/amangoyal/Documents/CVPR 2026 Workshop/frames_full/Train/2000502055.jpg,ok
2000502056.avi,Train,200050,2,/Users/amangoyal/Documents/CVPR 2026 Workshop/frames_full/Train/2000502056.jpg,ok
2000502057.avi,Train,200050,3,/Users/amangoyal/Documents/CVPR 2026 Workshop/frames_full/Train/2000502057.jpg,ok
2000502058.avi,Train,200050,2,/Users/amangoyal/Documents/CVPR 2026 Workshop/frames_full/Train/2000502058.jpg,ok
2000502059.avi,Train,200050,2,/Users/amangoyal/Documents/CVPR 2026 Workshop/frames_full/Train/2000502059.jpg,ok
2000502061.avi,Train,200050,2,/Users/amangoyal/Documents/CVPR 2026 Workshop/frames_full/Train/2000502061.jpg,ok
2000502062.avi,Train,200050,2,/Users/amangoyal/Documents/CVPR 2026 Workshop/frames_full/Train/2000502062.jpg,ok
2000502063.avi,Train,200050,2,/Users/amangoyal/Documents/CVPR 2026 Workshop/frames_full/Train/2000502063.jpg,ok
2000502065.avi,Train,200050,1,/Users/amangoyal/Documents/CVPR 2026 Workshop/frames_full/Train/2000502065.jpg,ok
2000502066.avi,Train,200050,2,/Users/amangoyal/Documents/CVPR 2026 Workshop/frames_full/Train/2000502066.jpg,ok
2000502067.avi,Train,200050,2,/Users/amangoyal/Documents/CVPR 2026 Workshop/frames_full/Train/2000502067.jpg,ok
2000502069.avi,Train,200050,2,/Users/amangoyal/Documents/CVPR 2026 Workshop/frames_full/Train/2000502069.jpg,ok
2000502070.avi,Train,200050,2,/Users/amangoyal/Documents/CVPR 2026 Workshop/frames_full/Train/2000502070.jpg,ok
2000502072.avi,Train,200050,2,/Users/amangoyal/Documents/CVPR 2026 Workshop/frames_full/Train/2000502072.jpg,ok
2000502073.avi,Train,200050,2,/Users/amangoyal/Documents/CVPR 2026 Workshop/frames_full/Train/2000502073.jpg,ok
2000502075.avi,Train,200050,2,/Users/amangoyal/Documents/CVPR 2026 Workshop/frames_full/Train/2000502075.jpg,ok
2000502076.avi,Train,200050,2,/Users/amangoyal/Documents/CVPR 2026 Workshop/frames_full/Train/2000502076.jpg,ok
2000502077.avi,Train,200050,2,/Users/amangoyal/Documents/CVPR 2026 Workshop/frames_full/Train/2000502077.jpg,ok
2000502078.avi,Train,200050,2,/Users/amangoyal/Documents/CVPR 2026 Workshop/frames_full/Train/2000502078.jpg,ok
2000502081.avi,Train,200050,1,/Users/amangoyal/Documents/CVPR 2026 Workshop/frames_full/Train/2000502081.jpg,ok
2000502084.avi,Train,200050,2,/Users/amangoyal/Documents/CVPR 2026 Workshop/frames_full/Train/2000502084.jpg,ok
2000502087.avi,Train,200050,2,/Users/amangoyal/Documents/CVPR 2026 Workshop/frames_full/Train/2000502087.jpg,ok
2000502088.avi,Train,200050,2,/Users/amangoyal/Documents/CVPR 2026 Workshop/frames_full/Train/2000502088.jpg,ok
2000502090.avi,Train,200050,2,/Users/amangoyal/Documents/CVPR 2026 Workshop/frames_full/Train/2000502090.jpg,ok
2000541001.avi,Train,200054,2,/Users/amangoyal/Documents/CVPR 2026 Workshop/frames_full/Train/2000541001.jpg,ok
2000541002.avi,Train,200054,2,/Users/amangoyal/Documents/CVPR 2026 Workshop/frames_full/Train/2000541002.jpg,ok
2000541003.avi,Train,200054,2,/Users/amangoyal/Documents/CVPR 2026 Workshop/frames_full/Train/2000541003.jpg,ok
2000541006.avi,Train,200054,2,/Users/amangoyal/Documents/CVPR 2026 Workshop/frames_full/Train/2000541006.jpg,ok
2000541007.avi,Train,200054,3,/Users/amangoyal/Documents/CVPR 2026 Workshop/frames_full/Train/2000541007.jpg,ok
2000541010.avi,Train,200054,3,/Users/amangoyal/Documents/CVPR 2026 Workshop/frames_full/Train/2000541010.jpg,ok
2000541011.avi,Train,200054,2,/Users/amangoyal/Documents/CVPR 2026 Workshop/frames_full/Train/2000541011.jpg,ok
2000541014.avi,Train,200054,3,/Users/amangoyal/Documents/CVPR 2026 Workshop/frames_full/Train/2000541014.jpg,ok
2000541015.avi,Train,200054,2,/Users/amangoyal/Documents/CVPR 2026 Workshop/frames_full/Train/2000541015.jpg,ok
2000541016.avi,Train,200054,2,/Users/amangoyal/Documents/CVPR 2026 Workshop/frames_full/Train/2000541016.jpg,ok
2000541018.avi,Train,200054,2,/Users/amangoyal/Documents/CVPR 2026 Workshop/frames_full/Train/2000541018.jpg,ok
2000541019.avi,Train,200054,3,/Users/amangoyal/Documents/CVPR 2026 Workshop/frames_full/Train/2000541019.jpg,ok
2000541020.avi,Train,200054,3,/Users/amangoyal/Documents/CVPR 2026 Workshop/frames_full/Train/2000541020.jpg,ok
2000541021.avi,Train,200054,3,/Users/amangoyal/Documents/CVPR 2026 Workshop/frames_full/Train/2000541021.jpg,ok
2000541022.avi,Train,200054,3,/Users/amangoyal/Documents/CVPR 2026 Workshop/frames_full/Train/2000541022.jpg,ok
2000541023.avi,Train,200054,2,/Users/amangoyal/Documents/CVPR 2026 Workshop/frames_full/Train/2000541023.jpg,ok
2000541024.avi,Train,200054,3,/Users/amangoyal/Documents/CVPR 2026 Workshop/frames_full/Train/2000541024.jpg,ok
2000541025.avi,Train,200054,3,/Users/amangoyal/Documents/CVPR 2026 Workshop/frames_full/Train/2000541025.jpg,ok
2000541027.avi,Train,200054,2,/Users/amangoyal/Documents/CVPR 2026 Workshop/frames_full/Train/2000541027.jpg,ok
2000541028.avi,Train,200054,3,/Users/amangoyal/Documents/CVPR 2026 Workshop/frames_full/Train/2000541028.jpg,ok
2000541029.avi,Train,200054,2,/Users/amangoyal/Documents/CVPR 2026 Workshop/frames_full/Train/2000541029.jpg,ok
2000541030.avi,Train,200054,3,/Users/amangoyal/Documents/CVPR 2026 Workshop/frames_full/Train/2000541030.jpg,ok
2000541031.avi,Train,200054,3,/Users/amangoyal/Documents/CVPR 2026 Workshop/frames_full/Train/2000541031.jpg,ok
2000541032.avi,Train,200054,3,/Users/amangoyal/Documents/CVPR 2026 Workshop/frames_full/Train/2000541032.jpg,ok
2000541034.avi,Train,200054,2,/Users/amangoyal/Documents/CVPR 2026 Workshop/frames_full/Train/2000541034.jpg,ok
2000541035.avi,Train,200054,2,/Users/amangoyal/Documents/CVPR 2026 Workshop/frames_full/Train/2000541035.jpg,ok
2000541038.avi,Train,200054,2,/Users/amangoyal/Documents/CVPR 2026 Workshop/frames_full/Train/2000541038.jpg,ok
2000541039.avi,Train,200054,2,/Users/amangoyal/Documents/CVPR 2026 Workshop/frames_full/Train/2000541039.jpg,ok
2000541040.avi,Train,200054,2,/Users/amangoyal/Documents/CVPR 2026 Workshop/frames_full/Train/2000541040.jpg,ok
2000541041.avi,Train,200054,2,/Users/amangoyal/Documents/CVPR 2026 Workshop/frames_full/Train/2000541041.jpg,ok
2000541043.avi,Train,200054,3,/Users/amangoyal/Documents/CVPR 2026 Workshop/frames_full/Train/2000541043.jpg,ok
2000541044.avi,Train,200054,3,/Users/amangoyal/Documents/CVPR 2026 Workshop/frames_full/Train/2000541044.jpg,ok
2000541045.avi,Train,200054,2,/Users/amangoyal/Documents/CVPR 2026 Workshop/frames_full/Train/2000541045.jpg,ok
2000541046.avi,Train,200054,2,/Users/amangoyal/Documents/CVPR 2026 Workshop/frames_full/Train/2000541046.jpg,ok
2000541049.avi,Train,200054,2,/Users/amangoyal/Documents/CVPR 2026 Workshop/frames_full/Train/2000541049.jpg,ok
2000541050.avi,Train,200054,3,/Users/amangoyal/Documents/CVPR 2026 Workshop/frames_full/Train/2000541050.jpg,ok
2000541051.avi,Train,200054,2,/Users/amangoyal/Documents/CVPR 2026 Workshop/frames_full/Train/2000541051.jpg,ok
2000541052.avi,Train,200054,2,/Users/amangoyal/Documents/CVPR 2026 Workshop/frames_full/Train/2000541052.jpg,ok
2000541053.avi,Train,200054,2,/Users/amangoyal/Documents/CVPR 2026 Workshop/frames_full/Train/2000541053.jpg,ok
2000541054.avi,Train,200054,2,/Users/amangoyal/Documents/CVPR 2026 Workshop/frames_full/Train/2000541054.jpg,ok
2000541055.avi,Train,200054,3,/Users/amangoyal/Documents/CVPR 2026 Workshop/frames_full/Train/2000541055.jpg,ok
2000541056.avi,Train,200054,3,/Users/amangoyal/Documents/CVPR 2026 Workshop/frames_full/Train/2000541056.jpg,ok
2000541057.avi,Train,200054,2,/Users/amangoyal/Documents/CVPR 2026 Workshop/frames_full/Train/2000541057.jpg,ok
2000541059.avi,Train,200054,3,/Users/amangoyal/Documents/CVPR 2026 Workshop/frames_full/Train/2000541059.jpg,ok
2000541062.avi,Train,200054,3,/Users/amangoyal/Documents/CVPR 2026 Workshop/frames_full/Train/2000541062.jpg,ok
2000541064.avi,Train,200054,2,/Users/amangoyal/Documents/CVPR 2026 Workshop/frames_full/Train/2000541064.jpg,ok
2000541066.avi,Train,200054,2,/Users/amangoyal/Documents/CVPR 2026 Workshop/frames_full/Train/2000541066.jpg,ok
2000541067.avi,Train,200054,2,/Users/amangoyal/Documents/CVPR 2026 Workshop/frames_full/Train/2000541067.jpg,ok
2000541068.avi,Train,200054,2,/Users/amangoyal/Documents/CVPR 2026 Workshop/frames_full/Train/2000541068.jpg,ok
2000541069.avi,Train,200054,2,/Users/amangoyal/Documents/CVPR 2026 Workshop/frames_full/Train/2000541069.jpg,ok
2000541070.avi,Train,200054,2,/Users/amangoyal/Documents/CVPR 2026 Workshop/frames_full/Train/2000541070.jpg,ok
2000541071.avi,Train,200054,2,/Users/amangoyal/Documents/CVPR 2026 Workshop/frames_full/Train/2000541071.jpg,ok
2000541072.avi,Train,200054,3,/Users/amangoyal/Documents/CVPR 2026 Workshop/frames_full/Train/2000541072.jpg,ok
2000541073.avi,Train,200054,3,/Users/amangoyal/Documents/CVPR 2026 Workshop/frames_full/Train/2000541073.jpg,ok
2000541074.avi,Train,200054,3,/Users/amangoyal/Documents/CVPR 2026 Workshop/frames_full/Train/2000541074.jpg,ok
2000541075.avi,Train,200054,2,/Users/amangoyal/Documents/CVPR 2026 Workshop/frames_full/Train/2000541075.jpg,ok
2000541076.avi,Train,200054,3,/Users/amangoyal/Documents/CVPR 2026 Workshop/frames_full/Train/2000541076.jpg,ok
2000541077.avi,Train,200054,2,/Users/amangoyal/Documents/CVPR 2026 Workshop/frames_full/Train/2000541077.jpg,ok
2000541079.avi,Train,200054,2,/Users/amangoyal/Documents/CVPR 2026 Workshop/frames_full/Train/2000541079.jpg,ok
2000541080.avi,Train,200054,3,/Users/amangoyal/Documents/CVPR 2026 Workshop/frames_full/Train/2000541080.jpg,ok
2000541081.avi,Train,200054,3,/Users/amangoyal/Documents/CVPR 2026 Workshop/frames_full/Train/2000541081.jpg,ok
2000542001.avi,Train,200054,2,/Users/amangoyal/Documents/CVPR 2026 Workshop/frames_full/Train/2000542001.jpg,ok
2000542002.avi,Train,200054,2,/Users/amangoyal/Documents/CVPR 2026 Workshop/frames_full/Train/2000542002.jpg,ok
2000542007.avi,Train,200054,2,/Users/amangoyal/Documents/CVPR 2026 Workshop/frames_full/Train/2000542007.jpg,ok
2000542008.avi,Train,200054,2,/Users/amangoyal/Documents/CVPR 2026 Workshop/frames_full/Train/2000542008.jpg,ok
2000542009.avi,Train,200054,2,/Users/amangoyal/Documents/CVPR 2026 Workshop/frames_full/Train/2000542009.jpg,ok
2000542010.avi,Train,200054,2,/Users/amangoyal/Documents/CVPR 2026 Workshop/frames_full/Train/2000542010.jpg,ok
2000542013.avi,Train,200054,3,/Users/amangoyal/Documents/CVPR 2026 Workshop/frames_full/Train/2000542013.jpg,ok
2000542015.avi,Train,200054,3,/Users/amangoyal/Documents/CVPR 2026 Workshop/frames_full/Train/2000542015.jpg,ok
2000542016.avi,Train,200054,2,/Users/amangoyal/Documents/CVPR 2026 Workshop/frames_full/Train/2000542016.jpg,ok
2000542021.avi,Train,200054,2,/Users/amangoyal/Documents/CVPR 2026 Workshop/frames_full/Train/2000542021.jpg,ok
2000542022.avi,Train,200054,2,/Users/amangoyal/Documents/CVPR 2026 Workshop/frames_full/Train/2000542022.jpg,ok
2000542025.avi,Train,200054,3,/Users/amangoyal/Documents/CVPR 2026 Workshop/frames_full/Train/2000542025.jpg,ok
2000542026.avi,Train,200054,3,/Users/amangoyal/Documents/CVPR 2026 Workshop/frames_full/Train/2000542026.jpg,ok
2000542027.avi,Train,200054,3,/Users/amangoyal/Documents/CVPR 2026 Workshop/frames_full/Train/2000542027.jpg,ok
2000542029.avi,Train,200054,3,/Users/amangoyal/Documents/CVPR 2026 Workshop/frames_full/Train/2000542029.jpg,ok
2000542030.avi,Train,200054,3,/Users/amangoyal/Documents/CVPR 2026 Workshop/frames_full/Train/2000542030.jpg,ok
2000542032.avi,Train,200054,2,/Users/amangoyal/Documents/CVPR 2026 Workshop/frames_full/Train/2000542032.jpg,ok
2000542033.avi,Train,200054,3,/Users/amangoyal/Documents/CVPR 2026 Workshop/frames_full/Train/2000542033.jpg,ok
2000542034.avi,Train,200054,2,/Users/amangoyal/Documents/CVPR 2026 Workshop/frames_full/Train/2000542034.jpg,ok
2000542035.avi,Train,200054,3,/Users/amangoyal/Documents/CVPR 2026 Workshop/frames_full/Train/2000542035.jpg,ok
2000542036.avi,Train,200054,2,/Users/amangoyal/Documents/CVPR 2026 Workshop/frames_full/Train/2000542036.jpg,ok
2000542042.avi,Train,200054,3,/Users/amangoyal/Documents/CVPR 2026 Workshop/frames_full/Train/2000542042.jpg,ok
2000542049.avi,Train,200054,2,/Users/amangoyal/Documents/CVPR 2026 Workshop/frames_full/Train/2000542049.jpg,ok
2000542050.avi,Train,200054,3,/Users/amangoyal/Documents/CVPR 2026 Workshop/frames_full/Train/2000542050.jpg,ok
2000542051.avi,Train,200054,2,/Users/amangoyal/Documents/CVPR 2026 Workshop/frames_full/Train/2000542051.jpg,ok
2000542052.avi,Train,200054,3,/Users/amangoyal/Documents/CVPR 2026 Workshop/frames_full/Train/2000542052.jpg,ok
2000542054.avi,Train,200054,2,/Users/amangoyal/Documents/CVPR 2026 Workshop/frames_full/Train/2000542054.jpg,ok
2000542056.avi,Train,200054,2,/Users/amangoyal/Documents/CVPR 2026 Workshop/frames_full/Train/2000542056.jpg,ok
2026140111.mp4,Train,202614,3,/Users/amangoyal/Documents/CVPR 2026 Workshop/frames_full/Train/2026140111.jpg,ok
2026140113.mp4,Train,202614,3,/Users/amangoyal/Documents/CVPR 2026 Workshop/frames_full/Train/2026140113.jpg,ok
2026140116.mp4,Train,202614,3,/Users/amangoyal/Documents/CVPR 2026 Workshop/frames_full/Train/2026140116.jpg,ok
2026140117.mp4,Train,202614,3,/Users/amangoyal/Documents/CVPR 2026 Workshop/frames_full/Train/2026140117.jpg,ok
2026140118.mp4,Train,202614,2,/Users/amangoyal/Documents/CVPR 2026 Workshop/frames_full/Train/2026140118.jpg,ok
2026140119.mp4,Train,202614,3,/Users/amangoyal/Documents/CVPR 2026 Workshop/frames_full/Train/2026140119.jpg,ok
2026140120.mp4,Train,202614,3,/Users/amangoyal/Documents/CVPR 2026 Workshop/frames_full/Train/2026140120.jpg,ok
2026140122.mp4,Train,202614,3,/Users/amangoyal/Documents/CVPR 2026 Workshop/frames_full/Train/2026140122.jpg,ok
2026140124.mp4,Train,202614,2,/Users/amangoyal/Documents/CVPR 2026 Workshop/frames_full/Train/2026140124.jpg,ok
2026140125.mp4,Train,202614,3,/Users/amangoyal/Documents/CVPR 2026 Workshop/frames_full/Train/2026140125.jpg,ok
2026140126.mp4,Train,202614,2,/Users/amangoyal/Documents/CVPR 2026 Workshop/frames_full/Train/2026140126.jpg,ok
2026140128.mp4,Train,202614,2,/Users/amangoyal/Documents/CVPR 2026 Workshop/frames_full/Train/2026140128.jpg,ok
2026140129.mp4,Train,202614,3,/Users/amangoyal/Documents/CVPR 2026 Workshop/frames_full/Train/2026140129.jpg,ok
2026140130.mp4,Train,202614,3,/Users/amangoyal/Documents/CVPR 2026 Workshop/frames_full/Train/2026140130.jpg,ok
2026140131.mp4,Train,202614,3,/Users/amangoyal/Documents/CVPR 2026 Workshop/frames_full/Train/2026140131.jpg,ok
2026140133.mp4,Train,202614,3,/Users/amangoyal/Documents/CVPR 2026 Workshop/frames_full/Train/2026140133.jpg,ok
2026140134.mp4,Train,202614,3,/Users/amangoyal/Documents/CVPR 2026 Workshop/frames_full/Train/2026140134.jpg,ok
2026140135.mp4,Train,202614,2,/Users/amangoyal/Documents/CVPR 2026 Workshop/frames_full/Train/2026140135.jpg,ok
2026140138.mp4,Train,202614,3,/Users/amangoyal/Documents/CVPR 2026 Workshop/frames_full/Train/2026140138.jpg,ok
2026140141.mp4,Train,202614,3,/Users/amangoyal/Documents/CVPR 2026 Workshop/frames_full/Train/2026140141.jpg,ok
2026140145.mp4,Train,202614,2,/Users/amangoyal/Documents/CVPR 2026 Workshop/frames_full/Train/2026140145.jpg,ok
2026140147.mp4,Train,202614,3,/Users/amangoyal/Documents/CVPR 2026 Workshop/frames_full/Train/2026140147.jpg,ok
2026140149.mp4,Train,202614,2,/Users/amangoyal/Documents/CVPR 2026 Workshop/frames_full/Train/2026140149.jpg,ok
202614015.mp4,Train,202614,3,/Users/amangoyal/Documents/CVPR 2026 Workshop/frames_full/Train/202614015.jpg,ok
2026140151.mp4,Train,202614,3,/Users/amangoyal/Documents/CVPR 2026 Workshop/frames_full/Train/2026140151.jpg,ok
2026140154.mp4,Train,202614,2,/Users/amangoyal/Documents/CVPR 2026 Workshop/frames_full/Train/2026140154.jpg,ok
2026140158.mp4,Train,202614,3,/Users/amangoyal/Documents/CVPR 2026 Workshop/frames_full/Train/2026140158.jpg,ok
2026140159.mp4,Train,202614,3,/Users/amangoyal/Documents/CVPR 2026 Workshop/frames_full/Train/2026140159.jpg,ok
202614016.mp4,Train,202614,3,/Users/amangoyal/Documents/CVPR 2026 Workshop/frames_full/Train/202614016.jpg,ok
2026140160.mp4,Train,202614,2,/Users/amangoyal/Documents/CVPR 2026 Workshop/frames_full/Train/2026140160.jpg,ok
2026140161.mp4,Train,202614,3,/Users/amangoyal/Documents/CVPR 2026 Workshop/frames_full/Train/2026140161.jpg,ok
2026140165.mp4,Train,202614,3,/Users/amangoyal/Documents/CVPR 2026 Workshop/frames_full/Train/2026140165.jpg,ok
2026140169.mp4,Train,202614,3,/Users/amangoyal/Documents/CVPR 2026 Workshop/frames_full/Train/2026140169.jpg,ok
202614017.mp4,Train,202614,3,/Users/amangoyal/Documents/CVPR 2026 Workshop/frames_full/Train/202614017.jpg,ok
2026140170.mp4,Train,202614,2,/Users/amangoyal/Documents/CVPR 2026 Workshop/frames_full/Train/2026140170.jpg,ok
2026140172.mp4,Train,202614,2,/Users/amangoyal/Documents/CVPR 2026 Workshop/frames_full/Train/2026140172.jpg,ok
202614018.mp4,Train,202614,3,/Users/amangoyal/Documents/CVPR 2026 Workshop/frames_full/Train/202614018.jpg,ok
202614019.mp4,Train,202614,2,/Users/amangoyal/Documents/CVPR 2026 Workshop/frames_full/Train/202614019.jpg,ok
202614020.mp4,Train,202614,3,/Users/amangoyal/Documents/CVPR 2026 Workshop/frames_full/Train/202614020.jpg,ok
202614021.mp4,Train,202614,3,/Users/amangoyal/Documents/CVPR 2026 Workshop/frames_full/Train/202614021.jpg,ok
2026140210.mp4,Train,202614,2,/Users/amangoyal/Documents/CVPR 2026 Workshop/frames_full/Train/2026140210.jpg,ok
2026140212.mp4,Train,202614,3,/Users/amangoyal/Documents/CVPR 2026 Workshop/frames_full/Train/2026140212.jpg,ok
2026140213.mp4,Train,202614,2,/Users/amangoyal/Documents/CVPR 2026 Workshop/frames_full/Train/2026140213.jpg,ok
2026140220.mp4,Train,202614,2,/Users/amangoyal/Documents/CVPR 2026 Workshop/frames_full/Train/2026140220.jpg,ok
2026140221.mp4,Train,202614,3,/Users/amangoyal/Documents/CVPR 2026 Workshop/frames_full/Train/2026140221.jpg,ok
2026140223.mp4,Train,202614,3,/Users/amangoyal/Documents/CVPR 2026 Workshop/frames_full/Train/2026140223.jpg,ok
2026140224.mp4,Train,202614,3,/Users/amangoyal/Documents/CVPR 2026 Workshop/frames_full/Train/2026140224.jpg,ok
2026140225.mp4,Train,202614,2,/Users/amangoyal/Documents/CVPR 2026 Workshop/frames_full/Train/2026140225.jpg,ok
202614023.mp4,Train,202614,3,/Users/amangoyal/Documents/CVPR 2026 Workshop/frames_full/Train/202614023.jpg,ok
2026140230.mp4,Train,202614,2,/Users/amangoyal/Documents/CVPR 2026 Workshop/frames_full/Train/2026140230.jpg,ok
2026140233.mp4,Train,202614,2,/Users/amangoyal/Documents/CVPR 2026 Workshop/frames_full/Train/2026140233.jpg,ok
2026140236.mp4,Train,202614,3,/Users/amangoyal/Documents/CVPR 2026 Workshop/frames_full/Train/2026140236.jpg,ok
2026140237.mp4,Train,202614,2,/Users/amangoyal/Documents/CVPR 2026 Workshop/frames_full/Train/2026140237.jpg,ok
2026140239.mp4,Train,202614,2,/Users/amangoyal/Documents/CVPR 2026 Workshop/frames_full/Train/2026140239.jpg,ok
2026140241.mp4,Train,202614,3,/Users/amangoyal/Documents/CVPR 2026 Workshop/frames_full/Train/2026140241.jpg,ok
2026140243.mp4,Train,202614,3,/Users/amangoyal/Documents/CVPR 2026 Workshop/frames_full/Train/2026140243.jpg,ok
2026140246.mp4,Train,202614,3,/Users/amangoyal/Documents/CVPR 2026 Workshop/frames_full/Train/2026140246.jpg,ok
2026140247.mp4,Train,202614,3,/Users/amangoyal/Documents/CVPR 2026 Workshop/frames_full/Train/2026140247.jpg,ok
2026140249.mp4,Train,202614,3,/Users/amangoyal/Documents/CVPR 2026 Workshop/frames_full/Train/2026140249.jpg,ok
202614025.mp4,Train,202614,3,/Users/amangoyal/Documents/CVPR 2026 Workshop/frames_full/Train/202614025.jpg,ok
2026140250.mp4,Train,202614,3,/Users/amangoyal/Documents/CVPR 2026 Workshop/frames_full/Train/2026140250.jpg,ok
2026140253.mp4,Train,202614,2,/Users/amangoyal/Documents/CVPR 2026 Workshop/frames_full/Train/2026140253.jpg,ok
2026140254.mp4,Train,202614,2,/Users/amangoyal/Documents/CVPR 2026 Workshop/frames_full/Train/2026140254.jpg,ok
2026140255.mp4,Train,202614,2,/Users/amangoyal/Documents/CVPR 2026 Workshop/frames_full/Train/2026140255.jpg,ok
2026140257.mp4,Train,202614,1,/Users/amangoyal/Documents/CVPR 2026 Workshop/frames_full/Train/2026140257.jpg,ok
2026140259.mp4,Train,202614,3,/Users/amangoyal/Documents/CVPR 2026 Workshop/frames_full/Train/2026140259.jpg,ok
2026140260.mp4,Train,202614,3,/Users/amangoyal/Documents/CVPR 2026 Workshop/frames_full/Train/2026140260.jpg,ok
2026140263.mp4,Train,202614,2,/Users/amangoyal/Documents/CVPR 2026 Workshop/frames_full/Train/2026140263.jpg,ok
2026140264.mp4,Train,202614,1,/Users/amangoyal/Documents/CVPR 2026 Workshop/frames_full/Train/2026140264.jpg,ok
2026140272.mp4,Train,202614,3,/Users/amangoyal/Documents/CVPR 2026 Workshop/frames_full/Train/2026140272.jpg,ok
2026140273.mp4,Train,202614,1,/Users/amangoyal/Documents/CVPR 2026 Workshop/frames_full/Train/2026140273.jpg,ok
2026140275.mp4,Train,202614,3,/Users/amangoyal/Documents/CVPR 2026 Workshop/frames_full/Train/2026140275.jpg,ok
2026140276.mp4,Train,202614,3,/Users/amangoyal/Documents/CVPR 2026 Workshop/frames_full/Train/2026140276.jpg,ok
2026140277.mp4,Train,202614,3,/Users/amangoyal/Documents/CVPR 2026 Workshop/frames_full/Train/2026140277.jpg,ok
2026140279.mp4,Train,202614,3,/Users/amangoyal/Documents/CVPR 2026 Workshop/frames_full/Train/2026140279.jpg,ok
2026140281.mp4,Train,202614,3,/Users/amangoyal/Documents/CVPR 2026 Workshop/frames_full/Train/2026140281.jpg,ok
202614029.mp4,Train,202614,2,/Users/amangoyal/Documents/CVPR 2026 Workshop/frames_full/Train/202614029.jpg,ok
205601011.avi,Train,205601,3,/Users/amangoyal/Documents/CVPR 2026 Workshop/frames_full/Train/205601011.jpg,ok
2056010112.avi,Train,205601,2,/Users/amangoyal/Documents/CVPR 2026 Workshop/frames_full/Train/2056010112.jpg,ok
2056010113.avi,Train,205601,2,/Users/amangoyal/Documents/CVPR 2026 Workshop/frames_full/Train/2056010113.jpg,ok
2056010114.avi,Train,205601,2,/Users/amangoyal/Documents/CVPR 2026 Workshop/frames_full/Train/2056010114.jpg,ok
2056010116.avi,Train,205601,2,/Users/amangoyal/Documents/CVPR 2026 Workshop/frames_full/Train/2056010116.jpg,ok
2056010118.avi,Train,205601,2,/Users/amangoyal/Documents/CVPR 2026 Workshop/frames_full/Train/2056010118.jpg,ok
2056010119.avi,Train,205601,2,/Users/amangoyal/Documents/CVPR 2026 Workshop/frames_full/Train/2056010119.jpg,ok
205601012.avi,Train,205601,2,/Users/amangoyal/Documents/CVPR 2026 Workshop/frames_full/Train/205601012.jpg,ok
2056010120.avi,Train,205601,3,/Users/amangoyal/Documents/CVPR 2026 Workshop/frames_full/Train/2056010120.jpg,ok
2056010122.avi,Train,205601,3,/Users/amangoyal/Documents/CVPR 2026 Workshop/frames_full/Train/2056010122.jpg,ok
2056010123.avi,Train,205601,3,/Users/amangoyal/Documents/CVPR 2026 Workshop/frames_full/Train/2056010123.jpg,ok
2056010124.avi,Train,205601,3,/Users/amangoyal/Documents/CVPR 2026 Workshop/frames_full/Train/2056010124.jpg,ok
2056010126.avi,Train,205601,2,/Users/amangoyal/Documents/CVPR 2026 Workshop/frames_full/Train/2056010126.jpg,ok
2056010130.avi,Train,205601,2,/Users/amangoyal/Documents/CVPR 2026 Workshop/frames_full/Train/2056010130.jpg,ok
2056010133.avi,Train,205601,3,/Users/amangoyal/Documents/CVPR 2026 Workshop/frames_full/Train/2056010133.jpg,ok
2056010134.avi,Train,205601,0,/Users/amangoyal/Documents/CVPR 2026 Workshop/frames_full/Train/2056010134.jpg,ok
2056010136.avi,Train,205601,2,/Users/amangoyal/Documents/CVPR 2026 Workshop/frames_full/Train/2056010136.jpg,ok
2056010137.avi,Train,205601,2,/Users/amangoyal/Documents/CVPR 2026 Workshop/frames_full/Train/2056010137.jpg,ok
2056010139.avi,Train,205601,3,/Users/amangoyal/Documents/CVPR 2026 Workshop/frames_full/Train/2056010139.jpg,ok
2056010141.avi,Train,205601,3,/Users/amangoyal/Documents/CVPR 2026 Workshop/frames_full/Train/2056010141.jpg,ok
2056010142.avi,Train,205601,2,/Users/amangoyal/Documents/CVPR 2026 Workshop/frames_full/Train/2056010142.jpg,ok
2056010148.avi,Train,205601,2,/Users/amangoyal/Documents/CVPR 2026 Workshop/frames_full/Train/2056010148.jpg,ok
2056010149.avi,Train,205601,2,/Users/amangoyal/Documents/CVPR 2026 Workshop/frames_full/Train/2056010149.jpg,ok
2056010153.avi,Train,205601,3,/Users/amangoyal/Documents/CVPR 2026 Workshop/frames_full/Train/2056010153.jpg,ok
2056010155.avi,Train,205601,3,/Users/amangoyal/Documents/CVPR 2026 Workshop/frames_full/Train/2056010155.jpg,ok
2056010156.avi,Train,205601,2,/Users/amangoyal/Documents/CVPR 2026 Workshop/frames_full/Train/2056010156.jpg,ok
2056010157.avi,Train,205601,2,/Users/amangoyal/Documents/CVPR 2026 Workshop/frames_full/Train/2056010157.jpg,ok
205601016.avi,Train,205601,3,/Users/amangoyal/Documents/CVPR 2026 Workshop/frames_full/Train/205601016.jpg,ok
2056010160.avi,Train,205601,3,/Users/amangoyal/Documents/CVPR 2026 Workshop/frames_full/Train/2056010160.jpg,ok
2056010162.avi,Train,205601,2,/Users/amangoyal/Documents/CVPR 2026 Workshop/frames_full/Train/2056010162.jpg,ok
2056010164.avi,Train,205601,2,/Users/amangoyal/Documents/CVPR 2026 Workshop/frames_full/Train/2056010164.jpg,ok
2056010165.avi,Train,205601,2,/Users/amangoyal/Documents/CVPR 2026 Workshop/frames_full/Train/2056010165.jpg,ok
2056010167.avi,Train,205601,3,/Users/amangoyal/Documents/CVPR 2026 Workshop/frames_full/Train/2056010167.jpg,ok
205601017.avi,Train,205601,3,/Users/amangoyal/Documents/CVPR 2026 Workshop/frames_full/Train/205601017.jpg,ok
205601018.avi,Train,205601,2,/Users/amangoyal/Documents/CVPR 2026 Workshop/frames_full/Train/205601018.jpg,ok
2056010210.avi,Train,205601,2,/Users/amangoyal/Documents/CVPR 2026 Workshop/frames_full/Train/2056010210.jpg,ok
2056010212.avi,Train,205601,3,/Users/amangoyal/Documents/CVPR 2026 Workshop/frames_full/Train/2056010212.jpg,ok
2056010213.avi,Train,205601,2,/Users/amangoyal/Documents/CVPR 2026 Workshop/frames_full/Train/2056010213.jpg,ok
2056010214.avi,Train,205601,3,/Users/amangoyal/Documents/CVPR 2026 Workshop/frames_full/Train/2056010214.jpg,ok
2056010215.avi,Train,205601,2,/Users/amangoyal/Documents/CVPR 2026 Workshop/frames_full/Train/2056010215.jpg,ok
2056010218.avi,Train,205601,3,/Users/amangoyal/Documents/CVPR 2026 Workshop/frames_full/Train/2056010218.jpg,ok
2056010219.avi,Train,205601,2,/Users/amangoyal/Documents/CVPR 2026 Workshop/frames_full/Train/2056010219.jpg,ok
2056010222.avi,Train,205601,2,/Users/amangoyal/Documents/CVPR 2026 Workshop/frames_full/Train/2056010222.jpg,ok
2056010224.avi,Train,205601,1,/Users/amangoyal/Documents/CVPR 2026 Workshop/frames_full/Train/2056010224.jpg,ok
2056010225.avi,Train,205601,3,/Users/amangoyal/Documents/CVPR 2026 Workshop/frames_full/Train/2056010225.jpg,ok
2056010226.avi,Train,205601,3,/Users/amangoyal/Documents/CVPR 2026 Workshop/frames_full/Train/2056010226.jpg,ok
2056010228.avi,Train,205601,3,/Users/amangoyal/Documents/CVPR 2026 Workshop/frames_full/Train/2056010228.jpg,ok
2056010229.avi,Train,205601,3,/Users/amangoyal/Documents/CVPR 2026 Workshop/frames_full/Train/2056010229.jpg,ok
2056010230.avi,Train,205601,3,/Users/amangoyal/Documents/CVPR 2026 Workshop/frames_full/Train/2056010230.jpg,ok
2056010232.avi,Train,205601,3,/Users/amangoyal/Documents/CVPR 2026 Workshop/frames_full/Train/2056010232.jpg,ok
2056010233.avi,Train,205601,3,/Users/amangoyal/Documents/CVPR 2026 Workshop/frames_full/Train/2056010233.jpg,ok
2056010234.avi,Train,205601,2,/Users/amangoyal/Documents/CVPR 2026 Workshop/frames_full/Train/2056010234.jpg,ok
2056010235.avi,Train,205601,3,/Users/amangoyal/Documents/CVPR 2026 Workshop/frames_full/Train/2056010235.jpg,ok
2056010236.avi,Train,205601,2,/Users/amangoyal/Documents/CVPR 2026 Workshop/frames_full/Train/2056010236.jpg,ok
2056010238.avi,Train,205601,3,/Users/amangoyal/Documents/CVPR 2026 Workshop/frames_full/Train/2056010238.jpg,ok
2056010239.avi,Train,205601,3,/Users/amangoyal/Documents/CVPR 2026 Workshop/frames_full/Train/2056010239.jpg,ok
205601024.avi,Train,205601,2,/Users/amangoyal/Documents/CVPR 2026 Workshop/frames_full/Train/205601024.jpg,ok
2056010240.avi,Train,205601,2,/Users/amangoyal/Documents/CVPR 2026 Workshop/frames_full/Train/2056010240.jpg,ok
2056010241.avi,Train,205601,2,/Users/amangoyal/Documents/CVPR 2026 Workshop/frames_full/Train/2056010241.jpg,ok
2056010242.avi,Train,205601,2,/Users/amangoyal/Documents/CVPR 2026 Workshop/frames_full/Train/2056010242.jpg,ok
2056010244.avi,Train,205601,2,/Users/amangoyal/Documents/CVPR 2026 Workshop/frames_full/Train/2056010244.jpg,ok
2056010245.avi,Train,205601,2,/Users/amangoyal/Documents/CVPR 2026 Workshop/frames_full/Train/2056010245.jpg,ok
2056010247.avi,Train,205601,3,/Users/amangoyal/Documents/CVPR 2026 Workshop/frames_full/Train/2056010247.jpg,ok
2056010249.avi,Train,205601,3,/Users/amangoyal/Documents/CVPR 2026 Workshop/frames_full/Train/2056010249.jpg,ok
205601025.avi,Train,205601,3,/Users/amangoyal/Documents/CVPR 2026 Workshop/frames_full/Train/205601025.jpg,ok
2056010250.avi,Train,205601,2,/Users/amangoyal/Documents/CVPR 2026 Workshop/frames_full/Train/2056010250.jpg,ok
2056010252.avi,Train,205601,2,/Users/amangoyal/Documents/CVPR 2026 Workshop/frames_full/Train/2056010252.jpg,ok
2056010253.avi,Train,205601,3,/Users/amangoyal/Documents/CVPR 2026 Workshop/frames_full/Train/2056010253.jpg,ok
2056010254.avi,Train,205601,3,/Users/amangoyal/Documents/CVPR 2026 Workshop/frames_full/Train/2056010254.jpg,ok
2056010255.avi,Train,205601,3,/Users/amangoyal/Documents/CVPR 2026 Workshop/frames_full/Train/2056010255.jpg,ok
2056010258.avi,Train,205601,2,/Users/amangoyal/Documents/CVPR 2026 Workshop/frames_full/Train/2056010258.jpg,ok
2056010260.avi,Train,205601,3,/Users/amangoyal/Documents/CVPR 2026 Workshop/frames_full/Train/2056010260.jpg,ok
2056010261.avi,Train,205601,2,/Users/amangoyal/Documents/CVPR 2026 Workshop/frames_full/Train/2056010261.jpg,ok
2056010262.avi,Train,205601,3,/Users/amangoyal/Documents/CVPR 2026 Workshop/frames_full/Train/2056010262.jpg,ok
2056010263.avi,Train,205601,3,/Users/amangoyal/Documents/CVPR 2026 Workshop/frames_full/Train/2056010263.jpg,ok
2056010265.avi,Train,205601,3,/Users/amangoyal/Documents/CVPR 2026 Workshop/frames_full/Train/2056010265.jpg,ok
2056010267.avi,Train,205601,2,/Users/amangoyal/Documents/CVPR 2026 Workshop/frames_full/Train/2056010267.jpg,ok
2056010269.avi,Train,205601,3,/Users/amangoyal/Documents/CVPR 2026 Workshop/frames_full/Train/2056010269.jpg,ok
205601027.avi,Train,205601,3,/Users/amangoyal/Documents/CVPR 2026 Workshop/frames_full/Train/205601027.jpg,ok
2056010272.avi,Train,205601,2,/Users/amangoyal/Documents/CVPR 2026 Workshop/frames_full/Train/2056010272.jpg,ok
2056010274.avi,Train,205601,2,/Users/amangoyal/Documents/CVPR 2026 Workshop/frames_full/Train/2056010274.jpg,ok
2056010275.avi,Train,205601,3,/Users/amangoyal/Documents/CVPR 2026 Workshop/frames_full/Train/2056010275.jpg,ok
2056010276.avi,Train,205601,3,/Users/amangoyal/Documents/CVPR 2026 Workshop/frames_full/Train/2056010276.jpg,ok
2056010277.avi,Train,205601,3,/Users/amangoyal/Documents/CVPR 2026 Workshop/frames_full/Train/2056010277.jpg,ok
2056010279.avi,Train,205601,2,/Users/amangoyal/Documents/CVPR 2026 Workshop/frames_full/Train/2056010279.jpg,ok
205601028.avi,Train,205601,2,/Users/amangoyal/Documents/CVPR 2026 Workshop/frames_full/Train/205601028.jpg,ok
2056010281.avi,Train,205601,3,/Users/amangoyal/Documents/CVPR 2026 Workshop/frames_full/Train/2056010281.jpg,ok
2056010283.avi,Train,205601,2,/Users/amangoyal/Documents/CVPR 2026 Workshop/frames_full/Train/2056010283.jpg,ok
2100511002.avi,Train,210051,3,/Users/amangoyal/Documents/CVPR 2026 Workshop/frames_full/Train/2100511002.jpg,ok
2100511003.avi,Train,210051,3,/Users/amangoyal/Documents/CVPR 2026 Workshop/frames_full/Train/2100511003.jpg,ok
2100511005.avi,Train,210051,2,/Users/amangoyal/Documents/CVPR 2026 Workshop/frames_full/Train/2100511005.jpg,ok
2100511008.avi,Train,210051,3,/Users/amangoyal/Documents/CVPR 2026 Workshop/frames_full/Train/2100511008.jpg,ok
2100511011.avi,Train,210051,2,/Users/amangoyal/Documents/CVPR 2026 Workshop/frames_full/Train/2100511011.jpg,ok
2100511012.avi,Train,210051,3,/Users/amangoyal/Documents/CVPR 2026 Workshop/frames_full/Train/2100511012.jpg,ok
2100511013.avi,Train,210051,2,/Users/amangoyal/Documents/CVPR 2026 Workshop/frames_full/Train/2100511013.jpg,ok
2100511015.avi,Train,210051,2,/Users/amangoyal/Documents/CVPR 2026 Workshop/frames_full/Train/2100511015.jpg,ok
2100511016.avi,Train,210051,3,/Users/amangoyal/Documents/CVPR 2026 Workshop/frames_full/Train/2100511016.jpg,ok
2100511018.avi,Train,210051,3,/Users/amangoyal/Documents/CVPR 2026 Workshop/frames_full/Train/2100511018.jpg,ok
2100511019.avi,Train,210051,2,/Users/amangoyal/Documents/CVPR 2026 Workshop/frames_full/Train/2100511019.jpg,ok
2100511024.avi,Train,210051,2,/Users/amangoyal/Documents/CVPR 2026 Workshop/frames_full/Train/2100511024.jpg,ok
2100511026.avi,Train,210051,2,/Users/amangoyal/Documents/CVPR 2026 Workshop/frames_full/Train/2100511026.jpg,ok
2100511027.avi,Train,210051,2,/Users/amangoyal/Documents/CVPR 2026 Workshop/frames_full/Train/2100511027.jpg,ok
2100511028.avi,Train,210051,3,/Users/amangoyal/Documents/CVPR 2026 Workshop/frames_full/Train/2100511028.jpg,ok
2100511031.avi,Train,210051,3,/Users/amangoyal/Documents/CVPR 2026 Workshop/frames_full/Train/2100511031.jpg,ok
2100511032.avi,Train,210051,2,/Users/amangoyal/Documents/CVPR 2026 Workshop/frames_full/Train/2100511032.jpg,ok
2100511034.avi,Train,210051,2,/Users/amangoyal/Documents/CVPR 2026 Workshop/frames_full/Train/2100511034.jpg,ok
2100511035.avi,Train,210051,2,/Users/amangoyal/Documents/CVPR 2026 Workshop/frames_full/Train/2100511035.jpg,ok
2100511036.avi,Train,210051,2,/Users/amangoyal/Documents/CVPR 2026 Workshop/frames_full/Train/2100511036.jpg,ok
2100511038.avi,Train,210051,3,/Users/amangoyal/Documents/CVPR 2026 Workshop/frames_full/Train/2100511038.jpg,ok
2100511039.avi,Train,210051,2,/Users/amangoyal/Documents/CVPR 2026 Workshop/frames_full/Train/2100511039.jpg,ok
2100511040.avi,Train,210051,3,/Users/amangoyal/Documents/CVPR 2026 Workshop/frames_full/Train/2100511040.jpg,ok
2100511044.avi,Train,210051,2,/Users/amangoyal/Documents/CVPR 2026 Workshop/frames_full/Train/2100511044.jpg,ok
2100511048.avi,Train,210051,2,/Users/amangoyal/Documents/CVPR 2026 Workshop/frames_full/Train/2100511048.jpg,ok
2100511057.avi,Train,210051,3,/Users/amangoyal/Documents/CVPR 2026 Workshop/frames_full/Train/2100511057.jpg,ok
2100511058.avi,Train,210051,3,/Users/amangoyal/Documents/CVPR 2026 Workshop/frames_full/Train/2100511058.jpg,ok
2100511059.avi,Train,210051,2,/Users/amangoyal/Documents/CVPR 2026 Workshop/frames_full/Train/2100511059.jpg,ok
2100511060.avi,Train,210051,3,/Users/amangoyal/Documents/CVPR 2026 Workshop/frames_full/Train/2100511060.jpg,ok
2100511061.avi,Train,210051,2,/Users/amangoyal/Documents/CVPR 2026 Workshop/frames_full/Train/2100511061.jpg,ok
2100511062.avi,Train,210051,3,/Users/amangoyal/Documents/CVPR 2026 Workshop/frames_full/Train/2100511062.jpg,ok
2100511063.avi,Train,210051,3,/Users/amangoyal/Documents/CVPR 2026 Workshop/frames_full/Train/2100511063.jpg,ok
2100511064.avi,Train,210051,2,/Users/amangoyal/Documents/CVPR 2026 Workshop/frames_full/Train/2100511064.jpg,ok
2100511065.avi,Train,210051,3,/Users/amangoyal/Documents/CVPR 2026 Workshop/frames_full/Train/2100511065.jpg,ok
2100511067.avi,Train,210051,3,/Users/amangoyal/Documents/CVPR 2026 Workshop/frames_full/Train/2100511067.jpg,ok
2100511069.avi,Train,210051,1,/Users/amangoyal/Documents/CVPR 2026 Workshop/frames_full/Train/2100511069.jpg,ok
2100511070.avi,Train,210051,2,/Users/amangoyal/Documents/CVPR 2026 Workshop/frames_full/Train/2100511070.jpg,ok
2100511071.avi,Train,210051,3,/Users/amangoyal/Documents/CVPR 2026 Workshop/frames_full/Train/2100511071.jpg,ok
2100511072.avi,Train,210051,3,/Users/amangoyal/Documents/CVPR 2026 Workshop/frames_full/Train/2100511072.jpg,ok
2100511073.avi,Train,210051,3,/Users/amangoyal/Documents/CVPR 2026 Workshop/frames_full/Train/2100511073.jpg,ok
2100511074.avi,Train,210051,3,/Users/amangoyal/Documents/CVPR 2026 Workshop/frames_full/Train/2100511074.jpg,ok
2100511076.avi,Train,210051,2,/Users/amangoyal/Documents/CVPR 2026 Workshop/frames_full/Train/2100511076.jpg,ok
2100511077.avi,Train,210051,3,/Users/amangoyal/Documents/CVPR 2026 Workshop/frames_full/Train/2100511077.jpg,ok
2100511078.avi,Train,210051,3,/Users/amangoyal/Documents/CVPR 2026 Workshop/frames_full/Train/2100511078.jpg,ok
2100511079.avi,Train,210051,3,/Users/amangoyal/Documents/CVPR 2026 Workshop/frames_full/Train/2100511079.jpg,ok
2100511080.avi,Train,210051,3,/Users/amangoyal/Documents/CVPR 2026 Workshop/frames_full/Train/2100511080.jpg,ok
2100511081.avi,Train,210051,2,/Users/amangoyal/Documents/CVPR 2026 Workshop/frames_full/Train/2100511081.jpg,ok
2100511082.avi,Train,210051,3,/Users/amangoyal/Documents/CVPR 2026 Workshop/frames_full/Train/2100511082.jpg,ok
2100512001.avi,Train,210051,3,/Users/amangoyal/Documents/CVPR 2026 Workshop/frames_full/Train/2100512001.jpg,ok
2100512002.avi,Train,210051,2,/Users/amangoyal/Documents/CVPR 2026 Workshop/frames_full/Train/2100512002.jpg,ok
2100512003.avi,Train,210051,2,/Users/amangoyal/Documents/CVPR 2026 Workshop/frames_full/Train/2100512003.jpg,ok
2100512006.avi,Train,210051,2,/Users/amangoyal/Documents/CVPR 2026 Workshop/frames_full/Train/2100512006.jpg,ok
2100512007.avi,Train,210051,3,/Users/amangoyal/Documents/CVPR 2026 Workshop/frames_full/Train/2100512007.jpg,ok
2100512009.avi,Train,210051,3,/Users/amangoyal/Documents/CVPR 2026 Workshop/frames_full/Train/2100512009.jpg,ok
2100512010.avi,Train,210051,3,/Users/amangoyal/Documents/CVPR 2026 Workshop/frames_full/Train/2100512010.jpg,ok
2100512011.avi,Train,210051,2,/Users/amangoyal/Documents/CVPR 2026 Workshop/frames_full/Train/2100512011.jpg,ok
2100512012.avi,Train,210051,3,/Users/amangoyal/Documents/CVPR 2026 Workshop/frames_full/Train/2100512012.jpg,ok
2100512014.avi,Train,210051,3,/Users/amangoyal/Documents/CVPR 2026 Workshop/frames_full/Train/2100512014.jpg,ok
2100512015.avi,Train,210051,2,/Users/amangoyal/Documents/CVPR 2026 Workshop/frames_full/Train/2100512015.jpg,ok
2100512016.avi,Train,210051,3,/Users/amangoyal/Documents/CVPR 2026 Workshop/frames_full/Train/2100512016.jpg,ok
2100512017.avi,Train,210051,3,/Users/amangoyal/Documents/CVPR 2026 Workshop/frames_full/Train/2100512017.jpg,ok
2100512018.avi,Train,210051,2,/Users/amangoyal/Documents/CVPR 2026 Workshop/frames_full/Train/2100512018.jpg,ok
2100512020.avi,Train,210051,3,/Users/amangoyal/Documents/CVPR 2026 Workshop/frames_full/Train/2100512020.jpg,ok
2100512021.avi,Train,210051,3,/Users/amangoyal/Documents/CVPR 2026 Workshop/frames_full/Train/2100512021.jpg,ok
2100512025.avi,Train,210051,3,/Users/amangoyal/Documents/CVPR 2026 Workshop/frames_full/Train/2100512025.jpg,ok
2100512026.avi,Train,210051,2,/Users/amangoyal/Documents/CVPR 2026 Workshop/frames_full/Train/2100512026.jpg,ok
2100512028.avi,Train,210051,2,/Users/amangoyal/Documents/CVPR 2026 Workshop/frames_full/Train/2100512028.jpg,ok
2100512029.avi,Train,210051,3,/Users/amangoyal/Documents/CVPR 2026 Workshop/frames_full/Train/2100512029.jpg,ok
2100512032.avi,Train,210051,3,/Users/amangoyal/Documents/CVPR 2026 Workshop/frames_full/Train/2100512032.jpg,ok
2100512034.avi,Train,210051,3,/Users/amangoyal/Documents/CVPR 2026 Workshop/frames_full/Train/2100512034.jpg,ok
2100512035.avi,Train,210051,2,/Users/amangoyal/Documents/CVPR 2026 Workshop/frames_full/Train/2100512035.jpg,ok
2100512036.avi,Train,210051,2,/Users/amangoyal/Documents/CVPR 2026 Workshop/frames_full/Train/2100512036.jpg,ok
2100512037.avi,Train,210051,2,/Users/amangoyal/Documents/CVPR 2026 Workshop/frames_full/Train/2100512037.jpg,ok
2100512038.avi,Train,210051,3,/Users/amangoyal/Documents/CVPR 2026 Workshop/frames_full/Train/2100512038.jpg,ok
2100512039.avi,Train,210051,2,/Users/amangoyal/Documents/CVPR 2026 Workshop/frames_full/Train/2100512039.jpg,ok
2100512041.avi,Train,210051,2,/Users/amangoyal/Documents/CVPR 2026 Workshop/frames_full/Train/2100512041.jpg,ok
2100512042.avi,Train,210051,3,/Users/amangoyal/Documents/CVPR 2026 Workshop/frames_full/Train/2100512042.jpg,ok
2100512044.avi,Train,210051,2,/Users/amangoyal/Documents/CVPR 2026 Workshop/frames_full/Train/2100512044.jpg,ok
2100512045.avi,Train,210051,2,/Users/amangoyal/Documents/CVPR 2026 Workshop/frames_full/Train/2100512045.jpg,ok
2100512051.avi,Train,210051,1,/Users/amangoyal/Documents/CVPR 2026 Workshop/frames_full/Train/2100512051.jpg,ok
2100512052.avi,Train,210051,3,/Users/amangoyal/Documents/CVPR 2026 Workshop/frames_full/Train/2100512052.jpg,ok
2100512053.avi,Train,210051,3,/Users/amangoyal/Documents/CVPR 2026 Workshop/frames_full/Train/2100512053.jpg,ok
2100512055.avi,Train,210051,2,/Users/amangoyal/Documents/CVPR 2026 Workshop/frames_full/Train/2100512055.jpg,ok
2100512057.avi,Train,210051,3,/Users/amangoyal/Documents/CVPR 2026 Workshop/frames_full/Train/2100512057.jpg,ok
2100512058.avi,Train,210051,3,/Users/amangoyal/Documents/CVPR 2026 Workshop/frames_full/Train/2100512058.jpg,ok
2100512061.avi,Train,210051,3,/Users/amangoyal/Documents/CVPR 2026 Workshop/frames_full/Train/2100512061.jpg,ok
2100512062.avi,Train,210051,3,/Users/amangoyal/Documents/CVPR 2026 Workshop/frames_full/Train/2100512062.jpg,ok
2100512063.avi,Train,210051,3,/Users/amangoyal/Documents/CVPR 2026 Workshop/frames_full/Train/2100512063.jpg,ok
2100512064.avi,Train,210051,1,/Users/amangoyal/Documents/CVPR 2026 Workshop/frames_full/Train/2100512064.jpg,ok
2100512065.avi,Train,210051,2,/Users/amangoyal/Documents/CVPR 2026 Workshop/frames_full/Train/2100512065.jpg,ok
2100521002.avi,Train,210052,3,/Users/amangoyal/Documents/CVPR 2026 Workshop/frames_full/Train/2100521002.jpg,ok
2100521005.avi,Train,210052,3,/Users/amangoyal/Documents/CVPR 2026 Workshop/frames_full/Train/2100521005.jpg,ok
2100521006.avi,Train,210052,3,/Users/amangoyal/Documents/CVPR 2026 Workshop/frames_full/Train/2100521006.jpg,ok
2100521008.avi,Train,210052,3,/Users/amangoyal/Documents/CVPR 2026 Workshop/frames_full/Train/2100521008.jpg,ok
2100521009.avi,Train,210052,2,/Users/amangoyal/Documents/CVPR 2026 Workshop/frames_full/Train/2100521009.jpg,ok
2100521010.avi,Train,210052,2,/Users/amangoyal/Documents/CVPR 2026 Workshop/frames_full/Train/2100521010.jpg,ok
2100521013.avi,Train,210052,2,/Users/amangoyal/Documents/CVPR 2026 Workshop/frames_full/Train/2100521013.jpg,ok
2100521014.avi,Train,210052,2,/Users/amangoyal/Documents/CVPR 2026 Workshop/frames_full/Train/2100521014.jpg,ok
2100521015.avi,Train,210052,3,/Users/amangoyal/Documents/CVPR 2026 Workshop/frames_full/Train/2100521015.jpg,ok
2100521016.avi,Train,210052,3,/Users/amangoyal/Documents/CVPR 2026 Workshop/frames_full/Train/2100521016.jpg,ok
2100521017.avi,Train,210052,2,/Users/amangoyal/Documents/CVPR 2026 Workshop/frames_full/Train/2100521017.jpg,ok
2100521018.avi,Train,210052,2,/Users/amangoyal/Documents/CVPR 2026 Workshop/frames_full/Train/2100521018.jpg,ok
2100521021.avi,Train,210052,3,/Users/amangoyal/Documents/CVPR 2026 Workshop/frames_full/Train/2100521021.jpg,ok
2100521022.avi,Train,210052,2,/Users/amangoyal/Documents/CVPR 2026 Workshop/frames_full/Train/2100521022.jpg,ok
2100521023.avi,Train,210052,2,/Users/amangoyal/Documents/CVPR 2026 Workshop/frames_full/Train/2100521023.jpg,ok
2100521024.avi,Train,210052,2,/Users/amangoyal/Documents/CVPR 2026 Workshop/frames_full/Train/2100521024.jpg,ok
2100521025.avi,Train,210052,2,/Users/amangoyal/Documents/CVPR 2026 Workshop/frames_full/Train/2100521025.jpg,ok
2100521026.avi,Train,210052,2,/Users/amangoyal/Documents/CVPR 2026 Workshop/frames_full/Train/2100521026.jpg,ok
2100521027.avi,Train,210052,2,/Users/amangoyal/Documents/CVPR 2026 Workshop/frames_full/Train/2100521027.jpg,ok
2100521028.avi,Train,210052,2,/Users/amangoyal/Documents/CVPR 2026 Workshop/frames_full/Train/2100521028.jpg,ok
2100521029.avi,Train,210052,3,/Users/amangoyal/Documents/CVPR 2026 Workshop/frames_full/Train/2100521029.jpg,ok
2100521030.avi,Train,210052,2,/Users/amangoyal/Documents/CVPR 2026 Workshop/frames_full/Train/2100521030.jpg,ok
2100521031.avi,Train,210052,2,/Users/amangoyal/Documents/CVPR 2026 Workshop/frames_full/Train/2100521031.jpg,ok
2100521032.avi,Train,210052,1,/Users/amangoyal/Documents/CVPR 2026 Workshop/frames_full/Train/2100521032.jpg,ok
2100521033.avi,Train,210052,3,/Users/amangoyal/Documents/CVPR 2026 Workshop/frames_full/Train/2100521033.jpg,ok
2100521034.avi,Train,210052,2,/Users/amangoyal/Documents/CVPR 2026 Workshop/frames_full/Train/2100521034.jpg,ok
2100521035.avi,Train,210052,2,/Users/amangoyal/Documents/CVPR 2026 Workshop/frames_full/Train/2100521035.jpg,ok
2100521037.avi,Train,210052,3,/Users/amangoyal/Documents/CVPR 2026 Workshop/frames_full/Train/2100521037.jpg,ok
2100521038.avi,Train,210052,2,/Users/amangoyal/Documents/CVPR 2026 Workshop/frames_full/Train/2100521038.jpg,ok
2100521039.avi,Train,210052,2,/Users/amangoyal/Documents/CVPR 2026 Workshop/frames_full/Train/2100521039.jpg,ok
2100521040.avi,Train,210052,3,/Users/amangoyal/Documents/CVPR 2026 Workshop/frames_full/Train/2100521040.jpg,ok
2100521041.avi,Train,210052,2,/Users/amangoyal/Documents/CVPR 2026 Workshop/frames_full/Train/2100521041.jpg,ok
2100521042.avi,Train,210052,2,/Users/amangoyal/Documents/CVPR 2026 Workshop/frames_full/Train/2100521042.jpg,ok
2100521043.avi,Train,210052,2,/Users/amangoyal/Documents/CVPR 2026 Workshop/frames_full/Train/2100521043.jpg,ok
2100521044.avi,Train,210052,3,/Users/amangoyal/Documents/CVPR 2026 Workshop/frames_full/Train/2100521044.jpg,ok
2100521046.avi,Train,210052,2,/Users/amangoyal/Documents/CVPR 2026 Workshop/frames_full/Train/2100521046.jpg,ok
2100521047.avi,Train,210052,2,/Users/amangoyal/Documents/CVPR 2026 Workshop/frames_full/Train/2100521047.jpg,ok
2100521048.avi,Train,210052,2,/Users/amangoyal/Documents/CVPR 2026 Workshop/frames_full/Train/2100521048.jpg,ok
2100521049.avi,Train,210052,2,/Users/amangoyal/Documents/CVPR 2026 Workshop/frames_full/Train/2100521049.jpg,ok
2100521050.avi,Train,210052,2,/Users/amangoyal/Documents/CVPR 2026 Workshop/frames_full/Train/2100521050.jpg,ok
2100521051.avi,Train,210052,2,/Users/amangoyal/Documents/CVPR 2026 Workshop/frames_full/Train/2100521051.jpg,ok
2100521052.avi,Train,210052,2,/Users/amangoyal/Documents/CVPR 2026 Workshop/frames_full/Train/2100521052.jpg,ok
2100521054.avi,Train,210052,2,/Users/amangoyal/Documents/CVPR 2026 Workshop/frames_full/Train/2100521054.jpg,ok
2100521055.avi,Train,210052,2,/Users/amangoyal/Documents/CVPR 2026 Workshop/frames_full/Train/2100521055.jpg,ok
2100521056.avi,Train,210052,2,/Users/amangoyal/Documents/CVPR 2026 Workshop/frames_full/Train/2100521056.jpg,ok
2100521057.avi,Train,210052,2,/Users/amangoyal/Documents/CVPR 2026 Workshop/frames_full/Train/2100521057.jpg,ok
2100521059.avi,Train,210052,3,/Users/amangoyal/Documents/CVPR 2026 Workshop/frames_full/Train/2100521059.jpg,ok
2100521060.avi,Train,210052,2,/Users/amangoyal/Documents/CVPR 2026 Workshop/frames_full/Train/2100521060.jpg,ok
2100521061.avi,Train,210052,2,/Users/amangoyal/Documents/CVPR 2026 Workshop/frames_full/Train/2100521061.jpg,ok
2100521062.avi,Train,210052,2,/Users/amangoyal/Documents/CVPR 2026 Workshop/frames_full/Train/2100521062.jpg,ok
2100521063.avi,Train,210052,2,/Users/amangoyal/Documents/CVPR 2026 Workshop/frames_full/Train/2100521063.jpg,ok
2100521067.avi,Train,210052,2,/Users/amangoyal/Documents/CVPR 2026 Workshop/frames_full/Train/2100521067.jpg,ok
2100521069.avi,Train,210052,2,/Users/amangoyal/Documents/CVPR 2026 Workshop/frames_full/Train/2100521069.jpg,ok
2100521070.avi,Train,210052,2,/Users/amangoyal/Documents/CVPR 2026 Workshop/frames_full/Train/2100521070.jpg,ok
2100521072.avi,Train,210052,3,/Users/amangoyal/Documents/CVPR 2026 Workshop/frames_full/Train/2100521072.jpg,ok
2100521073.avi,Train,210052,2,/Users/amangoyal/Documents/CVPR 2026 Workshop/frames_full/Train/2100521073.jpg,ok
2100521074.avi,Train,210052,3,/Users/amangoyal/Documents/CVPR 2026 Workshop/frames_full/Train/2100521074.jpg,ok
2100521075.avi,Train,210052,2,/Users/amangoyal/Documents/CVPR 2026 Workshop/frames_full/Train/2100521075.jpg,ok
2100521076.avi,Train,210052,3,/Users/amangoyal/Documents/CVPR 2026 Workshop/frames_full/Train/2100521076.jpg,ok
2100521077.avi,Train,210052,2,/Users/amangoyal/Documents/CVPR 2026 Workshop/frames_full/Train/2100521077.jpg,ok
2100521078.avi,Train,210052,3,/Users/amangoyal/Documents/CVPR 2026 Workshop/frames_full/Train/2100521078.jpg,ok
2100521079.avi,Train,210052,2,/Users/amangoyal/Documents/CVPR 2026 Workshop/frames_full/Train/2100521079.jpg,ok
2100522001.avi,Train,210052,2,/Users/amangoyal/Documents/CVPR 2026 Workshop/frames_full/Train/2100522001.jpg,ok
2100522004.avi,Train,210052,3,/Users/amangoyal/Documents/CVPR 2026 Workshop/frames_full/Train/2100522004.jpg,ok
2100522005.avi,Train,210052,2,/Users/amangoyal/Documents/CVPR 2026 Workshop/frames_full/Train/2100522005.jpg,ok
2100522006.avi,Train,210052,2,/Users/amangoyal/Documents/CVPR 2026 Workshop/frames_full/Train/2100522006.jpg,ok
2100522007.avi,Train,210052,3,/Users/amangoyal/Documents/CVPR 2026 Workshop/frames_full/Train/2100522007.jpg,ok
2100522008.avi,Train,210052,2,/Users/amangoyal/Documents/CVPR 2026 Workshop/frames_full/Train/2100522008.jpg,ok
2100522009.avi,Train,210052,3,/Users/amangoyal/Documents/CVPR 2026 Workshop/frames_full/Train/2100522009.jpg,ok
2100522010.avi,Train,210052,2,/Users/amangoyal/Documents/CVPR 2026 Workshop/frames_full/Train/2100522010.jpg,ok
2100522011.avi,Train,210052,2,/Users/amangoyal/Documents/CVPR 2026 Workshop/frames_full/Train/2100522011.jpg,ok
2100522012.avi,Train,210052,2,/Users/amangoyal/Documents/CVPR 2026 Workshop/frames_full/Train/2100522012.jpg,ok
2100522013.avi,Train,210052,2,/Users/amangoyal/Documents/CVPR 2026 Workshop/frames_full/Train/2100522013.jpg,ok
2100522018.avi,Train,210052,2,/Users/amangoyal/Documents/CVPR 2026 Workshop/frames_full/Train/2100522018.jpg,ok
2100522019.avi,Train,210052,3,/Users/amangoyal/Documents/CVPR 2026 Workshop/frames_full/Train/2100522019.jpg,ok
2100522020.avi,Train,210052,2,/Users/amangoyal/Documents/CVPR 2026 Workshop/frames_full/Train/2100522020.jpg,ok
2100522021.avi,Train,210052,2,/Users/amangoyal/Documents/CVPR 2026 Workshop/frames_full/Train/2100522021.jpg,ok
2100522023.avi,Train,210052,3,/Users/amangoyal/Documents/CVPR 2026 Workshop/frames_full/Train/2100522023.jpg,ok
2100522024.avi,Train,210052,3,/Users/amangoyal/Documents/CVPR 2026 Workshop/frames_full/Train/2100522024.jpg,ok
2100522026.avi,Train,210052,3,/Users/amangoyal/Documents/CVPR 2026 Workshop/frames_full/Train/2100522026.jpg,ok
2100522028.avi,Train,210052,2,/Users/amangoyal/Documents/CVPR 2026 Workshop/frames_full/Train/2100522028.jpg,ok
2100522031.avi,Train,210052,3,/Users/amangoyal/Documents/CVPR 2026 Workshop/frames_full/Train/2100522031.jpg,ok
2100522033.avi,Train,210052,2,/Users/amangoyal/Documents/CVPR 2026 Workshop/frames_full/Train/2100522033.jpg,ok
2100522034.avi,Train,210052,2,/Users/amangoyal/Documents/CVPR 2026 Workshop/frames_full/Train/2100522034.jpg,ok
2100522035.avi,Train,210052,2,/Users/amangoyal/Documents/CVPR 2026 Workshop/frames_full/Train/2100522035.jpg,ok
2100522036.avi,Train,210052,2,/Users/amangoyal/Documents/CVPR 2026 Workshop/frames_full/Train/2100522036.jpg,ok
2100522038.avi,Train,210052,2,/Users/amangoyal/Documents/CVPR 2026 Workshop/frames_full/Train/2100522038.jpg,ok
2100522039.avi,Train,210052,2,/Users/amangoyal/Documents/CVPR 2026 Workshop/frames_full/Train/2100522039.jpg,ok
2100522040.avi,Train,210052,2,/Users/amangoyal/Documents/CVPR 2026 Workshop/frames_full/Train/2100522040.jpg,ok
2100522041.avi,Train,210052,2,/Users/amangoyal/Documents/CVPR 2026 Workshop/frames_full/Train/2100522041.jpg,ok
2100522042.avi,Train,210052,2,/Users/amangoyal/Documents/CVPR 2026 Workshop/frames_full/Train/2100522042.jpg,ok
2100522046.avi,Train,210052,2,/Users/amangoyal/Documents/CVPR 2026 Workshop/frames_full/Train/2100522046.jpg,ok
2100522047.avi,Train,210052,2,/Users/amangoyal/Documents/CVPR 2026 Workshop/frames_full/Train/2100522047.jpg,ok
2100522048.avi,Train,210052,2,/Users/amangoyal/Documents/CVPR 2026 Workshop/frames_full/Train/2100522048.jpg,ok
2100522049.avi,Train,210052,3,/Users/amangoyal/Documents/CVPR 2026 Workshop/frames_full/Train/2100522049.jpg,ok
2100522050.avi,Train,210052,2,/Users/amangoyal/Documents/CVPR 2026 Workshop/frames_full/Train/2100522050.jpg,ok
2100522051.avi,Train,210052,2,/Users/amangoyal/Documents/CVPR 2026 Workshop/frames_full/Train/2100522051.jpg,ok
2100522052.avi,Train,210052,2,/Users/amangoyal/Documents/CVPR 2026 Workshop/frames_full/Train/2100522052.jpg,ok
2100522053.avi,Train,210052,2,/Users/amangoyal/Documents/CVPR 2026 Workshop/frames_full/Train/2100522053.jpg,ok
2100522054.avi,Train,210052,3,/Users/amangoyal/Documents/CVPR 2026 Workshop/frames_full/Train/2100522054.jpg,ok
2100522055.avi,Train,210052,3,/Users/amangoyal/Documents/CVPR 2026 Workshop/frames_full/Train/2100522055.jpg,ok
2100522056.avi,Train,210052,2,/Users/amangoyal/Documents/CVPR 2026 Workshop/frames_full/Train/2100522056.jpg,ok
2100522059.avi,Train,210052,2,/Users/amangoyal/Documents/CVPR 2026 Workshop/frames_full/Train/2100522059.jpg,ok
2100522060.avi,Train,210052,2,/Users/amangoyal/Documents/CVPR 2026 Workshop/frames_full/Train/2100522060.jpg,ok
2100522061.avi,Train,210052,2,/Users/amangoyal/Documents/CVPR 2026 Workshop/frames_full/Train/2100522061.jpg,ok
2100522062.avi,Train,210052,2,/Users/amangoyal/Documents/CVPR 2026 Workshop/frames_full/Train/2100522062.jpg,ok
2100522063.avi,Train,210052,3,/Users/amangoyal/Documents/CVPR 2026 Workshop/frames_full/Train/2100522063.jpg,ok
2100522064.avi,Train,210052,2,/Users/amangoyal/Documents/CVPR 2026 Workshop/frames_full/Train/2100522064.jpg,ok
2100522067.avi,Train,210052,2,/Users/amangoyal/Documents/CVPR 2026 Workshop/frames_full/Train/2100522067.jpg,ok
2100522068.avi,Train,210052,2,/Users/amangoyal/Documents/CVPR 2026 Workshop/frames_full/Train/2100522068.jpg,ok
2100522070.avi,Train,210052,2,/Users/amangoyal/Documents/CVPR 2026 Workshop/frames_full/Train/2100522070.jpg,ok
2100531001.avi,Train,210053,3,/Users/amangoyal/Documents/CVPR 2026 Workshop/frames_full/Train/2100531001.jpg,ok
2100531002.avi,Train,210053,2,/Users/amangoyal/Documents/CVPR 2026 Workshop/frames_full/Train/2100531002.jpg,ok
2100531003.avi,Train,210053,3,/Users/amangoyal/Documents/CVPR 2026 Workshop/frames_full/Train/2100531003.jpg,ok
2100531004.avi,Train,210053,3,/Users/amangoyal/Documents/CVPR 2026 Workshop/frames_full/Train/2100531004.jpg,ok
2100531006.avi,Train,210053,3,/Users/amangoyal/Documents/CVPR 2026 Workshop/frames_full/Train/2100531006.jpg,ok
2100531007.avi,Train,210053,2,/Users/amangoyal/Documents/CVPR 2026 Workshop/frames_full/Train/2100531007.jpg,ok
2100531008.avi,Train,210053,2,/Users/amangoyal/Documents/CVPR 2026 Workshop/frames_full/Train/2100531008.jpg,ok
2100531009.avi,Train,210053,3,/Users/amangoyal/Documents/CVPR 2026 Workshop/frames_full/Train/2100531009.jpg,ok
2100531010.avi,Train,210053,3,/Users/amangoyal/Documents/CVPR 2026 Workshop/frames_full/Train/2100531010.jpg,ok
2100531012.avi,Train,210053,3,/Users/amangoyal/Documents/CVPR 2026 Workshop/frames_full/Train/2100531012.jpg,ok
2100531013.avi,Train,210053,2,/Users/amangoyal/Documents/CVPR 2026 Workshop/frames_full/Train/2100531013.jpg,ok
2100531014.avi,Train,210053,3,/Users/amangoyal/Documents/CVPR 2026 Workshop/frames_full/Train/2100531014.jpg,ok
2100531015.avi,Train,210053,3,/Users/amangoyal/Documents/CVPR 2026 Workshop/frames_full/Train/2100531015.jpg,ok
2100531016.avi,Train,210053,2,/Users/amangoyal/Documents/CVPR 2026 Workshop/frames_full/Train/2100531016.jpg,ok
2100531017.avi,Train,210053,2,/Users/amangoyal/Documents/CVPR 2026 Workshop/frames_full/Train/2100531017.jpg,ok
2100531018.avi,Train,210053,3,/Users/amangoyal/Documents/CVPR 2026 Workshop/frames_full/Train/2100531018.jpg,ok
2100531019.avi,Train,210053,3,/Users/amangoyal/Documents/CVPR 2026 Workshop/frames_full/Train/2100531019.jpg,ok
2100531021.avi,Train,210053,3,/Users/amangoyal/Documents/CVPR 2026 Workshop/frames_full/Train/2100531021.jpg,ok
2100531022.avi,Train,210053,2,/Users/amangoyal/Documents/CVPR 2026 Workshop/frames_full/Train/2100531022.jpg,ok
2100531023.avi,Train,210053,3,/Users/amangoyal/Documents/CVPR 2026 Workshop/frames_full/Train/2100531023.jpg,ok
2100531024.avi,Train,210053,3,/Users/amangoyal/Documents/CVPR 2026 Workshop/frames_full/Train/2100531024.jpg,ok
2100531025.avi,Train,210053,2,/Users/amangoyal/Documents/CVPR 2026 Workshop/frames_full/Train/2100531025.jpg,ok
2100531026.avi,Train,210053,2,/Users/amangoyal/Documents/CVPR 2026 Workshop/frames_full/Train/2100531026.jpg,ok
2100531027.avi,Train,210053,3,/Users/amangoyal/Documents/CVPR 2026 Workshop/frames_full/Train/2100531027.jpg,ok
2100531028.avi,Train,210053,3,/Users/amangoyal/Documents/CVPR 2026 Workshop/frames_full/Train/2100531028.jpg,ok
2100531030.avi,Train,210053,2,/Users/amangoyal/Documents/CVPR 2026 Workshop/frames_full/Train/2100531030.jpg,ok
2100531031.avi,Train,210053,2,/Users/amangoyal/Documents/CVPR 2026 Workshop/frames_full/Train/2100531031.jpg,ok
2100531033.avi,Train,210053,2,/Users/amangoyal/Documents/CVPR 2026 Workshop/frames_full/Train/2100531033.jpg,ok
2100531034.avi,Train,210053,3,/Users/amangoyal/Documents/CVPR 2026 Workshop/frames_full/Train/2100531034.jpg,ok
2100531035.avi,Train,210053,3,/Users/amangoyal/Documents/CVPR 2026 Workshop/frames_full/Train/2100531035.jpg,ok
2100531036.avi,Train,210053,2,/Users/amangoyal/Documents/CVPR 2026 Workshop/frames_full/Train/2100531036.jpg,ok
2100531037.avi,Train,210053,2,/Users/amangoyal/Documents/CVPR 2026 Workshop/frames_full/Train/2100531037.jpg,ok
2100531040.avi,Train,210053,3,/Users/amangoyal/Documents/CVPR 2026 Workshop/frames_full/Train/2100531040.jpg,ok
2100531041.avi,Train,210053,2,/Users/amangoyal/Documents/CVPR 2026 Workshop/frames_full/Train/2100531041.jpg,ok
2100531042.avi,Train,210053,3,/Users/amangoyal/Documents/CVPR 2026 Workshop/frames_full/Train/2100531042.jpg,ok
2100531043.avi,Train,210053,3,/Users/amangoyal/Documents/CVPR 2026 Workshop/frames_full/Train/2100531043.jpg,ok
2100531044.avi,Train,210053,3,/Users/amangoyal/Documents/CVPR 2026 Workshop/frames_full/Train/2100531044.jpg,ok
2100531045.avi,Train,210053,3,/Users/amangoyal/Documents/CVPR 2026 Workshop/frames_full/Train/2100531045.jpg,ok
2100531047.avi,Train,210053,3,/Users/amangoyal/Documents/CVPR 2026 Workshop/frames_full/Train/2100531047.jpg,ok
2100531048.avi,Train,210053,2,/Users/amangoyal/Documents/CVPR 2026 Workshop/frames_full/Train/2100531048.jpg,ok
2100531049.avi,Train,210053,3,/Users/amangoyal/Documents/CVPR 2026 Workshop/frames_full/Train/2100531049.jpg,ok
2100531050.avi,Train,210053,2,/Users/amangoyal/Documents/CVPR 2026 Workshop/frames_full/Train/2100531050.jpg,ok
2100531051.avi,Train,210053,3,/Users/amangoyal/Documents/CVPR 2026 Workshop/frames_full/Train/2100531051.jpg,ok
2100531052.avi,Train,210053,3,/Users/amangoyal/Documents/CVPR 2026 Workshop/frames_full/Train/2100531052.jpg,ok
2100531053.avi,Train,210053,2,/Users/amangoyal/Documents/CVPR 2026 Workshop/frames_full/Train/2100531053.jpg,ok
2100531054.avi,Train,210053,1,/Users/amangoyal/Documents/CVPR 2026 Workshop/frames_full/Train/2100531054.jpg,ok
2100531055.avi,Train,210053,3,/Users/amangoyal/Documents/CVPR 2026 Workshop/frames_full/Train/2100531055.jpg,ok
2100531056.avi,Train,210053,2,/Users/amangoyal/Documents/CVPR 2026 Workshop/frames_full/Train/2100531056.jpg,ok
2100531057.avi,Train,210053,3,/Users/amangoyal/Documents/CVPR 2026 Workshop/frames_full/Train/2100531057.jpg,ok
2100531058.avi,Train,210053,3,/Users/amangoyal/Documents/CVPR 2026 Workshop/frames_full/Train/2100531058.jpg,ok
2100531059.avi,Train,210053,2,/Users/amangoyal/Documents/CVPR 2026 Workshop/frames_full/Train/2100531059.jpg,ok
2100531060.avi,Train,210053,3,/Users/amangoyal/Documents/CVPR 2026 Workshop/frames_full/Train/2100531060.jpg,ok
2100531061.avi,Train,210053,2,/Users/amangoyal/Documents/CVPR 2026 Workshop/frames_full/Train/2100531061.jpg,ok
2100531063.avi,Train,210053,3,/Users/amangoyal/Documents/CVPR 2026 Workshop/frames_full/Train/2100531063.jpg,ok
2100531064.avi,Train,210053,2,/Users/amangoyal/Documents/CVPR 2026 Workshop/frames_full/Train/2100531064.jpg,ok
2100531065.avi,Train,210053,2,/Users/amangoyal/Documents/CVPR 2026 Workshop/frames_full/Train/2100531065.jpg,ok
2100531066.avi,Train,210053,3,/Users/amangoyal/Documents/CVPR 2026 Workshop/frames_full/Train/2100531066.jpg,ok
2100531067.avi,Train,210053,3,/Users/amangoyal/Documents/CVPR 2026 Workshop/frames_full/Train/2100531067.jpg,ok
2100531068.avi,Train,210053,3,/Users/amangoyal/Documents/CVPR 2026 Workshop/frames_full/Train/2100531068.jpg,ok
2100531070.avi,Train,210053,2,/Users/amangoyal/Documents/CVPR 2026 Workshop/frames_full/Train/2100531070.jpg,ok
2100531071.avi,Train,210053,2,/Users/amangoyal/Documents/CVPR 2026 Workshop/frames_full/Train/2100531071.jpg,ok
2100531072.avi,Train,210053,2,/Users/amangoyal/Documents/CVPR 2026 Workshop/frames_full/Train/2100531072.jpg,ok
2100531073.avi,Train,210053,2,/Users/amangoyal/Documents/CVPR 2026 Workshop/frames_full/Train/2100531073.jpg,ok
2100531074.avi,Train,210053,3,/Users/amangoyal/Documents/CVPR 2026 Workshop/frames_full/Train/2100531074.jpg,ok
2100531076.avi,Train,210053,3,/Users/amangoyal/Documents/CVPR 2026 Workshop/frames_full/Train/2100531076.jpg,ok
2100531077.avi,Train,210053,3,/Users/amangoyal/Documents/CVPR 2026 Workshop/frames_full/Train/2100531077.jpg,ok
2100531078.avi,Train,210053,3,/Users/amangoyal/Documents/CVPR 2026 Workshop/frames_full/Train/2100531078.jpg,ok
2100531079.avi,Train,210053,3,/Users/amangoyal/Documents/CVPR 2026 Workshop/frames_full/Train/2100531079.jpg,ok
2100531080.avi,Train,210053,3,/Users/amangoyal/Documents/CVPR 2026 Workshop/frames_full/Train/2100531080.jpg,ok
2100531081.avi,Train,210053,2,/Users/amangoyal/Documents/CVPR 2026 Workshop/frames_full/Train/2100531081.jpg,ok
2100531082.avi,Train,210053,3,/Users/amangoyal/Documents/CVPR 2026 Workshop/frames_full/Train/2100531082.jpg,ok
2100531084.avi,Train,210053,3,/Users/amangoyal/Documents/CVPR 2026 Workshop/frames_full/Train/2100531084.jpg,ok
2100532002.avi,Train,210053,2,/Users/amangoyal/Documents/CVPR 2026 Workshop/frames_full/Train/2100532002.jpg,ok
2100532003.avi,Train,210053,2,/Users/amangoyal/Documents/CVPR 2026 Workshop/frames_full/Train/2100532003.jpg,ok
2100532004.avi,Train,210053,2,/Users/amangoyal/Documents/CVPR 2026 Workshop/frames_full/Train/2100532004.jpg,ok
2100532005.avi,Train,210053,3,/Users/amangoyal/Documents/CVPR 2026 Workshop/frames_full/Train/2100532005.jpg,ok
2100532007.avi,Train,210053,2,/Users/amangoyal/Documents/CVPR 2026 Workshop/frames_full/Train/2100532007.jpg,ok
2100532008.avi,Train,210053,2,/Users/amangoyal/Documents/CVPR 2026 Workshop/frames_full/Train/2100532008.jpg,ok
2100532010.avi,Train,210053,2,/Users/amangoyal/Documents/CVPR 2026 Workshop/frames_full/Train/2100532010.jpg,ok
2100532012.avi,Train,210053,2,/Users/amangoyal/Documents/CVPR 2026 Workshop/frames_full/Train/2100532012.jpg,ok
2100532013.avi,Train,210053,2,/Users/amangoyal/Documents/CVPR 2026 Workshop/frames_full/Train/2100532013.jpg,ok
2100532015.avi,Train,210053,2,/Users/amangoyal/Documents/CVPR 2026 Workshop/frames_full/Train/2100532015.jpg,ok
2100532016.avi,Train,210053,1,/Users/amangoyal/Documents/CVPR 2026 Workshop/frames_full/Train/2100532016.jpg,ok
2100532017.avi,Train,210053,3,/Users/amangoyal/Documents/CVPR 2026 Workshop/frames_full/Train/2100532017.jpg,ok
2100532019.avi,Train,210053,2,/Users/amangoyal/Documents/CVPR 2026 Workshop/frames_full/Train/2100532019.jpg,ok
2100532020.avi,Train,210053,2,/Users/amangoyal/Documents/CVPR 2026 Workshop/frames_full/Train/2100532020.jpg,ok
2100532022.avi,Train,210053,0,/Users/amangoyal/Documents/CVPR 2026 Workshop/frames_full/Train/2100532022.jpg,ok
2100532023.avi,Train,210053,2,/Users/amangoyal/Documents/CVPR 2026 Workshop/frames_full/Train/2100532023.jpg,ok
2100532024.avi,Train,210053,3,/Users/amangoyal/Documents/CVPR 2026 Workshop/frames_full/Train/2100532024.jpg,ok
2100532025.avi,Train,210053,3,/Users/amangoyal/Documents/CVPR 2026 Workshop/frames_full/Train/2100532025.jpg,ok
2100532026.avi,Train,210053,3,/Users/amangoyal/Documents/CVPR 2026 Workshop/frames_full/Train/2100532026.jpg,ok
2100532027.avi,Train,210053,3,/Users/amangoyal/Documents/CVPR 2026 Workshop/frames_full/Train/2100532027.jpg,ok
2100532028.avi,Train,210053,3,/Users/amangoyal/Documents/CVPR 2026 Workshop/frames_full/Train/2100532028.jpg,ok
2100532029.avi,Train,210053,2,/Users/amangoyal/Documents/CVPR 2026 Workshop/frames_full/Train/2100532029.jpg,ok
2100532030.avi,Train,210053,2,/Users/amangoyal/Documents/CVPR 2026 Workshop/frames_full/Train/2100532030.jpg,ok
2100532031.avi,Train,210053,2,/Users/amangoyal/Documents/CVPR 2026 Workshop/frames_full/Train/2100532031.jpg,ok
2100532032.avi,Train,210053,3,/Users/amangoyal/Documents/CVPR 2026 Workshop/frames_full/Train/2100532032.jpg,ok
2100532033.avi,Train,210053,2,/Users/amangoyal/Documents/CVPR 2026 Workshop/frames_full/Train/2100532033.jpg,ok
2100532034.avi,Train,210053,2,/Users/amangoyal/Documents/CVPR 2026 Workshop/frames_full/Train/2100532034.jpg,ok
2100532037.avi,Train,210053,3,/Users/amangoyal/Documents/CVPR 2026 Workshop/frames_full/Train/2100532037.jpg,ok
2100532042.avi,Train,210053,2,/Users/amangoyal/Documents/CVPR 2026 Workshop/frames_full/Train/2100532042.jpg,ok
2100532043.avi,Train,210053,3,/Users/amangoyal/Documents/CVPR 2026 Workshop/frames_full/Train/2100532043.jpg,ok
2100532044.avi,Train,210053,2,/Users/amangoyal/Documents/CVPR 2026 Workshop/frames_full/Train/2100532044.jpg,ok
2100532045.avi,Train,210053,2,/Users/amangoyal/Documents/CVPR 2026 Workshop/frames_full/Train/2100532045.jpg,ok
2100532046.avi,Train,210053,3,/Users/amangoyal/Documents/CVPR 2026 Workshop/frames_full/Train/2100532046.jpg,ok
2100532047.avi,Train,210053,2,/Users/amangoyal/Documents/CVPR 2026 Workshop/frames_full/Train/2100532047.jpg,ok
2100532048.avi,Train,210053,3,/Users/amangoyal/Documents/CVPR 2026 Workshop/frames_full/Train/2100532048.jpg,ok
2100532050.avi,Train,210053,3,/Users/amangoyal/Documents/CVPR 2026 Workshop/frames_full/Train/2100532050.jpg,ok
2100532052.avi,Train,210053,2,/Users/amangoyal/Documents/CVPR 2026 Workshop/frames_full/Train/2100532052.jpg,ok
2100532053.avi,Train,210053,3,/Users/amangoyal/Documents/CVPR 2026 Workshop/frames_full/Train/2100532053.jpg,ok
2100532054.avi,Train,210053,3,/Users/amangoyal/Documents/CVPR 2026 Workshop/frames_full/Train/2100532054.jpg,ok
2100532055.avi,Train,210053,3,/Users/amangoyal/Documents/CVPR 2026 Workshop/frames_full/Train/2100532055.jpg,ok
2100532056.avi,Train,210053,2,/Users/amangoyal/Documents/CVPR 2026 Workshop/frames_full/Train/2100532056.jpg,ok
2100532057.avi,Train,210053,2,/Users/amangoyal/Documents/CVPR 2026 Workshop/frames_full/Train/2100532057.jpg,ok
2100532058.avi,Train,210053,3,/Users/amangoyal/Documents/CVPR 2026 Workshop/frames_full/Train/2100532058.jpg,ok
2100532059.avi,Train,210053,3,/Users/amangoyal/Documents/CVPR 2026 Workshop/frames_full/Train/2100532059.jpg,ok
2100532060.avi,Train,210053,3,/Users/amangoyal/Documents/CVPR 2026 Workshop/frames_full/Train/2100532060.jpg,ok
2100532061.avi,Train,210053,3,/Users/amangoyal/Documents/CVPR 2026 Workshop/frames_full/Train/2100532061.jpg,ok
2100532062.avi,Train,210053,2,/Users/amangoyal/Documents/CVPR 2026 Workshop/frames_full/Train/2100532062.jpg,ok
2100532063.avi,Train,210053,3,/Users/amangoyal/Documents/CVPR 2026 Workshop/frames_full/Train/2100532063.jpg,ok
2100532064.avi,Train,210053,3,/Users/amangoyal/Documents/CVPR 2026 Workshop/frames_full/Train/2100532064.jpg,ok
2100532066.avi,Train,210053,3,/Users/amangoyal/Documents/CVPR 2026 Workshop/frames_full/Train/2100532066.jpg,ok
2100532067.avi,Train,210053,2,/Users/amangoyal/Documents/CVPR 2026 Workshop/frames_full/Train/2100532067.jpg,ok
2100532068.avi,Train,210053,3,/Users/amangoyal/Documents/CVPR 2026 Workshop/frames_full/Train/2100532068.jpg,ok
2100532070.avi,Train,210053,3,/Users/amangoyal/Documents/CVPR 2026 Workshop/frames_full/Train/2100532070.jpg,ok
2100532071.avi,Train,210053,3,/Users/amangoyal/Documents/CVPR 2026 Workshop/frames_full/Train/2100532071.jpg,ok
2100532072.avi,Train,210053,2,/Users/amangoyal/Documents/CVPR 2026 Workshop/frames_full/Train/2100532072.jpg,ok
2100551002.avi,Train,210055,2,/Users/amangoyal/Documents/CVPR 2026 Workshop/frames_full/Train/2100551002.jpg,ok
2100551005.avi,Train,210055,0,/Users/amangoyal/Documents/CVPR 2026 Workshop/frames_full/Train/2100551005.jpg,ok
2100551006.avi,Train,210055,2,/Users/amangoyal/Documents/CVPR 2026 Workshop/frames_full/Train/2100551006.jpg,ok
2100551007.avi,Train,210055,3,/Users/amangoyal/Documents/CVPR 2026 Workshop/frames_full/Train/2100551007.jpg,ok
2100551010.avi,Train,210055,1,/Users/amangoyal/Documents/CVPR 2026 Workshop/frames_full/Train/2100551010.jpg,ok
2100551011.avi,Train,210055,2,/Users/amangoyal/Documents/CVPR 2026 Workshop/frames_full/Train/2100551011.jpg,ok
2100551013.avi,Train,210055,3,/Users/amangoyal/Documents/CVPR 2026 Workshop/frames_full/Train/2100551013.jpg,ok
2100551014.avi,Train,210055,2,/Users/amangoyal/Documents/CVPR 2026 Workshop/frames_full/Train/2100551014.jpg,ok
2100551015.avi,Train,210055,2,/Users/amangoyal/Documents/CVPR 2026 Workshop/frames_full/Train/2100551015.jpg,ok
2100551016.avi,Train,210055,2,/Users/amangoyal/Documents/CVPR 2026 Workshop/frames_full/Train/2100551016.jpg,ok
2100551017.avi,Train,210055,3,/Users/amangoyal/Documents/CVPR 2026 Workshop/frames_full/Train/2100551017.jpg,ok
2100551018.avi,Train,210055,3,/Users/amangoyal/Documents/CVPR 2026 Workshop/frames_full/Train/2100551018.jpg,ok
2100551019.avi,Train,210055,3,/Users/amangoyal/Documents/CVPR 2026 Workshop/frames_full/Train/2100551019.jpg,ok
2100551020.avi,Train,210055,2,/Users/amangoyal/Documents/CVPR 2026 Workshop/frames_full/Train/2100551020.jpg,ok
2100551021.avi,Train,210055,3,/Users/amangoyal/Documents/CVPR 2026 Workshop/frames_full/Train/2100551021.jpg,ok
2100551022.avi,Train,210055,2,/Users/amangoyal/Documents/CVPR 2026 Workshop/frames_full/Train/2100551022.jpg,ok
2100551023.avi,Train,210055,2,/Users/amangoyal/Documents/CVPR 2026 Workshop/frames_full/Train/2100551023.jpg,ok
2100551024.avi,Train,210055,3,/Users/amangoyal/Documents/CVPR 2026 Workshop/frames_full/Train/2100551024.jpg,ok
2100551025.avi,Train,210055,2,/Users/amangoyal/Documents/CVPR 2026 Workshop/frames_full/Train/2100551025.jpg,ok
2100551027.avi,Train,210055,2,/Users/amangoyal/Documents/CVPR 2026 Workshop/frames_full/Train/2100551027.jpg,ok
2100551028.avi,Train,210055,3,/Users/amangoyal/Documents/CVPR 2026 Workshop/frames_full/Train/2100551028.jpg,ok
2100551029.avi,Train,210055,2,/Users/amangoyal/Documents/CVPR 2026 Workshop/frames_full/Train/2100551029.jpg,ok
2100551032.avi,Train,210055,1,/Users/amangoyal/Documents/CVPR 2026 Workshop/frames_full/Train/2100551032.jpg,ok
2100551033.avi,Train,210055,2,/Users/amangoyal/Documents/CVPR 2026 Workshop/frames_full/Train/2100551033.jpg,ok
2100551034.avi,Train,210055,2,/Users/amangoyal/Documents/CVPR 2026 Workshop/frames_full/Train/2100551034.jpg,ok
2100551035.avi,Train,210055,1,/Users/amangoyal/Documents/CVPR 2026 Workshop/frames_full/Train/2100551035.jpg,ok
2100551036.avi,Train,210055,2,/Users/amangoyal/Documents/CVPR 2026 Workshop/frames_full/Train/2100551036.jpg,ok
2100551037.avi,Train,210055,2,/Users/amangoyal/Documents/CVPR 2026 Workshop/frames_full/Train/2100551037.jpg,ok
2100551039.avi,Train,210055,2,/Users/amangoyal/Documents/CVPR 2026 Workshop/frames_full/Train/2100551039.jpg,ok
2100551041.avi,Train,210055,2,/Users/amangoyal/Documents/CVPR 2026 Workshop/frames_full/Train/2100551041.jpg,ok
2100551042.avi,Train,210055,1,/Users/amangoyal/Documents/CVPR 2026 Workshop/frames_full/Train/2100551042.jpg,ok
2100551043.avi,Train,210055,2,/Users/amangoyal/Documents/CVPR 2026 Workshop/frames_full/Train/2100551043.jpg,ok
2100551044.avi,Train,210055,2,/Users/amangoyal/Documents/CVPR 2026 Workshop/frames_full/Train/2100551044.jpg,ok
2100551045.avi,Train,210055,2,/Users/amangoyal/Documents/CVPR 2026 Workshop/frames_full/Train/2100551045.jpg,ok
2100551046.avi,Train,210055,2,/Users/amangoyal/Documents/CVPR 2026 Workshop/frames_full/Train/2100551046.jpg,ok
2100551049.avi,Train,210055,3,/Users/amangoyal/Documents/CVPR 2026 Workshop/frames_full/Train/2100551049.jpg,ok
2100551050.avi,Train,210055,3,/Users/amangoyal/Documents/CVPR 2026 Workshop/frames_full/Train/2100551050.jpg,ok
2100551051.avi,Train,210055,2,/Users/amangoyal/Documents/CVPR 2026 Workshop/frames_full/Train/2100551051.jpg,ok
2100551052.avi,Train,210055,2,/Users/amangoyal/Documents/CVPR 2026 Workshop/frames_full/Train/2100551052.jpg,ok
2100551053.avi,Train,210055,3,/Users/amangoyal/Documents/CVPR 2026 Workshop/frames_full/Train/2100551053.jpg,ok
2100551054.avi,Train,210055,2,/Users/amangoyal/Documents/CVPR 2026 Workshop/frames_full/Train/2100551054.jpg,ok
2100551055.avi,Train,210055,2,/Users/amangoyal/Documents/CVPR 2026 Workshop/frames_full/Train/2100551055.jpg,ok
2100551056.avi,Train,210055,3,/Users/amangoyal/Documents/CVPR 2026 Workshop/frames_full/Train/2100551056.jpg,ok
2100551057.avi,Train,210055,3,/Users/amangoyal/Documents/CVPR 2026 Workshop/frames_full/Train/2100551057.jpg,ok
2100551059.avi,Train,210055,2,/Users/amangoyal/Documents/CVPR 2026 Workshop/frames_full/Train/2100551059.jpg,ok
2100551060.avi,Train,210055,3,/Users/amangoyal/Documents/CVPR 2026 Workshop/frames_full/Train/2100551060.jpg,ok
2100551061.avi,Train,210055,2,/Users/amangoyal/Documents/CVPR 2026 Workshop/frames_full/Train/2100551061.jpg,ok
2100551062.avi,Train,210055,2,/Users/amangoyal/Documents/CVPR 2026 Workshop/frames_full/Train/2100551062.jpg,ok
2100551063.avi,Train,210055,2,/Users/amangoyal/Documents/CVPR 2026 Workshop/frames_full/Train/2100551063.jpg,ok
2100551064.avi,Train,210055,2,/Users/amangoyal/Documents/CVPR 2026 Workshop/frames_full/Train/2100551064.jpg,ok
2100551065.avi,Train,210055,2,/Users/amangoyal/Documents/CVPR 2026 Workshop/frames_full/Train/2100551065.jpg,ok
2100551066.avi,Train,210055,3,/Users/amangoyal/Documents/CVPR 2026 Workshop/frames_full/Train/2100551066.jpg,ok
2100551067.avi,Train,210055,2,/Users/amangoyal/Documents/CVPR 2026 Workshop/frames_full/Train/2100551067.jpg,ok
2100551068.avi,Train,210055,3,/Users/amangoyal/Documents/CVPR 2026 Workshop/frames_full/Train/2100551068.jpg,ok
2100551069.avi,Train,210055,3,/Users/amangoyal/Documents/CVPR 2026 Workshop/frames_full/Train/2100551069.jpg,ok
2100551071.avi,Train,210055,3,/Users/amangoyal/Documents/CVPR 2026 Workshop/frames_full/Train/2100551071.jpg,ok
2100551072.avi,Train,210055,2,/Users/amangoyal/Documents/CVPR 2026 Workshop/frames_full/Train/2100551072.jpg,ok
2100551073.avi,Train,210055,2,/Users/amangoyal/Documents/CVPR 2026 Workshop/frames_full/Train/2100551073.jpg,ok
2100551074.avi,Train,210055,2,/Users/amangoyal/Documents/CVPR 2026 Workshop/frames_full/Train/2100551074.jpg,ok
2100551075.avi,Train,210055,2,/Users/amangoyal/Documents/CVPR 2026 Workshop/frames_full/Train/2100551075.jpg,ok
2100551076.avi,Train,210055,3,/Users/amangoyal/Documents/CVPR 2026 Workshop/frames_full/Train/2100551076.jpg,ok
2100551077.avi,Train,210055,2,/Users/amangoyal/Documents/CVPR 2026 Workshop/frames_full/Train/2100551077.jpg,ok
2100551079.avi,Train,210055,2,/Users/amangoyal/Documents/CVPR 2026 Workshop/frames_full/Train/2100551079.jpg,ok
2100551080.avi,Train,210055,3,/Users/amangoyal/Documents/CVPR 2026 Workshop/frames_full/Train/2100551080.jpg,ok
2100551081.avi,Train,210055,2,/Users/amangoyal/Documents/CVPR 2026 Workshop/frames_full/Train/2100551081.jpg,ok
2100552002.avi,Train,210055,3,/Users/amangoyal/Documents/CVPR 2026 Workshop/frames_full/Train/2100552002.jpg,ok
2100552003.avi,Train,210055,2,/Users/amangoyal/Documents/CVPR 2026 Workshop/frames_full/Train/2100552003.jpg,ok
2100552004.avi,Train,210055,2,/Users/amangoyal/Documents/CVPR 2026 Workshop/frames_full/Train/2100552004.jpg,ok
2100552005.avi,Train,210055,2,/Users/amangoyal/Documents/CVPR 2026 Workshop/frames_full/Train/2100552005.jpg,ok
2100552006.avi,Train,210055,2,/Users/amangoyal/Documents/CVPR 2026 Workshop/frames_full/Train/2100552006.jpg,ok
2100552007.avi,Train,210055,2,/Users/amangoyal/Documents/CVPR 2026 Workshop/frames_full/Train/2100552007.jpg,ok
2100552008.avi,Train,210055,2,/Users/amangoyal/Documents/CVPR 2026 Workshop/frames_full/Train/2100552008.jpg,ok
2100552009.avi,Train,210055,3,/Users/amangoyal/Documents/CVPR 2026 Workshop/frames_full/Train/2100552009.jpg,ok
2100552010.avi,Train,210055,2,/Users/amangoyal/Documents/CVPR 2026 Workshop/frames_full/Train/2100552010.jpg,ok
2100552011.avi,Train,210055,2,/Users/amangoyal/Documents/CVPR 2026 Workshop/frames_full/Train/2100552011.jpg,ok
2100552012.avi,Train,210055,2,/Users/amangoyal/Documents/CVPR 2026 Workshop/frames_full/Train/2100552012.jpg,ok
2100552013.avi,Train,210055,2,/Users/amangoyal/Documents/CVPR 2026 Workshop/frames_full/Train/2100552013.jpg,ok
2100552014.avi,Train,210055,2,/Users/amangoyal/Documents/CVPR 2026 Workshop/frames_full/Train/2100552014.jpg,ok
2100552015.avi,Train,210055,3,/Users/amangoyal/Documents/CVPR 2026 Workshop/frames_full/Train/2100552015.jpg,ok
2100552016.avi,Train,210055,2,/Users/amangoyal/Documents/CVPR 2026 Workshop/frames_full/Train/2100552016.jpg,ok
2100552017.avi,Train,210055,2,/Users/amangoyal/Documents/CVPR 2026 Workshop/frames_full/Train/2100552017.jpg,ok
2100552018.avi,Train,210055,2,/Users/amangoyal/Documents/CVPR 2026 Workshop/frames_full/Train/2100552018.jpg,ok
2100552019.avi,Train,210055,3,/Users/amangoyal/Documents/CVPR 2026 Workshop/frames_full/Train/2100552019.jpg,ok
2100552021.avi,Train,210055,2,/Users/amangoyal/Documents/CVPR 2026 Workshop/frames_full/Train/2100552021.jpg,ok
2100552022.avi,Train,210055,3,/Users/amangoyal/Documents/CVPR 2026 Workshop/frames_full/Train/2100552022.jpg,ok
2100552023.avi,Train,210055,2,/Users/amangoyal/Documents/CVPR 2026 Workshop/frames_full/Train/2100552023.jpg,ok
2100552024.avi,Train,210055,2,/Users/amangoyal/Documents/CVPR 2026 Workshop/frames_full/Train/2100552024.jpg,ok
2100552025.avi,Train,210055,3,/Users/amangoyal/Documents/CVPR 2026 Workshop/frames_full/Train/2100552025.jpg,ok
2100552027.avi,Train,210055,3,/Users/amangoyal/Documents/CVPR 2026 Workshop/frames_full/Train/2100552027.jpg,ok
2100552028.avi,Train,210055,3,/Users/amangoyal/Documents/CVPR 2026 Workshop/frames_full/Train/2100552028.jpg,ok
2100552029.avi,Train,210055,3,/Users/amangoyal/Documents/CVPR 2026 Workshop/frames_full/Train/2100552029.jpg,ok
2100552030.avi,Train,210055,3,/Users/amangoyal/Documents/CVPR 2026 Workshop/frames_full/Train/2100552030.jpg,ok
2100552031.avi,Train,210055,2,/Users/amangoyal/Documents/CVPR 2026 Workshop/frames_full/Train/2100552031.jpg,ok
2100552032.avi,Train,210055,3,/Users/amangoyal/Documents/CVPR 2026 Workshop/frames_full/Train/2100552032.jpg,ok
2100552033.avi,Train,210055,3,/Users/amangoyal/Documents/CVPR 2026 Workshop/frames_full/Train/2100552033.jpg,ok
2100552034.avi,Train,210055,3,/Users/amangoyal/Documents/CVPR 2026 Workshop/frames_full/Train/2100552034.jpg,ok
2100552035.avi,Train,210055,2,/Users/amangoyal/Documents/CVPR 2026 Workshop/frames_full/Train/2100552035.jpg,ok
2100552037.avi,Train,210055,2,/Users/amangoyal/Documents/CVPR 2026 Workshop/frames_full/Train/2100552037.jpg,ok
2100552038.avi,Train,210055,2,/Users/amangoyal/Documents/CVPR 2026 Workshop/frames_full/Train/2100552038.jpg,ok
2100552039.avi,Train,210055,2,/Users/amangoyal/Documents/CVPR 2026 Workshop/frames_full/Train/2100552039.jpg,ok
2100552041.avi,Train,210055,2,/Users/amangoyal/Documents/CVPR 2026 Workshop/frames_full/Train/2100552041.jpg,ok
2100552042.avi,Train,210055,3,/Users/amangoyal/Documents/CVPR 2026 Workshop/frames_full/Train/2100552042.jpg,ok
2100552043.avi,Train,210055,2,/Users/amangoyal/Documents/CVPR 2026 Workshop/frames_full/Train/2100552043.jpg,ok
2100552044.avi,Train,210055,3,/Users/amangoyal/Documents/CVPR 2026 Workshop/frames_full/Train/2100552044.jpg,ok
2100552045.avi,Train,210055,2,/Users/amangoyal/Documents/CVPR 2026 Workshop/frames_full/Train/2100552045.jpg,ok
2100552047.avi,Train,210055,3,/Users/amangoyal/Documents/CVPR 2026 Workshop/frames_full/Train/2100552047.jpg,ok
2100552048.avi,Train,210055,1,/Users/amangoyal/Documents/CVPR 2026 Workshop/frames_full/Train/2100552048.jpg,ok
2100552051.avi,Train,210055,3,/Users/amangoyal/Documents/CVPR 2026 Workshop/frames_full/Train/2100552051.jpg,ok
2100552052.avi,Train,210055,3,/Users/amangoyal/Documents/CVPR 2026 Workshop/frames_full/Train/2100552052.jpg,ok
2100552053.avi,Train,210055,2,/Users/amangoyal/Documents/CVPR 2026 Workshop/frames_full/Train/2100552053.jpg,ok
2100552055.avi,Train,210055,2,/Users/amangoyal/Documents/CVPR 2026 Workshop/frames_full/Train/2100552055.jpg,ok
2100552057.avi,Train,210055,3,/Users/amangoyal/Documents/CVPR 2026 Workshop/frames_full/Train/2100552057.jpg,ok
2100552059.avi,Train,210055,3,/Users/amangoyal/Documents/CVPR 2026 Workshop/frames_full/Train/2100552059.jpg,ok
2100552060.avi,Train,210055,2,/Users/amangoyal/Documents/CVPR 2026 Workshop/frames_full/Train/2100552060.jpg,ok
2100552061.avi,Train,210055,3,/Users/amangoyal/Documents/CVPR 2026 Workshop/frames_full/Train/2100552061.jpg,ok
2100552062.avi,Train,210055,2,/Users/amangoyal/Documents/CVPR 2026 Workshop/frames_full/Train/2100552062.jpg,ok
2100552063.avi,Train,210055,1,/Users/amangoyal/Documents/CVPR 2026 Workshop/frames_full/Train/2100552063.jpg,ok
2100552065.avi,Train,210055,2,/Users/amangoyal/Documents/CVPR 2026 Workshop/frames_full/Train/2100552065.jpg,ok
2100552066.avi,Train,210055,2,/Users/amangoyal/Documents/CVPR 2026 Workshop/frames_full/Train/2100552066.jpg,ok
2100552068.avi,Train,210055,2,/Users/amangoyal/Documents/CVPR 2026 Workshop/frames_full/Train/2100552068.jpg,ok
2100552072.avi,Train,210055,2,/Users/amangoyal/Documents/CVPR 2026 Workshop/frames_full/Train/2100552072.jpg,ok
2100561006.avi,Train,210056,2,/Users/amangoyal/Documents/CVPR 2026 Workshop/frames_full/Train/2100561006.jpg,ok
2100561010.avi,Train,210056,2,/Users/amangoyal/Documents/CVPR 2026 Workshop/frames_full/Train/2100561010.jpg,ok
2100561011.avi,Train,210056,2,/Users/amangoyal/Documents/CVPR 2026 Workshop/frames_full/Train/2100561011.jpg,ok
2100561013.avi,Train,210056,3,/Users/amangoyal/Documents/CVPR 2026 Workshop/frames_full/Train/2100561013.jpg,ok
2100561014.avi,Train,210056,3,/Users/amangoyal/Documents/CVPR 2026 Workshop/frames_full/Train/2100561014.jpg,ok
2100561015.avi,Train,210056,2,/Users/amangoyal/Documents/CVPR 2026 Workshop/frames_full/Train/2100561015.jpg,ok
2100561016.avi,Train,210056,2,/Users/amangoyal/Documents/CVPR 2026 Workshop/frames_full/Train/2100561016.jpg,ok
2100561018.avi,Train,210056,3,/Users/amangoyal/Documents/CVPR 2026 Workshop/frames_full/Train/2100561018.jpg,ok
2100561019.avi,Train,210056,3,/Users/amangoyal/Documents/CVPR 2026 Workshop/frames_full/Train/2100561019.jpg,ok
2100561020.avi,Train,210056,3,/Users/amangoyal/Documents/CVPR 2026 Workshop/frames_full/Train/2100561020.jpg,ok
2100561021.avi,Train,210056,3,/Users/amangoyal/Documents/CVPR 2026 Workshop/frames_full/Train/2100561021.jpg,ok
2100561022.avi,Train,210056,2,/Users/amangoyal/Documents/CVPR 2026 Workshop/frames_full/Train/2100561022.jpg,ok
2100561023.avi,Train,210056,3,/Users/amangoyal/Documents/CVPR 2026 Workshop/frames_full/Train/2100561023.jpg,ok
2100561024.avi,Train,210056,2,/Users/amangoyal/Documents/CVPR 2026 Workshop/frames_full/Train/2100561024.jpg,ok
2100561027.avi,Train,210056,3,/Users/amangoyal/Documents/CVPR 2026 Workshop/frames_full/Train/2100561027.jpg,ok
2100561029.avi,Train,210056,3,/Users/amangoyal/Documents/CVPR 2026 Workshop/frames_full/Train/2100561029.jpg,ok
2100561032.avi,Train,210056,2,/Users/amangoyal/Documents/CVPR 2026 Workshop/frames_full/Train/2100561032.jpg,ok
2100561038.avi,Train,210056,2,/Users/amangoyal/Documents/CVPR 2026 Workshop/frames_full/Train/2100561038.jpg,ok
2100561043.avi,Train,210056,3,/Users/amangoyal/Documents/CVPR 2026 Workshop/frames_full/Train/2100561043.jpg,ok
2100561044.avi,Train,210056,3,/Users/amangoyal/Documents/CVPR 2026 Workshop/frames_full/Train/2100561044.jpg,ok
2100561046.avi,Train,210056,3,/Users/amangoyal/Documents/CVPR 2026 Workshop/frames_full/Train/2100561046.jpg,ok
2100561051.avi,Train,210056,2,/Users/amangoyal/Documents/CVPR 2026 Workshop/frames_full/Train/2100561051.jpg,ok
2100561052.avi,Train,210056,3,/Users/amangoyal/Documents/CVPR 2026 Workshop/frames_full/Train/2100561052.jpg,ok
2100561053.avi,Train,210056,3,/Users/amangoyal/Documents/CVPR 2026 Workshop/frames_full/Train/2100561053.jpg,ok
2100561054.avi,Train,210056,2,/Users/amangoyal/Documents/CVPR 2026 Workshop/frames_full/Train/2100561054.jpg,ok
2100561056.avi,Train,210056,2,/Users/amangoyal/Documents/CVPR 2026 Workshop/frames_full/Train/2100561056.jpg,ok
2100561057.avi,Train,210056,3,/Users/amangoyal/Documents/CVPR 2026 Workshop/frames_full/Train/2100561057.jpg,ok
2100561058.avi,Train,210056,3,/Users/amangoyal/Documents/CVPR 2026 Workshop/frames_full/Train/2100561058.jpg,ok
2100561059.avi,Train,210056,3,/Users/amangoyal/Documents/CVPR 2026 Workshop/frames_full/Train/2100561059.jpg,ok
2100561062.avi,Train,210056,3,/Users/amangoyal/Documents/CVPR 2026 Workshop/frames_full/Train/2100561062.jpg,ok
2100561063.avi,Train,210056,2,/Users/amangoyal/Documents/CVPR 2026 Workshop/frames_full/Train/2100561063.jpg,ok
2100561064.avi,Train,210056,3,/Users/amangoyal/Documents/CVPR 2026 Workshop/frames_full/Train/2100561064.jpg,ok
2100561065.avi,Train,210056,3,/Users/amangoyal/Documents/CVPR 2026 Workshop/frames_full/Train/2100561065.jpg,ok
2100561070.avi,Train,210056,3,/Users/amangoyal/Documents/CVPR 2026 Workshop/frames_full/Train/2100561070.jpg,ok
2100561071.avi,Train,210056,2,/Users/amangoyal/Documents/CVPR 2026 Workshop/frames_full/Train/2100561071.jpg,ok
2100561074.avi,Train,210056,3,/Users/amangoyal/Documents/CVPR 2026 Workshop/frames_full/Train/2100561074.jpg,ok
2100561079.avi,Train,210056,2,/Users/amangoyal/Documents/CVPR 2026 Workshop/frames_full/Train/2100561079.jpg,ok
2100562001.avi,Train,210056,3,/Users/amangoyal/Documents/CVPR 2026 Workshop/frames_full/Train/2100562001.jpg,ok
2100562002.avi,Train,210056,3,/Users/amangoyal/Documents/CVPR 2026 Workshop/frames_full/Train/2100562002.jpg,ok
2100562003.avi,Train,210056,3,/Users/amangoyal/Documents/CVPR 2026 Workshop/frames_full/Train/2100562003.jpg,ok
2100562004.avi,Train,210056,3,/Users/amangoyal/Documents/CVPR 2026 Workshop/frames_full/Train/2100562004.jpg,ok
2100562005.avi,Train,210056,2,/Users/amangoyal/Documents/CVPR 2026 Workshop/frames_full/Train/2100562005.jpg,ok
2100562007.avi,Train,210056,3,/Users/amangoyal/Documents/CVPR 2026 Workshop/frames_full/Train/2100562007.jpg,ok
2100562008.avi,Train,210056,2,/Users/amangoyal/Documents/CVPR 2026 Workshop/frames_full/Train/2100562008.jpg,ok
2100562009.avi,Train,210056,3,/Users/amangoyal/Documents/CVPR 2026 Workshop/frames_full/Train/2100562009.jpg,ok
2100562010.avi,Train,210056,3,/Users/amangoyal/Documents/CVPR 2026 Workshop/frames_full/Train/2100562010.jpg,ok
2100562011.avi,Train,210056,3,/Users/amangoyal/Documents/CVPR 2026 Workshop/frames_full/Train/2100562011.jpg,ok
2100562012.avi,Train,210056,3,/Users/amangoyal/Documents/CVPR 2026 Workshop/frames_full/Train/2100562012.jpg,ok
2100562013.avi,Train,210056,2,/Users/amangoyal/Documents/CVPR 2026 Workshop/frames_full/Train/2100562013.jpg,ok
2100562014.avi,Train,210056,3,/Users/amangoyal/Documents/CVPR 2026 Workshop/frames_full/Train/2100562014.jpg,ok
2100562015.avi,Train,210056,3,/Users/amangoyal/Documents/CVPR 2026 Workshop/frames_full/Train/2100562015.jpg,ok
2100562017.avi,Train,210056,3,/Users/amangoyal/Documents/CVPR 2026 Workshop/frames_full/Train/2100562017.jpg,ok
2100562018.avi,Train,210056,3,/Users/amangoyal/Documents/CVPR 2026 Workshop/frames_full/Train/2100562018.jpg,ok
2100562019.avi,Train,210056,1,/Users/amangoyal/Documents/CVPR 2026 Workshop/frames_full/Train/2100562019.jpg,ok
2100562020.avi,Train,210056,2,/Users/amangoyal/Documents/CVPR 2026 Workshop/frames_full/Train/2100562020.jpg,ok
2100562024.avi,Train,210056,1,/Users/amangoyal/Documents/CVPR 2026 Workshop/frames_full/Train/2100562024.jpg,ok
2100562026.avi,Train,210056,2,/Users/amangoyal/Documents/CVPR 2026 Workshop/frames_full/Train/2100562026.jpg,ok
2100562027.avi,Train,210056,2,/Users/amangoyal/Documents/CVPR 2026 Workshop/frames_full/Train/2100562027.jpg,ok
2100562029.avi,Train,210056,3,/Users/amangoyal/Documents/CVPR 2026 Workshop/frames_full/Train/2100562029.jpg,ok
2100562030.avi,Train,210056,2,/Users/amangoyal/Documents/CVPR 2026 Workshop/frames_full/Train/2100562030.jpg,ok
2100562032.avi,Train,210056,2,/Users/amangoyal/Documents/CVPR 2026 Workshop/frames_full/Train/2100562032.jpg,ok
2100562033.avi,Train,210056,2,/Users/amangoyal/Documents/CVPR 2026 Workshop/frames_full/Train/2100562033.jpg,ok
2100562034.avi,Train,210056,3,/Users/amangoyal/Documents/CVPR 2026 Workshop/frames_full/Train/2100562034.jpg,ok
2100562035.avi,Train,210056,3,/Users/amangoyal/Documents/CVPR 2026 Workshop/frames_full/Train/2100562035.jpg,ok
2100562037.avi,Train,210056,3,/Users/amangoyal/Documents/CVPR 2026 Workshop/frames_full/Train/2100562037.jpg,ok
2100562038.avi,Train,210056,2,/Users/amangoyal/Documents/CVPR 2026 Workshop/frames_full/Train/2100562038.jpg,ok
2100562039.avi,Train,210056,2,/Users/amangoyal/Documents/CVPR 2026 Workshop/frames_full/Train/2100562039.jpg,ok
2100562040.avi,Train,210056,2,/Users/amangoyal/Documents/CVPR 2026 Workshop/frames_full/Train/2100562040.jpg,ok
2100562042.avi,Train,210056,3,/Users/amangoyal/Documents/CVPR 2026 Workshop/frames_full/Train/2100562042.jpg,ok
2100562043.avi,Train,210056,2,/Users/amangoyal/Documents/CVPR 2026 Workshop/frames_full/Train/2100562043.jpg,ok
2100562044.avi,Train,210056,2,/Users/amangoyal/Documents/CVPR 2026 Workshop/frames_full/Train/2100562044.jpg,ok
2100562046.avi,Train,210056,2,/Users/amangoyal/Documents/CVPR 2026 Workshop/frames_full/Train/2100562046.jpg,ok
2100562047.avi,Train,210056,3,/Users/amangoyal/Documents/CVPR 2026 Workshop/frames_full/Train/2100562047.jpg,ok
2100562048.avi,Train,210056,3,/Users/amangoyal/Documents/CVPR 2026 Workshop/frames_full/Train/2100562048.jpg,ok
2100562049.avi,Train,210056,2,/Users/amangoyal/Documents/CVPR 2026 Workshop/frames_full/Train/2100562049.jpg,ok
2100562050.avi,Train,210056,2,/Users/amangoyal/Documents/CVPR 2026 Workshop/frames_full/Train/2100562050.jpg,ok
2100562051.avi,Train,210056,2,/Users/amangoyal/Documents/CVPR 2026 Workshop/frames_full/Train/2100562051.jpg,ok
2100562053.avi,Train,210056,3,/Users/amangoyal/Documents/CVPR 2026 Workshop/frames_full/Train/2100562053.jpg,ok
2100562054.avi,Train,210056,2,/Users/amangoyal/Documents/CVPR 2026 Workshop/frames_full/Train/2100562054.jpg,ok
2100562055.avi,Train,210056,2,/Users/amangoyal/Documents/CVPR 2026 Workshop/frames_full/Train/2100562055.jpg,ok
2100562056.avi,Train,210056,3,/Users/amangoyal/Documents/CVPR 2026 Workshop/frames_full/Train/2100562056.jpg,ok
2100562058.avi,Train,210056,3,/Users/amangoyal/Documents/CVPR 2026 Workshop/frames_full/Train/2100562058.jpg,ok
2100562059.avi,Train,210056,3,/Users/amangoyal/Documents/CVPR 2026 Workshop/frames_full/Train/2100562059.jpg,ok
2100562060.avi,Train,210056,2,/Users/amangoyal/Documents/CVPR 2026 Workshop/frames_full/Train/2100562060.jpg,ok
2100562061.avi,Train,210056,3,/Users/amangoyal/Documents/CVPR 2026 Workshop/frames_full/Train/2100562061.jpg,ok
2100571001.avi,Train,210057,2,/Users/amangoyal/Documents/CVPR 2026 Workshop/frames_full/Train/2100571001.jpg,ok
2100571002.avi,Train,210057,1,/Users/amangoyal/Documents/CVPR 2026 Workshop/frames_full/Train/2100571002.jpg,ok
2100571004.avi,Train,210057,2,/Users/amangoyal/Documents/CVPR 2026 Workshop/frames_full/Train/2100571004.jpg,ok
2100571007.avi,Train,210057,1,/Users/amangoyal/Documents/CVPR 2026 Workshop/frames_full/Train/2100571007.jpg,ok
2100571008.avi,Train,210057,3,/Users/amangoyal/Documents/CVPR 2026 Workshop/frames_full/Train/2100571008.jpg,ok
2100571009.avi,Train,210057,2,/Users/amangoyal/Documents/CVPR 2026 Workshop/frames_full/Train/2100571009.jpg,ok
2100571011.avi,Train,210057,2,/Users/amangoyal/Documents/CVPR 2026 Workshop/frames_full/Train/2100571011.jpg,ok
2100571012.avi,Train,210057,2,/Users/amangoyal/Documents/CVPR 2026 Workshop/frames_full/Train/2100571012.jpg,ok
2100571013.avi,Train,210057,3,/Users/amangoyal/Documents/CVPR 2026 Workshop/frames_full/Train/2100571013.jpg,ok
2100571015.avi,Train,210057,2,/Users/amangoyal/Documents/CVPR 2026 Workshop/frames_full/Train/2100571015.jpg,ok
2100571017.avi,Train,210057,2,/Users/amangoyal/Documents/CVPR 2026 Workshop/frames_full/Train/2100571017.jpg,ok
2100571018.avi,Train,210057,2,/Users/amangoyal/Documents/CVPR 2026 Workshop/frames_full/Train/2100571018.jpg,ok
2100571019.avi,Train,210057,2,/Users/amangoyal/Documents/CVPR 2026 Workshop/frames_full/Train/2100571019.jpg,ok
2100571020.avi,Train,210057,2,/Users/amangoyal/Documents/CVPR 2026 Workshop/frames_full/Train/2100571020.jpg,ok
2100571021.avi,Train,210057,1,/Users/amangoyal/Documents/CVPR 2026 Workshop/frames_full/Train/2100571021.jpg,ok
2100571022.avi,Train,210057,2,/Users/amangoyal/Documents/CVPR 2026 Workshop/frames_full/Train/2100571022.jpg,ok
2100571023.avi,Train,210057,1,/Users/amangoyal/Documents/CVPR 2026 Workshop/frames_full/Train/2100571023.jpg,ok
2100571024.avi,Train,210057,2,/Users/amangoyal/Documents/CVPR 2026 Workshop/frames_full/Train/2100571024.jpg,ok
2100571025.avi,Train,210057,2,/Users/amangoyal/Documents/CVPR 2026 Workshop/frames_full/Train/2100571025.jpg,ok
2100571027.avi,Train,210057,2,/Users/amangoyal/Documents/CVPR 2026 Workshop/frames_full/Train/2100571027.jpg,ok
2100571029.avi,Train,210057,2,/Users/amangoyal/Documents/CVPR 2026 Workshop/frames_full/Train/2100571029.jpg,ok
2100571030.avi,Train,210057,2,/Users/amangoyal/Documents/CVPR 2026 Workshop/frames_full/Train/2100571030.jpg,ok
2100571031.avi,Train,210057,2,/Users/amangoyal/Documents/CVPR 2026 Workshop/frames_full/Train/2100571031.jpg,ok
2100571033.avi,Train,210057,2,/Users/amangoyal/Documents/CVPR 2026 Workshop/frames_full/Train/2100571033.jpg,ok
2100571034.avi,Train,210057,2,/Users/amangoyal/Documents/CVPR 2026 Workshop/frames_full/Train/2100571034.jpg,ok
2100571036.avi,Train,210057,2,/Users/amangoyal/Documents/CVPR 2026 Workshop/frames_full/Train/2100571036.jpg,ok
2100571038.avi,Train,210057,1,/Users/amangoyal/Documents/CVPR 2026 Workshop/frames_full/Train/2100571038.jpg,ok
2100571039.avi,Train,210057,2,/Users/amangoyal/Documents/CVPR 2026 Workshop/frames_full/Train/2100571039.jpg,ok
2100571040.avi,Train,210057,3,/Users/amangoyal/Documents/CVPR 2026 Workshop/frames_full/Train/2100571040.jpg,ok
2100571041.avi,Train,210057,3,/Users/amangoyal/Documents/CVPR 2026 Workshop/frames_full/Train/2100571041.jpg,ok
2100571042.avi,Train,210057,3,/Users/amangoyal/Documents/CVPR 2026 Workshop/frames_full/Train/2100571042.jpg,ok
2100571044.avi,Train,210057,1,/Users/amangoyal/Documents/CVPR 2026 Workshop/frames_full/Train/2100571044.jpg,ok
2100571045.avi,Train,210057,3,/Users/amangoyal/Documents/CVPR 2026 Workshop/frames_full/Train/2100571045.jpg,ok
2100571046.avi,Train,210057,3,/Users/amangoyal/Documents/CVPR 2026 Workshop/frames_full/Train/2100571046.jpg,ok
2100571047.avi,Train,210057,2,/Users/amangoyal/Documents/CVPR 2026 Workshop/frames_full/Train/2100571047.jpg,ok
2100571048.avi,Train,210057,3,/Users/amangoyal/Documents/CVPR 2026 Workshop/frames_full/Train/2100571048.jpg,ok
2100571049.avi,Train,210057,1,/Users/amangoyal/Documents/CVPR 2026 Workshop/frames_full/Train/2100571049.jpg,ok
2100571050.avi,Train,210057,2,/Users/amangoyal/Documents/CVPR 2026 Workshop/frames_full/Train/2100571050.jpg,ok
2100571051.avi,Train,210057,2,/Users/amangoyal/Documents/CVPR 2026 Workshop/frames_full/Train/2100571051.jpg,ok
2100571052.avi,Train,210057,2,/Users/amangoyal/Documents/CVPR 2026 Workshop/frames_full/Train/2100571052.jpg,ok
2100571053.avi,Train,210057,2,/Users/amangoyal/Documents/CVPR 2026 Workshop/frames_full/Train/2100571053.jpg,ok
2100571055.avi,Train,210057,3,/Users/amangoyal/Documents/CVPR 2026 Workshop/frames_full/Train/2100571055.jpg,ok
2100571056.avi,Train,210057,2,/Users/amangoyal/Documents/CVPR 2026 Workshop/frames_full/Train/2100571056.jpg,ok
2100571057.avi,Train,210057,2,/Users/amangoyal/Documents/CVPR 2026 Workshop/frames_full/Train/2100571057.jpg,ok
2100571058.avi,Train,210057,2,/Users/amangoyal/Documents/CVPR 2026 Workshop/frames_full/Train/2100571058.jpg,ok
2100571061.avi,Train,210057,2,/Users/amangoyal/Documents/CVPR 2026 Workshop/frames_full/Train/2100571061.jpg,ok
2100571062.avi,Train,210057,1,/Users/amangoyal/Documents/CVPR 2026 Workshop/frames_full/Train/2100571062.jpg,ok
2100571063.avi,Train,210057,2,/Users/amangoyal/Documents/CVPR 2026 Workshop/frames_full/Train/2100571063.jpg,ok
2100571064.avi,Train,210057,2,/Users/amangoyal/Documents/CVPR 2026 Workshop/frames_full/Train/2100571064.jpg,ok
2100571065.avi,Train,210057,3,/Users/amangoyal/Documents/CVPR 2026 Workshop/frames_full/Train/2100571065.jpg,ok
2100571066.avi,Train,210057,2,/Users/amangoyal/Documents/CVPR 2026 Workshop/frames_full/Train/2100571066.jpg,ok
2100571067.avi,Train,210057,2,/Users/amangoyal/Documents/CVPR 2026 Workshop/frames_full/Train/2100571067.jpg,ok
2100571068.avi,Train,210057,2,/Users/amangoyal/Documents/CVPR 2026 Workshop/frames_full/Train/2100571068.jpg,ok
2100571069.avi,Train,210057,2,/Users/amangoyal/Documents/CVPR 2026 Workshop/frames_full/Train/2100571069.jpg,ok
2100571070.avi,Train,210057,2,/Users/amangoyal/Documents/CVPR 2026 Workshop/frames_full/Train/2100571070.jpg,ok
2100571072.avi,Train,210057,3,/Users/amangoyal/Documents/CVPR 2026 Workshop/frames_full/Train/2100571072.jpg,ok
2100571073.avi,Train,210057,2,/Users/amangoyal/Documents/CVPR 2026 Workshop/frames_full/Train/2100571073.jpg,ok
2100571074.avi,Train,210057,2,/Users/amangoyal/Documents/CVPR 2026 Workshop/frames_full/Train/2100571074.jpg,ok
2100571075.avi,Train,210057,3,/Users/amangoyal/Documents/CVPR 2026 Workshop/frames_full/Train/2100571075.jpg,ok
2100571077.avi,Train,210057,3,/Users/amangoyal/Documents/CVPR 2026 Workshop/frames_full/Train/2100571077.jpg,ok
2100571078.avi,Train,210057,3,/Users/amangoyal/Documents/CVPR 2026 Workshop/frames_full/Train/2100571078.jpg,ok
2100571079.avi,Train,210057,2,/Users/amangoyal/Documents/CVPR 2026 Workshop/frames_full/Train/2100571079.jpg,ok
2100571081.avi,Train,210057,3,/Users/amangoyal/Documents/CVPR 2026 Workshop/frames_full/Train/2100571081.jpg,ok
2100571082.avi,Train,210057,2,/Users/amangoyal/Documents/CVPR 2026 Workshop/frames_full/Train/2100571082.jpg,ok
2100572001.avi,Train,210057,2,/Users/amangoyal/Documents/CVPR 2026 Workshop/frames_full/Train/2100572001.jpg,ok
2100572002.avi,Train,210057,3,/Users/amangoyal/Documents/CVPR 2026 Workshop/frames_full/Train/2100572002.jpg,ok
2100572004.avi,Train,210057,2,/Users/amangoyal/Documents/CVPR 2026 Workshop/frames_full/Train/2100572004.jpg,ok
2100572006.avi,Train,210057,3,/Users/amangoyal/Documents/CVPR 2026 Workshop/frames_full/Train/2100572006.jpg,ok
2100572009.avi,Train,210057,2,/Users/amangoyal/Documents/CVPR 2026 Workshop/frames_full/Train/2100572009.jpg,ok
2100572010.avi,Train,210057,3,/Users/amangoyal/Documents/CVPR 2026 Workshop/frames_full/Train/2100572010.jpg,ok
2100572011.avi,Train,210057,3,/Users/amangoyal/Documents/CVPR 2026 Workshop/frames_full/Train/2100572011.jpg,ok
2100572012.avi,Train,210057,2,/Users/amangoyal/Documents/CVPR 2026 Workshop/frames_full/Train/2100572012.jpg,ok
2100572013.avi,Train,210057,3,/Users/amangoyal/Documents/CVPR 2026 Workshop/frames_full/Train/2100572013.jpg,ok
2100572015.avi,Train,210057,3,/Users/amangoyal/Documents/CVPR 2026 Workshop/frames_full/Train/2100572015.jpg,ok
2100572017.avi,Train,210057,3,/Users/amangoyal/Documents/CVPR 2026 Workshop/frames_full/Train/2100572017.jpg,ok
2100572018.avi,Train,210057,3,/Users/amangoyal/Documents/CVPR 2026 Workshop/frames_full/Train/2100572018.jpg,ok
2100572019.avi,Train,210057,2,/Users/amangoyal/Documents/CVPR 2026 Workshop/frames_full/Train/2100572019.jpg,ok
2100572020.avi,Train,210057,2,/Users/amangoyal/Documents/CVPR 2026 Workshop/frames_full/Train/2100572020.jpg,ok
2100572021.avi,Train,210057,1,/Users/amangoyal/Documents/CVPR 2026 Workshop/frames_full/Train/2100572021.jpg,ok
2100572023.avi,Train,210057,2,/Users/amangoyal/Documents/CVPR 2026 Workshop/frames_full/Train/2100572023.jpg,ok
2100572024.avi,Train,210057,3,/Users/amangoyal/Documents/CVPR 2026 Workshop/frames_full/Train/2100572024.jpg,ok
2100572025.avi,Train,210057,2,/Users/amangoyal/Documents/CVPR 2026 Workshop/frames_full/Train/2100572025.jpg,ok
2100572026.avi,Train,210057,2,/Users/amangoyal/Documents/CVPR 2026 Workshop/frames_full/Train/2100572026.jpg,ok
2100572027.avi,Train,210057,2,/Users/amangoyal/Documents/CVPR 2026 Workshop/frames_full/Train/2100572027.jpg,ok
2100572028.avi,Train,210057,2,/Users/amangoyal/Documents/CVPR 2026 Workshop/frames_full/Train/2100572028.jpg,ok
2100572029.avi,Train,210057,2,/Users/amangoyal/Documents/CVPR 2026 Workshop/frames_full/Train/2100572029.jpg,ok
2100572030.avi,Train,210057,2,/Users/amangoyal/Documents/CVPR 2026 Workshop/frames_full/Train/2100572030.jpg,ok
2100572032.avi,Train,210057,2,/Users/amangoyal/Documents/CVPR 2026 Workshop/frames_full/Train/2100572032.jpg,ok
2100572033.avi,Train,210057,3,/Users/amangoyal/Documents/CVPR 2026 Workshop/frames_full/Train/2100572033.jpg,ok
2100572034.avi,Train,210057,2,/Users/amangoyal/Documents/CVPR 2026 Workshop/frames_full/Train/2100572034.jpg,ok
2100572036.avi,Train,210057,2,/Users/amangoyal/Documents/CVPR 2026 Workshop/frames_full/Train/2100572036.jpg,ok
2100572038.avi,Train,210057,2,/Users/amangoyal/Documents/CVPR 2026 Workshop/frames_full/Train/2100572038.jpg,ok
2100572039.avi,Train,210057,3,/Users/amangoyal/Documents/CVPR 2026 Workshop/frames_full/Train/2100572039.jpg,ok
2100572040.avi,Train,210057,2,/Users/amangoyal/Documents/CVPR 2026 Workshop/frames_full/Train/2100572040.jpg,ok
2100572041.avi,Train,210057,3,/Users/amangoyal/Documents/CVPR 2026 Workshop/frames_full/Train/2100572041.jpg,ok
2100572042.avi,Train,210057,2,/Users/amangoyal/Documents/CVPR 2026 Workshop/frames_full/Train/2100572042.jpg,ok
2100572043.avi,Train,210057,2,/Users/amangoyal/Documents/CVPR 2026 Workshop/frames_full/Train/2100572043.jpg,ok
2100572044.avi,Train,210057,2,/Users/amangoyal/Documents/CVPR 2026 Workshop/frames_full/Train/2100572044.jpg,ok
2100572045.avi,Train,210057,2,/Users/amangoyal/Documents/CVPR 2026 Workshop/frames_full/Train/2100572045.jpg,ok
2100572046.avi,Train,210057,3,/Users/amangoyal/Documents/CVPR 2026 Workshop/frames_full/Train/2100572046.jpg,ok
2100572047.avi,Train,210057,3,/Users/amangoyal/Documents/CVPR 2026 Workshop/frames_full/Train/2100572047.jpg,ok
2100572048.avi,Train,210057,3,/Users/amangoyal/Documents/CVPR 2026 Workshop/frames_full/Train/2100572048.jpg,ok
2100572050.avi,Train,210057,3,/Users/amangoyal/Documents/CVPR 2026 Workshop/frames_full/Train/2100572050.jpg,ok
2100572051.avi,Train,210057,3,/Users/amangoyal/Documents/CVPR 2026 Workshop/frames_full/Train/2100572051.jpg,ok
2100572054.avi,Train,210057,2,/Users/amangoyal/Documents/CVPR 2026 Workshop/frames_full/Train/2100572054.jpg,ok
2100572055.avi,Train,210057,3,/Users/amangoyal/Documents/CVPR 2026 Workshop/frames_full/Train/2100572055.jpg,ok
2100572056.avi,Train,210057,3,/Users/amangoyal/Documents/CVPR 2026 Workshop/frames_full/Train/2100572056.jpg,ok
2100572057.avi,Train,210057,1,/Users/amangoyal/Documents/CVPR 2026 Workshop/frames_full/Train/2100572057.jpg,ok
2100572058.avi,Train,210057,2,/Users/amangoyal/Documents/CVPR 2026 Workshop/frames_full/Train/2100572058.jpg,ok
2100572059.avi,Train,210057,2,/Users/amangoyal/Documents/CVPR 2026 Workshop/frames_full/Train/2100572059.jpg,ok
2100572060.avi,Train,210057,2,/Users/amangoyal/Documents/CVPR 2026 Workshop/frames_full/Train/2100572060.jpg,ok
2100572061.avi,Train,210057,2,/Users/amangoyal/Documents/CVPR 2026 Workshop/frames_full/Train/2100572061.jpg,ok
2100572062.avi,Train,210057,3,/Users/amangoyal/Documents/CVPR 2026 Workshop/frames_full/Train/2100572062.jpg,ok
2100572063.avi,Train,210057,2,/Users/amangoyal/Documents/CVPR 2026 Workshop/frames_full/Train/2100572063.jpg,ok
2100572064.avi,Train,210057,3,/Users/amangoyal/Documents/CVPR 2026 Workshop/frames_full/Train/2100572064.jpg,ok
2100572067.avi,Train,210057,2,/Users/amangoyal/Documents/CVPR 2026 Workshop/frames_full/Train/2100572067.jpg,ok
2100572068.avi,Train,210057,2,/Users/amangoyal/Documents/CVPR 2026 Workshop/frames_full/Train/2100572068.jpg,ok
2100572069.avi,Train,210057,2,/Users/amangoyal/Documents/CVPR 2026 Workshop/frames_full/Train/2100572069.jpg,ok
2100581001.avi,Train,210058,1,/Users/amangoyal/Documents/CVPR 2026 Workshop/frames_full/Train/2100581001.jpg,ok
2100581002.avi,Train,210058,3,/Users/amangoyal/Documents/CVPR 2026 Workshop/frames_full/Train/2100581002.jpg,ok
2100581003.avi,Train,210058,2,/Users/amangoyal/Documents/CVPR 2026 Workshop/frames_full/Train/2100581003.jpg,ok
2100581004.avi,Train,210058,2,/Users/amangoyal/Documents/CVPR 2026 Workshop/frames_full/Train/2100581004.jpg,ok
2100581005.avi,Train,210058,2,/Users/amangoyal/Documents/CVPR 2026 Workshop/frames_full/Train/2100581005.jpg,ok
2100581006.avi,Train,210058,2,/Users/amangoyal/Documents/CVPR 2026 Workshop/frames_full/Train/2100581006.jpg,ok
2100581007.avi,Train,210058,3,/Users/amangoyal/Documents/CVPR 2026 Workshop/frames_full/Train/2100581007.jpg,ok
2100581009.avi,Train,210058,2,/Users/amangoyal/Documents/CVPR 2026 Workshop/frames_full/Train/2100581009.jpg,ok
2100581010.avi,Train,210058,2,/Users/amangoyal/Documents/CVPR 2026 Workshop/frames_full/Train/2100581010.jpg,ok
2100581011.avi,Train,210058,3,/Users/amangoyal/Documents/CVPR 2026 Workshop/frames_full/Train/2100581011.jpg,ok
2100581012.avi,Train,210058,3,/Users/amangoyal/Documents/CVPR 2026 Workshop/frames_full/Train/2100581012.jpg,ok
2100581013.avi,Train,210058,2,/Users/amangoyal/Documents/CVPR 2026 Workshop/frames_full/Train/2100581013.jpg,ok
2100581014.avi,Train,210058,3,/Users/amangoyal/Documents/CVPR 2026 Workshop/frames_full/Train/2100581014.jpg,ok
2100581015.avi,Train,210058,3,/Users/amangoyal/Documents/CVPR 2026 Workshop/frames_full/Train/2100581015.jpg,ok
2100581018.avi,Train,210058,3,/Users/amangoyal/Documents/CVPR 2026 Workshop/frames_full/Train/2100581018.jpg,ok
2100581019.avi,Train,210058,3,/Users/amangoyal/Documents/CVPR 2026 Workshop/frames_full/Train/2100581019.jpg,ok
2100581021.avi,Train,210058,1,/Users/amangoyal/Documents/CVPR 2026 Workshop/frames_full/Train/2100581021.jpg,ok
2100581022.avi,Train,210058,2,/Users/amangoyal/Documents/CVPR 2026 Workshop/frames_full/Train/2100581022.jpg,ok
2100581024.avi,Train,210058,2,/Users/amangoyal/Documents/CVPR 2026 Workshop/frames_full/Train/2100581024.jpg,ok
2100581025.avi,Train,210058,3,/Users/amangoyal/Documents/CVPR 2026 Workshop/frames_full/Train/2100581025.jpg,ok
2100581026.avi,Train,210058,2,/Users/amangoyal/Documents/CVPR 2026 Workshop/frames_full/Train/2100581026.jpg,ok
2100581027.avi,Train,210058,2,/Users/amangoyal/Documents/CVPR 2026 Workshop/frames_full/Train/2100581027.jpg,ok
2100581028.avi,Train,210058,3,/Users/amangoyal/Documents/CVPR 2026 Workshop/frames_full/Train/2100581028.jpg,ok
2100581029.avi,Train,210058,2,/Users/amangoyal/Documents/CVPR 2026 Workshop/frames_full/Train/2100581029.jpg,ok
2100581030.avi,Train,210058,2,/Users/amangoyal/Documents/CVPR 2026 Workshop/frames_full/Train/2100581030.jpg,ok
2100581034.avi,Train,210058,2,/Users/amangoyal/Documents/CVPR 2026 Workshop/frames_full/Train/2100581034.jpg,ok
2100581035.avi,Train,210058,2,/Users/amangoyal/Documents/CVPR 2026 Workshop/frames_full/Train/2100581035.jpg,ok
2100581036.avi,Train,210058,3,/Users/amangoyal/Documents/CVPR 2026 Workshop/frames_full/Train/2100581036.jpg,ok
2100581037.avi,Train,210058,3,/Users/amangoyal/Documents/CVPR 2026 Workshop/frames_full/Train/2100581037.jpg,ok
2100581038.avi,Train,210058,2,/Users/amangoyal/Documents/CVPR 2026 Workshop/frames_full/Train/2100581038.jpg,ok
2100581039.avi,Train,210058,2,/Users/amangoyal/Documents/CVPR 2026 Workshop/frames_full/Train/2100581039.jpg,ok
2100581040.avi,Train,210058,2,/Users/amangoyal/Documents/CVPR 2026 Workshop/frames_full/Train/2100581040.jpg,ok
2100581041.avi,Train,210058,2,/Users/amangoyal/Documents/CVPR 2026 Workshop/frames_full/Train/2100581041.jpg,ok
2100581042.avi,Train,210058,2,/Users/amangoyal/Documents/CVPR 2026 Workshop/frames_full/Train/2100581042.jpg,ok
2100581044.avi,Train,210058,2,/Users/amangoyal/Documents/CVPR 2026 Workshop/frames_full/Train/2100581044.jpg,ok
2100581045.avi,Train,210058,2,/Users/amangoyal/Documents/CVPR 2026 Workshop/frames_full/Train/2100581045.jpg,ok
2100581051.avi,Train,210058,2,/Users/amangoyal/Documents/CVPR 2026 Workshop/frames_full/Train/2100581051.jpg,ok
2100581054.avi,Train,210058,3,/Users/amangoyal/Documents/CVPR 2026 Workshop/frames_full/Train/2100581054.jpg,ok
2100581056.avi,Train,210058,3,/Users/amangoyal/Documents/CVPR 2026 Workshop/frames_full/Train/2100581056.jpg,ok
2100581057.avi,Train,210058,3,/Users/amangoyal/Documents/CVPR 2026 Workshop/frames_full/Train/2100581057.jpg,ok
2100581058.avi,Train,210058,3,/Users/amangoyal/Documents/CVPR 2026 Workshop/frames_full/Train/2100581058.jpg,ok
2100581059.avi,Train,210058,2,/Users/amangoyal/Documents/CVPR 2026 Workshop/frames_full/Train/2100581059.jpg,ok
2100581061.avi,Train,210058,2,/Users/amangoyal/Documents/CVPR 2026 Workshop/frames_full/Train/2100581061.jpg,ok
2100581062.avi,Train,210058,3,/Users/amangoyal/Documents/CVPR 2026 Workshop/frames_full/Train/2100581062.jpg,ok
2100581064.avi,Train,210058,3,/Users/amangoyal/Documents/CVPR 2026 Workshop/frames_full/Train/2100581064.jpg,ok
2100581066.avi,Train,210058,2,/Users/amangoyal/Documents/CVPR 2026 Workshop/frames_full/Train/2100581066.jpg,ok
2100581067.avi,Train,210058,2,/Users/amangoyal/Documents/CVPR 2026 Workshop/frames_full/Train/2100581067.jpg,ok
2100581068.avi,Train,210058,2,/Users/amangoyal/Documents/CVPR 2026 Workshop/frames_full/Train/2100581068.jpg,ok
2100581069.avi,Train,210058,2,/Users/amangoyal/Documents/CVPR 2026 Workshop/frames_full/Train/2100581069.jpg,ok
2100581070.avi,Train,210058,2,/Users/amangoyal/Documents/CVPR 2026 Workshop/frames_full/Train/2100581070.jpg,ok
2100581071.avi,Train,210058,2,/Users/amangoyal/Documents/CVPR 2026 Workshop/frames_full/Train/2100581071.jpg,ok
2100581072.avi,Train,210058,2,/Users/amangoyal/Documents/CVPR 2026 Workshop/frames_full/Train/2100581072.jpg,ok
2100581073.avi,Train,210058,2,/Users/amangoyal/Documents/CVPR 2026 Workshop/frames_full/Train/2100581073.jpg,ok
2100581074.avi,Train,210058,2,/Users/amangoyal/Documents/CVPR 2026 Workshop/frames_full/Train/2100581074.jpg,ok
2100581075.avi,Train,210058,3,/Users/amangoyal/Documents/CVPR 2026 Workshop/frames_full/Train/2100581075.jpg,ok
2100581076.avi,Train,210058,2,/Users/amangoyal/Documents/CVPR 2026 Workshop/frames_full/Train/2100581076.jpg,ok
2100581077.avi,Train,210058,3,/Users/amangoyal/Documents/CVPR 2026 Workshop/frames_full/Train/2100581077.jpg,ok
2100582001.avi,Train,210058,2,/Users/amangoyal/Documents/CVPR 2026 Workshop/frames_full/Train/2100582001.jpg,ok
2100582002.avi,Train,210058,2,/Users/amangoyal/Documents/CVPR 2026 Workshop/frames_full/Train/2100582002.jpg,ok
2100582003.avi,Train,210058,3,/Users/amangoyal/Documents/CVPR 2026 Workshop/frames_full/Train/2100582003.jpg,ok
2100582004.avi,Train,210058,3,/Users/amangoyal/Documents/CVPR 2026 Workshop/frames_full/Train/2100582004.jpg,ok
2100582005.avi,Train,210058,3,/Users/amangoyal/Documents/CVPR 2026 Workshop/frames_full/Train/2100582005.jpg,ok
2100582006.avi,Train,210058,2,/Users/amangoyal/Documents/CVPR 2026 Workshop/frames_full/Train/2100582006.jpg,ok
2100582008.avi,Train,210058,2,/Users/amangoyal/Documents/CVPR 2026 Workshop/frames_full/Train/2100582008.jpg,ok
2100582009.avi,Train,210058,3,/Users/amangoyal/Documents/CVPR 2026 Workshop/frames_full/Train/2100582009.jpg,ok
2100582012.avi,Train,210058,2,/Users/amangoyal/Documents/CVPR 2026 Workshop/frames_full/Train/2100582012.jpg,ok
2100582013.avi,Train,210058,2,/Users/amangoyal/Documents/CVPR 2026 Workshop/frames_full/Train/2100582013.jpg,ok
2100582015.avi,Train,210058,2,/Users/amangoyal/Documents/CVPR 2026 Workshop/frames_full/Train/2100582015.jpg,ok
2100582017.avi,Train,210058,2,/Users/amangoyal/Documents/CVPR 2026 Workshop/frames_full/Train/2100582017.jpg,ok
2100582019.avi,Train,210058,2,/Users/amangoyal/Documents/CVPR 2026 Workshop/frames_full/Train/2100582019.jpg,ok
2100582020.avi,Train,210058,2,/Users/amangoyal/Documents/CVPR 2026 Workshop/frames_full/Train/2100582020.jpg,ok
2100582021.avi,Train,210058,2,/Users/amangoyal/Documents/CVPR 2026 Workshop/frames_full/Train/2100582021.jpg,ok
2100582023.avi,Train,210058,2,/Users/amangoyal/Documents/CVPR 2026 Workshop/frames_full/Train/2100582023.jpg,ok
2100582024.avi,Train,210058,2,/Users/amangoyal/Documents/CVPR 2026 Workshop/frames_full/Train/2100582024.jpg,ok
2100582025.avi,Train,210058,3,/Users/amangoyal/Documents/CVPR 2026 Workshop/frames_full/Train/2100582025.jpg,ok
2100582026.avi,Train,210058,3,/Users/amangoyal/Documents/CVPR 2026 Workshop/frames_full/Train/2100582026.jpg,ok
2100582027.avi,Train,210058,1,/Users/amangoyal/Documents/CVPR 2026 Workshop/frames_full/Train/2100582027.jpg,ok
2100582028.avi,Train,210058,2,/Users/amangoyal/Documents/CVPR 2026 Workshop/frames_full/Train/2100582028.jpg,ok
2100582038.avi,Train,210058,2,/Users/amangoyal/Documents/CVPR 2026 Workshop/frames_full/Train/2100582038.jpg,ok
2100582043.avi,Train,210058,3,/Users/amangoyal/Documents/CVPR 2026 Workshop/frames_full/Train/2100582043.jpg,ok
2100582044.avi,Train,210058,2,/Users/amangoyal/Documents/CVPR 2026 Workshop/frames_full/Train/2100582044.jpg,ok
2100582045.avi,Train,210058,2,/Users/amangoyal/Documents/CVPR 2026 Workshop/frames_full/Train/2100582045.jpg,ok
2100582046.avi,Train,210058,2,/Users/amangoyal/Documents/CVPR 2026 Workshop/frames_full/Train/2100582046.jpg,ok
2100582048.avi,Train,210058,3,/Users/amangoyal/Documents/CVPR 2026 Workshop/frames_full/Train/2100582048.jpg,ok
2100582050.avi,Train,210058,2,/Users/amangoyal/Documents/CVPR 2026 Workshop/frames_full/Train/2100582050.jpg,ok
2100582051.avi,Train,210058,2,/Users/amangoyal/Documents/CVPR 2026 Workshop/frames_full/Train/2100582051.jpg,ok
2100582052.avi,Train,210058,0,/Users/amangoyal/Documents/CVPR 2026 Workshop/frames_full/Train/2100582052.jpg,ok
2100582053.avi,Train,210058,3,/Users/amangoyal/Documents/CVPR 2026 Workshop/frames_full/Train/2100582053.jpg,ok
2100582054.avi,Train,210058,2,/Users/amangoyal/Documents/CVPR 2026 Workshop/frames_full/Train/2100582054.jpg,ok
2100582055.avi,Train,210058,0,/Users/amangoyal/Documents/CVPR 2026 Workshop/frames_full/Train/2100582055.jpg,ok
2100582056.avi,Train,210058,0,/Users/amangoyal/Documents/CVPR 2026 Workshop/frames_full/Train/2100582056.jpg,ok
2100582057.avi,Train,210058,0,/Users/amangoyal/Documents/CVPR 2026 Workshop/frames_full/Train/2100582057.jpg,ok
2100582058.avi,Train,210058,0,/Users/amangoyal/Documents/CVPR 2026 Workshop/frames_full/Train/2100582058.jpg,ok
2100582060.avi,Train,210058,0,/Users/amangoyal/Documents/CVPR 2026 Workshop/frames_full/Train/2100582060.jpg,ok
2100582061.avi,Train,210058,1,/Users/amangoyal/Documents/CVPR 2026 Workshop/frames_full/Train/2100582061.jpg,ok
2100582062.avi,Train,210058,0,/Users/amangoyal/Documents/CVPR 2026 Workshop/frames_full/Train/2100582062.jpg,ok
2100582064.avi,Train,210058,3,/Users/amangoyal/Documents/CVPR 2026 Workshop/frames_full/Train/2100582064.jpg,ok
2100582067.avi,Train,210058,2,/Users/amangoyal/Documents/CVPR 2026 Workshop/frames_full/Train/2100582067.jpg,ok
2100582069.avi,Train,210058,2,/Users/amangoyal/Documents/CVPR 2026 Workshop/frames_full/Train/2100582069.jpg,ok
2100591002.avi,Train,210059,3,/Users/amangoyal/Documents/CVPR 2026 Workshop/frames_full/Train/2100591002.jpg,ok
2100591003.avi,Train,210059,3,/Users/amangoyal/Documents/CVPR 2026 Workshop/frames_full/Train/2100591003.jpg,ok
2100591004.avi,Train,210059,3,/Users/amangoyal/Documents/CVPR 2026 Workshop/frames_full/Train/2100591004.jpg,ok
2100591005.avi,Train,210059,3,/Users/amangoyal/Documents/CVPR 2026 Workshop/frames_full/Train/2100591005.jpg,ok
2100591006.avi,Train,210059,3,/Users/amangoyal/Documents/CVPR 2026 Workshop/frames_full/Train/2100591006.jpg,ok
2100591007.avi,Train,210059,3,/Users/amangoyal/Documents/CVPR 2026 Workshop/frames_full/Train/2100591007.jpg,ok
2100591008.avi,Train,210059,3,/Users/amangoyal/Documents/CVPR 2026 Workshop/frames_full/Train/2100591008.jpg,ok
2100591010.avi,Train,210059,3,/Users/amangoyal/Documents/CVPR 2026 Workshop/frames_full/Train/2100591010.jpg,ok
2100591013.avi,Train,210059,2,/Users/amangoyal/Documents/CVPR 2026 Workshop/frames_full/Train/2100591013.jpg,ok
2100591015.avi,Train,210059,2,/Users/amangoyal/Documents/CVPR 2026 Workshop/frames_full/Train/2100591015.jpg,ok
2100591016.avi,Train,210059,3,/Users/amangoyal/Documents/CVPR 2026 Workshop/frames_full/Train/2100591016.jpg,ok
2100591017.avi,Train,210059,2,/Users/amangoyal/Documents/CVPR 2026 Workshop/frames_full/Train/2100591017.jpg,ok
2100591019.avi,Train,210059,2,/Users/amangoyal/Documents/CVPR 2026 Workshop/frames_full/Train/2100591019.jpg,ok
2100591020.avi,Train,210059,3,/Users/amangoyal/Documents/CVPR 2026 Workshop/frames_full/Train/2100591020.jpg,ok
2100591021.avi,Train,210059,2,/Users/amangoyal/Documents/CVPR 2026 Workshop/frames_full/Train/2100591021.jpg,ok
2100591022.avi,Train,210059,3,/Users/amangoyal/Documents/CVPR 2026 Workshop/frames_full/Train/2100591022.jpg,ok
2100591023.avi,Train,210059,2,/Users/amangoyal/Documents/CVPR 2026 Workshop/frames_full/Train/2100591023.jpg,ok
2100591025.avi,Train,210059,3,/Users/amangoyal/Documents/CVPR 2026 Workshop/frames_full/Train/2100591025.jpg,ok
2100591026.avi,Train,210059,2,/Users/amangoyal/Documents/CVPR 2026 Workshop/frames_full/Train/2100591026.jpg,ok
2100591027.avi,Train,210059,2,/Users/amangoyal/Documents/CVPR 2026 Workshop/frames_full/Train/2100591027.jpg,ok
2100591028.avi,Train,210059,2,/Users/amangoyal/Documents/CVPR 2026 Workshop/frames_full/Train/2100591028.jpg,ok
2100591030.avi,Train,210059,2,/Users/amangoyal/Documents/CVPR 2026 Workshop/frames_full/Train/2100591030.jpg,ok
2100591034.avi,Train,210059,3,/Users/amangoyal/Documents/CVPR 2026 Workshop/frames_full/Train/2100591034.jpg,ok
2100591035.avi,Train,210059,3,/Users/amangoyal/Documents/CVPR 2026 Workshop/frames_full/Train/2100591035.jpg,ok
2100591036.avi,Train,210059,3,/Users/amangoyal/Documents/CVPR 2026 Workshop/frames_full/Train/2100591036.jpg,ok
2100591037.avi,Train,210059,2,/Users/amangoyal/Documents/CVPR 2026 Workshop/frames_full/Train/2100591037.jpg,ok
2100591038.avi,Train,210059,2,/Users/amangoyal/Documents/CVPR 2026 Workshop/frames_full/Train/2100591038.jpg,ok
2100591039.avi,Train,210059,2,/Users/amangoyal/Documents/CVPR 2026 Workshop/frames_full/Train/2100591039.jpg,ok
2100591040.avi,Train,210059,3,/Users/amangoyal/Documents/CVPR 2026 Workshop/frames_full/Train/2100591040.jpg,ok
2100591041.avi,Train,210059,2,/Users/amangoyal/Documents/CVPR 2026 Workshop/frames_full/Train/2100591041.jpg,ok
2100591042.avi,Train,210059,3,/Users/amangoyal/Documents/CVPR 2026 Workshop/frames_full/Train/2100591042.jpg,ok
2100591043.avi,Train,210059,2,/Users/amangoyal/Documents/CVPR 2026 Workshop/frames_full/Train/2100591043.jpg,ok
2100591044.avi,Train,210059,3,/Users/amangoyal/Documents/CVPR 2026 Workshop/frames_full/Train/2100591044.jpg,ok
2100591045.avi,Train,210059,2,/Users/amangoyal/Documents/CVPR 2026 Workshop/frames_full/Train/2100591045.jpg,ok
2100591046.avi,Train,210059,1,/Users/amangoyal/Documents/CVPR 2026 Workshop/frames_full/Train/2100591046.jpg,ok
2100591047.avi,Train,210059,3,/Users/amangoyal/Documents/CVPR 2026 Workshop/frames_full/Train/2100591047.jpg,ok
2100591048.avi,Train,210059,3,/Users/amangoyal/Documents/CVPR 2026 Workshop/frames_full/Train/2100591048.jpg,ok
2100591049.avi,Train,210059,2,/Users/amangoyal/Documents/CVPR 2026 Workshop/frames_full/Train/2100591049.jpg,ok
2100591050.avi,Train,210059,3,/Users/amangoyal/Documents/CVPR 2026 Workshop/frames_full/Train/2100591050.jpg,ok
2100591053.avi,Train,210059,3,/Users/amangoyal/Documents/CVPR 2026 Workshop/frames_full/Train/2100591053.jpg,ok
2100591054.avi,Train,210059,3,/Users/amangoyal/Documents/CVPR 2026 Workshop/frames_full/Train/2100591054.jpg,ok
2100591055.avi,Train,210059,3,/Users/amangoyal/Documents/CVPR 2026 Workshop/frames_full/Train/2100591055.jpg,ok
2100591056.avi,Train,210059,3,/Users/amangoyal/Documents/CVPR 2026 Workshop/frames_full/Train/2100591056.jpg,ok
2100591057.avi,Train,210059,3,/Users/amangoyal/Documents/CVPR 2026 Workshop/frames_full/Train/2100591057.jpg,ok
2100591059.avi,Train,210059,3,/Users/amangoyal/Documents/CVPR 2026 Workshop/frames_full/Train/2100591059.jpg,ok
2100591060.avi,Train,210059,2,/Users/amangoyal/Documents/CVPR 2026 Workshop/frames_full/Train/2100591060.jpg,ok
2100591061.avi,Train,210059,3,/Users/amangoyal/Documents/CVPR 2026 Workshop/frames_full/Train/2100591061.jpg,ok
2100591062.avi,Train,210059,2,/Users/amangoyal/Documents/CVPR 2026 Workshop/frames_full/Train/2100591062.jpg,ok
2100591064.avi,Train,210059,2,/Users/amangoyal/Documents/CVPR 2026 Workshop/frames_full/Train/2100591064.jpg,ok
2100591065.avi,Train,210059,3,/Users/amangoyal/Documents/CVPR 2026 Workshop/frames_full/Train/2100591065.jpg,ok
2100591066.avi,Train,210059,3,/Users/amangoyal/Documents/CVPR 2026 Workshop/frames_full/Train/2100591066.jpg,ok
2100591067.avi,Train,210059,3,/Users/amangoyal/Documents/CVPR 2026 Workshop/frames_full/Train/2100591067.jpg,ok
2100591068.avi,Train,210059,3,/Users/amangoyal/Documents/CVPR 2026 Workshop/frames_full/Train/2100591068.jpg,ok
2100591069.avi,Train,210059,3,/Users/amangoyal/Documents/CVPR 2026 Workshop/frames_full/Train/2100591069.jpg,ok
2100591070.avi,Train,210059,3,/Users/amangoyal/Documents/CVPR 2026 Workshop/frames_full/Train/2100591070.jpg,ok
2100591072.avi,Train,210059,3,/Users/amangoyal/Documents/CVPR 2026 Workshop/frames_full/Train/2100591072.jpg,ok
2100591073.avi,Train,210059,3,/Users/amangoyal/Documents/CVPR 2026 Workshop/frames_full/Train/2100591073.jpg,ok
2100591074.avi,Train,210059,3,/Users/amangoyal/Documents/CVPR 2026 Workshop/frames_full/Train/2100591074.jpg,ok
2100591075.avi,Train,210059,3,/Users/amangoyal/Documents/CVPR 2026 Workshop/frames_full/Train/2100591075.jpg,ok
2100591076.avi,Train,210059,3,/Users/amangoyal/Documents/CVPR 2026 Workshop/frames_full/Train/2100591076.jpg,ok
2100591077.avi,Train,210059,3,/Users/amangoyal/Documents/CVPR 2026 Workshop/frames_full/Train/2100591077.jpg,ok
2100591078.avi,Train,210059,3,/Users/amangoyal/Documents/CVPR 2026 Workshop/frames_full/Train/2100591078.jpg,ok
2100591080.avi,Train,210059,3,/Users/amangoyal/Documents/CVPR 2026 Workshop/frames_full/Train/2100591080.jpg,ok
2100591081.avi,Train,210059,2,/Users/amangoyal/Documents/CVPR 2026 Workshop/frames_full/Train/2100591081.jpg,ok
2100591082.avi,Train,210059,3,/Users/amangoyal/Documents/CVPR 2026 Workshop/frames_full/Train/2100591082.jpg,ok
2100592002.avi,Train,210059,3,/Users/amangoyal/Documents/CVPR 2026 Workshop/frames_full/Train/2100592002.jpg,ok
2100592003.avi,Train,210059,3,/Users/amangoyal/Documents/CVPR 2026 Workshop/frames_full/Train/2100592003.jpg,ok
2100592004.avi,Train,210059,2,/Users/amangoyal/Documents/CVPR 2026 Workshop/frames_full/Train/2100592004.jpg,ok
2100592005.avi,Train,210059,3,/Users/amangoyal/Documents/CVPR 2026 Workshop/frames_full/Train/2100592005.jpg,ok
2100592007.avi,Train,210059,3,/Users/amangoyal/Documents/CVPR 2026 Workshop/frames_full/Train/2100592007.jpg,ok
2100592009.avi,Train,210059,3,/Users/amangoyal/Documents/CVPR 2026 Workshop/frames_full/Train/2100592009.jpg,ok
2100592010.avi,Train,210059,3,/Users/amangoyal/Documents/CVPR 2026 Workshop/frames_full/Train/2100592010.jpg,ok
2100592011.avi,Train,210059,2,/Users/amangoyal/Documents/CVPR 2026 Workshop/frames_full/Train/2100592011.jpg,ok
2100592012.avi,Train,210059,3,/Users/amangoyal/Documents/CVPR 2026 Workshop/frames_full/Train/2100592012.jpg,ok
2100592013.avi,Train,210059,2,/Users/amangoyal/Documents/CVPR 2026 Workshop/frames_full/Train/2100592013.jpg,ok
2100592014.avi,Train,210059,2,/Users/amangoyal/Documents/CVPR 2026 Workshop/frames_full/Train/2100592014.jpg,ok
2100592015.avi,Train,210059,3,/Users/amangoyal/Documents/CVPR 2026 Workshop/frames_full/Train/2100592015.jpg,ok
2100592016.avi,Train,210059,3,/Users/amangoyal/Documents/CVPR 2026 Workshop/frames_full/Train/2100592016.jpg,ok
2100592017.avi,Train,210059,3,/Users/amangoyal/Documents/CVPR 2026 Workshop/frames_full/Train/2100592017.jpg,ok
2100592018.avi,Train,210059,2,/Users/amangoyal/Documents/CVPR 2026 Workshop/frames_full/Train/2100592018.jpg,ok
2100592019.avi,Train,210059,3,/Users/amangoyal/Documents/CVPR 2026 Workshop/frames_full/Train/2100592019.jpg,ok
2100592020.avi,Train,210059,3,/Users/amangoyal/Documents/CVPR 2026 Workshop/frames_full/Train/2100592020.jpg,ok
2100592021.avi,Train,210059,3,/Users/amangoyal/Documents/CVPR 2026 Workshop/frames_full/Train/2100592021.jpg,ok
2100592022.avi,Train,210059,2,/Users/amangoyal/Documents/CVPR 2026 Workshop/frames_full/Train/2100592022.jpg,ok
2100592023.avi,Train,210059,3,/Users/amangoyal/Documents/CVPR 2026 Workshop/frames_full/Train/2100592023.jpg,ok
2100592024.avi,Train,210059,3,/Users/amangoyal/Documents/CVPR 2026 Workshop/frames_full/Train/2100592024.jpg,ok
2100592025.avi,Train,210059,2,/Users/amangoyal/Documents/CVPR 2026 Workshop/frames_full/Train/2100592025.jpg,ok
2100592026.avi,Train,210059,3,/Users/amangoyal/Documents/CVPR 2026 Workshop/frames_full/Train/2100592026.jpg,ok
2100592027.avi,Train,210059,2,/Users/amangoyal/Documents/CVPR 2026 Workshop/frames_full/Train/2100592027.jpg,ok
2100592028.avi,Train,210059,3,/Users/amangoyal/Documents/CVPR 2026 Workshop/frames_full/Train/2100592028.jpg,ok
2100592029.avi,Train,210059,3,/Users/amangoyal/Documents/CVPR 2026 Workshop/frames_full/Train/2100592029.jpg,ok
2100592030.avi,Train,210059,2,/Users/amangoyal/Documents/CVPR 2026 Workshop/frames_full/Train/2100592030.jpg,ok
2100592032.avi,Train,210059,3,/Users/amangoyal/Documents/CVPR 2026 Workshop/frames_full/Train/2100592032.jpg,ok
2100592033.avi,Train,210059,3,/Users/amangoyal/Documents/CVPR 2026 Workshop/frames_full/Train/2100592033.jpg,ok
2100592034.avi,Train,210059,3,/Users/amangoyal/Documents/CVPR 2026 Workshop/frames_full/Train/2100592034.jpg,ok
2100592035.avi,Train,210059,2,/Users/amangoyal/Documents/CVPR 2026 Workshop/frames_full/Train/2100592035.jpg,ok
2100592036.avi,Train,210059,2,/Users/amangoyal/Documents/CVPR 2026 Workshop/frames_full/Train/2100592036.jpg,ok
2100592038.avi,Train,210059,2,/Users/amangoyal/Documents/CVPR 2026 Workshop/frames_full/Train/2100592038.jpg,ok
2100592040.avi,Train,210059,2,/Users/amangoyal/Documents/CVPR 2026 Workshop/frames_full/Train/2100592040.jpg,ok
2100592041.avi,Train,210059,3,/Users/amangoyal/Documents/CVPR 2026 Workshop/frames_full/Train/2100592041.jpg,ok
2100592042.avi,Train,210059,3,/Users/amangoyal/Documents/CVPR 2026 Workshop/frames_full/Train/2100592042.jpg,ok
2100592043.avi,Train,210059,2,/Users/amangoyal/Documents/CVPR 2026 Workshop/frames_full/Train/2100592043.jpg,ok
2100592044.avi,Train,210059,3,/Users/amangoyal/Documents/CVPR 2026 Workshop/frames_full/Train/2100592044.jpg,ok
2100592046.avi,Train,210059,2,/Users/amangoyal/Documents/CVPR 2026 Workshop/frames_full/Train/2100592046.jpg,ok
2100592047.avi,Train,210059,3,/Users/amangoyal/Documents/CVPR 2026 Workshop/frames_full/Train/2100592047.jpg,ok
2100592048.avi,Train,210059,2,/Users/amangoyal/Documents/CVPR 2026 Workshop/frames_full/Train/2100592048.jpg,ok
2100592049.avi,Train,210059,3,/Users/amangoyal/Documents/CVPR 2026 Workshop/frames_full/Train/2100592049.jpg,ok
2100592052.avi,Train,210059,2,/Users/amangoyal/Documents/CVPR 2026 Workshop/frames_full/Train/2100592052.jpg,ok
2100592053.avi,Train,210059,3,/Users/amangoyal/Documents/CVPR 2026 Workshop/frames_full/Train/2100592053.jpg,ok
2100592054.avi,Train,210059,2,/Users/amangoyal/Documents/CVPR 2026 Workshop/frames_full/Train/2100592054.jpg,ok
2100592056.avi,Train,210059,2,/Users/amangoyal/Documents/CVPR 2026 Workshop/frames_full/Train/2100592056.jpg,ok
2100592057.avi,Train,210059,2,/Users/amangoyal/Documents/CVPR 2026 Workshop/frames_full/Train/2100592057.jpg,ok
2100592058.avi,Train,210059,2,/Users/amangoyal/Documents/CVPR 2026 Workshop/frames_full/Train/2100592058.jpg,ok
2100592059.avi,Train,210059,3,/Users/amangoyal/Documents/CVPR 2026 Workshop/frames_full/Train/2100592059.jpg,ok
2100592060.avi,Train,210059,2,/Users/amangoyal/Documents/CVPR 2026 Workshop/frames_full/Train/2100592060.jpg,ok
2100592064.avi,Train,210059,2,/Users/amangoyal/Documents/CVPR 2026 Workshop/frames_full/Train/2100592064.jpg,ok
2100592065.avi,Train,210059,2,/Users/amangoyal/Documents/CVPR 2026 Workshop/frames_full/Train/2100592065.jpg,ok
2100592066.avi,Train,210059,2,/Users/amangoyal/Documents/CVPR 2026 Workshop/frames_full/Train/2100592066.jpg,ok
2100592067.avi,Train,210059,3,/Users/amangoyal/Documents/CVPR 2026 Workshop/frames_full/Train/2100592067.jpg,ok
2100592068.avi,Train,210059,2,/Users/amangoyal/Documents/CVPR 2026 Workshop/frames_full/Train/2100592068.jpg,ok
2100592069.avi,Train,210059,3,/Users/amangoyal/Documents/CVPR 2026 Workshop/frames_full/Train/2100592069.jpg,ok
2100592070.avi,Train,210059,2,/Users/amangoyal/Documents/CVPR 2026 Workshop/frames_full/Train/2100592070.jpg,ok
2100592071.avi,Train,210059,2,/Users/amangoyal/Documents/CVPR 2026 Workshop/frames_full/Train/2100592071.jpg,ok
2100592072.avi,Train,210059,3,/Users/amangoyal/Documents/CVPR 2026 Workshop/frames_full/Train/2100592072.jpg,ok
2100601001.avi,Train,210060,3,/Users/amangoyal/Documents/CVPR 2026 Workshop/frames_full/Train/2100601001.jpg,ok
2100601002.avi,Train,210060,3,/Users/amangoyal/Documents/CVPR 2026 Workshop/frames_full/Train/2100601002.jpg,ok
2100601004.avi,Train,210060,2,/Users/amangoyal/Documents/CVPR 2026 Workshop/frames_full/Train/2100601004.jpg,ok
2100601005.avi,Train,210060,2,/Users/amangoyal/Documents/CVPR 2026 Workshop/frames_full/Train/2100601005.jpg,ok
2100601006.avi,Train,210060,2,/Users/amangoyal/Documents/CVPR 2026 Workshop/frames_full/Train/2100601006.jpg,ok
2100601007.avi,Train,210060,2,/Users/amangoyal/Documents/CVPR 2026 Workshop/frames_full/Train/2100601007.jpg,ok
2100601008.avi,Train,210060,3,/Users/amangoyal/Documents/CVPR 2026 Workshop/frames_full/Train/2100601008.jpg,ok
2100601009.avi,Train,210060,2,/Users/amangoyal/Documents/CVPR 2026 Workshop/frames_full/Train/2100601009.jpg,ok
2100601010.avi,Train,210060,3,/Users/amangoyal/Documents/CVPR 2026 Workshop/frames_full/Train/2100601010.jpg,ok
2100601011.avi,Train,210060,3,/Users/amangoyal/Documents/CVPR 2026 Workshop/frames_full/Train/2100601011.jpg,ok
2100601012.avi,Train,210060,1,/Users/amangoyal/Documents/CVPR 2026 Workshop/frames_full/Train/2100601012.jpg,ok
2100601013.avi,Train,210060,2,/Users/amangoyal/Documents/CVPR 2026 Workshop/frames_full/Train/2100601013.jpg,ok
2100601014.avi,Train,210060,3,/Users/amangoyal/Documents/CVPR 2026 Workshop/frames_full/Train/2100601014.jpg,ok
2100601015.avi,Train,210060,2,/Users/amangoyal/Documents/CVPR 2026 Workshop/frames_full/Train/2100601015.jpg,ok
2100601016.avi,Train,210060,3,/Users/amangoyal/Documents/CVPR 2026 Workshop/frames_full/Train/2100601016.jpg,ok
2100601017.avi,Train,210060,3,/Users/amangoyal/Documents/CVPR 2026 Workshop/frames_full/Train/2100601017.jpg,ok
2100601018.avi,Train,210060,1,/Users/amangoyal/Documents/CVPR 2026 Workshop/frames_full/Train/2100601018.jpg,ok
2100601020.avi,Train,210060,3,/Users/amangoyal/Documents/CVPR 2026 Workshop/frames_full/Train/2100601020.jpg,ok
2100601021.avi,Train,210060,2,/Users/amangoyal/Documents/CVPR 2026 Workshop/frames_full/Train/2100601021.jpg,ok
2100601023.avi,Train,210060,2,/Users/amangoyal/Documents/CVPR 2026 Workshop/frames_full/Train/2100601023.jpg,ok
2100601024.avi,Train,210060,2,/Users/amangoyal/Documents/CVPR 2026 Workshop/frames_full/Train/2100601024.jpg,ok
2100601025.avi,Train,210060,2,/Users/amangoyal/Documents/CVPR 2026 Workshop/frames_full/Train/2100601025.jpg,ok
2100601027.avi,Train,210060,2,/Users/amangoyal/Documents/CVPR 2026 Workshop/frames_full/Train/2100601027.jpg,ok
2100601028.avi,Train,210060,2,/Users/amangoyal/Documents/CVPR 2026 Workshop/frames_full/Train/2100601028.jpg,ok
2100601029.avi,Train,210060,2,/Users/amangoyal/Documents/CVPR 2026 Workshop/frames_full/Train/2100601029.jpg,ok
2100601030.avi,Train,210060,3,/Users/amangoyal/Documents/CVPR 2026 Workshop/frames_full/Train/2100601030.jpg,ok
2100601031.avi,Train,210060,2,/Users/amangoyal/Documents/CVPR 2026 Workshop/frames_full/Train/2100601031.jpg,ok
2100601032.avi,Train,210060,2,/Users/amangoyal/Documents/CVPR 2026 Workshop/frames_full/Train/2100601032.jpg,ok
2100601033.avi,Train,210060,3,/Users/amangoyal/Documents/CVPR 2026 Workshop/frames_full/Train/2100601033.jpg,ok
2100601035.avi,Train,210060,3,/Users/amangoyal/Documents/CVPR 2026 Workshop/frames_full/Train/2100601035.jpg,ok
2100601036.avi,Train,210060,2,/Users/amangoyal/Documents/CVPR 2026 Workshop/frames_full/Train/2100601036.jpg,ok
2100601037.avi,Train,210060,3,/Users/amangoyal/Documents/CVPR 2026 Workshop/frames_full/Train/2100601037.jpg,ok
2100601038.avi,Train,210060,3,/Users/amangoyal/Documents/CVPR 2026 Workshop/frames_full/Train/2100601038.jpg,ok
2100601039.avi,Train,210060,2,/Users/amangoyal/Documents/CVPR 2026 Workshop/frames_full/Train/2100601039.jpg,ok
2100601040.avi,Train,210060,3,/Users/amangoyal/Documents/CVPR 2026 Workshop/frames_full/Train/2100601040.jpg,ok
2100601041.avi,Train,210060,3,/Users/amangoyal/Documents/CVPR 2026 Workshop/frames_full/Train/2100601041.jpg,ok
2100601042.avi,Train,210060,3,/Users/amangoyal/Documents/CVPR 2026 Workshop/frames_full/Train/2100601042.jpg,ok
2100601043.avi,Train,210060,3,/Users/amangoyal/Documents/CVPR 2026 Workshop/frames_full/Train/2100601043.jpg,ok
2100601044.avi,Train,210060,3,/Users/amangoyal/Documents/CVPR 2026 Workshop/frames_full/Train/2100601044.jpg,ok
2100601045.avi,Train,210060,3,/Users/amangoyal/Documents/CVPR 2026 Workshop/frames_full/Train/2100601045.jpg,ok
2100601046.avi,Train,210060,3,/Users/amangoyal/Documents/CVPR 2026 Workshop/frames_full/Train/2100601046.jpg,ok
2100601049.avi,Train,210060,2,/Users/amangoyal/Documents/CVPR 2026 Workshop/frames_full/Train/2100601049.jpg,ok
2100601050.avi,Train,210060,2,/Users/amangoyal/Documents/CVPR 2026 Workshop/frames_full/Train/2100601050.jpg,ok
2100601052.avi,Train,210060,2,/Users/amangoyal/Documents/CVPR 2026 Workshop/frames_full/Train/2100601052.jpg,ok
2100601053.avi,Train,210060,2,/Users/amangoyal/Documents/CVPR 2026 Workshop/frames_full/Train/2100601053.jpg,ok
2100601054.avi,Train,210060,2,/Users/amangoyal/Documents/CVPR 2026 Workshop/frames_full/Train/2100601054.jpg,ok
2100601055.avi,Train,210060,3,/Users/amangoyal/Documents/CVPR 2026 Workshop/frames_full/Train/2100601055.jpg,ok
2100601056.avi,Train,210060,2,/Users/amangoyal/Documents/CVPR 2026 Workshop/frames_full/Train/2100601056.jpg,ok
2100601057.avi,Train,210060,3,/Users/amangoyal/Documents/CVPR 2026 Workshop/frames_full/Train/2100601057.jpg,ok
2100601059.avi,Train,210060,2,/Users/amangoyal/Documents/CVPR 2026 Workshop/frames_full/Train/2100601059.jpg,ok
2100601062.avi,Train,210060,3,/Users/amangoyal/Documents/CVPR 2026 Workshop/frames_full/Train/2100601062.jpg,ok
2100601063.avi,Train,210060,3,/Users/amangoyal/Documents/CVPR 2026 Workshop/frames_full/Train/2100601063.jpg,ok
2100601064.avi,Train,210060,2,/Users/amangoyal/Documents/CVPR 2026 Workshop/frames_full/Train/2100601064.jpg,ok
2100601065.avi,Train,210060,3,/Users/amangoyal/Documents/CVPR 2026 Workshop/frames_full/Train/2100601065.jpg,ok
2100601066.avi,Train,210060,3,/Users/amangoyal/Documents/CVPR 2026 Workshop/frames_full/Train/2100601066.jpg,ok
2100601067.avi,Train,210060,3,/Users/amangoyal/Documents/CVPR 2026 Workshop/frames_full/Train/2100601067.jpg,ok
2100601068.avi,Train,210060,2,/Users/amangoyal/Documents/CVPR 2026 Workshop/frames_full/Train/2100601068.jpg,ok
2100601069.avi,Train,210060,3,/Users/amangoyal/Documents/CVPR 2026 Workshop/frames_full/Train/2100601069.jpg,ok
2100601071.avi,Train,210060,3,/Users/amangoyal/Documents/CVPR 2026 Workshop/frames_full/Train/2100601071.jpg,ok
2100601073.avi,Train,210060,3,/Users/amangoyal/Documents/CVPR 2026 Workshop/frames_full/Train/2100601073.jpg,ok
2100601074.avi,Train,210060,2,/Users/amangoyal/Documents/CVPR 2026 Workshop/frames_full/Train/2100601074.jpg,ok
2100601075.avi,Train,210060,2,/Users/amangoyal/Documents/CVPR 2026 Workshop/frames_full/Train/2100601075.jpg,ok
2100601077.avi,Train,210060,3,/Users/amangoyal/Documents/CVPR 2026 Workshop/frames_full/Train/2100601077.jpg,ok
2100601078.avi,Train,210060,2,/Users/amangoyal/Documents/CVPR 2026 Workshop/frames_full/Train/2100601078.jpg,ok
2100602001.avi,Train,210060,2,/Users/amangoyal/Documents/CVPR 2026 Workshop/frames_full/Train/2100602001.jpg,ok
2100602002.avi,Train,210060,2,/Users/amangoyal/Documents/CVPR 2026 Workshop/frames_full/Train/2100602002.jpg,ok
2100602003.avi,Train,210060,2,/Users/amangoyal/Documents/CVPR 2026 Workshop/frames_full/Train/2100602003.jpg,ok
2100602004.avi,Train,210060,2,/Users/amangoyal/Documents/CVPR 2026 Workshop/frames_full/Train/2100602004.jpg,ok
2100602005.avi,Train,210060,2,/Users/amangoyal/Documents/CVPR 2026 Workshop/frames_full/Train/2100602005.jpg,ok
2100602006.avi,Train,210060,3,/Users/amangoyal/Documents/CVPR 2026 Workshop/frames_full/Train/2100602006.jpg,ok
2100602008.avi,Train,210060,2,/Users/amangoyal/Documents/CVPR 2026 Workshop/frames_full/Train/2100602008.jpg,ok
2100602009.avi,Train,210060,2,/Users/amangoyal/Documents/CVPR 2026 Workshop/frames_full/Train/2100602009.jpg,ok
2100602010.avi,Train,210060,3,/Users/amangoyal/Documents/CVPR 2026 Workshop/frames_full/Train/2100602010.jpg,ok
2100602011.avi,Train,210060,2,/Users/amangoyal/Documents/CVPR 2026 Workshop/frames_full/Train/2100602011.jpg,ok
2100602012.avi,Train,210060,2,/Users/amangoyal/Documents/CVPR 2026 Workshop/frames_full/Train/2100602012.jpg,ok
2100602014.avi,Train,210060,2,/Users/amangoyal/Documents/CVPR 2026 Workshop/frames_full/Train/2100602014.jpg,ok
2100602015.avi,Train,210060,2,/Users/amangoyal/Documents/CVPR 2026 Workshop/frames_full/Train/2100602015.jpg,ok
2100602017.avi,Train,210060,3,/Users/amangoyal/Documents/CVPR 2026 Workshop/frames_full/Train/2100602017.jpg,ok
2100602018.avi,Train,210060,2,/Users/amangoyal/Documents/CVPR 2026 Workshop/frames_full/Train/2100602018.jpg,ok
2100602019.avi,Train,210060,2,/Users/amangoyal/Documents/CVPR 2026 Workshop/frames_full/Train/2100602019.jpg,ok
2100602020.avi,Train,210060,3,/Users/amangoyal/Documents/CVPR 2026 Workshop/frames_full/Train/2100602020.jpg,ok
2100602022.avi,Train,210060,2,/Users/amangoyal/Documents/CVPR 2026 Workshop/frames_full/Train/2100602022.jpg,ok
2100602023.avi,Train,210060,2,/Users/amangoyal/Documents/CVPR 2026 Workshop/frames_full/Train/2100602023.jpg,ok
2100602024.avi,Train,210060,2,/Users/amangoyal/Documents/CVPR 2026 Workshop/frames_full/Train/2100602024.jpg,ok
2100602025.avi,Train,210060,3,/Users/amangoyal/Documents/CVPR 2026 Workshop/frames_full/Train/2100602025.jpg,ok
2100602026.avi,Train,210060,2,/Users/amangoyal/Documents/CVPR 2026 Workshop/frames_full/Train/2100602026.jpg,ok
2100602027.avi,Train,210060,3,/Users/amangoyal/Documents/CVPR 2026 Workshop/frames_full/Train/2100602027.jpg,ok
2100602028.avi,Train,210060,2,/Users/amangoyal/Documents/CVPR 2026 Workshop/frames_full/Train/2100602028.jpg,ok
2100602029.avi,Train,210060,2,/Users/amangoyal/Documents/CVPR 2026 Workshop/frames_full/Train/2100602029.jpg,ok
2100602030.avi,Train,210060,2,/Users/amangoyal/Documents/CVPR 2026 Workshop/frames_full/Train/2100602030.jpg,ok
2100602032.avi,Train,210060,2,/Users/amangoyal/Documents/CVPR 2026 Workshop/frames_full/Train/2100602032.jpg,ok
2100602033.avi,Train,210060,3,/Users/amangoyal/Documents/CVPR 2026 Workshop/frames_full/Train/2100602033.jpg,ok
2100602034.avi,Train,210060,2,/Users/amangoyal/Documents/CVPR 2026 Workshop/frames_full/Train/2100602034.jpg,ok
2100602035.avi,Train,210060,2,/Users/amangoyal/Documents/CVPR 2026 Workshop/frames_full/Train/2100602035.jpg,ok
2100602036.avi,Train,210060,2,/Users/amangoyal/Documents/CVPR 2026 Workshop/frames_full/Train/2100602036.jpg,ok
2100602038.avi,Train,210060,2,/Users/amangoyal/Documents/CVPR 2026 Workshop/frames_full/Train/2100602038.jpg,ok
2100602040.avi,Train,210060,2,/Users/amangoyal/Documents/CVPR 2026 Workshop/frames_full/Train/2100602040.jpg,ok
2100602041.avi,Train,210060,0,/Users/amangoyal/Documents/CVPR 2026 Workshop/frames_full/Train/2100602041.jpg,ok
2100602042.avi,Train,210060,2,/Users/amangoyal/Documents/CVPR 2026 Workshop/frames_full/Train/2100602042.jpg,ok
2100602043.avi,Train,210060,3,/Users/amangoyal/Documents/CVPR 2026 Workshop/frames_full/Train/2100602043.jpg,ok
2100602044.avi,Train,210060,2,/Users/amangoyal/Documents/CVPR 2026 Workshop/frames_full/Train/2100602044.jpg,ok
2100602046.avi,Train,210060,2,/Users/amangoyal/Documents/CVPR 2026 Workshop/frames_full/Train/2100602046.jpg,ok
2100602047.avi,Train,210060,3,/Users/amangoyal/Documents/CVPR 2026 Workshop/frames_full/Train/2100602047.jpg,ok
2100602049.avi,Train,210060,3,/Users/amangoyal/Documents/CVPR 2026 Workshop/frames_full/Train/2100602049.jpg,ok
2100602050.avi,Train,210060,3,/Users/amangoyal/Documents/CVPR 2026 Workshop/frames_full/Train/2100602050.jpg,ok
2100602051.avi,Train,210060,2,/Users/amangoyal/Documents/CVPR 2026 Workshop/frames_full/Train/2100602051.jpg,ok
2100602052.avi,Train,210060,3,/Users/amangoyal/Documents/CVPR 2026 Workshop/frames_full/Train/2100602052.jpg,ok
2100602053.avi,Train,210060,2,/Users/amangoyal/Documents/CVPR 2026 Workshop/frames_full/Train/2100602053.jpg,ok
2100602054.avi,Train,210060,3,/Users/amangoyal/Documents/CVPR 2026 Workshop/frames_full/Train/2100602054.jpg,ok
2100602056.avi,Train,210060,2,/Users/amangoyal/Documents/CVPR 2026 Workshop/frames_full/Train/2100602056.jpg,ok
2100602058.avi,Train,210060,2,/Users/amangoyal/Documents/CVPR 2026 Workshop/frames_full/Train/2100602058.jpg,ok
2100602059.avi,Train,210060,2,/Users/amangoyal/Documents/CVPR 2026 Workshop/frames_full/Train/2100602059.jpg,ok
2100602060.avi,Train,210060,2,/Users/amangoyal/Documents/CVPR 2026 Workshop/frames_full/Train/2100602060.jpg,ok
2100602061.avi,Train,210060,2,/Users/amangoyal/Documents/CVPR 2026 Workshop/frames_full/Train/2100602061.jpg,ok
2100602062.avi,Train,210060,3,/Users/amangoyal/Documents/CVPR 2026 Workshop/frames_full/Train/2100602062.jpg,ok
2100602063.avi,Train,210060,3,/Users/amangoyal/Documents/CVPR 2026 Workshop/frames_full/Train/2100602063.jpg,ok
2100602065.avi,Train,210060,2,/Users/amangoyal/Documents/CVPR 2026 Workshop/frames_full/Train/2100602065.jpg,ok
2100602067.avi,Train,210060,3,/Users/amangoyal/Documents/CVPR 2026 Workshop/frames_full/Train/2100602067.jpg,ok
2100602068.avi,Train,210060,2,/Users/amangoyal/Documents/CVPR 2026 Workshop/frames_full/Train/2100602068.jpg,ok
2100602069.avi,Train,210060,2,/Users/amangoyal/Documents/CVPR 2026 Workshop/frames_full/Train/2100602069.jpg,ok
2100602072.avi,Train,210060,3,/Users/amangoyal/Documents/CVPR 2026 Workshop/frames_full/Train/2100602072.jpg,ok
2100611002.avi,Train,210061,3,/Users/amangoyal/Documents/CVPR 2026 Workshop/frames_full/Train/2100611002.jpg,ok
2100611003.avi,Train,210061,3,/Users/amangoyal/Documents/CVPR 2026 Workshop/frames_full/Train/2100611003.jpg,ok
2100611004.avi,Train,210061,3,/Users/amangoyal/Documents/CVPR 2026 Workshop/frames_full/Train/2100611004.jpg,ok
2100611005.avi,Train,210061,2,/Users/amangoyal/Documents/CVPR 2026 Workshop/frames_full/Train/2100611005.jpg,ok
2100611006.avi,Train,210061,2,/Users/amangoyal/Documents/CVPR 2026 Workshop/frames_full/Train/2100611006.jpg,ok
2100611010.avi,Train,210061,2,/Users/amangoyal/Documents/CVPR 2026 Workshop/frames_full/Train/2100611010.jpg,ok
2100611011.avi,Train,210061,3,/Users/amangoyal/Documents/CVPR 2026 Workshop/frames_full/Train/2100611011.jpg,ok
2100611012.avi,Train,210061,3,/Users/amangoyal/Documents/CVPR 2026 Workshop/frames_full/Train/2100611012.jpg,ok
2100611013.avi,Train,210061,3,/Users/amangoyal/Documents/CVPR 2026 Workshop/frames_full/Train/2100611013.jpg,ok
2100611014.avi,Train,210061,3,/Users/amangoyal/Documents/CVPR 2026 Workshop/frames_full/Train/2100611014.jpg,ok
2100611015.avi,Train,210061,3,/Users/amangoyal/Documents/CVPR 2026 Workshop/frames_full/Train/2100611015.jpg,ok
2100611016.avi,Train,210061,2,/Users/amangoyal/Documents/CVPR 2026 Workshop/frames_full/Train/2100611016.jpg,ok
2100611017.avi,Train,210061,2,/Users/amangoyal/Documents/CVPR 2026 Workshop/frames_full/Train/2100611017.jpg,ok
2100611018.avi,Train,210061,2,/Users/amangoyal/Documents/CVPR 2026 Workshop/frames_full/Train/2100611018.jpg,ok
2100611019.avi,Train,210061,2,/Users/amangoyal/Documents/CVPR 2026 Workshop/frames_full/Train/2100611019.jpg,ok
2100611021.avi,Train,210061,3,/Users/amangoyal/Documents/CVPR 2026 Workshop/frames_full/Train/2100611021.jpg,ok
2100611023.avi,Train,210061,2,/Users/amangoyal/Documents/CVPR 2026 Workshop/frames_full/Train/2100611023.jpg,ok
2100611024.avi,Train,210061,3,/Users/amangoyal/Documents/CVPR 2026 Workshop/frames_full/Train/2100611024.jpg,ok
2100611025.avi,Train,210061,3,/Users/amangoyal/Documents/CVPR 2026 Workshop/frames_full/Train/2100611025.jpg,ok
2100611026.avi,Train,210061,3,/Users/amangoyal/Documents/CVPR 2026 Workshop/frames_full/Train/2100611026.jpg,ok
2100611027.avi,Train,210061,1,/Users/amangoyal/Documents/CVPR 2026 Workshop/frames_full/Train/2100611027.jpg,ok
2100611028.avi,Train,210061,2,/Users/amangoyal/Documents/CVPR 2026 Workshop/frames_full/Train/2100611028.jpg,ok
2100611029.avi,Train,210061,2,/Users/amangoyal/Documents/CVPR 2026 Workshop/frames_full/Train/2100611029.jpg,ok
2100611031.avi,Train,210061,2,/Users/amangoyal/Documents/CVPR 2026 Workshop/frames_full/Train/2100611031.jpg,ok
2100611032.avi,Train,210061,3,/Users/amangoyal/Documents/CVPR 2026 Workshop/frames_full/Train/2100611032.jpg,ok
2100611034.avi,Train,210061,3,/Users/amangoyal/Documents/CVPR 2026 Workshop/frames_full/Train/2100611034.jpg,ok
2100611035.avi,Train,210061,3,/Users/amangoyal/Documents/CVPR 2026 Workshop/frames_full/Train/2100611035.jpg,ok
2100611036.avi,Train,210061,2,/Users/amangoyal/Documents/CVPR 2026 Workshop/frames_full/Train/2100611036.jpg,ok
2100611037.avi,Train,210061,2,/Users/amangoyal/Documents/CVPR 2026 Workshop/frames_full/Train/2100611037.jpg,ok
2100611038.avi,Train,210061,3,/Users/amangoyal/Documents/CVPR 2026 Workshop/frames_full/Train/2100611038.jpg,ok
2100611039.avi,Train,210061,3,/Users/amangoyal/Documents/CVPR 2026 Workshop/frames_full/Train/2100611039.jpg,ok
2100611040.avi,Train,210061,2,/Users/amangoyal/Documents/CVPR 2026 Workshop/frames_full/Train/2100611040.jpg,ok
2100611041.avi,Train,210061,3,/Users/amangoyal/Documents/CVPR 2026 Workshop/frames_full/Train/2100611041.jpg,ok
2100611042.avi,Train,210061,2,/Users/amangoyal/Documents/CVPR 2026 Workshop/frames_full/Train/2100611042.jpg,ok
2100611043.avi,Train,210061,2,/Users/amangoyal/Documents/CVPR 2026 Workshop/frames_full/Train/2100611043.jpg,ok
2100611044.avi,Train,210061,3,/Users/amangoyal/Documents/CVPR 2026 Workshop/frames_full/Train/2100611044.jpg,ok
2100611045.avi,Train,210061,2,/Users/amangoyal/Documents/CVPR 2026 Workshop/frames_full/Train/2100611045.jpg,ok
2100611046.avi,Train,210061,3,/Users/amangoyal/Documents/CVPR 2026 Workshop/frames_full/Train/2100611046.jpg,ok
2100611047.avi,Train,210061,2,/Users/amangoyal/Documents/CVPR 2026 Workshop/frames_full/Train/2100611047.jpg,ok
2100611048.avi,Train,210061,3,/Users/amangoyal/Documents/CVPR 2026 Workshop/frames_full/Train/2100611048.jpg,ok
2100611049.avi,Train,210061,3,/Users/amangoyal/Documents/CVPR 2026 Workshop/frames_full/Train/2100611049.jpg,ok
2100611050.avi,Train,210061,2,/Users/amangoyal/Documents/CVPR 2026 Workshop/frames_full/Train/2100611050.jpg,ok
2100611051.avi,Train,210061,3,/Users/amangoyal/Documents/CVPR 2026 Workshop/frames_full/Train/2100611051.jpg,ok
2100611052.avi,Train,210061,2,/Users/amangoyal/Documents/CVPR 2026 Workshop/frames_full/Train/2100611052.jpg,ok
2100611055.avi,Train,210061,3,/Users/amangoyal/Documents/CVPR 2026 Workshop/frames_full/Train/2100611055.jpg,ok
2100611056.avi,Train,210061,3,/Users/amangoyal/Documents/CVPR 2026 Workshop/frames_full/Train/2100611056.jpg,ok
2100611057.avi,Train,210061,2,/Users/amangoyal/Documents/CVPR 2026 Workshop/frames_full/Train/2100611057.jpg,ok
2100611058.avi,Train,210061,2,/Users/amangoyal/Documents/CVPR 2026 Workshop/frames_full/Train/2100611058.jpg,ok
2100611059.avi,Train,210061,3,/Users/amangoyal/Documents/CVPR 2026 Workshop/frames_full/Train/2100611059.jpg,ok
2100611060.avi,Train,210061,2,/Users/amangoyal/Documents/CVPR 2026 Workshop/frames_full/Train/2100611060.jpg,ok
2100611061.avi,Train,210061,3,/Users/amangoyal/Documents/CVPR 2026 Workshop/frames_full/Train/2100611061.jpg,ok
2100611062.avi,Train,210061,2,/Users/amangoyal/Documents/CVPR 2026 Workshop/frames_full/Train/2100611062.jpg,ok
2100611063.avi,Train,210061,3,/Users/amangoyal/Documents/CVPR 2026 Workshop/frames_full/Train/2100611063.jpg,ok
2100611064.avi,Train,210061,3,/Users/amangoyal/Documents/CVPR 2026 Workshop/frames_full/Train/2100611064.jpg,ok
2100611066.avi,Train,210061,3,/Users/amangoyal/Documents/CVPR 2026 Workshop/frames_full/Train/2100611066.jpg,ok
2100611067.avi,Train,210061,2,/Users/amangoyal/Documents/CVPR 2026 Workshop/frames_full/Train/2100611067.jpg,ok
2100611068.avi,Train,210061,2,/Users/amangoyal/Documents/CVPR 2026 Workshop/frames_full/Train/2100611068.jpg,ok
2100611069.avi,Train,210061,3,/Users/amangoyal/Documents/CVPR 2026 Workshop/frames_full/Train/2100611069.jpg,ok
2100611070.avi,Train,210061,2,/Users/amangoyal/Documents/CVPR 2026 Workshop/frames_full/Train/2100611070.jpg,ok
2100611071.avi,Train,210061,2,/Users/amangoyal/Documents/CVPR 2026 Workshop/frames_full/Train/2100611071.jpg,ok
2100611075.avi,Train,210061,2,/Users/amangoyal/Documents/CVPR 2026 Workshop/frames_full/Train/2100611075.jpg,ok
2100611076.avi,Train,210061,3,/Users/amangoyal/Documents/CVPR 2026 Workshop/frames_full/Train/2100611076.jpg,ok
2100611077.avi,Train,210061,3,/Users/amangoyal/Documents/CVPR 2026 Workshop/frames_full/Train/2100611077.jpg,ok
2100611078.avi,Train,210061,2,/Users/amangoyal/Documents/CVPR 2026 Workshop/frames_full/Train/2100611078.jpg,ok
2100611079.avi,Train,210061,2,/Users/amangoyal/Documents/CVPR 2026 Workshop/frames_full/Train/2100611079.jpg,ok
2100611081.avi,Train,210061,3,/Users/amangoyal/Documents/CVPR 2026 Workshop/frames_full/Train/2100611081.jpg,ok
2100611083.avi,Train,210061,2,/Users/amangoyal/Documents/CVPR 2026 Workshop/frames_full/Train/2100611083.jpg,ok
2100612001.avi,Train,210061,3,/Users/amangoyal/Documents/CVPR 2026 Workshop/frames_full/Train/2100612001.jpg,ok
2100612002.avi,Train,210061,3,/Users/amangoyal/Documents/CVPR 2026 Workshop/frames_full/Train/2100612002.jpg,ok
2100612003.avi,Train,210061,2,/Users/amangoyal/Documents/CVPR 2026 Workshop/frames_full/Train/2100612003.jpg,ok
2100612005.avi,Train,210061,2,/Users/amangoyal/Documents/CVPR 2026 Workshop/frames_full/Train/2100612005.jpg,ok
2100612006.avi,Train,210061,2,/Users/amangoyal/Documents/CVPR 2026 Workshop/frames_full/Train/2100612006.jpg,ok
2100612007.avi,Train,210061,3,/Users/amangoyal/Documents/CVPR 2026 Workshop/frames_full/Train/2100612007.jpg,ok
2100612008.avi,Train,210061,3,/Users/amangoyal/Documents/CVPR 2026 Workshop/frames_full/Train/2100612008.jpg,ok
2100612009.avi,Train,210061,1,/Users/amangoyal/Documents/CVPR 2026 Workshop/frames_full/Train/2100612009.jpg,ok
2100612010.avi,Train,210061,3,/Users/amangoyal/Documents/CVPR 2026 Workshop/frames_full/Train/2100612010.jpg,ok
2100612011.avi,Train,210061,3,/Users/amangoyal/Documents/CVPR 2026 Workshop/frames_full/Train/2100612011.jpg,ok
2100612012.avi,Train,210061,3,/Users/amangoyal/Documents/CVPR 2026 Workshop/frames_full/Train/2100612012.jpg,ok
2100612014.avi,Train,210061,3,/Users/amangoyal/Documents/CVPR 2026 Workshop/frames_full/Train/2100612014.jpg,ok
2100612015.avi,Train,210061,3,/Users/amangoyal/Documents/CVPR 2026 Workshop/frames_full/Train/2100612015.jpg,ok
2100612020.avi,Train,210061,3,/Users/amangoyal/Documents/CVPR 2026 Workshop/frames_full/Train/2100612020.jpg,ok
2100612022.avi,Train,210061,3,/Users/amangoyal/Documents/CVPR 2026 Workshop/frames_full/Train/2100612022.jpg,ok
2100612024.avi,Train,210061,3,/Users/amangoyal/Documents/CVPR 2026 Workshop/frames_full/Train/2100612024.jpg,ok
2100612025.avi,Train,210061,3,/Users/amangoyal/Documents/CVPR 2026 Workshop/frames_full/Train/2100612025.jpg,ok
2100612026.avi,Train,210061,3,/Users/amangoyal/Documents/CVPR 2026 Workshop/frames_full/Train/2100612026.jpg,ok
2100612027.avi,Train,210061,2,/Users/amangoyal/Documents/CVPR 2026 Workshop/frames_full/Train/2100612027.jpg,ok
2100612028.avi,Train,210061,2,/Users/amangoyal/Documents/CVPR 2026 Workshop/frames_full/Train/2100612028.jpg,ok
2100612029.avi,Train,210061,3,/Users/amangoyal/Documents/CVPR 2026 Workshop/frames_full/Train/2100612029.jpg,ok
2100612030.avi,Train,210061,2,/Users/amangoyal/Documents/CVPR 2026 Workshop/frames_full/Train/2100612030.jpg,ok
2100612031.avi,Train,210061,3,/Users/amangoyal/Documents/CVPR 2026 Workshop/frames_full/Train/2100612031.jpg,ok
2100612033.avi,Train,210061,2,/Users/amangoyal/Documents/CVPR 2026 Workshop/frames_full/Train/2100612033.jpg,ok
2100612034.avi,Train,210061,2,/Users/amangoyal/Documents/CVPR 2026 Workshop/frames_full/Train/2100612034.jpg,ok
2100612035.avi,Train,210061,3,/Users/amangoyal/Documents/CVPR 2026 Workshop/frames_full/Train/2100612035.jpg,ok
2100612037.avi,Train,210061,2,/Users/amangoyal/Documents/CVPR 2026 Workshop/frames_full/Train/2100612037.jpg,ok
2100612038.avi,Train,210061,3,/Users/amangoyal/Documents/CVPR 2026 Workshop/frames_full/Train/2100612038.jpg,ok
2100612040.avi,Train,210061,3,/Users/amangoyal/Documents/CVPR 2026 Workshop/frames_full/Train/2100612040.jpg,ok
2100612041.avi,Train,210061,2,/Users/amangoyal/Documents/CVPR 2026 Workshop/frames_full/Train/2100612041.jpg,ok
2100612042.avi,Train,210061,2,/Users/amangoyal/Documents/CVPR 2026 Workshop/frames_full/Train/2100612042.jpg,ok
2100612043.avi,Train,210061,3,/Users/amangoyal/Documents/CVPR 2026 Workshop/frames_full/Train/2100612043.jpg,ok
2100612044.avi,Train,210061,2,/Users/amangoyal/Documents/CVPR 2026 Workshop/frames_full/Train/2100612044.jpg,ok
2100612045.avi,Train,210061,3,/Users/amangoyal/Documents/CVPR 2026 Workshop/frames_full/Train/2100612045.jpg,ok
2100612046.avi,Train,210061,3,/Users/amangoyal/Documents/CVPR 2026 Workshop/frames_full/Train/2100612046.jpg,ok
2100612047.avi,Train,210061,3,/Users/amangoyal/Documents/CVPR 2026 Workshop/frames_full/Train/2100612047.jpg,ok
2100612048.avi,Train,210061,3,/Users/amangoyal/Documents/CVPR 2026 Workshop/frames_full/Train/2100612048.jpg,ok
2100612051.avi,Train,210061,3,/Users/amangoyal/Documents/CVPR 2026 Workshop/frames_full/Train/2100612051.jpg,ok
2100612053.avi,Train,210061,3,/Users/amangoyal/Documents/CVPR 2026 Workshop/frames_full/Train/2100612053.jpg,ok
2100612056.avi,Train,210061,2,/Users/amangoyal/Documents/CVPR 2026 Workshop/frames_full/Train/2100612056.jpg,ok
2100612057.avi,Train,210061,3,/Users/amangoyal/Documents/CVPR 2026 Workshop/frames_full/Train/2100612057.jpg,ok
2100612058.avi,Train,210061,3,/Users/amangoyal/Documents/CVPR 2026 Workshop/frames_full/Train/2100612058.jpg,ok
2100612059.avi,Train,210061,3,/Users/amangoyal/Documents/CVPR 2026 Workshop/frames_full/Train/2100612059.jpg,ok
2100612060.avi,Train,210061,3,/Users/amangoyal/Documents/CVPR 2026 Workshop/frames_full/Train/2100612060.jpg,ok
2100612061.avi,Train,210061,3,/Users/amangoyal/Documents/CVPR 2026 Workshop/frames_full/Train/2100612061.jpg,ok
2100612062.avi,Train,210061,3,/Users/amangoyal/Documents/CVPR 2026 Workshop/frames_full/Train/2100612062.jpg,ok
2100612063.avi,Train,210061,2,/Users/amangoyal/Documents/CVPR 2026 Workshop/frames_full/Train/2100612063.jpg,ok
2100612064.avi,Train,210061,2,/Users/amangoyal/Documents/CVPR 2026 Workshop/frames_full/Train/2100612064.jpg,ok
2100612065.avi,Train,210061,3,/Users/amangoyal/Documents/CVPR 2026 Workshop/frames_full/Train/2100612065.jpg,ok
2100612066.avi,Train,210061,3,/Users/amangoyal/Documents/CVPR 2026 Workshop/frames_full/Train/2100612066.jpg,ok
2100612067.avi,Train,210061,3,/Users/amangoyal/Documents/CVPR 2026 Workshop/frames_full/Train/2100612067.jpg,ok
2100612068.avi,Train,210061,2,/Users/amangoyal/Documents/CVPR 2026 Workshop/frames_full/Train/2100612068.jpg,ok
2100612069.avi,Train,210061,2,/Users/amangoyal/Documents/CVPR 2026 Workshop/frames_full/Train/2100612069.jpg,ok
2100612070.avi,Train,210061,2,/Users/amangoyal/Documents/CVPR 2026 Workshop/frames_full/Train/2100612070.jpg,ok
2100612071.avi,Train,210061,2,/Users/amangoyal/Documents/CVPR 2026 Workshop/frames_full/Train/2100612071.jpg,ok
2100612072.avi,Train,210061,3,/Users/amangoyal/Documents/CVPR 2026 Workshop/frames_full/Train/2100612072.jpg,ok
2260510110.avi,Train,226051,2,/Users/amangoyal/Documents/CVPR 2026 Workshop/frames_full/Train/2260510110.jpg,ok
2260510113.avi,Train,226051,3,/Users/amangoyal/Documents/CVPR 2026 Workshop/frames_full/Train/2260510113.jpg,ok
2260510114.avi,Train,226051,2,/Users/amangoyal/Documents/CVPR 2026 Workshop/frames_full/Train/2260510114.jpg,ok
2260510115.avi,Train,226051,3,/Users/amangoyal/Documents/CVPR 2026 Workshop/frames_full/Train/2260510115.jpg,ok
2260510116.avi,Train,226051,2,/Users/amangoyal/Documents/CVPR 2026 Workshop/frames_full/Train/2260510116.jpg,ok
2260510118.avi,Train,226051,2,/Users/amangoyal/Documents/CVPR 2026 Workshop/frames_full/Train/2260510118.jpg,ok
2260510122.avi,Train,226051,2,/Users/amangoyal/Documents/CVPR 2026 Workshop/frames_full/Train/2260510122.jpg,ok
2260510124.avi,Train,226051,2,/Users/amangoyal/Documents/CVPR 2026 Workshop/frames_full/Train/2260510124.jpg,ok
2260510125.avi,Train,226051,2,/Users/amangoyal/Documents/CVPR 2026 Workshop/frames_full/Train/2260510125.jpg,ok
2260510126.avi,Train,226051,2,/Users/amangoyal/Documents/CVPR 2026 Workshop/frames_full/Train/2260510126.jpg,ok
2260510127.avi,Train,226051,3,/Users/amangoyal/Documents/CVPR 2026 Workshop/frames_full/Train/2260510127.jpg,ok
2260510129.avi,Train,226051,2,/Users/amangoyal/Documents/CVPR 2026 Workshop/frames_full/Train/2260510129.jpg,ok
226051013.avi,Train,226051,2,/Users/amangoyal/Documents/CVPR 2026 Workshop/frames_full/Train/226051013.jpg,ok
2260510131.avi,Train,226051,2,/Users/amangoyal/Documents/CVPR 2026 Workshop/frames_full/Train/2260510131.jpg,ok
2260510134.avi,Train,226051,2,/Users/amangoyal/Documents/CVPR 2026 Workshop/frames_full/Train/2260510134.jpg,ok
2260510136.avi,Train,226051,2,/Users/amangoyal/Documents/CVPR 2026 Workshop/frames_full/Train/2260510136.jpg,ok
2260510138.avi,Train,226051,2,/Users/amangoyal/Documents/CVPR 2026 Workshop/frames_full/Train/2260510138.jpg,ok
2260510139.avi,Train,226051,2,/Users/amangoyal/Documents/CVPR 2026 Workshop/frames_full/Train/2260510139.jpg,ok
226051014.avi,Train,226051,2,/Users/amangoyal/Documents/CVPR 2026 Workshop/frames_full/Train/226051014.jpg,ok
2260510140.avi,Train,226051,3,/Users/amangoyal/Documents/CVPR 2026 Workshop/frames_full/Train/2260510140.jpg,ok
2260510141.avi,Train,226051,2,/Users/amangoyal/Documents/CVPR 2026 Workshop/frames_full/Train/2260510141.jpg,ok
2260510142.avi,Train,226051,2,/Users/amangoyal/Documents/CVPR 2026 Workshop/frames_full/Train/2260510142.jpg,ok
2260510143.avi,Train,226051,2,/Users/amangoyal/Documents/CVPR 2026 Workshop/frames_full/Train/2260510143.jpg,ok
2260510146.avi,Train,226051,3,/Users/amangoyal/Documents/CVPR 2026 Workshop/frames_full/Train/2260510146.jpg,ok
2260510147.avi,Train,226051,2,/Users/amangoyal/Documents/CVPR 2026 Workshop/frames_full/Train/2260510147.jpg,ok
2260510148.avi,Train,226051,2,/Users/amangoyal/Documents/CVPR 2026 Workshop/frames_full/Train/2260510148.jpg,ok
2260510151.avi,Train,226051,3,/Users/amangoyal/Documents/CVPR 2026 Workshop/frames_full/Train/2260510151.jpg,ok
2260510152.avi,Train,226051,3,/Users/amangoyal/Documents/CVPR 2026 Workshop/frames_full/Train/2260510152.jpg,ok
2260510155.avi,Train,226051,1,/Users/amangoyal/Documents/CVPR 2026 Workshop/frames_full/Train/2260510155.jpg,ok
2260510156.avi,Train,226051,2,/Users/amangoyal/Documents/CVPR 2026 Workshop/frames_full/Train/2260510156.jpg,ok
2260510158.avi,Train,226051,2,/Users/amangoyal/Documents/CVPR 2026 Workshop/frames_full/Train/2260510158.jpg,ok
2260510159.avi,Train,226051,2,/Users/amangoyal/Documents/CVPR 2026 Workshop/frames_full/Train/2260510159.jpg,ok
226051016.avi,Train,226051,2,/Users/amangoyal/Documents/CVPR 2026 Workshop/frames_full/Train/226051016.jpg,ok
2260510160.avi,Train,226051,2,/Users/amangoyal/Documents/CVPR 2026 Workshop/frames_full/Train/2260510160.jpg,ok
2260510162.avi,Train,226051,2,/Users/amangoyal/Documents/CVPR 2026 Workshop/frames_full/Train/2260510162.jpg,ok
2260510163.avi,Train,226051,1,/Users/amangoyal/Documents/CVPR 2026 Workshop/frames_full/Train/2260510163.jpg,ok
2260510167.avi,Train,226051,2,/Users/amangoyal/Documents/CVPR 2026 Workshop/frames_full/Train/2260510167.jpg,ok
2260510168.avi,Train,226051,3,/Users/amangoyal/Documents/CVPR 2026 Workshop/frames_full/Train/2260510168.jpg,ok
226051017.avi,Train,226051,2,/Users/amangoyal/Documents/CVPR 2026 Workshop/frames_full/Train/226051017.jpg,ok
2260510172.avi,Train,226051,3,/Users/amangoyal/Documents/CVPR 2026 Workshop/frames_full/Train/2260510172.jpg,ok
2260510174.avi,Train,226051,2,/Users/amangoyal/Documents/CVPR 2026 Workshop/frames_full/Train/2260510174.jpg,ok
2260510176.avi,Train,226051,2,/Users/amangoyal/Documents/CVPR 2026 Workshop/frames_full/Train/2260510176.jpg,ok
2260510177.avi,Train,226051,1,/Users/amangoyal/Documents/CVPR 2026 Workshop/frames_full/Train/2260510177.jpg,ok
2260510180.avi,Train,226051,2,/Users/amangoyal/Documents/CVPR 2026 Workshop/frames_full/Train/2260510180.jpg,ok
2260510182.avi,Train,226051,2,/Users/amangoyal/Documents/CVPR 2026 Workshop/frames_full/Train/2260510182.jpg,ok
2260510183.avi,Train,226051,2,/Users/amangoyal/Documents/CVPR 2026 Workshop/frames_full/Train/2260510183.jpg,ok
2260510185.avi,Train,226051,2,/Users/amangoyal/Documents/CVPR 2026 Workshop/frames_full/Train/2260510185.jpg,ok
226051019.avi,Train,226051,3,/Users/amangoyal/Documents/CVPR 2026 Workshop/frames_full/Train/226051019.jpg,ok
226051021.avi,Train,226051,2,/Users/amangoyal/Documents/CVPR 2026 Workshop/frames_full/Train/226051021.jpg,ok
2260510212.avi,Train,226051,3,/Users/amangoyal/Documents/CVPR 2026 Workshop/frames_full/Train/2260510212.jpg,ok
2260510213.avi,Train,226051,3,/Users/amangoyal/Documents/CVPR 2026 Workshop/frames_full/Train/2260510213.jpg,ok
2260510214.avi,Train,226051,3,/Users/amangoyal/Documents/CVPR 2026 Workshop/frames_full/Train/2260510214.jpg,ok
2260510217.avi,Train,226051,2,/Users/amangoyal/Documents/CVPR 2026 Workshop/frames_full/Train/2260510217.jpg,ok
226051022.avi,Train,226051,3,/Users/amangoyal/Documents/CVPR 2026 Workshop/frames_full/Train/226051022.jpg,ok
2260510220.avi,Train,226051,3,/Users/amangoyal/Documents/CVPR 2026 Workshop/frames_full/Train/2260510220.jpg,ok
2260510221.avi,Train,226051,2,/Users/amangoyal/Documents/CVPR 2026 Workshop/frames_full/Train/2260510221.jpg,ok
2260510222.avi,Train,226051,3,/Users/amangoyal/Documents/CVPR 2026 Workshop/frames_full/Train/2260510222.jpg,ok
2260510223.avi,Train,226051,3,/Users/amangoyal/Documents/CVPR 2026 Workshop/frames_full/Train/2260510223.jpg,ok
2260510227.avi,Train,226051,3,/Users/amangoyal/Documents/CVPR 2026 Workshop/frames_full/Train/2260510227.jpg,ok
2260510228.avi,Train,226051,2,/Users/amangoyal/Documents/CVPR 2026 Workshop/frames_full/Train/2260510228.jpg,ok
2260510229.avi,Train,226051,3,/Users/amangoyal/Documents/CVPR 2026 Workshop/frames_full/Train/2260510229.jpg,ok
226051023.avi,Train,226051,3,/Users/amangoyal/Documents/CVPR 2026 Workshop/frames_full/Train/226051023.jpg,ok
2260510230.avi,Train,226051,3,/Users/amangoyal/Documents/CVPR 2026 Workshop/frames_full/Train/2260510230.jpg,ok
2260510231.avi,Train,226051,3,/Users/amangoyal/Documents/CVPR 2026 Workshop/frames_full/Train/2260510231.jpg,ok
2260510232.avi,Train,226051,3,/Users/amangoyal/Documents/CVPR 2026 Workshop/frames_full/Train/2260510232.jpg,ok
2260510233.avi,Train,226051,3,/Users/amangoyal/Documents/CVPR 2026 Workshop/frames_full/Train/2260510233.jpg,ok
2260510237.avi,Train,226051,3,/Users/amangoyal/Documents/CVPR 2026 Workshop/frames_full/Train/2260510237.jpg,ok
2260510238.avi,Train,226051,3,/Users/amangoyal/Documents/CVPR 2026 Workshop/frames_full/Train/2260510238.jpg,ok
2260510240.avi,Train,226051,3,/Users/amangoyal/Documents/CVPR 2026 Workshop/frames_full/Train/2260510240.jpg,ok
2260510241.avi,Train,226051,3,/Users/amangoyal/Documents/CVPR 2026 Workshop/frames_full/Train/2260510241.jpg,ok
2260510242.avi,Train,226051,3,/Users/amangoyal/Documents/CVPR 2026 Workshop/frames_full/Train/2260510242.jpg,ok
2260510243.avi,Train,226051,3,/Users/amangoyal/Documents/CVPR 2026 Workshop/frames_full/Train/2260510243.jpg,ok
2260510244.avi,Train,226051,3,/Users/amangoyal/Documents/CVPR 2026 Workshop/frames_full/Train/2260510244.jpg,ok
2260510247.avi,Train,226051,3,/Users/amangoyal/Documents/CVPR 2026 Workshop/frames_full/Train/2260510247.jpg,ok
2260510248.avi,Train,226051,3,/Users/amangoyal/Documents/CVPR 2026 Workshop/frames_full/Train/2260510248.jpg,ok
226051025.avi,Train,226051,3,/Users/amangoyal/Documents/CVPR 2026 Workshop/frames_full/Train/226051025.jpg,ok
2260510250.avi,Train,226051,2,/Users/amangoyal/Documents/CVPR 2026 Workshop/frames_full/Train/2260510250.jpg,ok
2260510252.avi,Train,226051,3,/Users/amangoyal/Documents/CVPR 2026 Workshop/frames_full/Train/2260510252.jpg,ok
2260510253.avi,Train,226051,3,/Users/amangoyal/Documents/CVPR 2026 Workshop/frames_full/Train/2260510253.jpg,ok
2260510254.avi,Train,226051,2,/Users/amangoyal/Documents/CVPR 2026 Workshop/frames_full/Train/2260510254.jpg,ok
2260510257.avi,Train,226051,2,/Users/amangoyal/Documents/CVPR 2026 Workshop/frames_full/Train/2260510257.jpg,ok
2260510258.avi,Train,226051,3,/Users/amangoyal/Documents/CVPR 2026 Workshop/frames_full/Train/2260510258.jpg,ok
2260510259.avi,Train,226051,3,/Users/amangoyal/Documents/CVPR 2026 Workshop/frames_full/Train/2260510259.jpg,ok
226051026.avi,Train,226051,3,/Users/amangoyal/Documents/CVPR 2026 Workshop/frames_full/Train/226051026.jpg,ok
2260510260.avi,Train,226051,3,/Users/amangoyal/Documents/CVPR 2026 Workshop/frames_full/Train/2260510260.jpg,ok
2260510262.avi,Train,226051,2,/Users/amangoyal/Documents/CVPR 2026 Workshop/frames_full/Train/2260510262.jpg,ok
2260510266.avi,Train,226051,3,/Users/amangoyal/Documents/CVPR 2026 Workshop/frames_full/Train/2260510266.jpg,ok
2260510267.avi,Train,226051,3,/Users/amangoyal/Documents/CVPR 2026 Workshop/frames_full/Train/2260510267.jpg,ok
226051027.avi,Train,226051,3,/Users/amangoyal/Documents/CVPR 2026 Workshop/frames_full/Train/226051027.jpg,ok
2260510270.avi,Train,226051,3,/Users/amangoyal/Documents/CVPR 2026 Workshop/frames_full/Train/2260510270.jpg,ok
2260510271.avi,Train,226051,2,/Users/amangoyal/Documents/CVPR 2026 Workshop/frames_full/Train/2260510271.jpg,ok
2260510272.avi,Train,226051,3,/Users/amangoyal/Documents/CVPR 2026 Workshop/frames_full/Train/2260510272.jpg,ok
2260510276.avi,Train,226051,2,/Users/amangoyal/Documents/CVPR 2026 Workshop/frames_full/Train/2260510276.jpg,ok
2260510277.avi,Train,226051,2,/Users/amangoyal/Documents/CVPR 2026 Workshop/frames_full/Train/2260510277.jpg,ok
2260510278.avi,Train,226051,3,/Users/amangoyal/Documents/CVPR 2026 Workshop/frames_full/Train/2260510278.jpg,ok
240846010.avi,Train,240846,3,/Users/amangoyal/Documents/CVPR 2026 Workshop/frames_full/Train/240846010.jpg,ok
240846011.avi,Train,240846,3,/Users/amangoyal/Documents/CVPR 2026 Workshop/frames_full/Train/240846011.jpg,ok
2408460110.avi,Train,240846,3,/Users/amangoyal/Documents/CVPR 2026 Workshop/frames_full/Train/2408460110.jpg,ok
2408460111.avi,Train,240846,2,/Users/amangoyal/Documents/CVPR 2026 Workshop/frames_full/Train/2408460111.jpg,ok
2408460118.avi,Train,240846,1,/Users/amangoyal/Documents/CVPR 2026 Workshop/frames_full/Train/2408460118.jpg,ok
240846012.avi,Train,240846,2,/Users/amangoyal/Documents/CVPR 2026 Workshop/frames_full/Train/240846012.jpg,ok
2408460120.avi,Train,240846,2,/Users/amangoyal/Documents/CVPR 2026 Workshop/frames_full/Train/2408460120.jpg,ok
2408460123.avi,Train,240846,3,/Users/amangoyal/Documents/CVPR 2026 Workshop/frames_full/Train/2408460123.jpg,ok
2408460125.avi,Train,240846,3,/Users/amangoyal/Documents/CVPR 2026 Workshop/frames_full/Train/2408460125.jpg,ok
2408460126.avi,Train,240846,2,/Users/amangoyal/Documents/CVPR 2026 Workshop/frames_full/Train/2408460126.jpg,ok
2408460127.avi,Train,240846,2,/Users/amangoyal/Documents/CVPR 2026 Workshop/frames_full/Train/2408460127.jpg,ok
2408460129.avi,Train,240846,2,/Users/amangoyal/Documents/CVPR 2026 Workshop/frames_full/Train/2408460129.jpg,ok
240846013.avi,Train,240846,2,/Users/amangoyal/Documents/CVPR 2026 Workshop/frames_full/Train/240846013.jpg,ok
2408460130.avi,Train,240846,2,/Users/amangoyal/Documents/CVPR 2026 Workshop/frames_full/Train/2408460130.jpg,ok
2408460131.avi,Train,240846,2,/Users/amangoyal/Documents/CVPR 2026 Workshop/frames_full/Train/2408460131.jpg,ok
2408460132.avi,Train,240846,2,/Users/amangoyal/Documents/CVPR 2026 Workshop/frames_full/Train/2408460132.jpg,ok
2408460133.avi,Train,240846,3,/Users/amangoyal/Documents/CVPR 2026 Workshop/frames_full/Train/2408460133.jpg,ok
2408460134.avi,Train,240846,3,/Users/amangoyal/Documents/CVPR 2026 Workshop/frames_full/Train/2408460134.jpg,ok
2408460135.avi,Train,240846,3,/Users/amangoyal/Documents/CVPR 2026 Workshop/frames_full/Train/2408460135.jpg,ok
2408460137.avi,Train,240846,1,/Users/amangoyal/Documents/CVPR 2026 Workshop/frames_full/Train/2408460137.jpg,ok
2408460139.avi,Train,240846,3,/Users/amangoyal/Documents/CVPR 2026 Workshop/frames_full/Train/2408460139.jpg,ok
2408460143.avi,Train,240846,2,/Users/amangoyal/Documents/CVPR 2026 Workshop/frames_full/Train/2408460143.jpg,ok
2408460145.avi,Train,240846,3,/Users/amangoyal/Documents/CVPR 2026 Workshop/frames_full/Train/2408460145.jpg,ok
2408460146.avi,Train,240846,3,/Users/amangoyal/Documents/CVPR 2026 Workshop/frames_full/Train/2408460146.jpg,ok
2408460148.avi,Train,240846,2,/Users/amangoyal/Documents/CVPR 2026 Workshop/frames_full/Train/2408460148.jpg,ok
2408460149.avi,Train,240846,2,/Users/amangoyal/Documents/CVPR 2026 Workshop/frames_full/Train/2408460149.jpg,ok
240846015.avi,Train,240846,2,/Users/amangoyal/Documents/CVPR 2026 Workshop/frames_full/Train/240846015.jpg,ok
2408460150.avi,Train,240846,2,/Users/amangoyal/Documents/CVPR 2026 Workshop/frames_full/Train/2408460150.jpg,ok
2408460151.avi,Train,240846,3,/Users/amangoyal/Documents/CVPR 2026 Workshop/frames_full/Train/2408460151.jpg,ok
2408460152.avi,Train,240846,3,/Users/amangoyal/Documents/CVPR 2026 Workshop/frames_full/Train/2408460152.jpg,ok
2408460154.avi,Train,240846,3,/Users/amangoyal/Documents/CVPR 2026 Workshop/frames_full/Train/2408460154.jpg,ok
2408460155.avi,Train,240846,3,/Users/amangoyal/Documents/CVPR 2026 Workshop/frames_full/Train/2408460155.jpg,ok
2408460156.avi,Train,240846,2,/Users/amangoyal/Documents/CVPR 2026 Workshop/frames_full/Train/2408460156.jpg,ok
2408460158.avi,Train,240846,2,/Users/amangoyal/Documents/CVPR 2026 Workshop/frames_full/Train/2408460158.jpg,ok
2408460159.avi,Train,240846,2,/Users/amangoyal/Documents/CVPR 2026 Workshop/frames_full/Train/2408460159.jpg,ok
240846016.avi,Train,240846,2,/Users/amangoyal/Documents/CVPR 2026 Workshop/frames_full/Train/240846016.jpg,ok
2408460163.avi,Train,240846,2,/Users/amangoyal/Documents/CVPR 2026 Workshop/frames_full/Train/2408460163.jpg,ok
2408460166.avi,Train,240846,2,/Users/amangoyal/Documents/CVPR 2026 Workshop/frames_full/Train/2408460166.jpg,ok
240846017.avi,Train,240846,2,/Users/amangoyal/Documents/CVPR 2026 Workshop/frames_full/Train/240846017.jpg,ok
240846018.avi,Train,240846,2,/Users/amangoyal/Documents/CVPR 2026 Workshop/frames_full/Train/240846018.jpg,ok
240846019.avi,Train,240846,2,/Users/amangoyal/Documents/CVPR 2026 Workshop/frames_full/Train/240846019.jpg,ok
2408460211.avi,Train,240846,2,/Users/amangoyal/Documents/CVPR 2026 Workshop/frames_full/Train/2408460211.jpg,ok
2408460212.avi,Train,240846,3,/Users/amangoyal/Documents/CVPR 2026 Workshop/frames_full/Train/2408460212.jpg,ok
2408460213.avi,Train,240846,3,/Users/amangoyal/Documents/CVPR 2026 Workshop/frames_full/Train/2408460213.jpg,ok
2408460215.avi,Train,240846,3,/Users/amangoyal/Documents/CVPR 2026 Workshop/frames_full/Train/2408460215.jpg,ok
2408460217.avi,Train,240846,2,/Users/amangoyal/Documents/CVPR 2026 Workshop/frames_full/Train/2408460217.jpg,ok
2408460219.avi,Train,240846,2,/Users/amangoyal/Documents/CVPR 2026 Workshop/frames_full/Train/2408460219.jpg,ok
240846022.avi,Train,240846,2,/Users/amangoyal/Documents/CVPR 2026 Workshop/frames_full/Train/240846022.jpg,ok
2408460220.avi,Train,240846,3,/Users/amangoyal/Documents/CVPR 2026 Workshop/frames_full/Train/2408460220.jpg,ok
2408460221.avi,Train,240846,3,/Users/amangoyal/Documents/CVPR 2026 Workshop/frames_full/Train/2408460221.jpg,ok
2408460222.avi,Train,240846,2,/Users/amangoyal/Documents/CVPR 2026 Workshop/frames_full/Train/2408460222.jpg,ok
2408460223.avi,Train,240846,2,/Users/amangoyal/Documents/CVPR 2026 Workshop/frames_full/Train/2408460223.jpg,ok
2408460225.avi,Train,240846,3,/Users/amangoyal/Documents/CVPR 2026 Workshop/frames_full/Train/2408460225.jpg,ok
2408460226.avi,Train,240846,2,/Users/amangoyal/Documents/CVPR 2026 Workshop/frames_full/Train/2408460226.jpg,ok
2408460227.avi,Train,240846,3,/Users/amangoyal/Documents/CVPR 2026 Workshop/frames_full/Train/2408460227.jpg,ok
2408460229.avi,Train,240846,2,/Users/amangoyal/Documents/CVPR 2026 Workshop/frames_full/Train/2408460229.jpg,ok
240846023.avi,Train,240846,2,/Users/amangoyal/Documents/CVPR 2026 Workshop/frames_full/Train/240846023.jpg,ok
2408460234.avi,Train,240846,2,/Users/amangoyal/Documents/CVPR 2026 Workshop/frames_full/Train/2408460234.jpg,ok
2408460236.avi,Train,240846,3,/Users/amangoyal/Documents/CVPR 2026 Workshop/frames_full/Train/2408460236.jpg,ok
2408460237.avi,Train,240846,3,/Users/amangoyal/Documents/CVPR 2026 Workshop/frames_full/Train/2408460237.jpg,ok
2408460238.avi,Train,240846,2,/Users/amangoyal/Documents/CVPR 2026 Workshop/frames_full/Train/2408460238.jpg,ok
240846024.avi,Train,240846,2,/Users/amangoyal/Documents/CVPR 2026 Workshop/frames_full/Train/240846024.jpg,ok
2408460240.avi,Train,240846,2,/Users/amangoyal/Documents/CVPR 2026 Workshop/frames_full/Train/2408460240.jpg,ok
2408460242.avi,Train,240846,3,/Users/amangoyal/Documents/CVPR 2026 Workshop/frames_full/Train/2408460242.jpg,ok
2408460243.avi,Train,240846,3,/Users/amangoyal/Documents/CVPR 2026 Workshop/frames_full/Train/2408460243.jpg,ok
2408460244.avi,Train,240846,2,/Users/amangoyal/Documents/CVPR 2026 Workshop/frames_full/Train/2408460244.jpg,ok
2408460246.avi,Train,240846,3,/Users/amangoyal/Documents/CVPR 2026 Workshop/frames_full/Train/2408460246.jpg,ok
2408460247.avi,Train,240846,3,/Users/amangoyal/Documents/CVPR 2026 Workshop/frames_full/Train/2408460247.jpg,ok
2408460249.avi,Train,240846,3,/Users/amangoyal/Documents/CVPR 2026 Workshop/frames_full/Train/2408460249.jpg,ok
2408460252.avi,Train,240846,3,/Users/amangoyal/Documents/CVPR 2026 Workshop/frames_full/Train/2408460252.jpg,ok
2408460254.avi,Train,240846,2,/Users/amangoyal/Documents/CVPR 2026 Workshop/frames_full/Train/2408460254.jpg,ok
2408460255.avi,Train,240846,3,/Users/amangoyal/Documents/CVPR 2026 Workshop/frames_full/Train/2408460255.jpg,ok
2408460257.avi,Train,240846,3,/Users/amangoyal/Documents/CVPR 2026 Workshop/frames_full/Train/2408460257.jpg,ok
2408460260.avi,Train,240846,3,/Users/amangoyal/Documents/CVPR 2026 Workshop/frames_full/Train/2408460260.jpg,ok
2408460261.avi,Train,240846,3,/Users/amangoyal/Documents/CVPR 2026 Workshop/frames_full/Train/2408460261.jpg,ok
2408460265.avi,Train,240846,3,/Users/amangoyal/Documents/CVPR 2026 Workshop/frames_full/Train/2408460265.jpg,ok
2408460266.avi,Train,240846,3,/Users/amangoyal/Documents/CVPR 2026 Workshop/frames_full/Train/2408460266.jpg,ok
2408460268.avi,Train,240846,3,/Users/amangoyal/Documents/CVPR 2026 Workshop/frames_full/Train/2408460268.jpg,ok
2408460269.avi,Train,240846,2,/Users/amangoyal/Documents/CVPR 2026 Workshop/frames_full/Train/2408460269.jpg,ok
240846027.avi,Train,240846,2,/Users/amangoyal/Documents/CVPR 2026 Workshop/frames_full/Train/240846027.jpg,ok
2408460271.avi,Train,240846,2,/Users/amangoyal/Documents/CVPR 2026 Workshop/frames_full/Train/2408460271.jpg,ok
2408460272.avi,Train,240846,2,/Users/amangoyal/Documents/CVPR 2026 Workshop/frames_full/Train/2408460272.jpg,ok
2408460274.avi,Train,240846,2,/Users/amangoyal/Documents/CVPR 2026 Workshop/frames_full/Train/2408460274.jpg,ok
2408460276.avi,Train,240846,3,/Users/amangoyal/Documents/CVPR 2026 Workshop/frames_full/Train/2408460276.jpg,ok
2408460277.avi,Train,240846,3,/Users/amangoyal/Documents/CVPR 2026 Workshop/frames_full/Train/2408460277.jpg,ok
2408460278.avi,Train,240846,2,/Users/amangoyal/Documents/CVPR 2026 Workshop/frames_full/Train/2408460278.jpg,ok
240846028.avi,Train,240846,2,/Users/amangoyal/Documents/CVPR 2026 Workshop/frames_full/Train/240846028.jpg,ok
2408460280.avi,Train,240846,3,/Users/amangoyal/Documents/CVPR 2026 Workshop/frames_full/Train/2408460280.jpg,ok
240846029.avi,Train,240846,2,/Users/amangoyal/Documents/CVPR 2026 Workshop/frames_full/Train/240846029.jpg,ok
24851011.mp4,Train,248510,2,/Users/amangoyal/Documents/CVPR 2026 Workshop/frames_full/Train/24851011.jpg,ok
248510111.mp4,Train,248510,3,/Users/amangoyal/Documents/CVPR 2026 Workshop/frames_full/Train/248510111.jpg,ok
248510112.mp4,Train,248510,3,/Users/amangoyal/Documents/CVPR 2026 Workshop/frames_full/Train/248510112.jpg,ok
248510114.mp4,Train,248510,2,/Users/amangoyal/Documents/CVPR 2026 Workshop/frames_full/Train/248510114.jpg,ok
248510116.mp4,Train,248510,3,/Users/amangoyal/Documents/CVPR 2026 Workshop/frames_full/Train/248510116.jpg,ok
248510117.mp4,Train,248510,3,/Users/amangoyal/Documents/CVPR 2026 Workshop/frames_full/Train/248510117.jpg,ok
248510118.mp4,Train,248510,2,/Users/amangoyal/Documents/CVPR 2026 Workshop/frames_full/Train/248510118.jpg,ok
248510119.mp4,Train,248510,3,/Users/amangoyal/Documents/CVPR 2026 Workshop/frames_full/Train/248510119.jpg,ok
248510120.mp4,Train,248510,3,/Users/amangoyal/Documents/CVPR 2026 Workshop/frames_full/Train/248510120.jpg,ok
248510125.mp4,Train,248510,3,/Users/amangoyal/Documents/CVPR 2026 Workshop/frames_full/Train/248510125.jpg,ok
248510127.mp4,Train,248510,2,/Users/amangoyal/Documents/CVPR 2026 Workshop/frames_full/Train/248510127.jpg,ok
248510128.mp4,Train,248510,3,/Users/amangoyal/Documents/CVPR 2026 Workshop/frames_full/Train/248510128.jpg,ok
248510129.mp4,Train,248510,3,/Users/amangoyal/Documents/CVPR 2026 Workshop/frames_full/Train/248510129.jpg,ok
24851013.mp4,Train,248510,3,/Users/amangoyal/Documents/CVPR 2026 Workshop/frames_full/Train/24851013.jpg,ok
248510131.mp4,Train,248510,2,/Users/amangoyal/Documents/CVPR 2026 Workshop/frames_full/Train/248510131.jpg,ok
248510136.mp4,Train,248510,3,/Users/amangoyal/Documents/CVPR 2026 Workshop/frames_full/Train/248510136.jpg,ok
248510137.mp4,Train,248510,3,/Users/amangoyal/Documents/CVPR 2026 Workshop/frames_full/Train/248510137.jpg,ok
24851014.mp4,Train,248510,2,/Users/amangoyal/Documents/CVPR 2026 Workshop/frames_full/Train/24851014.jpg,ok
248510142.mp4,Train,248510,2,/Users/amangoyal/Documents/CVPR 2026 Workshop/frames_full/Train/248510142.jpg,ok
248510147.mp4,Train,248510,3,/Users/amangoyal/Documents/CVPR 2026 Workshop/frames_full/Train/248510147.jpg,ok
248510148.mp4,Train,248510,3,/Users/amangoyal/Documents/CVPR 2026 Workshop/frames_full/Train/248510148.jpg,ok
24851015.mp4,Train,248510,3,/Users/amangoyal/Documents/CVPR 2026 Workshop/frames_full/Train/24851015.jpg,ok
248510150.mp4,Train,248510,3,/Users/amangoyal/Documents/CVPR 2026 Workshop/frames_full/Train/248510150.jpg,ok
248510151.mp4,Train,248510,3,/Users/amangoyal/Documents/CVPR 2026 Workshop/frames_full/Train/248510151.jpg,ok
248510153.mp4,Train,248510,2,/Users/amangoyal/Documents/CVPR 2026 Workshop/frames_full/Train/248510153.jpg,ok
248510155.mp4,Train,248510,3,/Users/amangoyal/Documents/CVPR 2026 Workshop/frames_full/Train/248510155.jpg,ok
248510156.mp4,Train,248510,2,/Users/amangoyal/Documents/CVPR 2026 Workshop/frames_full/Train/248510156.jpg,ok
248510157.mp4,Train,248510,2,/Users/amangoyal/Documents/CVPR 2026 Workshop/frames_full/Train/248510157.jpg,ok
248510160.mp4,Train,248510,3,/Users/amangoyal/Documents/CVPR 2026 Workshop/frames_full/Train/248510160.jpg,ok
248510161.mp4,Train,248510,3,/Users/amangoyal/Documents/CVPR 2026 Workshop/frames_full/Train/248510161.jpg,ok
248510163.mp4,Train,248510,2,/Users/amangoyal/Documents/CVPR 2026 Workshop/frames_full/Train/248510163.jpg,ok
248510164.mp4,Train,248510,3,/Users/amangoyal/Documents/CVPR 2026 Workshop/frames_full/Train/248510164.jpg,ok
248510167.mp4,Train,248510,3,/Users/amangoyal/Documents/CVPR 2026 Workshop/frames_full/Train/248510167.jpg,ok
248510170.mp4,Train,248510,3,/Users/amangoyal/Documents/CVPR 2026 Workshop/frames_full/Train/248510170.jpg,ok
24851018.mp4,Train,248510,3,/Users/amangoyal/Documents/CVPR 2026 Workshop/frames_full/Train/24851018.jpg,ok
24851019.mp4,Train,248510,3,/Users/amangoyal/Documents/CVPR 2026 Workshop/frames_full/Train/24851019.jpg,ok
248510211.mp4,Train,248510,3,/Users/amangoyal/Documents/CVPR 2026 Workshop/frames_full/Train/248510211.jpg,ok
248510212.mp4,Train,248510,3,/Users/amangoyal/Documents/CVPR 2026 Workshop/frames_full/Train/248510212.jpg,ok
248510213.mp4,Train,248510,2,/Users/amangoyal/Documents/CVPR 2026 Workshop/frames_full/Train/248510213.jpg,ok
248510214.mp4,Train,248510,2,/Users/amangoyal/Documents/CVPR 2026 Workshop/frames_full/Train/248510214.jpg,ok
248510215.mp4,Train,248510,3,/Users/amangoyal/Documents/CVPR 2026 Workshop/frames_full/Train/248510215.jpg,ok
248510216.mp4,Train,248510,3,/Users/amangoyal/Documents/CVPR 2026 Workshop/frames_full/Train/248510216.jpg,ok
24851022.mp4,Train,248510,3,/Users/amangoyal/Documents/CVPR 2026 Workshop/frames_full/Train/24851022.jpg,ok
248510220.mp4,Train,248510,3,/Users/amangoyal/Documents/CVPR 2026 Workshop/frames_full/Train/248510220.jpg,ok
248510223.mp4,Train,248510,3,/Users/amangoyal/Documents/CVPR 2026 Workshop/frames_full/Train/248510223.jpg,ok
248510225.mp4,Train,248510,3,/Users/amangoyal/Documents/CVPR 2026 Workshop/frames_full/Train/248510225.jpg,ok
248510227.mp4,Train,248510,3,/Users/amangoyal/Documents/CVPR 2026 Workshop/frames_full/Train/248510227.jpg,ok
248510229.mp4,Train,248510,3,/Users/amangoyal/Documents/CVPR 2026 Workshop/frames_full/Train/248510229.jpg,ok
248510230.mp4,Train,248510,3,/Users/amangoyal/Documents/CVPR 2026 Workshop/frames_full/Train/248510230.jpg,ok
248510232.mp4,Train,248510,3,/Users/amangoyal/Documents/CVPR 2026 Workshop/frames_full/Train/248510232.jpg,ok
248510233.mp4,Train,248510,3,/Users/amangoyal/Documents/CVPR 2026 Workshop/frames_full/Train/248510233.jpg,ok
248510235.mp4,Train,248510,3,/Users/amangoyal/Documents/CVPR 2026 Workshop/frames_full/Train/248510235.jpg,ok
248510236.mp4,Train,248510,3,/Users/amangoyal/Documents/CVPR 2026 Workshop/frames_full/Train/248510236.jpg,ok
24851024.mp4,Train,248510,3,/Users/amangoyal/Documents/CVPR 2026 Workshop/frames_full/Train/24851024.jpg,ok
248510241.mp4,Train,248510,3,/Users/amangoyal/Documents/CVPR 2026 Workshop/frames_full/Train/248510241.jpg,ok
248510242.mp4,Train,248510,3,/Users/amangoyal/Documents/CVPR 2026 Workshop/frames_full/Train/248510242.jpg,ok
248510245.mp4,Train,248510,3,/Users/amangoyal/Documents/CVPR 2026 Workshop/frames_full/Train/248510245.jpg,ok
248510246.mp4,Train,248510,3,/Users/amangoyal/Documents/CVPR 2026 Workshop/frames_full/Train/248510246.jpg,ok
248510248.mp4,Train,248510,3,/Users/amangoyal/Documents/CVPR 2026 Workshop/frames_full/Train/248510248.jpg,ok
248510249.mp4,Train,248510,3,/Users/amangoyal/Documents/CVPR 2026 Workshop/frames_full/Train/248510249.jpg,ok
248510250.mp4,Train,248510,2,/Users/amangoyal/Documents/CVPR 2026 Workshop/frames_full/Train/248510250.jpg,ok
248510251.mp4,Train,248510,3,/Users/amangoyal/Documents/CVPR 2026 Workshop/frames_full/Train/248510251.jpg,ok
248510253.mp4,Train,248510,3,/Users/amangoyal/Documents/CVPR 2026 Workshop/frames_full/Train/248510253.jpg,ok
248510255.mp4,Train,248510,3,/Users/amangoyal/Documents/CVPR 2026 Workshop/frames_full/Train/248510255.jpg,ok
248510256.mp4,Train,248510,3,/Users/amangoyal/Documents/CVPR 2026 Workshop/frames_full/Train/248510256.jpg,ok
248510259.mp4,Train,248510,3,/Users/amangoyal/Documents/CVPR 2026 Workshop/frames_full/Train/248510259.jpg,ok
24851026.mp4,Train,248510,3,/Users/amangoyal/Documents/CVPR 2026 Workshop/frames_full/Train/24851026.jpg,ok
248510260.mp4,Train,248510,3,/Users/amangoyal/Documents/CVPR 2026 Workshop/frames_full/Train/248510260.jpg,ok
248510262.mp4,Train,248510,3,/Users/amangoyal/Documents/CVPR 2026 Workshop/frames_full/Train/248510262.jpg,ok
248510264.mp4,Train,248510,2,/Users/amangoyal/Documents/CVPR 2026 Workshop/frames_full/Train/248510264.jpg,ok
248510265.mp4,Train,248510,3,/Users/amangoyal/Documents/CVPR 2026 Workshop/frames_full/Train/248510265.jpg,ok
248510267.mp4,Train,248510,3,/Users/amangoyal/Documents/CVPR 2026 Workshop/frames_full/Train/248510267.jpg,ok
248510268.mp4,Train,248510,3,/Users/amangoyal/Documents/CVPR 2026 Workshop/frames_full/Train/248510268.jpg,ok
24851027.mp4,Train,248510,3,/Users/amangoyal/Documents/CVPR 2026 Workshop/frames_full/Train/24851027.jpg,ok
248510271.mp4,Train,248510,3,/Users/amangoyal/Documents/CVPR 2026 Workshop/frames_full/Train/248510271.jpg,ok
248510272.mp4,Train,248510,3,/Users/amangoyal/Documents/CVPR 2026 Workshop/frames_full/Train/248510272.jpg,ok
248510273.mp4,Train,248510,3,/Users/amangoyal/Documents/CVPR 2026 Workshop/frames_full/Train/248510273.jpg,ok
248510276.mp4,Train,248510,3,/Users/amangoyal/Documents/CVPR 2026 Workshop/frames_full/Train/248510276.jpg,ok
248510278.mp4,Train,248510,2,/Users/amangoyal/Documents/CVPR 2026 Workshop/frames_full/Train/248510278.jpg,ok
24851028.mp4,Train,248510,3,/Users/amangoyal/Documents/CVPR 2026 Workshop/frames_full/Train/24851028.jpg,ok
2904280110.mp4,Train,290428,3,/Users/amangoyal/Documents/CVPR 2026 Workshop/frames_full/Train/2904280110.jpg,ok
29042801110.mp4,Train,290428,3,/Users/amangoyal/Documents/CVPR 2026 Workshop/frames_full/Train/29042801110.jpg,ok
29042801170.mp4,Train,290428,3,/Users/amangoyal/Documents/CVPR 2026 Workshop/frames_full/Train/29042801170.jpg,ok
29042801180.mp4,Train,290428,2,/Users/amangoyal/Documents/CVPR 2026 Workshop/frames_full/Train/29042801180.jpg,ok
2904280120.mp4,Train,290428,3,/Users/amangoyal/Documents/CVPR 2026 Workshop/frames_full/Train/2904280120.jpg,ok
29042801220.mp4,Train,290428,2,/Users/amangoyal/Documents/CVPR 2026 Workshop/frames_full/Train/29042801220.jpg,ok
29042801230.mp4,Train,290428,3,/Users/amangoyal/Documents/CVPR 2026 Workshop/frames_full/Train/29042801230.jpg,ok
29042801250.mp4,Train,290428,3,/Users/amangoyal/Documents/CVPR 2026 Workshop/frames_full/Train/29042801250.jpg,ok
29042801260.mp4,Train,290428,3,/Users/amangoyal/Documents/CVPR 2026 Workshop/frames_full/Train/29042801260.jpg,ok
29042801290.mp4,Train,290428,3,/Users/amangoyal/Documents/CVPR 2026 Workshop/frames_full/Train/29042801290.jpg,ok
29042801300.mp4,Train,290428,3,/Users/amangoyal/Documents/CVPR 2026 Workshop/frames_full/Train/29042801300.jpg,ok
29042801320.mp4,Train,290428,3,/Users/amangoyal/Documents/CVPR 2026 Workshop/frames_full/Train/29042801320.jpg,ok
29042801340.mp4,Train,290428,3,/Users/amangoyal/Documents/CVPR 2026 Workshop/frames_full/Train/29042801340.jpg,ok
29042801350.mp4,Train,290428,3,/Users/amangoyal/Documents/CVPR 2026 Workshop/frames_full/Train/29042801350.jpg,ok
29042801370.mp4,Train,290428,1,/Users/amangoyal/Documents/CVPR 2026 Workshop/frames_full/Train/29042801370.jpg,ok
29042801390.mp4,Train,290428,3,/Users/amangoyal/Documents/CVPR 2026 Workshop/frames_full/Train/29042801390.jpg,ok
2904280140.mp4,Train,290428,2,/Users/amangoyal/Documents/CVPR 2026 Workshop/frames_full/Train/2904280140.jpg,ok
29042801440.mp4,Train,290428,2,/Users/amangoyal/Documents/CVPR 2026 Workshop/frames_full/Train/29042801440.jpg,ok
29042801450.mp4,Train,290428,3,/Users/amangoyal/Documents/CVPR 2026 Workshop/frames_full/Train/29042801450.jpg,ok
29042801470.mp4,Train,290428,3,/Users/amangoyal/Documents/CVPR 2026 Workshop/frames_full/Train/29042801470.jpg,ok
29042801480.mp4,Train,290428,2,/Users/amangoyal/Documents/CVPR 2026 Workshop/frames_full/Train/29042801480.jpg,ok
2904280150.mp4,Train,290428,3,/Users/amangoyal/Documents/CVPR 2026 Workshop/frames_full/Train/2904280150.jpg,ok
29042801500.mp4,Train,290428,3,/Users/amangoyal/Documents/CVPR 2026 Workshop/frames_full/Train/29042801500.jpg,ok
29042801550.mp4,Train,290428,2,/Users/amangoyal/Documents/CVPR 2026 Workshop/frames_full/Train/29042801550.jpg,ok
29042801570.mp4,Train,290428,2,/Users/amangoyal/Documents/CVPR 2026 Workshop/frames_full/Train/29042801570.jpg,ok
29042801580.mp4,Train,290428,3,/Users/amangoyal/Documents/CVPR 2026 Workshop/frames_full/Train/29042801580.jpg,ok
2904280160.mp4,Train,290428,2,/Users/amangoyal/Documents/CVPR 2026 Workshop/frames_full/Train/2904280160.jpg,ok
29042801600.mp4,Train,290428,3,/Users/amangoyal/Documents/CVPR 2026 Workshop/frames_full/Train/29042801600.jpg,ok
29042801630.mp4,Train,290428,3,/Users/amangoyal/Documents/CVPR 2026 Workshop/frames_full/Train/29042801630.jpg,ok
29042801640.mp4,Train,290428,3,/Users/amangoyal/Documents/CVPR 2026 Workshop/frames_full/Train/29042801640.jpg,ok
29042801650.mp4,Train,290428,2,/Users/amangoyal/Documents/CVPR 2026 Workshop/frames_full/Train/29042801650.jpg,ok
29042801680.mp4,Train,290428,2,/Users/amangoyal/Documents/CVPR 2026 Workshop/frames_full/Train/29042801680.jpg,ok
29042801690.mp4,Train,290428,2,/Users/amangoyal/Documents/CVPR 2026 Workshop/frames_full/Train/29042801690.jpg,ok
2904280170.mp4,Train,290428,2,/Users/amangoyal/Documents/CVPR 2026 Workshop/frames_full/Train/2904280170.jpg,ok
29042801710.mp4,Train,290428,3,/Users/amangoyal/Documents/CVPR 2026 Workshop/frames_full/Train/29042801710.jpg,ok
29042801740.mp4,Train,290428,3,/Users/amangoyal/Documents/CVPR 2026 Workshop/frames_full/Train/29042801740.jpg,ok
29042801750.mp4,Train,290428,3,/Users/amangoyal/Documents/CVPR 2026 Workshop/frames_full/Train/29042801750.jpg,ok
29042801770.mp4,Train,290428,3,/Users/amangoyal/Documents/CVPR 2026 Workshop/frames_full/Train/29042801770.jpg,ok
29042801780.mp4,Train,290428,2,/Users/amangoyal/Documents/CVPR 2026 Workshop/frames_full/Train/29042801780.jpg,ok
29042801790.mp4,Train,290428,2,/Users/amangoyal/Documents/CVPR 2026 Workshop/frames_full/Train/29042801790.jpg,ok
2904280180.mp4,Train,290428,3,/Users/amangoyal/Documents/CVPR 2026 Workshop/frames_full/Train/2904280180.jpg,ok
2904280190.mp4,Train,290428,3,/Users/amangoyal/Documents/CVPR 2026 Workshop/frames_full/Train/2904280190.jpg,ok
29042802110.mp4,Train,290428,2,/Users/amangoyal/Documents/CVPR 2026 Workshop/frames_full/Train/29042802110.jpg,ok
29042802140.mp4,Train,290428,2,/Users/amangoyal/Documents/CVPR 2026 Workshop/frames_full/Train/29042802140.jpg,ok
29042802150.mp4,Train,290428,2,/Users/amangoyal/Documents/CVPR 2026 Workshop/frames_full/Train/29042802150.jpg,ok
29042802180.mp4,Train,290428,3,/Users/amangoyal/Documents/CVPR 2026 Workshop/frames_full/Train/29042802180.jpg,ok
29042802200.mp4,Train,290428,3,/Users/amangoyal/Documents/CVPR 2026 Workshop/frames_full/Train/29042802200.jpg,ok
29042802220.mp4,Train,290428,3,/Users/amangoyal/Documents/CVPR 2026 Workshop/frames_full/Train/29042802220.jpg,ok
29042802240.mp4,Train,290428,3,/Users/amangoyal/Documents/CVPR 2026 Workshop/frames_full/Train/29042802240.jpg,ok
29042802260.mp4,Train,290428,3,/Users/amangoyal/Documents/CVPR 2026 Workshop/frames_full/Train/29042802260.jpg,ok
29042802280.mp4,Train,290428,3,/Users/amangoyal/Documents/CVPR 2026 Workshop/frames_full/Train/29042802280.jpg,ok
2904280230.mp4,Train,290428,3,/Users/amangoyal/Documents/CVPR 2026 Workshop/frames_full/Train/2904280230.jpg,ok
29042802310.mp4,Train,290428,3,/Users/amangoyal/Documents/CVPR 2026 Workshop/frames_full/Train/29042802310.jpg,ok
29042802320.mp4,Train,290428,3,/Users/amangoyal/Documents/CVPR 2026 Workshop/frames_full/Train/29042802320.jpg,ok
29042802340.mp4,Train,290428,3,/Users/amangoyal/Documents/CVPR 2026 Workshop/frames_full/Train/29042802340.jpg,ok
29042802350.mp4,Train,290428,3,/Users/amangoyal/Documents/CVPR 2026 Workshop/frames_full/Train/29042802350.jpg,ok
29042802380.mp4,Train,290428,2,/Users/amangoyal/Documents/CVPR 2026 Workshop/frames_full/Train/29042802380.jpg,ok
29042802390.mp4,Train,290428,2,/Users/amangoyal/Documents/CVPR 2026 Workshop/frames_full/Train/29042802390.jpg,ok
29042802410.mp4,Train,290428,3,/Users/amangoyal/Documents/CVPR 2026 Workshop/frames_full/Train/29042802410.jpg,ok
29042802420.mp4,Train,290428,3,/Users/amangoyal/Documents/CVPR 2026 Workshop/frames_full/Train/29042802420.jpg,ok
29042802430.mp4,Train,290428,3,/Users/amangoyal/Documents/CVPR 2026 Workshop/frames_full/Train/29042802430.jpg,ok
29042802440.mp4,Train,290428,3,/Users/amangoyal/Documents/CVPR 2026 Workshop/frames_full/Train/29042802440.jpg,ok
29042802450.mp4,Train,290428,3,/Users/amangoyal/Documents/CVPR 2026 Workshop/frames_full/Train/29042802450.jpg,ok
29042802460.mp4,Train,290428,3,/Users/amangoyal/Documents/CVPR 2026 Workshop/frames_full/Train/29042802460.jpg,ok
29042802470.mp4,Train,290428,3,/Users/amangoyal/Documents/CVPR 2026 Workshop/frames_full/Train/29042802470.jpg,ok
29042802480.mp4,Train,290428,3,/Users/amangoyal/Documents/CVPR 2026 Workshop/frames_full/Train/29042802480.jpg,ok
2904280250.mp4,Train,290428,2,/Users/amangoyal/Documents/CVPR 2026 Workshop/frames_full/Train/2904280250.jpg,ok
29042802500.mp4,Train,290428,3,/Users/amangoyal/Documents/CVPR 2026 Workshop/frames_full/Train/29042802500.jpg,ok
29042802510.mp4,Train,290428,3,/Users/amangoyal/Documents/CVPR 2026 Workshop/frames_full/Train/29042802510.jpg,ok
29042802520.mp4,Train,290428,3,/Users/amangoyal/Documents/CVPR 2026 Workshop/frames_full/Train/29042802520.jpg,ok
29042802530.mp4,Train,290428,3,/Users/amangoyal/Documents/CVPR 2026 Workshop/frames_full/Train/29042802530.jpg,ok
29042802560.mp4,Train,290428,3,/Users/amangoyal/Documents/CVPR 2026 Workshop/frames_full/Train/29042802560.jpg,ok
29042802570.mp4,Train,290428,3,/Users/amangoyal/Documents/CVPR 2026 Workshop/frames_full/Train/29042802570.jpg,ok
2904280260.mp4,Train,290428,1,/Users/amangoyal/Documents/CVPR 2026 Workshop/frames_full/Train/2904280260.jpg,ok
29042802600.mp4,Train,290428,2,/Users/amangoyal/Documents/CVPR 2026 Workshop/frames_full/Train/29042802600.jpg,ok
29042802640.mp4,Train,290428,3,/Users/amangoyal/Documents/CVPR 2026 Workshop/frames_full/Train/29042802640.jpg,ok
29042802660.mp4,Train,290428,2,/Users/amangoyal/Documents/CVPR 2026 Workshop/frames_full/Train/29042802660.jpg,ok
29042802670.mp4,Train,290428,3,/Users/amangoyal/Documents/CVPR 2026 Workshop/frames_full/Train/29042802670.jpg,ok
29042802680.mp4,Train,290428,3,/Users/amangoyal/Documents/CVPR 2026 Workshop/frames_full/Train/29042802680.jpg,ok
29042802690.mp4,Train,290428,3,/Users/amangoyal/Documents/CVPR 2026 Workshop/frames_full/Train/29042802690.jpg,ok
2904280270.mp4,Train,290428,2,/Users/amangoyal/Documents/CVPR 2026 Workshop/frames_full/Train/2904280270.jpg,ok
29042802700.mp4,Train,290428,3,/Users/amangoyal/Documents/CVPR 2026 Workshop/frames_full/Train/29042802700.jpg,ok
29042802720.mp4,Train,290428,3,/Users/amangoyal/Documents/CVPR 2026 Workshop/frames_full/Train/29042802720.jpg,ok
29042802740.mp4,Train,290428,3,/Users/amangoyal/Documents/CVPR 2026 Workshop/frames_full/Train/29042802740.jpg,ok
29042802750.mp4,Train,290428,3,/Users/amangoyal/Documents/CVPR 2026 Workshop/frames_full/Train/29042802750.jpg,ok
29042802760.mp4,Train,290428,3,/Users/amangoyal/Documents/CVPR 2026 Workshop/frames_full/Train/29042802760.jpg,ok
29042802770.mp4,Train,290428,2,/Users/amangoyal/Documents/CVPR 2026 Workshop/frames_full/Train/29042802770.jpg,ok
29042802790.mp4,Train,290428,3,/Users/amangoyal/Documents/CVPR 2026 Workshop/frames_full/Train/29042802790.jpg,ok
2904280280.mp4,Train,290428,3,/Users/amangoyal/Documents/CVPR 2026 Workshop/frames_full/Train/2904280280.jpg,ok
29042802800.mp4,Train,290428,3,/Users/amangoyal/Documents/CVPR 2026 Workshop/frames_full/Train/29042802800.jpg,ok
29042802830.mp4,Train,290428,3,/Users/amangoyal/Documents/CVPR 2026 Workshop/frames_full/Train/29042802830.jpg,ok
29042802860.mp4,Train,290428,3,/Users/amangoyal/Documents/CVPR 2026 Workshop/frames_full/Train/29042802860.jpg,ok
2904280290.mp4,Train,290428,2,/Users/amangoyal/Documents/CVPR 2026 Workshop/frames_full/Train/2904280290.jpg,ok
303830110.mp4,Train,303830,2,/Users/amangoyal/Documents/CVPR 2026 Workshop/frames_full/Train/303830110.jpg,ok
303830113.mp4,Train,303830,1,/Users/amangoyal/Documents/CVPR 2026 Workshop/frames_full/Train/303830113.jpg,ok
303830115.mp4,Train,303830,2,/Users/amangoyal/Documents/CVPR 2026 Workshop/frames_full/Train/303830115.jpg,ok
303830117.mp4,Train,303830,3,/Users/amangoyal/Documents/CVPR 2026 Workshop/frames_full/Train/303830117.jpg,ok
303830118.mp4,Train,303830,3,/Users/amangoyal/Documents/CVPR 2026 Workshop/frames_full/Train/303830118.jpg,ok
303830121.mp4,Train,303830,3,/Users/amangoyal/Documents/CVPR 2026 Workshop/frames_full/Train/303830121.jpg,ok
303830122.mp4,Train,303830,3,/Users/amangoyal/Documents/CVPR 2026 Workshop/frames_full/Train/303830122.jpg,ok
303830123.mp4,Train,303830,2,/Users/amangoyal/Documents/CVPR 2026 Workshop/frames_full/Train/303830123.jpg,ok
303830126.mp4,Train,303830,1,/Users/amangoyal/Documents/CVPR 2026 Workshop/frames_full/Train/303830126.jpg,ok
303830127.mp4,Train,303830,3,/Users/amangoyal/Documents/CVPR 2026 Workshop/frames_full/Train/303830127.jpg,ok
303830128.mp4,Train,303830,2,/Users/amangoyal/Documents/CVPR 2026 Workshop/frames_full/Train/303830128.jpg,ok
30383013.mp4,Train,303830,3,/Users/amangoyal/Documents/CVPR 2026 Workshop/frames_full/Train/30383013.jpg,ok
303830131.mp4,Train,303830,2,/Users/amangoyal/Documents/CVPR 2026 Workshop/frames_full/Train/303830131.jpg,ok
303830132.mp4,Train,303830,2,/Users/amangoyal/Documents/CVPR 2026 Workshop/frames_full/Train/303830132.jpg,ok
303830133.mp4,Train,303830,2,/Users/amangoyal/Documents/CVPR 2026 Workshop/frames_full/Train/303830133.jpg,ok
303830138.mp4,Train,303830,3,/Users/amangoyal/Documents/CVPR 2026 Workshop/frames_full/Train/303830138.jpg,ok
303830139.mp4,Train,303830,1,/Users/amangoyal/Documents/CVPR 2026 Workshop/frames_full/Train/303830139.jpg,ok
30383014.mp4,Train,303830,3,/Users/amangoyal/Documents/CVPR 2026 Workshop/frames_full/Train/30383014.jpg,ok
303830141.mp4,Train,303830,3,/Users/amangoyal/Documents/CVPR 2026 Workshop/frames_full/Train/303830141.jpg,ok
303830143.mp4,Train,303830,2,/Users/amangoyal/Documents/CVPR 2026 Workshop/frames_full/Train/303830143.jpg,ok
303830144.mp4,Train,303830,3,/Users/amangoyal/Documents/CVPR 2026 Workshop/frames_full/Train/303830144.jpg,ok
303830146.mp4,Train,303830,2,/Users/amangoyal/Documents/CVPR 2026 Workshop/frames_full/Train/303830146.jpg,ok
303830147.mp4,Train,303830,3,/Users/amangoyal/Documents/CVPR 2026 Workshop/frames_full/Train/303830147.jpg,ok
303830148.mp4,Train,303830,2,/Users/amangoyal/Documents/CVPR 2026 Workshop/frames_full/Train/303830148.jpg,ok
303830149.mp4,Train,303830,0,/Users/amangoyal/Documents/CVPR 2026 Workshop/frames_full/Train/303830149.jpg,ok
30383015.mp4,Train,303830,2,/Users/amangoyal/Documents/CVPR 2026 Workshop/frames_full/Train/30383015.jpg,ok
303830151.mp4,Train,303830,3,/Users/amangoyal/Documents/CVPR 2026 Workshop/frames_full/Train/303830151.jpg,ok
303830155.mp4,Train,303830,1,/Users/amangoyal/Documents/CVPR 2026 Workshop/frames_full/Train/303830155.jpg,ok
303830156.mp4,Train,303830,3,/Users/amangoyal/Documents/CVPR 2026 Workshop/frames_full/Train/303830156.jpg,ok
303830157.mp4,Train,303830,3,/Users/amangoyal/Documents/CVPR 2026 Workshop/frames_full/Train/303830157.jpg,ok
303830158.mp4,Train,303830,3,/Users/amangoyal/Documents/CVPR 2026 Workshop/frames_full/Train/303830158.jpg,ok
303830159.mp4,Train,303830,2,/Users/amangoyal/Documents/CVPR 2026 Workshop/frames_full/Train/303830159.jpg,ok
30383016.mp4,Train,303830,3,/Users/amangoyal/Documents/CVPR 2026 Workshop/frames_full/Train/30383016.jpg,ok
303830160.mp4,Train,303830,2,/Users/amangoyal/Documents/CVPR 2026 Workshop/frames_full/Train/303830160.jpg,ok
303830161.mp4,Train,303830,2,/Users/amangoyal/Documents/CVPR 2026 Workshop/frames_full/Train/303830161.jpg,ok
303830162.mp4,Train,303830,3,/Users/amangoyal/Documents/CVPR 2026 Workshop/frames_full/Train/303830162.jpg,ok
303830166.mp4,Train,303830,3,/Users/amangoyal/Documents/CVPR 2026 Workshop/frames_full/Train/303830166.jpg,ok
303830167.mp4,Train,303830,2,/Users/amangoyal/Documents/CVPR 2026 Workshop/frames_full/Train/303830167.jpg,ok
303830169.mp4,Train,303830,2,/Users/amangoyal/Documents/CVPR 2026 Workshop/frames_full/Train/303830169.jpg,ok
303830171.mp4,Train,303830,3,/Users/amangoyal/Documents/CVPR 2026 Workshop/frames_full/Train/303830171.jpg,ok
303830174.mp4,Train,303830,3,/Users/amangoyal/Documents/CVPR 2026 Workshop/frames_full/Train/303830174.jpg,ok
303830175.mp4,Train,303830,2,/Users/amangoyal/Documents/CVPR 2026 Workshop/frames_full/Train/303830175.jpg,ok
303830178.mp4,Train,303830,2,/Users/amangoyal/Documents/CVPR 2026 Workshop/frames_full/Train/303830178.jpg,ok
303830182.mp4,Train,303830,3,/Users/amangoyal/Documents/CVPR 2026 Workshop/frames_full/Train/303830182.jpg,ok
303830183.mp4,Train,303830,2,/Users/amangoyal/Documents/CVPR 2026 Workshop/frames_full/Train/303830183.jpg,ok
303830184.mp4,Train,303830,3,/Users/amangoyal/Documents/CVPR 2026 Workshop/frames_full/Train/303830184.jpg,ok
303830210.mp4,Train,303830,3,/Users/amangoyal/Documents/CVPR 2026 Workshop/frames_full/Train/303830210.jpg,ok
303830211.mp4,Train,303830,3,/Users/amangoyal/Documents/CVPR 2026 Workshop/frames_full/Train/303830211.jpg,ok
303830212.mp4,Train,303830,3,/Users/amangoyal/Documents/CVPR 2026 Workshop/frames_full/Train/303830212.jpg,ok
303830216.mp4,Train,303830,2,/Users/amangoyal/Documents/CVPR 2026 Workshop/frames_full/Train/303830216.jpg,ok
303830217.mp4,Train,303830,3,/Users/amangoyal/Documents/CVPR 2026 Workshop/frames_full/Train/303830217.jpg,ok
303830218.mp4,Train,303830,2,/Users/amangoyal/Documents/CVPR 2026 Workshop/frames_full/Train/303830218.jpg,ok
30383022.mp4,Train,303830,2,/Users/amangoyal/Documents/CVPR 2026 Workshop/frames_full/Train/30383022.jpg,ok
303830220.mp4,Train,303830,3,/Users/amangoyal/Documents/CVPR 2026 Workshop/frames_full/Train/303830220.jpg,ok
303830221.mp4,Train,303830,3,/Users/amangoyal/Documents/CVPR 2026 Workshop/frames_full/Train/303830221.jpg,ok
303830223.mp4,Train,303830,3,/Users/amangoyal/Documents/CVPR 2026 Workshop/frames_full/Train/303830223.jpg,ok
303830224.mp4,Train,303830,2,/Users/amangoyal/Documents/CVPR 2026 Workshop/frames_full/Train/303830224.jpg,ok
303830225.mp4,Train,303830,2,/Users/amangoyal/Documents/CVPR 2026 Workshop/frames_full/Train/303830225.jpg,ok
303830227.mp4,Train,303830,3,/Users/amangoyal/Documents/CVPR 2026 Workshop/frames_full/Train/303830227.jpg,ok
303830229.mp4,Train,303830,2,/Users/amangoyal/Documents/CVPR 2026 Workshop/frames_full/Train/303830229.jpg,ok
30383023.mp4,Train,303830,1,/Users/amangoyal/Documents/CVPR 2026 Workshop/frames_full/Train/30383023.jpg,ok
303830234.mp4,Train,303830,3,/Users/amangoyal/Documents/CVPR 2026 Workshop/frames_full/Train/303830234.jpg,ok
303830236.mp4,Train,303830,3,/Users/amangoyal/Documents/CVPR 2026 Workshop/frames_full/Train/303830236.jpg,ok
303830239.mp4,Train,303830,3,/Users/amangoyal/Documents/CVPR 2026 Workshop/frames_full/Train/303830239.jpg,ok
303830240.mp4,Train,303830,3,/Users/amangoyal/Documents/CVPR 2026 Workshop/frames_full/Train/303830240.jpg,ok
303830241.mp4,Train,303830,3,/Users/amangoyal/Documents/CVPR 2026 Workshop/frames_full/Train/303830241.jpg,ok
303830242.mp4,Train,303830,3,/Users/amangoyal/Documents/CVPR 2026 Workshop/frames_full/Train/303830242.jpg,ok
303830245.mp4,Train,303830,3,/Users/amangoyal/Documents/CVPR 2026 Workshop/frames_full/Train/303830245.jpg,ok
303830246.mp4,Train,303830,2,/Users/amangoyal/Documents/CVPR 2026 Workshop/frames_full/Train/303830246.jpg,ok
303830247.mp4,Train,303830,3,/Users/amangoyal/Documents/CVPR 2026 Workshop/frames_full/Train/303830247.jpg,ok
303830249.mp4,Train,303830,3,/Users/amangoyal/Documents/CVPR 2026 Workshop/frames_full/Train/303830249.jpg,ok
30383025.mp4,Train,303830,2,/Users/amangoyal/Documents/CVPR 2026 Workshop/frames_full/Train/30383025.jpg,ok
303830250.mp4,Train,303830,2,/Users/amangoyal/Documents/CVPR 2026 Workshop/frames_full/Train/303830250.jpg,ok
303830255.mp4,Train,303830,3,/Users/amangoyal/Documents/CVPR 2026 Workshop/frames_full/Train/303830255.jpg,ok
303830258.mp4,Train,303830,3,/Users/amangoyal/Documents/CVPR 2026 Workshop/frames_full/Train/303830258.jpg,ok
303830259.mp4,Train,303830,3,/Users/amangoyal/Documents/CVPR 2026 Workshop/frames_full/Train/303830259.jpg,ok
303830263.mp4,Train,303830,3,/Users/amangoyal/Documents/CVPR 2026 Workshop/frames_full/Train/303830263.jpg,ok
303830269.mp4,Train,303830,2,/Users/amangoyal/Documents/CVPR 2026 Workshop/frames_full/Train/303830269.jpg,ok
303830270.mp4,Train,303830,3,/Users/amangoyal/Documents/CVPR 2026 Workshop/frames_full/Train/303830270.jpg,ok
303830273.mp4,Train,303830,3,/Users/amangoyal/Documents/CVPR 2026 Workshop/frames_full/Train/303830273.jpg,ok
303830274.mp4,Train,303830,3,/Users/amangoyal/Documents/CVPR 2026 Workshop/frames_full/Train/303830274.jpg,ok
303830278.mp4,Train,303830,2,/Users/amangoyal/Documents/CVPR 2026 Workshop/frames_full/Train/303830278.jpg,ok
30383028.mp4,Train,303830,3,/Users/amangoyal/Documents/CVPR 2026 Workshop/frames_full/Train/30383028.jpg,ok
3100621001.avi,Train,310062,3,/Users/amangoyal/Documents/CVPR 2026 Workshop/frames_full/Train/3100621001.jpg,ok
3100621002.avi,Train,310062,3,/Users/amangoyal/Documents/CVPR 2026 Workshop/frames_full/Train/3100621002.jpg,ok
3100621003.avi,Train,310062,3,/Users/amangoyal/Documents/CVPR 2026 Workshop/frames_full/Train/3100621003.jpg,ok
3100621004.avi,Train,310062,2,/Users/amangoyal/Documents/CVPR 2026 Workshop/frames_full/Train/3100621004.jpg,ok
3100621005.avi,Train,310062,3,/Users/amangoyal/Documents/CVPR 2026 Workshop/frames_full/Train/3100621005.jpg,ok
3100621007.avi,Train,310062,3,/Users/amangoyal/Documents/CVPR 2026 Workshop/frames_full/Train/3100621007.jpg,ok
3100621009.avi,Train,310062,2,/Users/amangoyal/Documents/CVPR 2026 Workshop/frames_full/Train/3100621009.jpg,ok
3100621010.avi,Train,310062,3,/Users/amangoyal/Documents/CVPR 2026 Workshop/frames_full/Train/3100621010.jpg,ok
3100621011.avi,Train,310062,3,/Users/amangoyal/Documents/CVPR 2026 Workshop/frames_full/Train/3100621011.jpg,ok
3100621012.avi,Train,310062,2,/Users/amangoyal/Documents/CVPR 2026 Workshop/frames_full/Train/3100621012.jpg,ok
3100621013.avi,Train,310062,3,/Users/amangoyal/Documents/CVPR 2026 Workshop/frames_full/Train/3100621013.jpg,ok
3100621014.avi,Train,310062,3,/Users/amangoyal/Documents/CVPR 2026 Workshop/frames_full/Train/3100621014.jpg,ok
3100621016.avi,Train,310062,3,/Users/amangoyal/Documents/CVPR 2026 Workshop/frames_full/Train/3100621016.jpg,ok
3100621018.avi,Train,310062,2,/Users/amangoyal/Documents/CVPR 2026 Workshop/frames_full/Train/3100621018.jpg,ok
3100621019.avi,Train,310062,2,/Users/amangoyal/Documents/CVPR 2026 Workshop/frames_full/Train/3100621019.jpg,ok
3100621020.avi,Train,310062,2,/Users/amangoyal/Documents/CVPR 2026 Workshop/frames_full/Train/3100621020.jpg,ok
3100621022.avi,Train,310062,2,/Users/amangoyal/Documents/CVPR 2026 Workshop/frames_full/Train/3100621022.jpg,ok
3100621023.avi,Train,310062,3,/Users/amangoyal/Documents/CVPR 2026 Workshop/frames_full/Train/3100621023.jpg,ok
3100621024.avi,Train,310062,3,/Users/amangoyal/Documents/CVPR 2026 Workshop/frames_full/Train/3100621024.jpg,ok
3100621025.avi,Train,310062,2,/Users/amangoyal/Documents/CVPR 2026 Workshop/frames_full/Train/3100621025.jpg,ok
3100621026.avi,Train,310062,3,/Users/amangoyal/Documents/CVPR 2026 Workshop/frames_full/Train/3100621026.jpg,ok
3100621027.avi,Train,310062,3,/Users/amangoyal/Documents/CVPR 2026 Workshop/frames_full/Train/3100621027.jpg,ok
3100621028.avi,Train,310062,3,/Users/amangoyal/Documents/CVPR 2026 Workshop/frames_full/Train/3100621028.jpg,ok
3100621030.avi,Train,310062,2,/Users/amangoyal/Documents/CVPR 2026 Workshop/frames_full/Train/3100621030.jpg,ok
3100621031.avi,Train,310062,3,/Users/amangoyal/Documents/CVPR 2026 Workshop/frames_full/Train/3100621031.jpg,ok
3100621032.avi,Train,310062,2,/Users/amangoyal/Documents/CVPR 2026 Workshop/frames_full/Train/3100621032.jpg,ok
3100621033.avi,Train,310062,3,/Users/amangoyal/Documents/CVPR 2026 Workshop/frames_full/Train/3100621033.jpg,ok
3100621034.avi,Train,310062,2,/Users/amangoyal/Documents/CVPR 2026 Workshop/frames_full/Train/3100621034.jpg,ok
3100621035.avi,Train,310062,2,/Users/amangoyal/Documents/CVPR 2026 Workshop/frames_full/Train/3100621035.jpg,ok
3100621037.avi,Train,310062,1,/Users/amangoyal/Documents/CVPR 2026 Workshop/frames_full/Train/3100621037.jpg,ok
3100621039.avi,Train,310062,3,/Users/amangoyal/Documents/CVPR 2026 Workshop/frames_full/Train/3100621039.jpg,ok
3100621040.avi,Train,310062,3,/Users/amangoyal/Documents/CVPR 2026 Workshop/frames_full/Train/3100621040.jpg,ok
3100621041.avi,Train,310062,3,/Users/amangoyal/Documents/CVPR 2026 Workshop/frames_full/Train/3100621041.jpg,ok
3100621042.avi,Train,310062,2,/Users/amangoyal/Documents/CVPR 2026 Workshop/frames_full/Train/3100621042.jpg,ok
3100621043.avi,Train,310062,3,/Users/amangoyal/Documents/CVPR 2026 Workshop/frames_full/Train/3100621043.jpg,ok
3100621045.avi,Train,310062,3,/Users/amangoyal/Documents/CVPR 2026 Workshop/frames_full/Train/3100621045.jpg,ok
3100621046.avi,Train,310062,3,/Users/amangoyal/Documents/CVPR 2026 Workshop/frames_full/Train/3100621046.jpg,ok
3100621047.avi,Train,310062,3,/Users/amangoyal/Documents/CVPR 2026 Workshop/frames_full/Train/3100621047.jpg,ok
3100621048.avi,Train,310062,3,/Users/amangoyal/Documents/CVPR 2026 Workshop/frames_full/Train/3100621048.jpg,ok
3100621049.avi,Train,310062,3,/Users/amangoyal/Documents/CVPR 2026 Workshop/frames_full/Train/3100621049.jpg,ok
3100621051.avi,Train,310062,2,/Users/amangoyal/Documents/CVPR 2026 Workshop/frames_full/Train/3100621051.jpg,ok
3100621052.avi,Train,310062,2,/Users/amangoyal/Documents/CVPR 2026 Workshop/frames_full/Train/3100621052.jpg,ok
3100621053.avi,Train,310062,3,/Users/amangoyal/Documents/CVPR 2026 Workshop/frames_full/Train/3100621053.jpg,ok
3100621055.avi,Train,310062,3,/Users/amangoyal/Documents/CVPR 2026 Workshop/frames_full/Train/3100621055.jpg,ok
3100621057.avi,Train,310062,3,/Users/amangoyal/Documents/CVPR 2026 Workshop/frames_full/Train/3100621057.jpg,ok
3100621058.avi,Train,310062,3,/Users/amangoyal/Documents/CVPR 2026 Workshop/frames_full/Train/3100621058.jpg,ok
3100621059.avi,Train,310062,3,/Users/amangoyal/Documents/CVPR 2026 Workshop/frames_full/Train/3100621059.jpg,ok
3100621061.avi,Train,310062,2,/Users/amangoyal/Documents/CVPR 2026 Workshop/frames_full/Train/3100621061.jpg,ok
3100621062.avi,Train,310062,2,/Users/amangoyal/Documents/CVPR 2026 Workshop/frames_full/Train/3100621062.jpg,ok
3100621063.avi,Train,310062,3,/Users/amangoyal/Documents/CVPR 2026 Workshop/frames_full/Train/3100621063.jpg,ok
3100621064.avi,Train,310062,3,/Users/amangoyal/Documents/CVPR 2026 Workshop/frames_full/Train/3100621064.jpg,ok
3100622001.avi,Train,310062,2,/Users/amangoyal/Documents/CVPR 2026 Workshop/frames_full/Train/3100622001.jpg,ok
3100622002.avi,Train,310062,3,/Users/amangoyal/Documents/CVPR 2026 Workshop/frames_full/Train/3100622002.jpg,ok
3100622003.avi,Train,310062,3,/Users/amangoyal/Documents/CVPR 2026 Workshop/frames_full/Train/3100622003.jpg,ok
3100622006.avi,Train,310062,2,/Users/amangoyal/Documents/CVPR 2026 Workshop/frames_full/Train/3100622006.jpg,ok
3100622007.avi,Train,310062,3,/Users/amangoyal/Documents/CVPR 2026 Workshop/frames_full/Train/3100622007.jpg,ok
3100622008.avi,Train,310062,3,/Users/amangoyal/Documents/CVPR 2026 Workshop/frames_full/Train/3100622008.jpg,ok
3100622009.avi,Train,310062,2,/Users/amangoyal/Documents/CVPR 2026 Workshop/frames_full/Train/3100622009.jpg,ok
3100622011.avi,Train,310062,3,/Users/amangoyal/Documents/CVPR 2026 Workshop/frames_full/Train/3100622011.jpg,ok
3100622013.avi,Train,310062,3,/Users/amangoyal/Documents/CVPR 2026 Workshop/frames_full/Train/3100622013.jpg,ok
3100622015.avi,Train,310062,3,/Users/amangoyal/Documents/CVPR 2026 Workshop/frames_full/Train/3100622015.jpg,ok
3100622019.avi,Train,310062,2,/Users/amangoyal/Documents/CVPR 2026 Workshop/frames_full/Train/3100622019.jpg,ok
3100622020.avi,Train,310062,2,/Users/amangoyal/Documents/CVPR 2026 Workshop/frames_full/Train/3100622020.jpg,ok
3100622021.avi,Train,310062,2,/Users/amangoyal/Documents/CVPR 2026 Workshop/frames_full/Train/3100622021.jpg,ok
3100622023.avi,Train,310062,3,/Users/amangoyal/Documents/CVPR 2026 Workshop/frames_full/Train/3100622023.jpg,ok
3100622024.avi,Train,310062,2,/Users/amangoyal/Documents/CVPR 2026 Workshop/frames_full/Train/3100622024.jpg,ok
3100622026.avi,Train,310062,2,/Users/amangoyal/Documents/CVPR 2026 Workshop/frames_full/Train/3100622026.jpg,ok
3100622027.avi,Train,310062,2,/Users/amangoyal/Documents/CVPR 2026 Workshop/frames_full/Train/3100622027.jpg,ok
3100622033.avi,Train,310062,2,/Users/amangoyal/Documents/CVPR 2026 Workshop/frames_full/Train/3100622033.jpg,ok
3100622034.avi,Train,310062,3,/Users/amangoyal/Documents/CVPR 2026 Workshop/frames_full/Train/3100622034.jpg,ok
3100622036.avi,Train,310062,3,/Users/amangoyal/Documents/CVPR 2026 Workshop/frames_full/Train/3100622036.jpg,ok
3100622037.avi,Train,310062,2,/Users/amangoyal/Documents/CVPR 2026 Workshop/frames_full/Train/3100622037.jpg,ok
3100622038.avi,Train,310062,3,/Users/amangoyal/Documents/CVPR 2026 Workshop/frames_full/Train/3100622038.jpg,ok
3100622040.avi,Train,310062,3,/Users/amangoyal/Documents/CVPR 2026 Workshop/frames_full/Train/3100622040.jpg,ok
3100622041.avi,Train,310062,3,/Users/amangoyal/Documents/CVPR 2026 Workshop/frames_full/Train/3100622041.jpg,ok
3100622042.avi,Train,310062,3,/Users/amangoyal/Documents/CVPR 2026 Workshop/frames_full/Train/3100622042.jpg,ok
3100622043.avi,Train,310062,3,/Users/amangoyal/Documents/CVPR 2026 Workshop/frames_full/Train/3100622043.jpg,ok
3100622044.avi,Train,310062,2,/Users/amangoyal/Documents/CVPR 2026 Workshop/frames_full/Train/3100622044.jpg,ok
3100622045.avi,Train,310062,3,/Users/amangoyal/Documents/CVPR 2026 Workshop/frames_full/Train/3100622045.jpg,ok
3100622047.avi,Train,310062,3,/Users/amangoyal/Documents/CVPR 2026 Workshop/frames_full/Train/3100622047.jpg,ok
3100622048.avi,Train,310062,3,/Users/amangoyal/Documents/CVPR 2026 Workshop/frames_full/Train/3100622048.jpg,ok
3100622049.avi,Train,310062,2,/Users/amangoyal/Documents/CVPR 2026 Workshop/frames_full/Train/3100622049.jpg,ok
3100622051.avi,Train,310062,3,/Users/amangoyal/Documents/CVPR 2026 Workshop/frames_full/Train/3100622051.jpg,ok
3100622053.avi,Train,310062,2,/Users/amangoyal/Documents/CVPR 2026 Workshop/frames_full/Train/3100622053.jpg,ok
3100622054.avi,Train,310062,3,/Users/amangoyal/Documents/CVPR 2026 Workshop/frames_full/Train/3100622054.jpg,ok
3100622057.avi,Train,310062,2,/Users/amangoyal/Documents/CVPR 2026 Workshop/frames_full/Train/3100622057.jpg,ok
3100631001.avi,Train,310063,3,/Users/amangoyal/Documents/CVPR 2026 Workshop/frames_full/Train/3100631001.jpg,ok
3100631002.avi,Train,310063,3,/Users/amangoyal/Documents/CVPR 2026 Workshop/frames_full/Train/3100631002.jpg,ok
3100631003.avi,Train,310063,2,/Users/amangoyal/Documents/CVPR 2026 Workshop/frames_full/Train/3100631003.jpg,ok
3100631004.avi,Train,310063,3,/Users/amangoyal/Documents/CVPR 2026 Workshop/frames_full/Train/3100631004.jpg,ok
3100631005.avi,Train,310063,2,/Users/amangoyal/Documents/CVPR 2026 Workshop/frames_full/Train/3100631005.jpg,ok
3100631006.avi,Train,310063,3,/Users/amangoyal/Documents/CVPR 2026 Workshop/frames_full/Train/3100631006.jpg,ok
3100631008.avi,Train,310063,3,/Users/amangoyal/Documents/CVPR 2026 Workshop/frames_full/Train/3100631008.jpg,ok
3100631009.avi,Train,310063,3,/Users/amangoyal/Documents/CVPR 2026 Workshop/frames_full/Train/3100631009.jpg,ok
3100631010.avi,Train,310063,3,/Users/amangoyal/Documents/CVPR 2026 Workshop/frames_full/Train/3100631010.jpg,ok
3100631011.avi,Train,310063,3,/Users/amangoyal/Documents/CVPR 2026 Workshop/frames_full/Train/3100631011.jpg,ok
3100631013.avi,Train,310063,2,/Users/amangoyal/Documents/CVPR 2026 Workshop/frames_full/Train/3100631013.jpg,ok
3100631014.avi,Train,310063,2,/Users/amangoyal/Documents/CVPR 2026 Workshop/frames_full/Train/3100631014.jpg,ok
3100631015.avi,Train,310063,2,/Users/amangoyal/Documents/CVPR 2026 Workshop/frames_full/Train/3100631015.jpg,ok
3100631016.avi,Train,310063,3,/Users/amangoyal/Documents/CVPR 2026 Workshop/frames_full/Train/3100631016.jpg,ok
3100631018.avi,Train,310063,2,/Users/amangoyal/Documents/CVPR 2026 Workshop/frames_full/Train/3100631018.jpg,ok
3100631019.avi,Train,310063,3,/Users/amangoyal/Documents/CVPR 2026 Workshop/frames_full/Train/3100631019.jpg,ok
3100631022.avi,Train,310063,2,/Users/amangoyal/Documents/CVPR 2026 Workshop/frames_full/Train/3100631022.jpg,ok
3100631023.avi,Train,310063,2,/Users/amangoyal/Documents/CVPR 2026 Workshop/frames_full/Train/3100631023.jpg,ok
3100631025.avi,Train,310063,3,/Users/amangoyal/Documents/CVPR 2026 Workshop/frames_full/Train/3100631025.jpg,ok
3100631026.avi,Train,310063,3,/Users/amangoyal/Documents/CVPR 2026 Workshop/frames_full/Train/3100631026.jpg,ok
3100631027.avi,Train,310063,2,/Users/amangoyal/Documents/CVPR 2026 Workshop/frames_full/Train/3100631027.jpg,ok
3100631029.avi,Train,310063,3,/Users/amangoyal/Documents/CVPR 2026 Workshop/frames_full/Train/3100631029.jpg,ok
3100631032.avi,Train,310063,3,/Users/amangoyal/Documents/CVPR 2026 Workshop/frames_full/Train/3100631032.jpg,ok
3100631035.avi,Train,310063,3,/Users/amangoyal/Documents/CVPR 2026 Workshop/frames_full/Train/3100631035.jpg,ok
3100631037.avi,Train,310063,3,/Users/amangoyal/Documents/CVPR 2026 Workshop/frames_full/Train/3100631037.jpg,ok
3100631042.avi,Train,310063,2,/Users/amangoyal/Documents/CVPR 2026 Workshop/frames_full/Train/3100631042.jpg,ok
3100631043.avi,Train,310063,3,/Users/amangoyal/Documents/CVPR 2026 Workshop/frames_full/Train/3100631043.jpg,ok
3100631044.avi,Train,310063,3,/Users/amangoyal/Documents/CVPR 2026 Workshop/frames_full/Train/3100631044.jpg,ok
3100631045.avi,Train,310063,3,/Users/amangoyal/Documents/CVPR 2026 Workshop/frames_full/Train/3100631045.jpg,ok
3100631046.avi,Train,310063,3,/Users/amangoyal/Documents/CVPR 2026 Workshop/frames_full/Train/3100631046.jpg,ok
3100631047.avi,Train,310063,3,/Users/amangoyal/Documents/CVPR 2026 Workshop/frames_full/Train/3100631047.jpg,ok
3100631048.avi,Train,310063,2,/Users/amangoyal/Documents/CVPR 2026 Workshop/frames_full/Train/3100631048.jpg,ok
3100631049.avi,Train,310063,2,/Users/amangoyal/Documents/CVPR 2026 Workshop/frames_full/Train/3100631049.jpg,ok
3100631051.avi,Train,310063,3,/Users/amangoyal/Documents/CVPR 2026 Workshop/frames_full/Train/3100631051.jpg,ok
3100631052.avi,Train,310063,3,/Users/amangoyal/Documents/CVPR 2026 Workshop/frames_full/Train/3100631052.jpg,ok
3100631053.avi,Train,310063,2,/Users/amangoyal/Documents/CVPR 2026 Workshop/frames_full/Train/3100631053.jpg,ok
3100631054.avi,Train,310063,3,/Users/amangoyal/Documents/CVPR 2026 Workshop/frames_full/Train/3100631054.jpg,ok
3100631055.avi,Train,310063,2,/Users/amangoyal/Documents/CVPR 2026 Workshop/frames_full/Train/3100631055.jpg,ok
3100631056.avi,Train,310063,3,/Users/amangoyal/Documents/CVPR 2026 Workshop/frames_full/Train/3100631056.jpg,ok
3100631057.avi,Train,310063,2,/Users/amangoyal/Documents/CVPR 2026 Workshop/frames_full/Train/3100631057.jpg,ok
3100631058.avi,Train,310063,3,/Users/amangoyal/Documents/CVPR 2026 Workshop/frames_full/Train/3100631058.jpg,ok
3100631059.avi,Train,310063,3,/Users/amangoyal/Documents/CVPR 2026 Workshop/frames_full/Train/3100631059.jpg,ok
3100631062.avi,Train,310063,3,/Users/amangoyal/Documents/CVPR 2026 Workshop/frames_full/Train/3100631062.jpg,ok
3100632001.avi,Train,310063,2,/Users/amangoyal/Documents/CVPR 2026 Workshop/frames_full/Train/3100632001.jpg,ok
3100632002.avi,Train,310063,3,/Users/amangoyal/Documents/CVPR 2026 Workshop/frames_full/Train/3100632002.jpg,ok
3100632003.avi,Train,310063,2,/Users/amangoyal/Documents/CVPR 2026 Workshop/frames_full/Train/3100632003.jpg,ok
3100632004.avi,Train,310063,3,/Users/amangoyal/Documents/CVPR 2026 Workshop/frames_full/Train/3100632004.jpg,ok
3100632007.avi,Train,310063,3,/Users/amangoyal/Documents/CVPR 2026 Workshop/frames_full/Train/3100632007.jpg,ok
3100632008.avi,Train,310063,2,/Users/amangoyal/Documents/CVPR 2026 Workshop/frames_full/Train/3100632008.jpg,ok
3100632011.avi,Train,310063,2,/Users/amangoyal/Documents/CVPR 2026 Workshop/frames_full/Train/3100632011.jpg,ok
3100632012.avi,Train,310063,2,/Users/amangoyal/Documents/CVPR 2026 Workshop/frames_full/Train/3100632012.jpg,ok
3100632015.avi,Train,310063,3,/Users/amangoyal/Documents/CVPR 2026 Workshop/frames_full/Train/3100632015.jpg,ok
3100632016.avi,Train,310063,2,/Users/amangoyal/Documents/CVPR 2026 Workshop/frames_full/Train/3100632016.jpg,ok
3100632017.avi,Train,310063,3,/Users/amangoyal/Documents/CVPR 2026 Workshop/frames_full/Train/3100632017.jpg,ok
3100632018.avi,Train,310063,2,/Users/amangoyal/Documents/CVPR 2026 Workshop/frames_full/Train/3100632018.jpg,ok
3100632019.avi,Train,310063,3,/Users/amangoyal/Documents/CVPR 2026 Workshop/frames_full/Train/3100632019.jpg,ok
3100632021.avi,Train,310063,2,/Users/amangoyal/Documents/CVPR 2026 Workshop/frames_full/Train/3100632021.jpg,ok
3100632023.avi,Train,310063,3,/Users/amangoyal/Documents/CVPR 2026 Workshop/frames_full/Train/3100632023.jpg,ok
3100632024.avi,Train,310063,3,/Users/amangoyal/Documents/CVPR 2026 Workshop/frames_full/Train/3100632024.jpg,ok
3100632025.avi,Train,310063,3,/Users/amangoyal/Documents/CVPR 2026 Workshop/frames_full/Train/3100632025.jpg,ok
3100632026.avi,Train,310063,2,/Users/amangoyal/Documents/CVPR 2026 Workshop/frames_full/Train/3100632026.jpg,ok
3100632027.avi,Train,310063,3,/Users/amangoyal/Documents/CVPR 2026 Workshop/frames_full/Train/3100632027.jpg,ok
3100632030.avi,Train,310063,2,/Users/amangoyal/Documents/CVPR 2026 Workshop/frames_full/Train/3100632030.jpg,ok
3100632031.avi,Train,310063,3,/Users/amangoyal/Documents/CVPR 2026 Workshop/frames_full/Train/3100632031.jpg,ok
3100632039.avi,Train,310063,2,/Users/amangoyal/Documents/CVPR 2026 Workshop/frames_full/Train/3100632039.jpg,ok
3100632041.avi,Train,310063,3,/Users/amangoyal/Documents/CVPR 2026 Workshop/frames_full/Train/3100632041.jpg,ok
3100632042.avi,Train,310063,3,/Users/amangoyal/Documents/CVPR 2026 Workshop/frames_full/Train/3100632042.jpg,ok
3100632043.avi,Train,310063,3,/Users/amangoyal/Documents/CVPR 2026 Workshop/frames_full/Train/3100632043.jpg,ok
3100632044.avi,Train,310063,3,/Users/amangoyal/Documents/CVPR 2026 Workshop/frames_full/Train/3100632044.jpg,ok
3100632045.avi,Train,310063,2,/Users/amangoyal/Documents/CVPR 2026 Workshop/frames_full/Train/3100632045.jpg,ok
3100641002.avi,Train,310064,2,/Users/amangoyal/Documents/CVPR 2026 Workshop/frames_full/Train/3100641002.jpg,ok
3100641003.avi,Train,310064,1,/Users/amangoyal/Documents/CVPR 2026 Workshop/frames_full/Train/3100641003.jpg,ok
3100641004.avi,Train,310064,1,/Users/amangoyal/Documents/CVPR 2026 Workshop/frames_full/Train/3100641004.jpg,ok
3100641006.avi,Train,310064,1,/Users/amangoyal/Documents/CVPR 2026 Workshop/frames_full/Train/3100641006.jpg,ok
3100641007.avi,Train,310064,2,/Users/amangoyal/Documents/CVPR 2026 Workshop/frames_full/Train/3100641007.jpg,ok
3100641008.avi,Train,310064,2,/Users/amangoyal/Documents/CVPR 2026 Workshop/frames_full/Train/3100641008.jpg,ok
3100641023.avi,Train,310064,1,/Users/amangoyal/Documents/CVPR 2026 Workshop/frames_full/Train/3100641023.jpg,ok
3100642002.avi,Train,310064,3,/Users/amangoyal/Documents/CVPR 2026 Workshop/frames_full/Train/3100642002.jpg,ok
3100642003.avi,Train,310064,2,/Users/amangoyal/Documents/CVPR 2026 Workshop/frames_full/Train/3100642003.jpg,ok
3100642005.avi,Train,310064,2,/Users/amangoyal/Documents/CVPR 2026 Workshop/frames_full/Train/3100642005.jpg,ok
3100642006.avi,Train,310064,2,/Users/amangoyal/Documents/CVPR 2026 Workshop/frames_full/Train/3100642006.jpg,ok
3100642007.avi,Train,310064,1,/Users/amangoyal/Documents/CVPR 2026 Workshop/frames_full/Train/3100642007.jpg,ok
3100642008.avi,Train,310064,3,/Users/amangoyal/Documents/CVPR 2026 Workshop/frames_full/Train/3100642008.jpg,ok
3100642009.avi,Train,310064,3,/Users/amangoyal/Documents/CVPR 2026 Workshop/frames_full/Train/3100642009.jpg,ok
3100642011.avi,Train,310064,3,/Users/amangoyal/Documents/CVPR 2026 Workshop/frames_full/Train/3100642011.jpg,ok
3100642012.avi,Train,310064,2,/Users/amangoyal/Documents/CVPR 2026 Workshop/frames_full/Train/3100642012.jpg,ok
3100642013.avi,Train,310064,3,/Users/amangoyal/Documents/CVPR 2026 Workshop/frames_full/Train/3100642013.jpg,ok
3100642015.avi,Train,310064,2,/Users/amangoyal/Documents/CVPR 2026 Workshop/frames_full/Train/3100642015.jpg,ok
3100642017.avi,Train,310064,1,/Users/amangoyal/Documents/CVPR 2026 Workshop/frames_full/Train/3100642017.jpg,ok
3100642019.avi,Train,310064,3,/Users/amangoyal/Documents/CVPR 2026 Workshop/frames_full/Train/3100642019.jpg,ok
3100642020.avi,Train,310064,3,/Users/amangoyal/Documents/CVPR 2026 Workshop/frames_full/Train/3100642020.jpg,ok
3100642021.avi,Train,310064,2,/Users/amangoyal/Documents/CVPR 2026 Workshop/frames_full/Train/3100642021.jpg,ok
3100642022.avi,Train,310064,2,/Users/amangoyal/Documents/CVPR 2026 Workshop/frames_full/Train/3100642022.jpg,ok
3100642024.avi,Train,310064,3,/Users/amangoyal/Documents/CVPR 2026 Workshop/frames_full/Train/3100642024.jpg,ok
3100642025.avi,Train,310064,2,/Users/amangoyal/Documents/CVPR 2026 Workshop/frames_full/Train/3100642025.jpg,ok
3100642026.avi,Train,310064,2,/Users/amangoyal/Documents/CVPR 2026 Workshop/frames_full/Train/3100642026.jpg,ok
3100642027.avi,Train,310064,2,/Users/amangoyal/Documents/CVPR 2026 Workshop/frames_full/Train/3100642027.jpg,ok
3100642028.avi,Train,310064,2,/Users/amangoyal/Documents/CVPR 2026 Workshop/frames_full/Train/3100642028.jpg,ok
3100642030.avi,Train,310064,2,/Users/amangoyal/Documents/CVPR 2026 Workshop/frames_full/Train/3100642030.jpg,ok
3100642031.avi,Train,310064,2,/Users/amangoyal/Documents/CVPR 2026 Workshop/frames_full/Train/3100642031.jpg,ok
3100642032.avi,Train,310064,2,/Users/amangoyal/Documents/CVPR 2026 Workshop/frames_full/Train/3100642032.jpg,ok
3100642033.avi,Train,310064,3,/Users/amangoyal/Documents/CVPR 2026 Workshop/frames_full/Train/3100642033.jpg,ok
3100642034.avi,Train,310064,2,/Users/amangoyal/Documents/CVPR 2026 Workshop/frames_full/Train/3100642034.jpg,ok
3100642035.avi,Train,310064,2,/Users/amangoyal/Documents/CVPR 2026 Workshop/frames_full/Train/3100642035.jpg,ok
3100642036.avi,Train,310064,1,/Users/amangoyal/Documents/CVPR 2026 Workshop/frames_full/Train/3100642036.jpg,ok
3100642037.avi,Train,310064,2,/Users/amangoyal/Documents/CVPR 2026 Workshop/frames_full/Train/3100642037.jpg,ok
3100642038.avi,Train,310064,2,/Users/amangoyal/Documents/CVPR 2026 Workshop/frames_full/Train/3100642038.jpg,ok
3100642040.avi,Train,310064,2,/Users/amangoyal/Documents/CVPR 2026 Workshop/frames_full/Train/3100642040.jpg,ok
3100642045.avi,Train,310064,2,/Users/amangoyal/Documents/CVPR 2026 Workshop/frames_full/Train/3100642045.jpg,ok
3100642047.avi,Train,310064,3,/Users/amangoyal/Documents/CVPR 2026 Workshop/frames_full/Train/3100642047.jpg,ok
3100642052.avi,Train,310064,2,/Users/amangoyal/Documents/CVPR 2026 Workshop/frames_full/Train/3100642052.jpg,ok
3100642054.avi,Train,310064,3,/Users/amangoyal/Documents/CVPR 2026 Workshop/frames_full/Train/3100642054.jpg,ok
3100642055.avi,Train,310064,1,/Users/amangoyal/Documents/CVPR 2026 Workshop/frames_full/Train/3100642055.jpg,ok
3100642056.avi,Train,310064,3,/Users/amangoyal/Documents/CVPR 2026 Workshop/frames_full/Train/3100642056.jpg,ok
3100642057.avi,Train,310064,2,/Users/amangoyal/Documents/CVPR 2026 Workshop/frames_full/Train/3100642057.jpg,ok
3100642058.avi,Train,310064,2,/Users/amangoyal/Documents/CVPR 2026 Workshop/frames_full/Train/3100642058.jpg,ok
3100642060.avi,Train,310064,2,/Users/amangoyal/Documents/CVPR 2026 Workshop/frames_full/Train/3100642060.jpg,ok
3100642061.avi,Train,310064,2,/Users/amangoyal/Documents/CVPR 2026 Workshop/frames_full/Train/3100642061.jpg,ok
3100642063.avi,Train,310064,2,/Users/amangoyal/Documents/CVPR 2026 Workshop/frames_full/Train/3100642063.jpg,ok
3100642064.avi,Train,310064,2,/Users/amangoyal/Documents/CVPR 2026 Workshop/frames_full/Train/3100642064.jpg,ok
3100642066.avi,Train,310064,3,/Users/amangoyal/Documents/CVPR 2026 Workshop/frames_full/Train/3100642066.jpg,ok
3100642069.avi,Train,310064,2,/Users/amangoyal/Documents/CVPR 2026 Workshop/frames_full/Train/3100642069.jpg,ok
3100642070.avi,Train,310064,2,/Users/amangoyal/Documents/CVPR 2026 Workshop/frames_full/Train/3100642070.jpg,ok
3100661002.avi,Train,310066,2,/Users/amangoyal/Documents/CVPR 2026 Workshop/frames_full/Train/3100661002.jpg,ok
3100661007.avi,Train,310066,3,/Users/amangoyal/Documents/CVPR 2026 Workshop/frames_full/Train/3100661007.jpg,ok
3100661009.avi,Train,310066,2,/Users/amangoyal/Documents/CVPR 2026 Workshop/frames_full/Train/3100661009.jpg,ok
3100661015.avi,Train,310066,2,/Users/amangoyal/Documents/CVPR 2026 Workshop/frames_full/Train/3100661015.jpg,ok
3100661016.avi,Train,310066,3,/Users/amangoyal/Documents/CVPR 2026 Workshop/frames_full/Train/3100661016.jpg,ok
3100661022.avi,Train,310066,2,/Users/amangoyal/Documents/CVPR 2026 Workshop/frames_full/Train/3100661022.jpg,ok
3100661023.avi,Train,310066,2,/Users/amangoyal/Documents/CVPR 2026 Workshop/frames_full/Train/3100661023.jpg,ok
3100661024.avi,Train,310066,2,/Users/amangoyal/Documents/CVPR 2026 Workshop/frames_full/Train/3100661024.jpg,ok
3100661025.avi,Train,310066,2,/Users/amangoyal/Documents/CVPR 2026 Workshop/frames_full/Train/3100661025.jpg,ok
3100661027.avi,Train,310066,2,/Users/amangoyal/Documents/CVPR 2026 Workshop/frames_full/Train/3100661027.jpg,ok
3100661028.avi,Train,310066,2,/Users/amangoyal/Documents/CVPR 2026 Workshop/frames_full/Train/3100661028.jpg,ok
3100661029.avi,Train,310066,3,/Users/amangoyal/Documents/CVPR 2026 Workshop/frames_full/Train/3100661029.jpg,ok
3100661031.avi,Train,310066,2,/Users/amangoyal/Documents/CVPR 2026 Workshop/frames_full/Train/3100661031.jpg,ok
3100661032.avi,Train,310066,3,/Users/amangoyal/Documents/CVPR 2026 Workshop/frames_full/Train/3100661032.jpg,ok
3100661033.avi,Train,310066,2,/Users/amangoyal/Documents/CVPR 2026 Workshop/frames_full/Train/3100661033.jpg,ok
3100661036.avi,Train,310066,2,/Users/amangoyal/Documents/CVPR 2026 Workshop/frames_full/Train/3100661036.jpg,ok
3100661037.avi,Train,310066,2,/Users/amangoyal/Documents/CVPR 2026 Workshop/frames_full/Train/3100661037.jpg,ok
3100661038.avi,Train,310066,2,/Users/amangoyal/Documents/CVPR 2026 Workshop/frames_full/Train/3100661038.jpg,ok
3100661040.avi,Train,310066,2,/Users/amangoyal/Documents/CVPR 2026 Workshop/frames_full/Train/3100661040.jpg,ok
3100661043.avi,Train,310066,2,/Users/amangoyal/Documents/CVPR 2026 Workshop/frames_full/Train/3100661043.jpg,ok
3100661044.avi,Train,310066,2,/Users/amangoyal/Documents/CVPR 2026 Workshop/frames_full/Train/3100661044.jpg,ok
3100661046.avi,Train,310066,3,/Users/amangoyal/Documents/CVPR 2026 Workshop/frames_full/Train/3100661046.jpg,ok
3100661049.avi,Train,310066,2,/Users/amangoyal/Documents/CVPR 2026 Workshop/frames_full/Train/3100661049.jpg,ok
3100661050.avi,Train,310066,2,/Users/amangoyal/Documents/CVPR 2026 Workshop/frames_full/Train/3100661050.jpg,ok
3100662014.avi,Train,310066,3,/Users/amangoyal/Documents/CVPR 2026 Workshop/frames_full/Train/3100662014.jpg,ok
3100662015.avi,Train,310066,3,/Users/amangoyal/Documents/CVPR 2026 Workshop/frames_full/Train/3100662015.jpg,ok
3100662016.avi,Train,310066,2,/Users/amangoyal/Documents/CVPR 2026 Workshop/frames_full/Train/3100662016.jpg,ok
3100662017.avi,Train,310066,2,/Users/amangoyal/Documents/CVPR 2026 Workshop/frames_full/Train/3100662017.jpg,ok
3100662020.avi,Train,310066,3,/Users/amangoyal/Documents/CVPR 2026 Workshop/frames_full/Train/3100662020.jpg,ok
3100662022.avi,Train,310066,2,/Users/amangoyal/Documents/CVPR 2026 Workshop/frames_full/Train/3100662022.jpg,ok
3100662023.avi,Train,310066,2,/Users/amangoyal/Documents/CVPR 2026 Workshop/frames_full/Train/3100662023.jpg,ok
3100662026.avi,Train,310066,3,/Users/amangoyal/Documents/CVPR 2026 Workshop/frames_full/Train/3100662026.jpg,ok
3100662029.avi,Train,310066,2,/Users/amangoyal/Documents/CVPR 2026 Workshop/frames_full/Train/3100662029.jpg,ok
3100662032.avi,Train,310066,2,/Users/amangoyal/Documents/CVPR 2026 Workshop/frames_full/Train/3100662032.jpg,ok
3100662035.avi,Train,310066,2,/Users/amangoyal/Documents/CVPR 2026 Workshop/frames_full/Train/3100662035.jpg,ok
3100662036.avi,Train,310066,2,/Users/amangoyal/Documents/CVPR 2026 Workshop/frames_full/Train/3100662036.jpg,ok
3100662037.avi,Train,310066,1,/Users/amangoyal/Documents/CVPR 2026 Workshop/frames_full/Train/3100662037.jpg,ok
3100662045.avi,Train,310066,3,/Users/amangoyal/Documents/CVPR 2026 Workshop/frames_full/Train/3100662045.jpg,ok
3100662046.avi,Train,310066,2,/Users/amangoyal/Documents/CVPR 2026 Workshop/frames_full/Train/3100662046.jpg,ok
3100662048.avi,Train,310066,3,/Users/amangoyal/Documents/CVPR 2026 Workshop/frames_full/Train/3100662048.jpg,ok
3100662049.avi,Train,310066,3,/Users/amangoyal/Documents/CVPR 2026 Workshop/frames_full/Train/3100662049.jpg,ok
3100662050.avi,Train,310066,2,/Users/amangoyal/Documents/CVPR 2026 Workshop/frames_full/Train/3100662050.jpg,ok
3100662052.avi,Train,310066,3,/Users/amangoyal/Documents/CVPR 2026 Workshop/frames_full/Train/3100662052.jpg,ok
3100662053.avi,Train,310066,2,/Users/amangoyal/Documents/CVPR 2026 Workshop/frames_full/Train/3100662053.jpg,ok
3100662055.avi,Train,310066,2,/Users/amangoyal/Documents/CVPR 2026 Workshop/frames_full/Train/3100662055.jpg,ok
3100681001.avi,Train,310068,2,/Users/amangoyal/Documents/CVPR 2026 Workshop/frames_full/Train/3100681001.jpg,ok
3100681002.avi,Train,310068,2,/Users/amangoyal/Documents/CVPR 2026 Workshop/frames_full/Train/3100681002.jpg,ok
3100681005.avi,Train,310068,3,/Users/amangoyal/Documents/CVPR 2026 Workshop/frames_full/Train/3100681005.jpg,ok
3100681006.avi,Train,310068,3,/Users/amangoyal/Documents/CVPR 2026 Workshop/frames_full/Train/3100681006.jpg,ok
3100681015.avi,Train,310068,1,/Users/amangoyal/Documents/CVPR 2026 Workshop/frames_full/Train/3100681015.jpg,ok
3100681017.avi,Train,310068,1,/Users/amangoyal/Documents/CVPR 2026 Workshop/frames_full/Train/3100681017.jpg,ok
3100681018.avi,Train,310068,1,/Users/amangoyal/Documents/CVPR 2026 Workshop/frames_full/Train/3100681018.jpg,ok
3100681042.avi,Train,310068,1,/Users/amangoyal/Documents/CVPR 2026 Workshop/frames_full/Train/3100681042.jpg,ok
3100681043.avi,Train,310068,2,/Users/amangoyal/Documents/CVPR 2026 Workshop/frames_full/Train/3100681043.jpg,ok
3100681044.avi,Train,310068,3,/Users/amangoyal/Documents/CVPR 2026 Workshop/frames_full/Train/3100681044.jpg,ok
3100681045.avi,Train,310068,2,/Users/amangoyal/Documents/CVPR 2026 Workshop/frames_full/Train/3100681045.jpg,ok
3100681046.avi,Train,310068,2,/Users/amangoyal/Documents/CVPR 2026 Workshop/frames_full/Train/3100681046.jpg,ok
3100682001.avi,Train,310068,2,/Users/amangoyal/Documents/CVPR 2026 Workshop/frames_full/Train/3100682001.jpg,ok
3100682002.avi,Train,310068,3,/Users/amangoyal/Documents/CVPR 2026 Workshop/frames_full/Train/3100682002.jpg,ok
3100682003.avi,Train,310068,2,/Users/amangoyal/Documents/CVPR 2026 Workshop/frames_full/Train/3100682003.jpg,ok
3100682007.avi,Train,310068,3,/Users/amangoyal/Documents/CVPR 2026 Workshop/frames_full/Train/3100682007.jpg,ok
3100682008.avi,Train,310068,2,/Users/amangoyal/Documents/CVPR 2026 Workshop/frames_full/Train/3100682008.jpg,ok
3100682030.avi,Train,310068,2,/Users/amangoyal/Documents/CVPR 2026 Workshop/frames_full/Train/3100682030.jpg,ok
3100682040.avi,Train,310068,2,/Users/amangoyal/Documents/CVPR 2026 Workshop/frames_full/Train/3100682040.jpg,ok
3100691005.avi,Train,310069,2,/Users/amangoyal/Documents/CVPR 2026 Workshop/frames_full/Train/3100691005.jpg,ok
3100691006.avi,Train,310069,2,/Users/amangoyal/Documents/CVPR 2026 Workshop/frames_full/Train/3100691006.jpg,ok
3100691007.avi,Train,310069,2,/Users/amangoyal/Documents/CVPR 2026 Workshop/frames_full/Train/3100691007.jpg,ok
3100691011.avi,Train,310069,2,/Users/amangoyal/Documents/CVPR 2026 Workshop/frames_full/Train/3100691011.jpg,ok
3100691012.avi,Train,310069,2,/Users/amangoyal/Documents/CVPR 2026 Workshop/frames_full/Train/3100691012.jpg,ok
3100691021.avi,Train,310069,2,/Users/amangoyal/Documents/CVPR 2026 Workshop/frames_full/Train/3100691021.jpg,ok
3100691026.avi,Train,310069,2,/Users/amangoyal/Documents/CVPR 2026 Workshop/frames_full/Train/3100691026.jpg,ok
3100691042.avi,Train,310069,2,/Users/amangoyal/Documents/CVPR 2026 Workshop/frames_full/Train/3100691042.jpg,ok
3100691045.avi,Train,310069,2,/Users/amangoyal/Documents/CVPR 2026 Workshop/frames_full/Train/3100691045.jpg,ok
3100691048.avi,Train,310069,2,/Users/amangoyal/Documents/CVPR 2026 Workshop/frames_full/Train/3100691048.jpg,ok
3100692002.avi,Train,310069,2,/Users/amangoyal/Documents/CVPR 2026 Workshop/frames_full/Train/3100692002.jpg,ok
3100692005.avi,Train,310069,3,/Users/amangoyal/Documents/CVPR 2026 Workshop/frames_full/Train/3100692005.jpg,ok
3100692006.avi,Train,310069,2,/Users/amangoyal/Documents/CVPR 2026 Workshop/frames_full/Train/3100692006.jpg,ok
3100692007.avi,Train,310069,2,/Users/amangoyal/Documents/CVPR 2026 Workshop/frames_full/Train/3100692007.jpg,ok
3100692009.avi,Train,310069,3,/Users/amangoyal/Documents/CVPR 2026 Workshop/frames_full/Train/3100692009.jpg,ok
3100692010.avi,Train,310069,2,/Users/amangoyal/Documents/CVPR 2026 Workshop/frames_full/Train/3100692010.jpg,ok
3100692011.avi,Train,310069,3,/Users/amangoyal/Documents/CVPR 2026 Workshop/frames_full/Train/3100692011.jpg,ok
3100692012.avi,Train,310069,2,/Users/amangoyal/Documents/CVPR 2026 Workshop/frames_full/Train/3100692012.jpg,ok
3100692013.avi,Train,310069,2,/Users/amangoyal/Documents/CVPR 2026 Workshop/frames_full/Train/3100692013.jpg,ok
3100692015.avi,Train,310069,1,/Users/amangoyal/Documents/CVPR 2026 Workshop/frames_full/Train/3100692015.jpg,ok
3100692016.avi,Train,310069,2,/Users/amangoyal/Documents/CVPR 2026 Workshop/frames_full/Train/3100692016.jpg,ok
3100692020.avi,Train,310069,2,/Users/amangoyal/Documents/CVPR 2026 Workshop/frames_full/Train/3100692020.jpg,ok
3100692022.avi,Train,310069,2,/Users/amangoyal/Documents/CVPR 2026 Workshop/frames_full/Train/3100692022.jpg,ok
3100692023.avi,Train,310069,2,/Users/amangoyal/Documents/CVPR 2026 Workshop/frames_full/Train/3100692023.jpg,ok
3100692024.avi,Train,310069,2,/Users/amangoyal/Documents/CVPR 2026 Workshop/frames_full/Train/3100692024.jpg,ok
3100692025.avi,Train,310069,2,/Users/amangoyal/Documents/CVPR 2026 Workshop/frames_full/Train/3100692025.jpg,ok
3100692028.avi,Train,310069,2,/Users/amangoyal/Documents/CVPR 2026 Workshop/frames_full/Train/3100692028.jpg,ok
3100692029.avi,Train,310069,3,/Users/amangoyal/Documents/CVPR 2026 Workshop/frames_full/Train/3100692029.jpg,ok
3100692032.avi,Train,310069,2,/Users/amangoyal/Documents/CVPR 2026 Workshop/frames_full/Train/3100692032.jpg,ok
3100692034.avi,Train,310069,3,/Users/amangoyal/Documents/CVPR 2026 Workshop/frames_full/Train/3100692034.jpg,ok
3100692035.avi,Train,310069,3,/Users/amangoyal/Documents/CVPR 2026 Workshop/frames_full/Train/3100692035.jpg,ok
3100692038.avi,Train,310069,2,/Users/amangoyal/Documents/CVPR 2026 Workshop/frames_full/Train/3100692038.jpg,ok
3100692039.avi,Train,310069,2,/Users/amangoyal/Documents/CVPR 2026 Workshop/frames_full/Train/3100692039.jpg,ok
3100692045.avi,Train,310069,3,/Users/amangoyal/Documents/CVPR 2026 Workshop/frames_full/Train/3100692045.jpg,ok
3100692052.avi,Train,310069,2,/Users/amangoyal/Documents/CVPR 2026 Workshop/frames_full/Train/3100692052.jpg,ok
3100692054.avi,Train,310069,2,/Users/amangoyal/Documents/CVPR 2026 Workshop/frames_full/Train/3100692054.jpg,ok
3100692055.avi,Train,310069,2,/Users/amangoyal/Documents/CVPR 2026 Workshop/frames_full/Train/3100692055.jpg,ok
3100692056.avi,Train,310069,2,/Users/amangoyal/Documents/CVPR 2026 Workshop/frames_full/Train/3100692056.jpg,ok
3100701001.avi,Train,310070,2,/Users/amangoyal/Documents/CVPR 2026 Workshop/frames_full/Train/3100701001.jpg,ok
3100701002.avi,Train,310070,3,/Users/amangoyal/Documents/CVPR 2026 Workshop/frames_full/Train/3100701002.jpg,ok
3100701004.avi,Train,310070,3,/Users/amangoyal/Documents/CVPR 2026 Workshop/frames_full/Train/3100701004.jpg,ok
3100701005.avi,Train,310070,3,/Users/amangoyal/Documents/CVPR 2026 Workshop/frames_full/Train/3100701005.jpg,ok
3100701008.avi,Train,310070,2,/Users/amangoyal/Documents/CVPR 2026 Workshop/frames_full/Train/3100701008.jpg,ok
3100701009.avi,Train,310070,2,/Users/amangoyal/Documents/CVPR 2026 Workshop/frames_full/Train/3100701009.jpg,ok
3100701010.avi,Train,310070,1,/Users/amangoyal/Documents/CVPR 2026 Workshop/frames_full/Train/3100701010.jpg,ok
3100701011.avi,Train,310070,2,/Users/amangoyal/Documents/CVPR 2026 Workshop/frames_full/Train/3100701011.jpg,ok
3100701012.avi,Train,310070,3,/Users/amangoyal/Documents/CVPR 2026 Workshop/frames_full/Train/3100701012.jpg,ok
3100701013.avi,Train,310070,3,/Users/amangoyal/Documents/CVPR 2026 Workshop/frames_full/Train/3100701013.jpg,ok
3100701014.avi,Train,310070,2,/Users/amangoyal/Documents/CVPR 2026 Workshop/frames_full/Train/3100701014.jpg,ok
3100701015.avi,Train,310070,2,/Users/amangoyal/Documents/CVPR 2026 Workshop/frames_full/Train/3100701015.jpg,ok
3100701016.avi,Train,310070,3,/Users/amangoyal/Documents/CVPR 2026 Workshop/frames_full/Train/3100701016.jpg,ok
3100701019.avi,Train,310070,2,/Users/amangoyal/Documents/CVPR 2026 Workshop/frames_full/Train/3100701019.jpg,ok
3100701021.avi,Train,310070,2,/Users/amangoyal/Documents/CVPR 2026 Workshop/frames_full/Train/3100701021.jpg,ok
3100701022.avi,Train,310070,2,/Users/amangoyal/Documents/CVPR 2026 Workshop/frames_full/Train/3100701022.jpg,ok
3100701023.avi,Train,310070,1,/Users/amangoyal/Documents/CVPR 2026 Workshop/frames_full/Train/3100701023.jpg,ok
3100701024.avi,Train,310070,2,/Users/amangoyal/Documents/CVPR 2026 Workshop/frames_full/Train/3100701024.jpg,ok
3100701029.avi,Train,310070,2,/Users/amangoyal/Documents/CVPR 2026 Workshop/frames_full/Train/3100701029.jpg,ok
3100701031.avi,Train,310070,3,/Users/amangoyal/Documents/CVPR 2026 Workshop/frames_full/Train/3100701031.jpg,ok
3100701032.avi,Train,310070,2,/Users/amangoyal/Documents/CVPR 2026 Workshop/frames_full/Train/3100701032.jpg,ok
3100701036.avi,Train,310070,2,/Users/amangoyal/Documents/CVPR 2026 Workshop/frames_full/Train/3100701036.jpg,ok
3100701043.avi,Train,310070,2,/Users/amangoyal/Documents/CVPR 2026 Workshop/frames_full/Train/3100701043.jpg,ok
3100701044.avi,Train,310070,2,/Users/amangoyal/Documents/CVPR 2026 Workshop/frames_full/Train/3100701044.jpg,ok
3100701050.avi,Train,310070,2,/Users/amangoyal/Documents/CVPR 2026 Workshop/frames_full/Train/3100701050.jpg,ok
3100701051.avi,Train,310070,2,/Users/amangoyal/Documents/CVPR 2026 Workshop/frames_full/Train/3100701051.jpg,ok
3100701056.avi,Train,310070,3,/Users/amangoyal/Documents/CVPR 2026 Workshop/frames_full/Train/3100701056.jpg,ok
3100701057.avi,Train,310070,2,/Users/amangoyal/Documents/CVPR 2026 Workshop/frames_full/Train/3100701057.jpg,ok
3100701058.avi,Train,310070,3,/Users/amangoyal/Documents/CVPR 2026 Workshop/frames_full/Train/3100701058.jpg,ok
3100701061.avi,Train,310070,2,/Users/amangoyal/Documents/CVPR 2026 Workshop/frames_full/Train/3100701061.jpg,ok
3100701063.avi,Train,310070,2,/Users/amangoyal/Documents/CVPR 2026 Workshop/frames_full/Train/3100701063.jpg,ok
3100701072.avi,Train,310070,3,/Users/amangoyal/Documents/CVPR 2026 Workshop/frames_full/Train/3100701072.jpg,ok
3100701073.avi,Train,310070,2,/Users/amangoyal/Documents/CVPR 2026 Workshop/frames_full/Train/3100701073.jpg,ok
3100702004.avi,Train,310070,2,/Users/amangoyal/Documents/CVPR 2026 Workshop/frames_full/Train/3100702004.jpg,ok
3100702005.avi,Train,310070,3,/Users/amangoyal/Documents/CVPR 2026 Workshop/frames_full/Train/3100702005.jpg,ok
3100702006.avi,Train,310070,2,/Users/amangoyal/Documents/CVPR 2026 Workshop/frames_full/Train/3100702006.jpg,ok
3100702010.avi,Train,310070,2,/Users/amangoyal/Documents/CVPR 2026 Workshop/frames_full/Train/3100702010.jpg,ok
3100702012.avi,Train,310070,3,/Users/amangoyal/Documents/CVPR 2026 Workshop/frames_full/Train/3100702012.jpg,ok
3100702013.avi,Train,310070,3,/Users/amangoyal/Documents/CVPR 2026 Workshop/frames_full/Train/3100702013.jpg,ok
3100702016.avi,Train,310070,3,/Users/amangoyal/Documents/CVPR 2026 Workshop/frames_full/Train/3100702016.jpg,ok
3100702017.avi,Train,310070,2,/Users/amangoyal/Documents/CVPR 2026 Workshop/frames_full/Train/3100702017.jpg,ok
3100702019.avi,Train,310070,2,/Users/amangoyal/Documents/CVPR 2026 Workshop/frames_full/Train/3100702019.jpg,ok
3100702020.avi,Train,310070,2,/Users/amangoyal/Documents/CVPR 2026 Workshop/frames_full/Train/3100702020.jpg,ok
3100702021.avi,Train,310070,2,/Users/amangoyal/Documents/CVPR 2026 Workshop/frames_full/Train/3100702021.jpg,ok
3100702022.avi,Train,310070,2,/Users/amangoyal/Documents/CVPR 2026 Workshop/frames_full/Train/3100702022.jpg,ok
3100702023.avi,Train,310070,2,/Users/amangoyal/Documents/CVPR 2026 Workshop/frames_full/Train/3100702023.jpg,ok
3100702024.avi,Train,310070,2,/Users/amangoyal/Documents/CVPR 2026 Workshop/frames_full/Train/3100702024.jpg,ok
3100702025.avi,Train,310070,3,/Users/amangoyal/Documents/CVPR 2026 Workshop/frames_full/Train/3100702025.jpg,ok
3100702026.avi,Train,310070,2,/Users/amangoyal/Documents/CVPR 2026 Workshop/frames_full/Train/3100702026.jpg,ok
3100702027.avi,Train,310070,2,/Users/amangoyal/Documents/CVPR 2026 Workshop/frames_full/Train/3100702027.jpg,ok
3100702028.avi,Train,310070,2,/Users/amangoyal/Documents/CVPR 2026 Workshop/frames_full/Train/3100702028.jpg,ok
3100702029.avi,Train,310070,2,/Users/amangoyal/Documents/CVPR 2026 Workshop/frames_full/Train/3100702029.jpg,ok
3100702030.avi,Train,310070,2,/Users/amangoyal/Documents/CVPR 2026 Workshop/frames_full/Train/3100702030.jpg,ok
3100702031.avi,Train,310070,2,/Users/amangoyal/Documents/CVPR 2026 Workshop/frames_full/Train/3100702031.jpg,ok
3100702033.avi,Train,310070,2,/Users/amangoyal/Documents/CVPR 2026 Workshop/frames_full/Train/3100702033.jpg,ok
3100702034.avi,Train,310070,2,/Users/amangoyal/Documents/CVPR 2026 Workshop/frames_full/Train/3100702034.jpg,ok
3100702035.avi,Train,310070,2,/Users/amangoyal/Documents/CVPR 2026 Workshop/frames_full/Train/3100702035.jpg,ok
3100702036.avi,Train,310070,3,/Users/amangoyal/Documents/CVPR 2026 Workshop/frames_full/Train/3100702036.jpg,ok
3100702037.avi,Train,310070,3,/Users/amangoyal/Documents/CVPR 2026 Workshop/frames_full/Train/3100702037.jpg,ok
3100702038.avi,Train,310070,1,/Users/amangoyal/Documents/CVPR 2026 Workshop/frames_full/Train/3100702038.jpg,ok
3100702039.avi,Train,310070,3,/Users/amangoyal/Documents/CVPR 2026 Workshop/frames_full/Train/3100702039.jpg,ok
3100702040.avi,Train,310070,3,/Users/amangoyal/Documents/CVPR 2026 Workshop/frames_full/Train/3100702040.jpg,ok
3100702041.avi,Train,310070,3,/Users/amangoyal/Documents/CVPR 2026 Workshop/frames_full/Train/3100702041.jpg,ok
3100702043.avi,Train,310070,3,/Users/amangoyal/Documents/CVPR 2026 Workshop/frames_full/Train/3100702043.jpg,ok
3100702044.avi,Train,310070,2,/Users/amangoyal/Documents/CVPR 2026 Workshop/frames_full/Train/3100702044.jpg,ok
3100702045.avi,Train,310070,3,/Users/amangoyal/Documents/CVPR 2026 Workshop/frames_full/Train/3100702045.jpg,ok
3100702046.avi,Train,310070,3,/Users/amangoyal/Documents/CVPR 2026 Workshop/frames_full/Train/3100702046.jpg,ok
3100702047.avi,Train,310070,3,/Users/amangoyal/Documents/CVPR 2026 Workshop/frames_full/Train/3100702047.jpg,ok
3100702048.avi,Train,310070,3,/Users/amangoyal/Documents/CVPR 2026 Workshop/frames_full/Train/3100702048.jpg,ok
3100702051.avi,Train,310070,2,/Users/amangoyal/Documents/CVPR 2026 Workshop/frames_full/Train/3100702051.jpg,ok
3100702052.avi,Train,310070,3,/Users/amangoyal/Documents/CVPR 2026 Workshop/frames_full/Train/3100702052.jpg,ok
3100702054.avi,Train,310070,2,/Users/amangoyal/Documents/CVPR 2026 Workshop/frames_full/Train/3100702054.jpg,ok
3100702055.avi,Train,310070,2,/Users/amangoyal/Documents/CVPR 2026 Workshop/frames_full/Train/3100702055.jpg,ok
3100702059.avi,Train,310070,3,/Users/amangoyal/Documents/CVPR 2026 Workshop/frames_full/Train/3100702059.jpg,ok
3100702060.avi,Train,310070,2,/Users/amangoyal/Documents/CVPR 2026 Workshop/frames_full/Train/3100702060.jpg,ok
3100702061.avi,Train,310070,2,/Users/amangoyal/Documents/CVPR 2026 Workshop/frames_full/Train/3100702061.jpg,ok
3100702062.avi,Train,310070,2,/Users/amangoyal/Documents/CVPR 2026 Workshop/frames_full/Train/3100702062.jpg,ok
3100702063.avi,Train,310070,2,/Users/amangoyal/Documents/CVPR 2026 Workshop/frames_full/Train/3100702063.jpg,ok
3100702064.avi,Train,310070,2,/Users/amangoyal/Documents/CVPR 2026 Workshop/frames_full/Train/3100702064.jpg,ok
3100702065.avi,Train,310070,3,/Users/amangoyal/Documents/CVPR 2026 Workshop/frames_full/Train/3100702065.jpg,ok
3100702066.avi,Train,310070,2,/Users/amangoyal/Documents/CVPR 2026 Workshop/frames_full/Train/3100702066.jpg,ok
3100702067.avi,Train,310070,3,/Users/amangoyal/Documents/CVPR 2026 Workshop/frames_full/Train/3100702067.jpg,ok
3100702068.avi,Train,310070,2,/Users/amangoyal/Documents/CVPR 2026 Workshop/frames_full/Train/3100702068.jpg,ok
3100711007.avi,Train,310071,2,/Users/amangoyal/Documents/CVPR 2026 Workshop/frames_full/Train/3100711007.jpg,ok
3100711009.avi,Train,310071,2,/Users/amangoyal/Documents/CVPR 2026 Workshop/frames_full/Train/3100711009.jpg,ok
3100711042.avi,Train,310071,2,/Users/amangoyal/Documents/CVPR 2026 Workshop/frames_full/Train/3100711042.jpg,ok
3100711043.avi,Train,310071,3,/Users/amangoyal/Documents/CVPR 2026 Workshop/frames_full/Train/3100711043.jpg,ok
3100711049.avi,Train,310071,2,/Users/amangoyal/Documents/CVPR 2026 Workshop/frames_full/Train/3100711049.jpg,ok
3100711050.avi,Train,310071,2,/Users/amangoyal/Documents/CVPR 2026 Workshop/frames_full/Train/3100711050.jpg,ok
3100711051.avi,Train,310071,3,/Users/amangoyal/Documents/CVPR 2026 Workshop/frames_full/Train/3100711051.jpg,ok
3100711052.avi,Train,310071,2,/Users/amangoyal/Documents/CVPR 2026 Workshop/frames_full/Train/3100711052.jpg,ok
3100712014.avi,Train,310071,2,/Users/amangoyal/Documents/CVPR 2026 Workshop/frames_full/Train/3100712014.jpg,ok
3100721002.avi,Train,310072,2,/Users/amangoyal/Documents/CVPR 2026 Workshop/frames_full/Train/3100721002.jpg,ok
3100721003.avi,Train,310072,3,/Users/amangoyal/Documents/CVPR 2026 Workshop/frames_full/Train/3100721003.jpg,ok
3100721004.avi,Train,310072,3,/Users/amangoyal/Documents/CVPR 2026 Workshop/frames_full/Train/3100721004.jpg,ok
3100721005.avi,Train,310072,2,/Users/amangoyal/Documents/CVPR 2026 Workshop/frames_full/Train/3100721005.jpg,ok
3100721006.avi,Train,310072,2,/Users/amangoyal/Documents/CVPR 2026 Workshop/frames_full/Train/3100721006.jpg,ok
3100721007.avi,Train,310072,2,/Users/amangoyal/Documents/CVPR 2026 Workshop/frames_full/Train/3100721007.jpg,ok
3100721008.avi,Train,310072,2,/Users/amangoyal/Documents/CVPR 2026 Workshop/frames_full/Train/3100721008.jpg,ok
3100721011.avi,Train,310072,2,/Users/amangoyal/Documents/CVPR 2026 Workshop/frames_full/Train/3100721011.jpg,ok
3100721012.avi,Train,310072,3,/Users/amangoyal/Documents/CVPR 2026 Workshop/frames_full/Train/3100721012.jpg,ok
3100721013.avi,Train,310072,2,/Users/amangoyal/Documents/CVPR 2026 Workshop/frames_full/Train/3100721013.jpg,ok
3100721014.avi,Train,310072,3,/Users/amangoyal/Documents/CVPR 2026 Workshop/frames_full/Train/3100721014.jpg,ok
3100721015.avi,Train,310072,3,/Users/amangoyal/Documents/CVPR 2026 Workshop/frames_full/Train/3100721015.jpg,ok
3100721016.avi,Train,310072,3,/Users/amangoyal/Documents/CVPR 2026 Workshop/frames_full/Train/3100721016.jpg,ok
3100721018.avi,Train,310072,3,/Users/amangoyal/Documents/CVPR 2026 Workshop/frames_full/Train/3100721018.jpg,ok
3100721019.avi,Train,310072,3,/Users/amangoyal/Documents/CVPR 2026 Workshop/frames_full/Train/3100721019.jpg,ok
3100721020.avi,Train,310072,3,/Users/amangoyal/Documents/CVPR 2026 Workshop/frames_full/Train/3100721020.jpg,ok
3100721021.avi,Train,310072,2,/Users/amangoyal/Documents/CVPR 2026 Workshop/frames_full/Train/3100721021.jpg,ok
3100721022.avi,Train,310072,3,/Users/amangoyal/Documents/CVPR 2026 Workshop/frames_full/Train/3100721022.jpg,ok
3100721023.avi,Train,310072,3,/Users/amangoyal/Documents/CVPR 2026 Workshop/frames_full/Train/3100721023.jpg,ok
3100721024.avi,Train,310072,3,/Users/amangoyal/Documents/CVPR 2026 Workshop/frames_full/Train/3100721024.jpg,ok
3100721028.avi,Train,310072,2,/Users/amangoyal/Documents/CVPR 2026 Workshop/frames_full/Train/3100721028.jpg,ok
3100721029.avi,Train,310072,3,/Users/amangoyal/Documents/CVPR 2026 Workshop/frames_full/Train/3100721029.jpg,ok
3100721030.avi,Train,310072,3,/Users/amangoyal/Documents/CVPR 2026 Workshop/frames_full/Train/3100721030.jpg,ok
3100721031.avi,Train,310072,1,/Users/amangoyal/Documents/CVPR 2026 Workshop/frames_full/Train/3100721031.jpg,ok
3100721032.avi,Train,310072,3,/Users/amangoyal/Documents/CVPR 2026 Workshop/frames_full/Train/3100721032.jpg,ok
3100721033.avi,Train,310072,2,/Users/amangoyal/Documents/CVPR 2026 Workshop/frames_full/Train/3100721033.jpg,ok
3100721034.avi,Train,310072,2,/Users/amangoyal/Documents/CVPR 2026 Workshop/frames_full/Train/3100721034.jpg,ok
3100721036.avi,Train,310072,2,/Users/amangoyal/Documents/CVPR 2026 Workshop/frames_full/Train/3100721036.jpg,ok
3100721038.avi,Train,310072,2,/Users/amangoyal/Documents/CVPR 2026 Workshop/frames_full/Train/3100721038.jpg,ok
3100721039.avi,Train,310072,3,/Users/amangoyal/Documents/CVPR 2026 Workshop/frames_full/Train/3100721039.jpg,ok
3100721040.avi,Train,310072,3,/Users/amangoyal/Documents/CVPR 2026 Workshop/frames_full/Train/3100721040.jpg,ok
3100721041.avi,Train,310072,3,/Users/amangoyal/Documents/CVPR 2026 Workshop/frames_full/Train/3100721041.jpg,ok
3100721042.avi,Train,310072,3,/Users/amangoyal/Documents/CVPR 2026 Workshop/frames_full/Train/3100721042.jpg,ok
3100721044.avi,Train,310072,2,/Users/amangoyal/Documents/CVPR 2026 Workshop/frames_full/Train/3100721044.jpg,ok
3100721045.avi,Train,310072,3,/Users/amangoyal/Documents/CVPR 2026 Workshop/frames_full/Train/3100721045.jpg,ok
3100721046.avi,Train,310072,3,/Users/amangoyal/Documents/CVPR 2026 Workshop/frames_full/Train/3100721046.jpg,ok
3100721047.avi,Train,310072,3,/Users/amangoyal/Documents/CVPR 2026 Workshop/frames_full/Train/3100721047.jpg,ok
3100721048.avi,Train,310072,2,/Users/amangoyal/Documents/CVPR 2026 Workshop/frames_full/Train/3100721048.jpg,ok
3100721049.avi,Train,310072,2,/Users/amangoyal/Documents/CVPR 2026 Workshop/frames_full/Train/3100721049.jpg,ok
3100721050.avi,Train,310072,2,/Users/amangoyal/Documents/CVPR 2026 Workshop/frames_full/Train/3100721050.jpg,ok
3100721051.avi,Train,310072,3,/Users/amangoyal/Documents/CVPR 2026 Workshop/frames_full/Train/3100721051.jpg,ok
3100721052.avi,Train,310072,3,/Users/amangoyal/Documents/CVPR 2026 Workshop/frames_full/Train/3100721052.jpg,ok
3100721053.avi,Train,310072,2,/Users/amangoyal/Documents/CVPR 2026 Workshop/frames_full/Train/3100721053.jpg,ok
3100721054.avi,Train,310072,3,/Users/amangoyal/Documents/CVPR 2026 Workshop/frames_full/Train/3100721054.jpg,ok
3100721055.avi,Train,310072,3,/Users/amangoyal/Documents/CVPR 2026 Workshop/frames_full/Train/3100721055.jpg,ok
3100721056.avi,Train,310072,3,/Users/amangoyal/Documents/CVPR 2026 Workshop/frames_full/Train/3100721056.jpg,ok
3100721057.avi,Train,310072,3,/Users/amangoyal/Documents/CVPR 2026 Workshop/frames_full/Train/3100721057.jpg,ok
3100721058.avi,Train,310072,2,/Users/amangoyal/Documents/CVPR 2026 Workshop/frames_full/Train/3100721058.jpg,ok
3100721059.avi,Train,310072,3,/Users/amangoyal/Documents/CVPR 2026 Workshop/frames_full/Train/3100721059.jpg,ok
3100721060.avi,Train,310072,3,/Users/amangoyal/Documents/CVPR 2026 Workshop/frames_full/Train/3100721060.jpg,ok
3100721062.avi,Train,310072,3,/Users/amangoyal/Documents/CVPR 2026 Workshop/frames_full/Train/3100721062.jpg,ok
3100721063.avi,Train,310072,3,/Users/amangoyal/Documents/CVPR 2026 Workshop/frames_full/Train/3100721063.jpg,ok
3100721064.avi,Train,310072,3,/Users/amangoyal/Documents/CVPR 2026 Workshop/frames_full/Train/3100721064.jpg,ok
3100721065.avi,Train,310072,3,/Users/amangoyal/Documents/CVPR 2026 Workshop/frames_full/Train/3100721065.jpg,ok
3100721066.avi,Train,310072,3,/Users/amangoyal/Documents/CVPR 2026 Workshop/frames_full/Train/3100721066.jpg,ok
3100721068.avi,Train,310072,3,/Users/amangoyal/Documents/CVPR 2026 Workshop/frames_full/Train/3100721068.jpg,ok
3100721070.avi,Train,310072,3,/Users/amangoyal/Documents/CVPR 2026 Workshop/frames_full/Train/3100721070.jpg,ok
3100721071.avi,Train,310072,2,/Users/amangoyal/Documents/CVPR 2026 Workshop/frames_full/Train/3100721071.jpg,ok
3100721072.avi,Train,310072,2,/Users/amangoyal/Documents/CVPR 2026 Workshop/frames_full/Train/3100721072.jpg,ok
3100722003.avi,Train,310072,2,/Users/amangoyal/Documents/CVPR 2026 Workshop/frames_full/Train/3100722003.jpg,ok
3100722004.avi,Train,310072,3,/Users/amangoyal/Documents/CVPR 2026 Workshop/frames_full/Train/3100722004.jpg,ok
3100722005.avi,Train,310072,3,/Users/amangoyal/Documents/CVPR 2026 Workshop/frames_full/Train/3100722005.jpg,ok
3100722006.avi,Train,310072,2,/Users/amangoyal/Documents/CVPR 2026 Workshop/frames_full/Train/3100722006.jpg,ok
3100722007.avi,Train,310072,3,/Users/amangoyal/Documents/CVPR 2026 Workshop/frames_full/Train/3100722007.jpg,ok
3100722012.avi,Train,310072,3,/Users/amangoyal/Documents/CVPR 2026 Workshop/frames_full/Train/3100722012.jpg,ok
3100722013.avi,Train,310072,3,/Users/amangoyal/Documents/CVPR 2026 Workshop/frames_full/Train/3100722013.jpg,ok
3100722014.avi,Train,310072,3,/Users/amangoyal/Documents/CVPR 2026 Workshop/frames_full/Train/3100722014.jpg,ok
3100722016.avi,Train,310072,3,/Users/amangoyal/Documents/CVPR 2026 Workshop/frames_full/Train/3100722016.jpg,ok
3100722017.avi,Train,310072,3,/Users/amangoyal/Documents/CVPR 2026 Workshop/frames_full/Train/3100722017.jpg,ok
3100722020.avi,Train,310072,3,/Users/amangoyal/Documents/CVPR 2026 Workshop/frames_full/Train/3100722020.jpg,ok
3100722021.avi,Train,310072,3,/Users/amangoyal/Documents/CVPR 2026 Workshop/frames_full/Train/3100722021.jpg,ok
3100722022.avi,Train,310072,3,/Users/amangoyal/Documents/CVPR 2026 Workshop/frames_full/Train/3100722022.jpg,ok
3100722023.avi,Train,310072,3,/Users/amangoyal/Documents/CVPR 2026 Workshop/frames_full/Train/3100722023.jpg,ok
3100722024.avi,Train,310072,2,/Users/amangoyal/Documents/CVPR 2026 Workshop/frames_full/Train/3100722024.jpg,ok
3100722025.avi,Train,310072,3,/Users/amangoyal/Documents/CVPR 2026 Workshop/frames_full/Train/3100722025.jpg,ok
3100722026.avi,Train,310072,3,/Users/amangoyal/Documents/CVPR 2026 Workshop/frames_full/Train/3100722026.jpg,ok
3100722027.avi,Train,310072,2,/Users/amangoyal/Documents/CVPR 2026 Workshop/frames_full/Train/3100722027.jpg,ok
3100722030.avi,Train,310072,2,/Users/amangoyal/Documents/CVPR 2026 Workshop/frames_full/Train/3100722030.jpg,ok
3100722031.avi,Train,310072,3,/Users/amangoyal/Documents/CVPR 2026 Workshop/frames_full/Train/3100722031.jpg,ok
3100722032.avi,Train,310072,2,/Users/amangoyal/Documents/CVPR 2026 Workshop/frames_full/Train/3100722032.jpg,ok
3100722033.avi,Train,310072,2,/Users/amangoyal/Documents/CVPR 2026 Workshop/frames_full/Train/3100722033.jpg,ok
3100722034.avi,Train,310072,3,/Users/amangoyal/Documents/CVPR 2026 Workshop/frames_full/Train/3100722034.jpg,ok
3100722036.avi,Train,310072,2,/Users/amangoyal/Documents/CVPR 2026 Workshop/frames_full/Train/3100722036.jpg,ok
3100722038.avi,Train,310072,3,/Users/amangoyal/Documents/CVPR 2026 Workshop/frames_full/Train/3100722038.jpg,ok
3100722039.avi,Train,310072,3,/Users/amangoyal/Documents/CVPR 2026 Workshop/frames_full/Train/3100722039.jpg,ok
3100722040.avi,Train,310072,3,/Users/amangoyal/Documents/CVPR 2026 Workshop/frames_full/Train/3100722040.jpg,ok
3100722042.avi,Train,310072,3,/Users/amangoyal/Documents/CVPR 2026 Workshop/frames_full/Train/3100722042.jpg,ok
3100722044.avi,Train,310072,3,/Users/amangoyal/Documents/CVPR 2026 Workshop/frames_full/Train/3100722044.jpg,ok
3100722045.avi,Train,310072,2,/Users/amangoyal/Documents/CVPR 2026 Workshop/frames_full/Train/3100722045.jpg,ok
3100722046.avi,Train,310072,2,/Users/amangoyal/Documents/CVPR 2026 Workshop/frames_full/Train/3100722046.jpg,ok
3100722047.avi,Train,310072,3,/Users/amangoyal/Documents/CVPR 2026 Workshop/frames_full/Train/3100722047.jpg,ok
3100722048.avi,Train,310072,2,/Users/amangoyal/Documents/CVPR 2026 Workshop/frames_full/Train/3100722048.jpg,ok
3100722054.avi,Train,310072,3,/Users/amangoyal/Documents/CVPR 2026 Workshop/frames_full/Train/3100722054.jpg,ok
3100722055.avi,Train,310072,3,/Users/amangoyal/Documents/CVPR 2026 Workshop/frames_full/Train/3100722055.jpg,ok
3100722057.avi,Train,310072,3,/Users/amangoyal/Documents/CVPR 2026 Workshop/frames_full/Train/3100722057.jpg,ok
3100722059.avi,Train,310072,3,/Users/amangoyal/Documents/CVPR 2026 Workshop/frames_full/Train/3100722059.jpg,ok
3100722061.avi,Train,310072,3,/Users/amangoyal/Documents/CVPR 2026 Workshop/frames_full/Train/3100722061.jpg,ok
3100722062.avi,Train,310072,3,/Users/amangoyal/Documents/CVPR 2026 Workshop/frames_full/Train/3100722062.jpg,ok
3100722063.avi,Train,310072,3,/Users/amangoyal/Documents/CVPR 2026 Workshop/frames_full/Train/3100722063.jpg,ok
3100722064.avi,Train,310072,3,/Users/amangoyal/Documents/CVPR 2026 Workshop/frames_full/Train/3100722064.jpg,ok
3100722065.avi,Train,310072,3,/Users/amangoyal/Documents/CVPR 2026 Workshop/frames_full/Train/3100722065.jpg,ok
3100722066.avi,Train,310072,3,/Users/amangoyal/Documents/CVPR 2026 Workshop/frames_full/Train/3100722066.jpg,ok
3100722067.avi,Train,310072,3,/Users/amangoyal/Documents/CVPR 2026 Workshop/frames_full/Train/3100722067.jpg,ok
3100722068.avi,Train,310072,3,/Users/amangoyal/Documents/CVPR 2026 Workshop/frames_full/Train/3100722068.jpg,ok
3100722069.avi,Train,310072,3,/Users/amangoyal/Documents/CVPR 2026 Workshop/frames_full/Train/3100722069.jpg,ok
3100722070.avi,Train,310072,3,/Users/amangoyal/Documents/CVPR 2026 Workshop/frames_full/Train/3100722070.jpg,ok
3100722072.avi,Train,310072,3,/Users/amangoyal/Documents/CVPR 2026 Workshop/frames_full/Train/3100722072.jpg,ok
3100722073.avi,Train,310072,3,/Users/amangoyal/Documents/CVPR 2026 Workshop/frames_full/Train/3100722073.jpg,ok
3100722074.avi,Train,310072,2,/Users/amangoyal/Documents/CVPR 2026 Workshop/frames_full/Train/3100722074.jpg,ok
3100722076.avi,Train,310072,3,/Users/amangoyal/Documents/CVPR 2026 Workshop/frames_full/Train/3100722076.jpg,ok
3100722077.avi,Train,310072,3,/Users/amangoyal/Documents/CVPR 2026 Workshop/frames_full/Train/3100722077.jpg,ok
3100722078.avi,Train,310072,3,/Users/amangoyal/Documents/CVPR 2026 Workshop/frames_full/Train/3100722078.jpg,ok
3100722079.avi,Train,310072,3,/Users/amangoyal/Documents/CVPR 2026 Workshop/frames_full/Train/3100722079.jpg,ok
3100731001.avi,Train,310073,2,/Users/amangoyal/Documents/CVPR 2026 Workshop/frames_full/Train/3100731001.jpg,ok
3100731006.avi,Train,310073,2,/Users/amangoyal/Documents/CVPR 2026 Workshop/frames_full/Train/3100731006.jpg,ok
3100731007.avi,Train,310073,2,/Users/amangoyal/Documents/CVPR 2026 Workshop/frames_full/Train/3100731007.jpg,ok
3100731008.avi,Train,310073,2,/Users/amangoyal/Documents/CVPR 2026 Workshop/frames_full/Train/3100731008.jpg,ok
3100731009.avi,Train,310073,2,/Users/amangoyal/Documents/CVPR 2026 Workshop/frames_full/Train/3100731009.jpg,ok
3100731011.avi,Train,310073,2,/Users/amangoyal/Documents/CVPR 2026 Workshop/frames_full/Train/3100731011.jpg,ok
3100731012.avi,Train,310073,3,/Users/amangoyal/Documents/CVPR 2026 Workshop/frames_full/Train/3100731012.jpg,ok
3100731013.avi,Train,310073,3,/Users/amangoyal/Documents/CVPR 2026 Workshop/frames_full/Train/3100731013.jpg,ok
3100731014.avi,Train,310073,2,/Users/amangoyal/Documents/CVPR 2026 Workshop/frames_full/Train/3100731014.jpg,ok
3100731025.avi,Train,310073,3,/Users/amangoyal/Documents/CVPR 2026 Workshop/frames_full/Train/3100731025.jpg,ok
3100731026.avi,Train,310073,3,/Users/amangoyal/Documents/CVPR 2026 Workshop/frames_full/Train/3100731026.jpg,ok
3100731028.avi,Train,310073,2,/Users/amangoyal/Documents/CVPR 2026 Workshop/frames_full/Train/3100731028.jpg,ok
3100731029.avi,Train,310073,3,/Users/amangoyal/Documents/CVPR 2026 Workshop/frames_full/Train/3100731029.jpg,ok
3100731030.avi,Train,310073,2,/Users/amangoyal/Documents/CVPR 2026 Workshop/frames_full/Train/3100731030.jpg,ok
3100731031.avi,Train,310073,2,/Users/amangoyal/Documents/CVPR 2026 Workshop/frames_full/Train/3100731031.jpg,ok
3100731037.avi,Train,310073,3,/Users/amangoyal/Documents/CVPR 2026 Workshop/frames_full/Train/3100731037.jpg,ok
3100731038.avi,Train,310073,3,/Users/amangoyal/Documents/CVPR 2026 Workshop/frames_full/Train/3100731038.jpg,ok
3100731050.avi,Train,310073,2,/Users/amangoyal/Documents/CVPR 2026 Workshop/frames_full/Train/3100731050.jpg,ok
3100731052.avi,Train,310073,3,/Users/amangoyal/Documents/CVPR 2026 Workshop/frames_full/Train/3100731052.jpg,ok
3100731054.avi,Train,310073,3,/Users/amangoyal/Documents/CVPR 2026 Workshop/frames_full/Train/3100731054.jpg,ok
3100731056.avi,Train,310073,2,/Users/amangoyal/Documents/CVPR 2026 Workshop/frames_full/Train/3100731056.jpg,ok
3100731057.avi,Train,310073,3,/Users/amangoyal/Documents/CVPR 2026 Workshop/frames_full/Train/3100731057.jpg,ok
3100731058.avi,Train,310073,3,/Users/amangoyal/Documents/CVPR 2026 Workshop/frames_full/Train/3100731058.jpg,ok
3100732001.avi,Train,310073,3,/Users/amangoyal/Documents/CVPR 2026 Workshop/frames_full/Train/3100732001.jpg,ok
3100732002.avi,Train,310073,3,/Users/amangoyal/Documents/CVPR 2026 Workshop/frames_full/Train/3100732002.jpg,ok
3100732003.avi,Train,310073,2,/Users/amangoyal/Documents/CVPR 2026 Workshop/frames_full/Train/3100732003.jpg,ok
3100732006.avi,Train,310073,3,/Users/amangoyal/Documents/CVPR 2026 Workshop/frames_full/Train/3100732006.jpg,ok
3100732013.avi,Train,310073,2,/Users/amangoyal/Documents/CVPR 2026 Workshop/frames_full/Train/3100732013.jpg,ok
3100732014.avi,Train,310073,3,/Users/amangoyal/Documents/CVPR 2026 Workshop/frames_full/Train/3100732014.jpg,ok
3100732015.avi,Train,310073,2,/Users/amangoyal/Documents/CVPR 2026 Workshop/frames_full/Train/3100732015.jpg,ok
3100732017.avi,Train,310073,2,/Users/amangoyal/Documents/CVPR 2026 Workshop/frames_full/Train/3100732017.jpg,ok
3100732018.avi,Train,310073,3,/Users/amangoyal/Documents/CVPR 2026 Workshop/frames_full/Train/3100732018.jpg,ok
3100732020.avi,Train,310073,2,/Users/amangoyal/Documents/CVPR 2026 Workshop/frames_full/Train/3100732020.jpg,ok
3100732021.avi,Train,310073,2,/Users/amangoyal/Documents/CVPR 2026 Workshop/frames_full/Train/3100732021.jpg,ok
3100732022.avi,Train,310073,2,/Users/amangoyal/Documents/CVPR 2026 Workshop/frames_full/Train/3100732022.jpg,ok
3100732023.avi,Train,310073,2,/Users/amangoyal/Documents/CVPR 2026 Workshop/frames_full/Train/3100732023.jpg,ok
3100732025.avi,Train,310073,2,/Users/amangoyal/Documents/CVPR 2026 Workshop/frames_full/Train/3100732025.jpg,ok
3100732027.avi,Train,310073,2,/Users/amangoyal/Documents/CVPR 2026 Workshop/frames_full/Train/3100732027.jpg,ok
3100732028.avi,Train,310073,3,/Users/amangoyal/Documents/CVPR 2026 Workshop/frames_full/Train/3100732028.jpg,ok
3100732029.avi,Train,310073,3,/Users/amangoyal/Documents/CVPR 2026 Workshop/frames_full/Train/3100732029.jpg,ok
3100732031.avi,Train,310073,2,/Users/amangoyal/Documents/CVPR 2026 Workshop/frames_full/Train/3100732031.jpg,ok
3100732036.avi,Train,310073,2,/Users/amangoyal/Documents/CVPR 2026 Workshop/frames_full/Train/3100732036.jpg,ok
3100732040.avi,Train,310073,3,/Users/amangoyal/Documents/CVPR 2026 Workshop/frames_full/Train/3100732040.jpg,ok
3100732041.avi,Train,310073,2,/Users/amangoyal/Documents/CVPR 2026 Workshop/frames_full/Train/3100732041.jpg,ok
3100732042.avi,Train,310073,3,/Users/amangoyal/Documents/CVPR 2026 Workshop/frames_full/Train/3100732042.jpg,ok
3100732067.avi,Train,310073,3,/Users/amangoyal/Documents/CVPR 2026 Workshop/frames_full/Train/3100732067.jpg,ok
3100741001.avi,Train,310074,2,/Users/amangoyal/Documents/CVPR 2026 Workshop/frames_full/Train/3100741001.jpg,ok
3100741002.avi,Train,310074,2,/Users/amangoyal/Documents/CVPR 2026 Workshop/frames_full/Train/3100741002.jpg,ok
3100741003.avi,Train,310074,3,/Users/amangoyal/Documents/CVPR 2026 Workshop/frames_full/Train/3100741003.jpg,ok
3100741004.avi,Train,310074,3,/Users/amangoyal/Documents/CVPR 2026 Workshop/frames_full/Train/3100741004.jpg,ok
3100741011.avi,Train,310074,3,/Users/amangoyal/Documents/CVPR 2026 Workshop/frames_full/Train/3100741011.jpg,ok
3100741012.avi,Train,310074,2,/Users/amangoyal/Documents/CVPR 2026 Workshop/frames_full/Train/3100741012.jpg,ok
3100741013.avi,Train,310074,2,/Users/amangoyal/Documents/CVPR 2026 Workshop/frames_full/Train/3100741013.jpg,ok
3100741014.avi,Train,310074,2,/Users/amangoyal/Documents/CVPR 2026 Workshop/frames_full/Train/3100741014.jpg,ok
3100741016.avi,Train,310074,3,/Users/amangoyal/Documents/CVPR 2026 Workshop/frames_full/Train/3100741016.jpg,ok
3100741017.avi,Train,310074,3,/Users/amangoyal/Documents/CVPR 2026 Workshop/frames_full/Train/3100741017.jpg,ok
3100741018.avi,Train,310074,3,/Users/amangoyal/Documents/CVPR 2026 Workshop/frames_full/Train/3100741018.jpg,ok
3100741019.avi,Train,310074,3,/Users/amangoyal/Documents/CVPR 2026 Workshop/frames_full/Train/3100741019.jpg,ok
3100741020.avi,Train,310074,3,/Users/amangoyal/Documents/CVPR 2026 Workshop/frames_full/Train/3100741020.jpg,ok
3100741022.avi,Train,310074,3,/Users/amangoyal/Documents/CVPR 2026 Workshop/frames_full/Train/3100741022.jpg,ok
3100741023.avi,Train,310074,3,/Users/amangoyal/Documents/CVPR 2026 Workshop/frames_full/Train/3100741023.jpg,ok
3100741024.avi,Train,310074,3,/Users/amangoyal/Documents/CVPR 2026 Workshop/frames_full/Train/3100741024.jpg,ok
3100741025.avi,Train,310074,3,/Users/amangoyal/Documents/CVPR 2026 Workshop/frames_full/Train/3100741025.jpg,ok
3100741026.avi,Train,310074,3,/Users/amangoyal/Documents/CVPR 2026 Workshop/frames_full/Train/3100741026.jpg,ok
3100741027.avi,Train,310074,2,/Users/amangoyal/Documents/CVPR 2026 Workshop/frames_full/Train/3100741027.jpg,ok
3100741028.avi,Train,310074,2,/Users/amangoyal/Documents/CVPR 2026 Workshop/frames_full/Train/3100741028.jpg,ok
3100741029.avi,Train,310074,3,/Users/amangoyal/Documents/CVPR 2026 Workshop/frames_full/Train/3100741029.jpg,ok
3100741030.avi,Train,310074,2,/Users/amangoyal/Documents/CVPR 2026 Workshop/frames_full/Train/3100741030.jpg,ok
3100741032.avi,Train,310074,3,/Users/amangoyal/Documents/CVPR 2026 Workshop/frames_full/Train/3100741032.jpg,ok
3100741034.avi,Train,310074,3,/Users/amangoyal/Documents/CVPR 2026 Workshop/frames_full/Train/3100741034.jpg,ok
3100741035.avi,Train,310074,3,/Users/amangoyal/Documents/CVPR 2026 Workshop/frames_full/Train/3100741035.jpg,ok
3100741036.avi,Train,310074,3,/Users/amangoyal/Documents/CVPR 2026 Workshop/frames_full/Train/3100741036.jpg,ok
3100741037.avi,Train,310074,2,/Users/amangoyal/Documents/CVPR 2026 Workshop/frames_full/Train/3100741037.jpg,ok
3100741038.avi,Train,310074,3,/Users/amangoyal/Documents/CVPR 2026 Workshop/frames_full/Train/3100741038.jpg,ok
3100741039.avi,Train,310074,3,/Users/amangoyal/Documents/CVPR 2026 Workshop/frames_full/Train/3100741039.jpg,ok
3100741042.avi,Train,310074,3,/Users/amangoyal/Documents/CVPR 2026 Workshop/frames_full/Train/3100741042.jpg,ok
3100741043.avi,Train,310074,2,/Users/amangoyal/Documents/CVPR 2026 Workshop/frames_full/Train/3100741043.jpg,ok
3100741044.avi,Train,310074,3,/Users/amangoyal/Documents/CVPR 2026 Workshop/frames_full/Train/3100741044.jpg,ok
3100741045.avi,Train,310074,3,/Users/amangoyal/Documents/CVPR 2026 Workshop/frames_full/Train/3100741045.jpg,ok
3100741047.avi,Train,310074,3,/Users/amangoyal/Documents/CVPR 2026 Workshop/frames_full/Train/3100741047.jpg,ok
3100741049.avi,Train,310074,2,/Users/amangoyal/Documents/CVPR 2026 Workshop/frames_full/Train/3100741049.jpg,ok
3100741053.avi,Train,310074,2,/Users/amangoyal/Documents/CVPR 2026 Workshop/frames_full/Train/3100741053.jpg,ok
3100741054.avi,Train,310074,2,/Users/amangoyal/Documents/CVPR 2026 Workshop/frames_full/Train/3100741054.jpg,ok
3100741056.avi,Train,310074,2,/Users/amangoyal/Documents/CVPR 2026 Workshop/frames_full/Train/3100741056.jpg,ok
3100741057.avi,Train,310074,3,/Users/amangoyal/Documents/CVPR 2026 Workshop/frames_full/Train/3100741057.jpg,ok
3100741058.avi,Train,310074,3,/Users/amangoyal/Documents/CVPR 2026 Workshop/frames_full/Train/3100741058.jpg,ok
3100741059.avi,Train,310074,3,/Users/amangoyal/Documents/CVPR 2026 Workshop/frames_full/Train/3100741059.jpg,ok
3100741060.avi,Train,310074,3,/Users/amangoyal/Documents/CVPR 2026 Workshop/frames_full/Train/3100741060.jpg,ok
3100741061.avi,Train,310074,3,/Users/amangoyal/Documents/CVPR 2026 Workshop/frames_full/Train/3100741061.jpg,ok
3100741063.avi,Train,310074,3,/Users/amangoyal/Documents/CVPR 2026 Workshop/frames_full/Train/3100741063.jpg,ok
3100741064.avi,Train,310074,2,/Users/amangoyal/Documents/CVPR 2026 Workshop/frames_full/Train/3100741064.jpg,ok
3100741065.avi,Train,310074,3,/Users/amangoyal/Documents/CVPR 2026 Workshop/frames_full/Train/3100741065.jpg,ok
3100741066.avi,Train,310074,1,/Users/amangoyal/Documents/CVPR 2026 Workshop/frames_full/Train/3100741066.jpg,ok
3100741068.avi,Train,310074,2,/Users/amangoyal/Documents/CVPR 2026 Workshop/frames_full/Train/3100741068.jpg,ok
3100741069.avi,Train,310074,3,/Users/amangoyal/Documents/CVPR 2026 Workshop/frames_full/Train/3100741069.jpg,ok
3100741070.avi,Train,310074,3,/Users/amangoyal/Documents/CVPR 2026 Workshop/frames_full/Train/3100741070.jpg,ok
3100741071.avi,Train,310074,3,/Users/amangoyal/Documents/CVPR 2026 Workshop/frames_full/Train/3100741071.jpg,ok
3100741072.avi,Train,310074,3,/Users/amangoyal/Documents/CVPR 2026 Workshop/frames_full/Train/3100741072.jpg,ok
3100741073.avi,Train,310074,2,/Users/amangoyal/Documents/CVPR 2026 Workshop/frames_full/Train/3100741073.jpg,ok
3100741074.avi,Train,310074,3,/Users/amangoyal/Documents/CVPR 2026 Workshop/frames_full/Train/3100741074.jpg,ok
3100741075.avi,Train,310074,2,/Users/amangoyal/Documents/CVPR 2026 Workshop/frames_full/Train/3100741075.jpg,ok
3100741076.avi,Train,310074,3,/Users/amangoyal/Documents/CVPR 2026 Workshop/frames_full/Train/3100741076.jpg,ok
3100741077.avi,Train,310074,3,/Users/amangoyal/Documents/CVPR 2026 Workshop/frames_full/Train/3100741077.jpg,ok
3100741079.avi,Train,310074,3,/Users/amangoyal/Documents/CVPR 2026 Workshop/frames_full/Train/3100741079.jpg,ok
3100742001.avi,Train,310074,2,/Users/amangoyal/Documents/CVPR 2026 Workshop/frames_full/Train/3100742001.jpg,ok
3100742003.avi,Train,310074,2,/Users/amangoyal/Documents/CVPR 2026 Workshop/frames_full/Train/3100742003.jpg,ok
3100742004.avi,Train,310074,2,/Users/amangoyal/Documents/CVPR 2026 Workshop/frames_full/Train/3100742004.jpg,ok
3100742005.avi,Train,310074,2,/Users/amangoyal/Documents/CVPR 2026 Workshop/frames_full/Train/3100742005.jpg,ok
3100742007.avi,Train,310074,2,/Users/amangoyal/Documents/CVPR 2026 Workshop/frames_full/Train/3100742007.jpg,ok
3100742010.avi,Train,310074,2,/Users/amangoyal/Documents/CVPR 2026 Workshop/frames_full/Train/3100742010.jpg,ok
3100742011.avi,Train,310074,3,/Users/amangoyal/Documents/CVPR 2026 Workshop/frames_full/Train/3100742011.jpg,ok
3100742012.avi,Train,310074,3,/Users/amangoyal/Documents/CVPR 2026 Workshop/frames_full/Train/3100742012.jpg,ok
3100742013.avi,Train,310074,3,/Users/amangoyal/Documents/CVPR 2026 Workshop/frames_full/Train/3100742013.jpg,ok
3100742014.avi,Train,310074,2,/Users/amangoyal/Documents/CVPR 2026 Workshop/frames_full/Train/3100742014.jpg,ok
3100742015.avi,Train,310074,2,/Users/amangoyal/Documents/CVPR 2026 Workshop/frames_full/Train/3100742015.jpg,ok
3100742016.avi,Train,310074,2,/Users/amangoyal/Documents/CVPR 2026 Workshop/frames_full/Train/3100742016.jpg,ok
3100742018.avi,Train,310074,3,/Users/amangoyal/Documents/CVPR 2026 Workshop/frames_full/Train/3100742018.jpg,ok
3100742020.avi,Train,310074,2,/Users/amangoyal/Documents/CVPR 2026 Workshop/frames_full/Train/3100742020.jpg,ok
3100742021.avi,Train,310074,2,/Users/amangoyal/Documents/CVPR 2026 Workshop/frames_full/Train/3100742021.jpg,ok
3100742022.avi,Train,310074,3,/Users/amangoyal/Documents/CVPR 2026 Workshop/frames_full/Train/3100742022.jpg,ok
3100742023.avi,Train,310074,2,/Users/amangoyal/Documents/CVPR 2026 Workshop/frames_full/Train/3100742023.jpg,ok
3100742024.avi,Train,310074,3,/Users/amangoyal/Documents/CVPR 2026 Workshop/frames_full/Train/3100742024.jpg,ok
3100742025.avi,Train,310074,2,/Users/amangoyal/Documents/CVPR 2026 Workshop/frames_full/Train/3100742025.jpg,ok
3100742027.avi,Train,310074,2,/Users/amangoyal/Documents/CVPR 2026 Workshop/frames_full/Train/3100742027.jpg,ok
3100742028.avi,Train,310074,3,/Users/amangoyal/Documents/CVPR 2026 Workshop/frames_full/Train/3100742028.jpg,ok
3100742033.avi,Train,310074,3,/Users/amangoyal/Documents/CVPR 2026 Workshop/frames_full/Train/3100742033.jpg,ok
3100742034.avi,Train,310074,2,/Users/amangoyal/Documents/CVPR 2026 Workshop/frames_full/Train/3100742034.jpg,ok
3100742037.avi,Train,310074,2,/Users/amangoyal/Documents/CVPR 2026 Workshop/frames_full/Train/3100742037.jpg,ok
3100742038.avi,Train,310074,2,/Users/amangoyal/Documents/CVPR 2026 Workshop/frames_full/Train/3100742038.jpg,ok
3100742041.avi,Train,310074,3,/Users/amangoyal/Documents/CVPR 2026 Workshop/frames_full/Train/3100742041.jpg,ok
3100742042.avi,Train,310074,3,/Users/amangoyal/Documents/CVPR 2026 Workshop/frames_full/Train/3100742042.jpg,ok
3100742044.avi,Train,310074,2,/Users/amangoyal/Documents/CVPR 2026 Workshop/frames_full/Train/3100742044.jpg,ok
3100742045.avi,Train,310074,3,/Users/amangoyal/Documents/CVPR 2026 Workshop/frames_full/Train/3100742045.jpg,ok
3100742046.avi,Train,310074,2,/Users/amangoyal/Documents/CVPR 2026 Workshop/frames_full/Train/3100742046.jpg,ok
3100742047.avi,Train,310074,2,/Users/amangoyal/Documents/CVPR 2026 Workshop/frames_full/Train/3100742047.jpg,ok
3100742048.avi,Train,310074,2,/Users/amangoyal/Documents/CVPR 2026 Workshop/frames_full/Train/3100742048.jpg,ok
3100742050.avi,Train,310074,2,/Users/amangoyal/Documents/CVPR 2026 Workshop/frames_full/Train/3100742050.jpg,ok
3100742051.avi,Train,310074,2,/Users/amangoyal/Documents/CVPR 2026 Workshop/frames_full/Train/3100742051.jpg,ok
3100742052.avi,Train,310074,2,/Users/amangoyal/Documents/CVPR 2026 Workshop/frames_full/Train/3100742052.jpg,ok
3100742053.avi,Train,310074,2,/Users/amangoyal/Documents/CVPR 2026 Workshop/frames_full/Train/3100742053.jpg,ok
3100742054.avi,Train,310074,2,/Users/amangoyal/Documents/CVPR 2026 Workshop/frames_full/Train/3100742054.jpg,ok
3100742055.avi,Train,310074,2,/Users/amangoyal/Documents/CVPR 2026 Workshop/frames_full/Train/3100742055.jpg,ok
3100742056.avi,Train,310074,2,/Users/amangoyal/Documents/CVPR 2026 Workshop/frames_full/Train/3100742056.jpg,ok
3100742057.avi,Train,310074,3,/Users/amangoyal/Documents/CVPR 2026 Workshop/frames_full/Train/3100742057.jpg,ok
3100742058.avi,Train,310074,1,/Users/amangoyal/Documents/CVPR 2026 Workshop/frames_full/Train/3100742058.jpg,ok
3100742059.avi,Train,310074,3,/Users/amangoyal/Documents/CVPR 2026 Workshop/frames_full/Train/3100742059.jpg,ok
3100742060.avi,Train,310074,3,/Users/amangoyal/Documents/CVPR 2026 Workshop/frames_full/Train/3100742060.jpg,ok
3100742061.avi,Train,310074,2,/Users/amangoyal/Documents/CVPR 2026 Workshop/frames_full/Train/3100742061.jpg,ok
3100742062.avi,Train,310074,2,/Users/amangoyal/Documents/CVPR 2026 Workshop/frames_full/Train/3100742062.jpg,ok
3100742063.avi,Train,310074,2,/Users/amangoyal/Documents/CVPR 2026 Workshop/frames_full/Train/3100742063.jpg,ok
3100742065.avi,Train,310074,2,/Users/amangoyal/Documents/CVPR 2026 Workshop/frames_full/Train/3100742065.jpg,ok
3100742067.avi,Train,310074,3,/Users/amangoyal/Documents/CVPR 2026 Workshop/frames_full/Train/3100742067.jpg,ok
3100742068.avi,Train,310074,3,/Users/amangoyal/Documents/CVPR 2026 Workshop/frames_full/Train/3100742068.jpg,ok
3100751003.avi,Train,310075,2,/Users/amangoyal/Documents/CVPR 2026 Workshop/frames_full/Train/3100751003.jpg,ok
3100751004.avi,Train,310075,2,/Users/amangoyal/Documents/CVPR 2026 Workshop/frames_full/Train/3100751004.jpg,ok
3100751005.avi,Train,310075,2,/Users/amangoyal/Documents/CVPR 2026 Workshop/frames_full/Train/3100751005.jpg,ok
3100751006.avi,Train,310075,1,/Users/amangoyal/Documents/CVPR 2026 Workshop/frames_full/Train/3100751006.jpg,ok
3100751007.avi,Train,310075,0,/Users/amangoyal/Documents/CVPR 2026 Workshop/frames_full/Train/3100751007.jpg,ok
3100751008.avi,Train,310075,1,/Users/amangoyal/Documents/CVPR 2026 Workshop/frames_full/Train/3100751008.jpg,ok
3100751009.avi,Train,310075,3,/Users/amangoyal/Documents/CVPR 2026 Workshop/frames_full/Train/3100751009.jpg,ok
3100751010.avi,Train,310075,0,/Users/amangoyal/Documents/CVPR 2026 Workshop/frames_full/Train/3100751010.jpg,ok
3100751011.avi,Train,310075,3,/Users/amangoyal/Documents/CVPR 2026 Workshop/frames_full/Train/3100751011.jpg,ok
3100751012.avi,Train,310075,1,/Users/amangoyal/Documents/CVPR 2026 Workshop/frames_full/Train/3100751012.jpg,ok
3100751014.avi,Train,310075,2,/Users/amangoyal/Documents/CVPR 2026 Workshop/frames_full/Train/3100751014.jpg,ok
3100751015.avi,Train,310075,2,/Users/amangoyal/Documents/CVPR 2026 Workshop/frames_full/Train/3100751015.jpg,ok
3100751016.avi,Train,310075,2,/Users/amangoyal/Documents/CVPR 2026 Workshop/frames_full/Train/3100751016.jpg,ok
3100751017.avi,Train,310075,2,/Users/amangoyal/Documents/CVPR 2026 Workshop/frames_full/Train/3100751017.jpg,ok
3100751018.avi,Train,310075,3,/Users/amangoyal/Documents/CVPR 2026 Workshop/frames_full/Train/3100751018.jpg,ok
3100751019.avi,Train,310075,1,/Users/amangoyal/Documents/CVPR 2026 Workshop/frames_full/Train/3100751019.jpg,ok
3100751020.avi,Train,310075,3,/Users/amangoyal/Documents/CVPR 2026 Workshop/frames_full/Train/3100751020.jpg,ok
3100751021.avi,Train,310075,2,/Users/amangoyal/Documents/CVPR 2026 Workshop/frames_full/Train/3100751021.jpg,ok
3100751022.avi,Train,310075,2,/Users/amangoyal/Documents/CVPR 2026 Workshop/frames_full/Train/3100751022.jpg,ok
3100751024.avi,Train,310075,3,/Users/amangoyal/Documents/CVPR 2026 Workshop/frames_full/Train/3100751024.jpg,ok
3100751026.avi,Train,310075,2,/Users/amangoyal/Documents/CVPR 2026 Workshop/frames_full/Train/3100751026.jpg,ok
3100751027.avi,Train,310075,2,/Users/amangoyal/Documents/CVPR 2026 Workshop/frames_full/Train/3100751027.jpg,ok
3100751028.avi,Train,310075,2,/Users/amangoyal/Documents/CVPR 2026 Workshop/frames_full/Train/3100751028.jpg,ok
3100751032.avi,Train,310075,3,/Users/amangoyal/Documents/CVPR 2026 Workshop/frames_full/Train/3100751032.jpg,ok
3100751033.avi,Train,310075,2,/Users/amangoyal/Documents/CVPR 2026 Workshop/frames_full/Train/3100751033.jpg,ok
3100751034.avi,Train,310075,2,/Users/amangoyal/Documents/CVPR 2026 Workshop/frames_full/Train/3100751034.jpg,ok
3100751035.avi,Train,310075,2,/Users/amangoyal/Documents/CVPR 2026 Workshop/frames_full/Train/3100751035.jpg,ok
3100751037.avi,Train,310075,2,/Users/amangoyal/Documents/CVPR 2026 Workshop/frames_full/Train/3100751037.jpg,ok
3100751039.avi,Train,310075,2,/Users/amangoyal/Documents/CVPR 2026 Workshop/frames_full/Train/3100751039.jpg,ok
3100751040.avi,Train,310075,3,/Users/amangoyal/Documents/CVPR 2026 Workshop/frames_full/Train/3100751040.jpg,ok
3100751041.avi,Train,310075,2,/Users/amangoyal/Documents/CVPR 2026 Workshop/frames_full/Train/3100751041.jpg,ok
3100751043.avi,Train,310075,3,/Users/amangoyal/Documents/CVPR 2026 Workshop/frames_full/Train/3100751043.jpg,ok
3100751044.avi,Train,310075,3,/Users/amangoyal/Documents/CVPR 2026 Workshop/frames_full/Train/3100751044.jpg,ok
3100751045.avi,Train,310075,2,/Users/amangoyal/Documents/CVPR 2026 Workshop/frames_full/Train/3100751045.jpg,ok
3100751048.avi,Train,310075,2,/Users/amangoyal/Documents/CVPR 2026 Workshop/frames_full/Train/3100751048.jpg,ok
3100751050.avi,Train,310075,2,/Users/amangoyal/Documents/CVPR 2026 Workshop/frames_full/Train/3100751050.jpg,ok
3100751055.avi,Train,310075,3,/Users/amangoyal/Documents/CVPR 2026 Workshop/frames_full/Train/3100751055.jpg,ok
3100751056.avi,Train,310075,1,/Users/amangoyal/Documents/CVPR 2026 Workshop/frames_full/Train/3100751056.jpg,ok
3100751057.avi,Train,310075,1,/Users/amangoyal/Documents/CVPR 2026 Workshop/frames_full/Train/3100751057.jpg,ok
3100751058.avi,Train,310075,2,/Users/amangoyal/Documents/CVPR 2026 Workshop/frames_full/Train/3100751058.jpg,ok
3100751059.avi,Train,310075,2,/Users/amangoyal/Documents/CVPR 2026 Workshop/frames_full/Train/3100751059.jpg,ok
3100751063.avi,Train,310075,2,/Users/amangoyal/Documents/CVPR 2026 Workshop/frames_full/Train/3100751063.jpg,ok
3100751064.avi,Train,310075,2,/Users/amangoyal/Documents/CVPR 2026 Workshop/frames_full/Train/3100751064.jpg,ok
3100751065.avi,Train,310075,2,/Users/amangoyal/Documents/CVPR 2026 Workshop/frames_full/Train/3100751065.jpg,ok
3100751068.avi,Train,310075,3,/Users/amangoyal/Documents/CVPR 2026 Workshop/frames_full/Train/3100751068.jpg,ok
3100751069.avi,Train,310075,2,/Users/amangoyal/Documents/CVPR 2026 Workshop/frames_full/Train/3100751069.jpg,ok
3100751070.avi,Train,310075,2,/Users/amangoyal/Documents/CVPR 2026 Workshop/frames_full/Train/3100751070.jpg,ok
3100751072.avi,Train,310075,2,/Users/amangoyal/Documents/CVPR 2026 Workshop/frames_full/Train/3100751072.jpg,ok
3100751073.avi,Train,310075,3,/Users/amangoyal/Documents/CVPR 2026 Workshop/frames_full/Train/3100751073.jpg,ok
3100751074.avi,Train,310075,2,/Users/amangoyal/Documents/CVPR 2026 Workshop/frames_full/Train/3100751074.jpg,ok
3100751075.avi,Train,310075,3,/Users/amangoyal/Documents/CVPR 2026 Workshop/frames_full/Train/3100751075.jpg,ok
3100751076.avi,Train,310075,2,/Users/amangoyal/Documents/CVPR 2026 Workshop/frames_full/Train/3100751076.jpg,ok
3100751077.avi,Train,310075,2,/Users/amangoyal/Documents/CVPR 2026 Workshop/frames_full/Train/3100751077.jpg,ok
3100751078.avi,Train,310075,2,/Users/amangoyal/Documents/CVPR 2026 Workshop/frames_full/Train/3100751078.jpg,ok
3100751079.avi,Train,310075,2,/Users/amangoyal/Documents/CVPR 2026 Workshop/frames_full/Train/3100751079.jpg,ok
3100752001.avi,Train,310075,2,/Users/amangoyal/Documents/CVPR 2026 Workshop/frames_full/Train/3100752001.jpg,ok
3100752002.avi,Train,310075,3,/Users/amangoyal/Documents/CVPR 2026 Workshop/frames_full/Train/3100752002.jpg,ok
3100752003.avi,Train,310075,2,/Users/amangoyal/Documents/CVPR 2026 Workshop/frames_full/Train/3100752003.jpg,ok
3100752004.avi,Train,310075,2,/Users/amangoyal/Documents/CVPR 2026 Workshop/frames_full/Train/3100752004.jpg,ok
3100752005.avi,Train,310075,2,/Users/amangoyal/Documents/CVPR 2026 Workshop/frames_full/Train/3100752005.jpg,ok
3100752007.avi,Train,310075,2,/Users/amangoyal/Documents/CVPR 2026 Workshop/frames_full/Train/3100752007.jpg,ok
3100752008.avi,Train,310075,2,/Users/amangoyal/Documents/CVPR 2026 Workshop/frames_full/Train/3100752008.jpg,ok
3100752009.avi,Train,310075,2,/Users/amangoyal/Documents/CVPR 2026 Workshop/frames_full/Train/3100752009.jpg,ok
3100752010.avi,Train,310075,2,/Users/amangoyal/Documents/CVPR 2026 Workshop/frames_full/Train/3100752010.jpg,ok
3100752012.avi,Train,310075,2,/Users/amangoyal/Documents/CVPR 2026 Workshop/frames_full/Train/3100752012.jpg,ok
3100752014.avi,Train,310075,1,/Users/amangoyal/Documents/CVPR 2026 Workshop/frames_full/Train/3100752014.jpg,ok
3100752015.avi,Train,310075,3,/Users/amangoyal/Documents/CVPR 2026 Workshop/frames_full/Train/3100752015.jpg,ok
3100752016.avi,Train,310075,2,/Users/amangoyal/Documents/CVPR 2026 Workshop/frames_full/Train/3100752016.jpg,ok
3100752017.avi,Train,310075,2,/Users/amangoyal/Documents/CVPR 2026 Workshop/frames_full/Train/3100752017.jpg,ok
3100752018.avi,Train,310075,3,/Users/amangoyal/Documents/CVPR 2026 Workshop/frames_full/Train/3100752018.jpg,ok
3100752019.avi,Train,310075,3,/Users/amangoyal/Documents/CVPR 2026 Workshop/frames_full/Train/3100752019.jpg,ok
3100752020.avi,Train,310075,2,/Users/amangoyal/Documents/CVPR 2026 Workshop/frames_full/Train/3100752020.jpg,ok
3100752021.avi,Train,310075,1,/Users/amangoyal/Documents/CVPR 2026 Workshop/frames_full/Train/3100752021.jpg,ok
3100752022.avi,Train,310075,2,/Users/amangoyal/Documents/CVPR 2026 Workshop/frames_full/Train/3100752022.jpg,ok
3100752023.avi,Train,310075,2,/Users/amangoyal/Documents/CVPR 2026 Workshop/frames_full/Train/3100752023.jpg,ok
3100752026.avi,Train,310075,2,/Users/amangoyal/Documents/CVPR 2026 Workshop/frames_full/Train/3100752026.jpg,ok
3100752027.avi,Train,310075,2,/Users/amangoyal/Documents/CVPR 2026 Workshop/frames_full/Train/3100752027.jpg,ok
3100752029.avi,Train,310075,2,/Users/amangoyal/Documents/CVPR 2026 Workshop/frames_full/Train/3100752029.jpg,ok
3100752030.avi,Train,310075,1,/Users/amangoyal/Documents/CVPR 2026 Workshop/frames_full/Train/3100752030.jpg,ok
3100752032.avi,Train,310075,2,/Users/amangoyal/Documents/CVPR 2026 Workshop/frames_full/Train/3100752032.jpg,ok
3100752034.avi,Train,310075,3,/Users/amangoyal/Documents/CVPR 2026 Workshop/frames_full/Train/3100752034.jpg,ok
3100752035.avi,Train,310075,2,/Users/amangoyal/Documents/CVPR 2026 Workshop/frames_full/Train/3100752035.jpg,ok
3100752036.avi,Train,310075,2,/Users/amangoyal/Documents/CVPR 2026 Workshop/frames_full/Train/3100752036.jpg,ok
3100752037.avi,Train,310075,1,/Users/amangoyal/Documents/CVPR 2026 Workshop/frames_full/Train/3100752037.jpg,ok
3100752038.avi,Train,310075,2,/Users/amangoyal/Documents/CVPR 2026 Workshop/frames_full/Train/3100752038.jpg,ok
3100752039.avi,Train,310075,2,/Users/amangoyal/Documents/CVPR 2026 Workshop/frames_full/Train/3100752039.jpg,ok
3100752040.avi,Train,310075,3,/Users/amangoyal/Documents/CVPR 2026 Workshop/frames_full/Train/3100752040.jpg,ok
3100752041.avi,Train,310075,3,/Users/amangoyal/Documents/CVPR 2026 Workshop/frames_full/Train/3100752041.jpg,ok
3100752042.avi,Train,310075,2,/Users/amangoyal/Documents/CVPR 2026 Workshop/frames_full/Train/3100752042.jpg,ok
3100752043.avi,Train,310075,2,/Users/amangoyal/Documents/CVPR 2026 Workshop/frames_full/Train/3100752043.jpg,ok
3100752044.avi,Train,310075,3,/Users/amangoyal/Documents/CVPR 2026 Workshop/frames_full/Train/3100752044.jpg,ok
3100752045.avi,Train,310075,3,/Users/amangoyal/Documents/CVPR 2026 Workshop/frames_full/Train/3100752045.jpg,ok
3100752046.avi,Train,310075,2,/Users/amangoyal/Documents/CVPR 2026 Workshop/frames_full/Train/3100752046.jpg,ok
3100752047.avi,Train,310075,2,/Users/amangoyal/Documents/CVPR 2026 Workshop/frames_full/Train/3100752047.jpg,ok
3100752048.avi,Train,310075,1,/Users/amangoyal/Documents/CVPR 2026 Workshop/frames_full/Train/3100752048.jpg,ok
3100752049.avi,Train,310075,2,/Users/amangoyal/Documents/CVPR 2026 Workshop/frames_full/Train/3100752049.jpg,ok
3100752050.avi,Train,310075,3,/Users/amangoyal/Documents/CVPR 2026 Workshop/frames_full/Train/3100752050.jpg,ok
3100752051.avi,Train,310075,1,/Users/amangoyal/Documents/CVPR 2026 Workshop/frames_full/Train/3100752051.jpg,ok
3100752052.avi,Train,310075,3,/Users/amangoyal/Documents/CVPR 2026 Workshop/frames_full/Train/3100752052.jpg,ok
3100752054.avi,Train,310075,2,/Users/amangoyal/Documents/CVPR 2026 Workshop/frames_full/Train/3100752054.jpg,ok
3100752055.avi,Train,310075,1,/Users/amangoyal/Documents/CVPR 2026 Workshop/frames_full/Train/3100752055.jpg,ok
3100752056.avi,Train,310075,2,/Users/amangoyal/Documents/CVPR 2026 Workshop/frames_full/Train/3100752056.jpg,ok
3100752057.avi,Train,310075,2,/Users/amangoyal/Documents/CVPR 2026 Workshop/frames_full/Train/3100752057.jpg,ok
3100752058.avi,Train,310075,3,/Users/amangoyal/Documents/CVPR 2026 Workshop/frames_full/Train/3100752058.jpg,ok
3100752059.avi,Train,310075,2,/Users/amangoyal/Documents/CVPR 2026 Workshop/frames_full/Train/3100752059.jpg,ok
3100752060.avi,Train,310075,2,/Users/amangoyal/Documents/CVPR 2026 Workshop/frames_full/Train/3100752060.jpg,ok
3100752061.avi,Train,310075,2,/Users/amangoyal/Documents/CVPR 2026 Workshop/frames_full/Train/3100752061.jpg,ok
3100752063.avi,Train,310075,2,/Users/amangoyal/Documents/CVPR 2026 Workshop/frames_full/Train/3100752063.jpg,ok
3100752068.avi,Train,310075,2,/Users/amangoyal/Documents/CVPR 2026 Workshop/frames_full/Train/3100752068.jpg,ok
3100761003.avi,Train,310076,1,/Users/amangoyal/Documents/CVPR 2026 Workshop/frames_full/Train/3100761003.jpg,ok
3100761004.avi,Train,310076,3,/Users/amangoyal/Documents/CVPR 2026 Workshop/frames_full/Train/3100761004.jpg,ok
3100761005.avi,Train,310076,1,/Users/amangoyal/Documents/CVPR 2026 Workshop/frames_full/Train/3100761005.jpg,ok
3100761007.avi,Train,310076,2,/Users/amangoyal/Documents/CVPR 2026 Workshop/frames_full/Train/3100761007.jpg,ok
3100761008.avi,Train,310076,1,/Users/amangoyal/Documents/CVPR 2026 Workshop/frames_full/Train/3100761008.jpg,ok
3100761013.avi,Train,310076,2,/Users/amangoyal/Documents/CVPR 2026 Workshop/frames_full/Train/3100761013.jpg,ok
3100761014.avi,Train,310076,2,/Users/amangoyal/Documents/CVPR 2026 Workshop/frames_full/Train/3100761014.jpg,ok
3100761015.avi,Train,310076,2,/Users/amangoyal/Documents/CVPR 2026 Workshop/frames_full/Train/3100761015.jpg,ok
3100761016.avi,Train,310076,2,/Users/amangoyal/Documents/CVPR 2026 Workshop/frames_full/Train/3100761016.jpg,ok
3100761017.avi,Train,310076,2,/Users/amangoyal/Documents/CVPR 2026 Workshop/frames_full/Train/3100761017.jpg,ok
3100761019.avi,Train,310076,2,/Users/amangoyal/Documents/CVPR 2026 Workshop/frames_full/Train/3100761019.jpg,ok
3100761020.avi,Train,310076,3,/Users/amangoyal/Documents/CVPR 2026 Workshop/frames_full/Train/3100761020.jpg,ok
3100761021.avi,Train,310076,3,/Users/amangoyal/Documents/CVPR 2026 Workshop/frames_full/Train/3100761021.jpg,ok
3100761023.avi,Train,310076,2,/Users/amangoyal/Documents/CVPR 2026 Workshop/frames_full/Train/3100761023.jpg,ok
3100761027.avi,Train,310076,3,/Users/amangoyal/Documents/CVPR 2026 Workshop/frames_full/Train/3100761027.jpg,ok
3100761028.avi,Train,310076,3,/Users/amangoyal/Documents/CVPR 2026 Workshop/frames_full/Train/3100761028.jpg,ok
3100761029.avi,Train,310076,3,/Users/amangoyal/Documents/CVPR 2026 Workshop/frames_full/Train/3100761029.jpg,ok
3100761030.avi,Train,310076,2,/Users/amangoyal/Documents/CVPR 2026 Workshop/frames_full/Train/3100761030.jpg,ok
3100761031.avi,Train,310076,2,/Users/amangoyal/Documents/CVPR 2026 Workshop/frames_full/Train/3100761031.jpg,ok
3100761034.avi,Train,310076,2,/Users/amangoyal/Documents/CVPR 2026 Workshop/frames_full/Train/3100761034.jpg,ok
3100761042.avi,Train,310076,2,/Users/amangoyal/Documents/CVPR 2026 Workshop/frames_full/Train/3100761042.jpg,ok
3100761046.avi,Train,310076,2,/Users/amangoyal/Documents/CVPR 2026 Workshop/frames_full/Train/3100761046.jpg,ok
3100761047.avi,Train,310076,2,/Users/amangoyal/Documents/CVPR 2026 Workshop/frames_full/Train/3100761047.jpg,ok
3100761048.avi,Train,310076,3,/Users/amangoyal/Documents/CVPR 2026 Workshop/frames_full/Train/3100761048.jpg,ok
3100761049.avi,Train,310076,2,/Users/amangoyal/Documents/CVPR 2026 Workshop/frames_full/Train/3100761049.jpg,ok
3100761050.avi,Train,310076,2,/Users/amangoyal/Documents/CVPR 2026 Workshop/frames_full/Train/3100761050.jpg,ok
3100761051.avi,Train,310076,2,/Users/amangoyal/Documents/CVPR 2026 Workshop/frames_full/Train/3100761051.jpg,ok
3100761056.avi,Train,310076,2,/Users/amangoyal/Documents/CVPR 2026 Workshop/frames_full/Train/3100761056.jpg,ok
3100761062.avi,Train,310076,2,/Users/amangoyal/Documents/CVPR 2026 Workshop/frames_full/Train/3100761062.jpg,ok
3100761063.avi,Train,310076,3,/Users/amangoyal/Documents/CVPR 2026 Workshop/frames_full/Train/3100761063.jpg,ok
3100762003.avi,Train,310076,2,/Users/amangoyal/Documents/CVPR 2026 Workshop/frames_full/Train/3100762003.jpg,ok
3100762004.avi,Train,310076,1,/Users/amangoyal/Documents/CVPR 2026 Workshop/frames_full/Train/3100762004.jpg,ok
3100762005.avi,Train,310076,2,/Users/amangoyal/Documents/CVPR 2026 Workshop/frames_full/Train/3100762005.jpg,ok
3100762007.avi,Train,310076,3,/Users/amangoyal/Documents/CVPR 2026 Workshop/frames_full/Train/3100762007.jpg,ok
3100762012.avi,Train,310076,2,/Users/amangoyal/Documents/CVPR 2026 Workshop/frames_full/Train/3100762012.jpg,ok
3100762013.avi,Train,310076,2,/Users/amangoyal/Documents/CVPR 2026 Workshop/frames_full/Train/3100762013.jpg,ok
3100762016.avi,Train,310076,2,/Users/amangoyal/Documents/CVPR 2026 Workshop/frames_full/Train/3100762016.jpg,ok
3100762027.avi,Train,310076,1,/Users/amangoyal/Documents/CVPR 2026 Workshop/frames_full/Train/3100762027.jpg,ok
3100762029.avi,Train,310076,3,/Users/amangoyal/Documents/CVPR 2026 Workshop/frames_full/Train/3100762029.jpg,ok
3100762030.avi,Train,310076,1,/Users/amangoyal/Documents/CVPR 2026 Workshop/frames_full/Train/3100762030.jpg,ok
3100762052.avi,Train,310076,2,/Users/amangoyal/Documents/CVPR 2026 Workshop/frames_full/Train/3100762052.jpg,ok
3100762053.avi,Train,310076,2,/Users/amangoyal/Documents/CVPR 2026 Workshop/frames_full/Train/3100762053.jpg,ok
3100762055.avi,Train,310076,1,/Users/amangoyal/Documents/CVPR 2026 Workshop/frames_full/Train/3100762055.jpg,ok
3100771001.avi,Train,310077,1,/Users/amangoyal/Documents/CVPR 2026 Workshop/frames_full/Train/3100771001.jpg,ok
3100771002.avi,Train,310077,2,/Users/amangoyal/Documents/CVPR 2026 Workshop/frames_full/Train/3100771002.jpg,ok
3100771003.avi,Train,310077,3,/Users/amangoyal/Documents/CVPR 2026 Workshop/frames_full/Train/3100771003.jpg,ok
3100771005.avi,Train,310077,2,/Users/amangoyal/Documents/CVPR 2026 Workshop/frames_full/Train/3100771005.jpg,ok
3100771007.avi,Train,310077,1,/Users/amangoyal/Documents/CVPR 2026 Workshop/frames_full/Train/3100771007.jpg,ok
3100771008.avi,Train,310077,2,/Users/amangoyal/Documents/CVPR 2026 Workshop/frames_full/Train/3100771008.jpg,ok
3100771009.avi,Train,310077,2,/Users/amangoyal/Documents/CVPR 2026 Workshop/frames_full/Train/3100771009.jpg,ok
3100771012.avi,Train,310077,3,/Users/amangoyal/Documents/CVPR 2026 Workshop/frames_full/Train/3100771012.jpg,ok
3100771014.avi,Train,310077,2,/Users/amangoyal/Documents/CVPR 2026 Workshop/frames_full/Train/3100771014.jpg,ok
3100771016.avi,Train,310077,2,/Users/amangoyal/Documents/CVPR 2026 Workshop/frames_full/Train/3100771016.jpg,ok
3100771018.avi,Train,310077,2,/Users/amangoyal/Documents/CVPR 2026 Workshop/frames_full/Train/3100771018.jpg,ok
3100771019.avi,Train,310077,2,/Users/amangoyal/Documents/CVPR 2026 Workshop/frames_full/Train/3100771019.jpg,ok
3100771020.avi,Train,310077,2,/Users/amangoyal/Documents/CVPR 2026 Workshop/frames_full/Train/3100771020.jpg,ok
3100771021.avi,Train,310077,2,/Users/amangoyal/Documents/CVPR 2026 Workshop/frames_full/Train/3100771021.jpg,ok
3100771022.avi,Train,310077,2,/Users/amangoyal/Documents/CVPR 2026 Workshop/frames_full/Train/3100771022.jpg,ok
3100771024.avi,Train,310077,2,/Users/amangoyal/Documents/CVPR 2026 Workshop/frames_full/Train/3100771024.jpg,ok
3100771027.avi,Train,310077,2,/Users/amangoyal/Documents/CVPR 2026 Workshop/frames_full/Train/3100771027.jpg,ok
3100771028.avi,Train,310077,2,/Users/amangoyal/Documents/CVPR 2026 Workshop/frames_full/Train/3100771028.jpg,ok
3100771029.avi,Train,310077,2,/Users/amangoyal/Documents/CVPR 2026 Workshop/frames_full/Train/3100771029.jpg,ok
3100771030.avi,Train,310077,2,/Users/amangoyal/Documents/CVPR 2026 Workshop/frames_full/Train/3100771030.jpg,ok
3100771031.avi,Train,310077,2,/Users/amangoyal/Documents/CVPR 2026 Workshop/frames_full/Train/3100771031.jpg,ok
3100771032.avi,Train,310077,2,/Users/amangoyal/Documents/CVPR 2026 Workshop/frames_full/Train/3100771032.jpg,ok
3100771033.avi,Train,310077,2,/Users/amangoyal/Documents/CVPR 2026 Workshop/frames_full/Train/3100771033.jpg,ok
3100771034.avi,Train,310077,2,/Users/amangoyal/Documents/CVPR 2026 Workshop/frames_full/Train/3100771034.jpg,ok
3100771036.avi,Train,310077,2,/Users/amangoyal/Documents/CVPR 2026 Workshop/frames_full/Train/3100771036.jpg,ok
3100771037.avi,Train,310077,2,/Users/amangoyal/Documents/CVPR 2026 Workshop/frames_full/Train/3100771037.jpg,ok
3100771039.avi,Train,310077,2,/Users/amangoyal/Documents/CVPR 2026 Workshop/frames_full/Train/3100771039.jpg,ok
3100771040.avi,Train,310077,2,/Users/amangoyal/Documents/CVPR 2026 Workshop/frames_full/Train/3100771040.jpg,ok
3100771041.avi,Train,310077,3,/Users/amangoyal/Documents/CVPR 2026 Workshop/frames_full/Train/3100771041.jpg,ok
3100771042.avi,Train,310077,3,/Users/amangoyal/Documents/CVPR 2026 Workshop/frames_full/Train/3100771042.jpg,ok
3100771043.avi,Train,310077,2,/Users/amangoyal/Documents/CVPR 2026 Workshop/frames_full/Train/3100771043.jpg,ok
3100771046.avi,Train,310077,2,/Users/amangoyal/Documents/CVPR 2026 Workshop/frames_full/Train/3100771046.jpg,ok
3100771047.avi,Train,310077,2,/Users/amangoyal/Documents/CVPR 2026 Workshop/frames_full/Train/3100771047.jpg,ok
3100771048.avi,Train,310077,3,/Users/amangoyal/Documents/CVPR 2026 Workshop/frames_full/Train/3100771048.jpg,ok
3100771049.avi,Train,310077,2,/Users/amangoyal/Documents/CVPR 2026 Workshop/frames_full/Train/3100771049.jpg,ok
3100771050.avi,Train,310077,3,/Users/amangoyal/Documents/CVPR 2026 Workshop/frames_full/Train/3100771050.jpg,ok
3100771052.avi,Train,310077,2,/Users/amangoyal/Documents/CVPR 2026 Workshop/frames_full/Train/3100771052.jpg,ok
3100771054.avi,Train,310077,2,/Users/amangoyal/Documents/CVPR 2026 Workshop/frames_full/Train/3100771054.jpg,ok
3100771055.avi,Train,310077,2,/Users/amangoyal/Documents/CVPR 2026 Workshop/frames_full/Train/3100771055.jpg,ok
3100771056.avi,Train,310077,3,/Users/amangoyal/Documents/CVPR 2026 Workshop/frames_full/Train/3100771056.jpg,ok
3100771057.avi,Train,310077,3,/Users/amangoyal/Documents/CVPR 2026 Workshop/frames_full/Train/3100771057.jpg,ok
3100771058.avi,Train,310077,3,/Users/amangoyal/Documents/CVPR 2026 Workshop/frames_full/Train/3100771058.jpg,ok
3100771059.avi,Train,310077,3,/Users/amangoyal/Documents/CVPR 2026 Workshop/frames_full/Train/3100771059.jpg,ok
3100771062.avi,Train,310077,2,/Users/amangoyal/Documents/CVPR 2026 Workshop/frames_full/Train/3100771062.jpg,ok
3100771063.avi,Train,310077,3,/Users/amangoyal/Documents/CVPR 2026 Workshop/frames_full/Train/3100771063.jpg,ok
3100771064.avi,Train,310077,2,/Users/amangoyal/Documents/CVPR 2026 Workshop/frames_full/Train/3100771064.jpg,ok
3100771065.avi,Train,310077,2,/Users/amangoyal/Documents/CVPR 2026 Workshop/frames_full/Train/3100771065.jpg,ok
3100771066.avi,Train,310077,2,/Users/amangoyal/Documents/CVPR 2026 Workshop/frames_full/Train/3100771066.jpg,ok
3100771067.avi,Train,310077,2,/Users/amangoyal/Documents/CVPR 2026 Workshop/frames_full/Train/3100771067.jpg,ok
3100771068.avi,Train,310077,2,/Users/amangoyal/Documents/CVPR 2026 Workshop/frames_full/Train/3100771068.jpg,ok
3100771069.avi,Train,310077,2,/Users/amangoyal/Documents/CVPR 2026 Workshop/frames_full/Train/3100771069.jpg,ok
3100771071.avi,Train,310077,2,/Users/amangoyal/Documents/CVPR 2026 Workshop/frames_full/Train/3100771071.jpg,ok
3100771072.avi,Train,310077,3,/Users/amangoyal/Documents/CVPR 2026 Workshop/frames_full/Train/3100771072.jpg,ok
3100771073.avi,Train,310077,2,/Users/amangoyal/Documents/CVPR 2026 Workshop/frames_full/Train/3100771073.jpg,ok
3100771075.avi,Train,310077,2,/Users/amangoyal/Documents/CVPR 2026 Workshop/frames_full/Train/3100771075.jpg,ok
3100771076.avi,Train,310077,3,/Users/amangoyal/Documents/CVPR 2026 Workshop/frames_full/Train/3100771076.jpg,ok
3100771077.avi,Train,310077,3,/Users/amangoyal/Documents/CVPR 2026 Workshop/frames_full/Train/3100771077.jpg,ok
3100771078.avi,Train,310077,2,/Users/amangoyal/Documents/CVPR 2026 Workshop/frames_full/Train/3100771078.jpg,ok
3100771080.avi,Train,310077,2,/Users/amangoyal/Documents/CVPR 2026 Workshop/frames_full/Train/3100771080.jpg,ok
3100771081.avi,Train,310077,3,/Users/amangoyal/Documents/CVPR 2026 Workshop/frames_full/Train/3100771081.jpg,ok
3100772002.avi,Train,310077,3,/Users/amangoyal/Documents/CVPR 2026 Workshop/frames_full/Train/3100772002.jpg,ok
3100772004.avi,Train,310077,2,/Users/amangoyal/Documents/CVPR 2026 Workshop/frames_full/Train/3100772004.jpg,ok
3100772005.avi,Train,310077,2,/Users/amangoyal/Documents/CVPR 2026 Workshop/frames_full/Train/3100772005.jpg,ok
3100772006.avi,Train,310077,2,/Users/amangoyal/Documents/CVPR 2026 Workshop/frames_full/Train/3100772006.jpg,ok
3100772007.avi,Train,310077,3,/Users/amangoyal/Documents/CVPR 2026 Workshop/frames_full/Train/3100772007.jpg,ok
3100772008.avi,Train,310077,3,/Users/amangoyal/Documents/CVPR 2026 Workshop/frames_full/Train/3100772008.jpg,ok
3100772009.avi,Train,310077,2,/Users/amangoyal/Documents/CVPR 2026 Workshop/frames_full/Train/3100772009.jpg,ok
3100772010.avi,Train,310077,3,/Users/amangoyal/Documents/CVPR 2026 Workshop/frames_full/Train/3100772010.jpg,ok
3100772011.avi,Train,310077,3,/Users/amangoyal/Documents/CVPR 2026 Workshop/frames_full/Train/3100772011.jpg,ok
3100772013.avi,Train,310077,2,/Users/amangoyal/Documents/CVPR 2026 Workshop/frames_full/Train/3100772013.jpg,ok
3100772014.avi,Train,310077,3,/Users/amangoyal/Documents/CVPR 2026 Workshop/frames_full/Train/3100772014.jpg,ok
3100772015.avi,Train,310077,3,/Users/amangoyal/Documents/CVPR 2026 Workshop/frames_full/Train/3100772015.jpg,ok
3100772018.avi,Train,310077,3,/Users/amangoyal/Documents/CVPR 2026 Workshop/frames_full/Train/3100772018.jpg,ok
3100772019.avi,Train,310077,3,/Users/amangoyal/Documents/CVPR 2026 Workshop/frames_full/Train/3100772019.jpg,ok
3100772020.avi,Train,310077,2,/Users/amangoyal/Documents/CVPR 2026 Workshop/frames_full/Train/3100772020.jpg,ok
3100772021.avi,Train,310077,3,/Users/amangoyal/Documents/CVPR 2026 Workshop/frames_full/Train/3100772021.jpg,ok
3100772022.avi,Train,310077,3,/Users/amangoyal/Documents/CVPR 2026 Workshop/frames_full/Train/3100772022.jpg,ok
3100772023.avi,Train,310077,2,/Users/amangoyal/Documents/CVPR 2026 Workshop/frames_full/Train/3100772023.jpg,ok
3100772024.avi,Train,310077,3,/Users/amangoyal/Documents/CVPR 2026 Workshop/frames_full/Train/3100772024.jpg,ok
3100772025.avi,Train,310077,2,/Users/amangoyal/Documents/CVPR 2026 Workshop/frames_full/Train/3100772025.jpg,ok
3100772026.avi,Train,310077,3,/Users/amangoyal/Documents/CVPR 2026 Workshop/frames_full/Train/3100772026.jpg,ok
3100772027.avi,Train,310077,3,/Users/amangoyal/Documents/CVPR 2026 Workshop/frames_full/Train/3100772027.jpg,ok
3100772028.avi,Train,310077,3,/Users/amangoyal/Documents/CVPR 2026 Workshop/frames_full/Train/3100772028.jpg,ok
3100772029.avi,Train,310077,2,/Users/amangoyal/Documents/CVPR 2026 Workshop/frames_full/Train/3100772029.jpg,ok
3100772031.avi,Train,310077,2,/Users/amangoyal/Documents/CVPR 2026 Workshop/frames_full/Train/3100772031.jpg,ok
3100772032.avi,Train,310077,3,/Users/amangoyal/Documents/CVPR 2026 Workshop/frames_full/Train/3100772032.jpg,ok
3100772033.avi,Train,310077,3,/Users/amangoyal/Documents/CVPR 2026 Workshop/frames_full/Train/3100772033.jpg,ok
3100772034.avi,Train,310077,2,/Users/amangoyal/Documents/CVPR 2026 Workshop/frames_full/Train/3100772034.jpg,ok
3100772035.avi,Train,310077,2,/Users/amangoyal/Documents/CVPR 2026 Workshop/frames_full/Train/3100772035.jpg,ok
3100772036.avi,Train,310077,3,/Users/amangoyal/Documents/CVPR 2026 Workshop/frames_full/Train/3100772036.jpg,ok
3100772037.avi,Train,310077,3,/Users/amangoyal/Documents/CVPR 2026 Workshop/frames_full/Train/3100772037.jpg,ok
3100772039.avi,Train,310077,3,/Users/amangoyal/Documents/CVPR 2026 Workshop/frames_full/Train/3100772039.jpg,ok
3100772040.avi,Train,310077,3,/Users/amangoyal/Documents/CVPR 2026 Workshop/frames_full/Train/3100772040.jpg,ok
3100772041.avi,Train,310077,3,/Users/amangoyal/Documents/CVPR 2026 Workshop/frames_full/Train/3100772041.jpg,ok
3100772042.avi,Train,310077,3,/Users/amangoyal/Documents/CVPR 2026 Workshop/frames_full/Train/3100772042.jpg,ok
3100772043.avi,Train,310077,2,/Users/amangoyal/Documents/CVPR 2026 Workshop/frames_full/Train/3100772043.jpg,ok
3100772045.avi,Train,310077,2,/Users/amangoyal/Documents/CVPR 2026 Workshop/frames_full/Train/3100772045.jpg,ok
3100772046.avi,Train,310077,2,/Users/amangoyal/Documents/CVPR 2026 Workshop/frames_full/Train/3100772046.jpg,ok
3100772048.avi,Train,310077,2,/Users/amangoyal/Documents/CVPR 2026 Workshop/frames_full/Train/3100772048.jpg,ok
3100772050.avi,Train,310077,2,/Users/amangoyal/Documents/CVPR 2026 Workshop/frames_full/Train/3100772050.jpg,ok
3100772051.avi,Train,310077,1,/Users/amangoyal/Documents/CVPR 2026 Workshop/frames_full/Train/3100772051.jpg,ok
3100772052.avi,Train,310077,2,/Users/amangoyal/Documents/CVPR 2026 Workshop/frames_full/Train/3100772052.jpg,ok
3100772053.avi,Train,310077,3,/Users/amangoyal/Documents/CVPR 2026 Workshop/frames_full/Train/3100772053.jpg,ok
3100772054.avi,Train,310077,3,/Users/amangoyal/Documents/CVPR 2026 Workshop/frames_full/Train/3100772054.jpg,ok
3100772055.avi,Train,310077,3,/Users/amangoyal/Documents/CVPR 2026 Workshop/frames_full/Train/3100772055.jpg,ok
3100772056.avi,Train,310077,3,/Users/amangoyal/Documents/CVPR 2026 Workshop/frames_full/Train/3100772056.jpg,ok
3100772058.avi,Train,310077,3,/Users/amangoyal/Documents/CVPR 2026 Workshop/frames_full/Train/3100772058.jpg,ok
3100772059.avi,Train,310077,3,/Users/amangoyal/Documents/CVPR 2026 Workshop/frames_full/Train/3100772059.jpg,ok
3100772063.avi,Train,310077,2,/Users/amangoyal/Documents/CVPR 2026 Workshop/frames_full/Train/3100772063.jpg,ok
3100772065.avi,Train,310077,3,/Users/amangoyal/Documents/CVPR 2026 Workshop/frames_full/Train/3100772065.jpg,ok
3100772066.avi,Train,310077,2,/Users/amangoyal/Documents/CVPR 2026 Workshop/frames_full/Train/3100772066.jpg,ok
3100772067.avi,Train,310077,2,/Users/amangoyal/Documents/CVPR 2026 Workshop/frames_full/Train/3100772067.jpg,ok
3100772068.avi,Train,310077,2,/Users/amangoyal/Documents/CVPR 2026 Workshop/frames_full/Train/3100772068.jpg,ok
3100772069.avi,Train,310077,3,/Users/amangoyal/Documents/CVPR 2026 Workshop/frames_full/Train/3100772069.jpg,ok
3100781001.avi,Train,310078,2,/Users/amangoyal/Documents/CVPR 2026 Workshop/frames_full/Train/3100781001.jpg,ok
3100781002.avi,Train,310078,1,/Users/amangoyal/Documents/CVPR 2026 Workshop/frames_full/Train/3100781002.jpg,ok
3100781004.avi,Train,310078,2,/Users/amangoyal/Documents/CVPR 2026 Workshop/frames_full/Train/3100781004.jpg,ok
3100781006.avi,Train,310078,3,/Users/amangoyal/Documents/CVPR 2026 Workshop/frames_full/Train/3100781006.jpg,ok
3100781007.avi,Train,310078,1,/Users/amangoyal/Documents/CVPR 2026 Workshop/frames_full/Train/3100781007.jpg,ok
3100781008.avi,Train,310078,3,/Users/amangoyal/Documents/CVPR 2026 Workshop/frames_full/Train/3100781008.jpg,ok
3100781009.avi,Train,310078,3,/Users/amangoyal/Documents/CVPR 2026 Workshop/frames_full/Train/3100781009.jpg,ok
3100781010.avi,Train,310078,2,/Users/amangoyal/Documents/CVPR 2026 Workshop/frames_full/Train/3100781010.jpg,ok
3100781011.avi,Train,310078,3,/Users/amangoyal/Documents/CVPR 2026 Workshop/frames_full/Train/3100781011.jpg,ok
3100781013.avi,Train,310078,2,/Users/amangoyal/Documents/CVPR 2026 Workshop/frames_full/Train/3100781013.jpg,ok
3100781015.avi,Train,310078,2,/Users/amangoyal/Documents/CVPR 2026 Workshop/frames_full/Train/3100781015.jpg,ok
3100781016.avi,Train,310078,3,/Users/amangoyal/Documents/CVPR 2026 Workshop/frames_full/Train/3100781016.jpg,ok
3100781017.avi,Train,310078,2,/Users/amangoyal/Documents/CVPR 2026 Workshop/frames_full/Train/3100781017.jpg,ok
3100781019.avi,Train,310078,3,/Users/amangoyal/Documents/CVPR 2026 Workshop/frames_full/Train/3100781019.jpg,ok
3100781020.avi,Train,310078,3,/Users/amangoyal/Documents/CVPR 2026 Workshop/frames_full/Train/3100781020.jpg,ok
3100781021.avi,Train,310078,3,/Users/amangoyal/Documents/CVPR 2026 Workshop/frames_full/Train/3100781021.jpg,ok
3100781023.avi,Train,310078,3,/Users/amangoyal/Documents/CVPR 2026 Workshop/frames_full/Train/3100781023.jpg,ok
3100781024.avi,Train,310078,3,/Users/amangoyal/Documents/CVPR 2026 Workshop/frames_full/Train/3100781024.jpg,ok
3100781027.avi,Train,310078,3,/Users/amangoyal/Documents/CVPR 2026 Workshop/frames_full/Train/3100781027.jpg,ok
3100781029.avi,Train,310078,3,/Users/amangoyal/Documents/CVPR 2026 Workshop/frames_full/Train/3100781029.jpg,ok
3100781030.avi,Train,310078,3,/Users/amangoyal/Documents/CVPR 2026 Workshop/frames_full/Train/3100781030.jpg,ok
3100781031.avi,Train,310078,3,/Users/amangoyal/Documents/CVPR 2026 Workshop/frames_full/Train/3100781031.jpg,ok
3100781032.avi,Train,310078,2,/Users/amangoyal/Documents/CVPR 2026 Workshop/frames_full/Train/3100781032.jpg,ok
3100781033.avi,Train,310078,2,/Users/amangoyal/Documents/CVPR 2026 Workshop/frames_full/Train/3100781033.jpg,ok
3100781034.avi,Train,310078,1,/Users/amangoyal/Documents/CVPR 2026 Workshop/frames_full/Train/3100781034.jpg,ok
3100781036.avi,Train,310078,3,/Users/amangoyal/Documents/CVPR 2026 Workshop/frames_full/Train/3100781036.jpg,ok
3100781038.avi,Train,310078,2,/Users/amangoyal/Documents/CVPR 2026 Workshop/frames_full/Train/3100781038.jpg,ok
3100781040.avi,Train,310078,3,/Users/amangoyal/Documents/CVPR 2026 Workshop/frames_full/Train/3100781040.jpg,ok
3100781041.avi,Train,310078,3,/Users/amangoyal/Documents/CVPR 2026 Workshop/frames_full/Train/3100781041.jpg,ok
3100781043.avi,Train,310078,3,/Users/amangoyal/Documents/CVPR 2026 Workshop/frames_full/Train/3100781043.jpg,ok
3100781044.avi,Train,310078,2,/Users/amangoyal/Documents/CVPR 2026 Workshop/frames_full/Train/3100781044.jpg,ok
3100781046.avi,Train,310078,3,/Users/amangoyal/Documents/CVPR 2026 Workshop/frames_full/Train/3100781046.jpg,ok
3100781047.avi,Train,310078,3,/Users/amangoyal/Documents/CVPR 2026 Workshop/frames_full/Train/3100781047.jpg,ok
3100781048.avi,Train,310078,3,/Users/amangoyal/Documents/CVPR 2026 Workshop/frames_full/Train/3100781048.jpg,ok
3100781051.avi,Train,310078,3,/Users/amangoyal/Documents/CVPR 2026 Workshop/frames_full/Train/3100781051.jpg,ok
3100781052.avi,Train,310078,3,/Users/amangoyal/Documents/CVPR 2026 Workshop/frames_full/Train/3100781052.jpg,ok
3100781053.avi,Train,310078,3,/Users/amangoyal/Documents/CVPR 2026 Workshop/frames_full/Train/3100781053.jpg,ok
3100781054.avi,Train,310078,3,/Users/amangoyal/Documents/CVPR 2026 Workshop/frames_full/Train/3100781054.jpg,ok
3100781055.avi,Train,310078,3,/Users/amangoyal/Documents/CVPR 2026 Workshop/frames_full/Train/3100781055.jpg,ok
3100781056.avi,Train,310078,3,/Users/amangoyal/Documents/CVPR 2026 Workshop/frames_full/Train/3100781056.jpg,ok
3100781057.avi,Train,310078,2,/Users/amangoyal/Documents/CVPR 2026 Workshop/frames_full/Train/3100781057.jpg,ok
3100781058.avi,Train,310078,3,/Users/amangoyal/Documents/CVPR 2026 Workshop/frames_full/Train/3100781058.jpg,ok
3100781059.avi,Train,310078,2,/Users/amangoyal/Documents/CVPR 2026 Workshop/frames_full/Train/3100781059.jpg,ok
3100781061.avi,Train,310078,3,/Users/amangoyal/Documents/CVPR 2026 Workshop/frames_full/Train/3100781061.jpg,ok
3100781062.avi,Train,310078,3,/Users/amangoyal/Documents/CVPR 2026 Workshop/frames_full/Train/3100781062.jpg,ok
3100781064.avi,Train,310078,3,/Users/amangoyal/Documents/CVPR 2026 Workshop/frames_full/Train/3100781064.jpg,ok
3100781065.avi,Train,310078,2,/Users/amangoyal/Documents/CVPR 2026 Workshop/frames_full/Train/3100781065.jpg,ok
3100781066.avi,Train,310078,2,/Users/amangoyal/Documents/CVPR 2026 Workshop/frames_full/Train/3100781066.jpg,ok
3100781068.avi,Train,310078,2,/Users/amangoyal/Documents/CVPR 2026 Workshop/frames_full/Train/3100781068.jpg,ok
3100781069.avi,Train,310078,3,/Users/amangoyal/Documents/CVPR 2026 Workshop/frames_full/Train/3100781069.jpg,ok
3100781070.avi,Train,310078,2,/Users/amangoyal/Documents/CVPR 2026 Workshop/frames_full/Train/3100781070.jpg,ok
3100781071.avi,Train,310078,2,/Users/amangoyal/Documents/CVPR 2026 Workshop/frames_full/Train/3100781071.jpg,ok
3100781073.avi,Train,310078,2,/Users/amangoyal/Documents/CVPR 2026 Workshop/frames_full/Train/3100781073.jpg,ok
3100781074.avi,Train,310078,3,/Users/amangoyal/Documents/CVPR 2026 Workshop/frames_full/Train/3100781074.jpg,ok
3100781075.avi,Train,310078,3,/Users/amangoyal/Documents/CVPR 2026 Workshop/frames_full/Train/3100781075.jpg,ok
3100781076.avi,Train,310078,3,/Users/amangoyal/Documents/CVPR 2026 Workshop/frames_full/Train/3100781076.jpg,ok
3100781078.avi,Train,310078,3,/Users/amangoyal/Documents/CVPR 2026 Workshop/frames_full/Train/3100781078.jpg,ok
3100781079.avi,Train,310078,3,/Users/amangoyal/Documents/CVPR 2026 Workshop/frames_full/Train/3100781079.jpg,ok
3100781080.avi,Train,310078,3,/Users/amangoyal/Documents/CVPR 2026 Workshop/frames_full/Train/3100781080.jpg,ok
3100781081.avi,Train,310078,3,/Users/amangoyal/Documents/CVPR 2026 Workshop/frames_full/Train/3100781081.jpg,ok
3100782001.avi,Train,310078,2,/Users/amangoyal/Documents/CVPR 2026 Workshop/frames_full/Train/3100782001.jpg,ok
3100782003.avi,Train,310078,3,/Users/amangoyal/Documents/CVPR 2026 Workshop/frames_full/Train/3100782003.jpg,ok
3100782004.avi,Train,310078,3,/Users/amangoyal/Documents/CVPR 2026 Workshop/frames_full/Train/3100782004.jpg,ok
3100782005.avi,Train,310078,3,/Users/amangoyal/Documents/CVPR 2026 Workshop/frames_full/Train/3100782005.jpg,ok
3100782006.avi,Train,310078,2,/Users/amangoyal/Documents/CVPR 2026 Workshop/frames_full/Train/3100782006.jpg,ok
3100782008.avi,Train,310078,3,/Users/amangoyal/Documents/CVPR 2026 Workshop/frames_full/Train/3100782008.jpg,ok
3100782010.avi,Train,310078,2,/Users/amangoyal/Documents/CVPR 2026 Workshop/frames_full/Train/3100782010.jpg,ok
3100782011.avi,Train,310078,3,/Users/amangoyal/Documents/CVPR 2026 Workshop/frames_full/Train/3100782011.jpg,ok
3100782012.avi,Train,310078,3,/Users/amangoyal/Documents/CVPR 2026 Workshop/frames_full/Train/3100782012.jpg,ok
3100782013.avi,Train,310078,2,/Users/amangoyal/Documents/CVPR 2026 Workshop/frames_full/Train/3100782013.jpg,ok
3100782014.avi,Train,310078,3,/Users/amangoyal/Documents/CVPR 2026 Workshop/frames_full/Train/3100782014.jpg,ok
3100782015.avi,Train,310078,3,/Users/amangoyal/Documents/CVPR 2026 Workshop/frames_full/Train/3100782015.jpg,ok
3100782016.avi,Train,310078,3,/Users/amangoyal/Documents/CVPR 2026 Workshop/frames_full/Train/3100782016.jpg,ok
3100782017.avi,Train,310078,3,/Users/amangoyal/Documents/CVPR 2026 Workshop/frames_full/Train/3100782017.jpg,ok
3100782018.avi,Train,310078,2,/Users/amangoyal/Documents/CVPR 2026 Workshop/frames_full/Train/3100782018.jpg,ok
3100782019.avi,Train,310078,3,/Users/amangoyal/Documents/CVPR 2026 Workshop/frames_full/Train/3100782019.jpg,ok
3100782021.avi,Train,310078,3,/Users/amangoyal/Documents/CVPR 2026 Workshop/frames_full/Train/3100782021.jpg,ok
3100782022.avi,Train,310078,3,/Users/amangoyal/Documents/CVPR 2026 Workshop/frames_full/Train/3100782022.jpg,ok
3100782023.avi,Train,310078,3,/Users/amangoyal/Documents/CVPR 2026 Workshop/frames_full/Train/3100782023.jpg,ok
3100782024.avi,Train,310078,3,/Users/amangoyal/Documents/CVPR 2026 Workshop/frames_full/Train/3100782024.jpg,ok
3100782025.avi,Train,310078,3,/Users/amangoyal/Documents/CVPR 2026 Workshop/frames_full/Train/3100782025.jpg,ok
3100782026.avi,Train,310078,2,/Users/amangoyal/Documents/CVPR 2026 Workshop/frames_full/Train/3100782026.jpg,ok
3100782027.avi,Train,310078,3,/Users/amangoyal/Documents/CVPR 2026 Workshop/frames_full/Train/3100782027.jpg,ok
3100782028.avi,Train,310078,2,/Users/amangoyal/Documents/CVPR 2026 Workshop/frames_full/Train/3100782028.jpg,ok
3100782031.avi,Train,310078,2,/Users/amangoyal/Documents/CVPR 2026 Workshop/frames_full/Train/3100782031.jpg,ok
3100782032.avi,Train,310078,3,/Users/amangoyal/Documents/CVPR 2026 Workshop/frames_full/Train/3100782032.jpg,ok
3100782033.avi,Train,310078,3,/Users/amangoyal/Documents/CVPR 2026 Workshop/frames_full/Train/3100782033.jpg,ok
3100782035.avi,Train,310078,2,/Users/amangoyal/Documents/CVPR 2026 Workshop/frames_full/Train/3100782035.jpg,ok
3100782036.avi,Train,310078,2,/Users/amangoyal/Documents/CVPR 2026 Workshop/frames_full/Train/3100782036.jpg,ok
3100782037.avi,Train,310078,2,/Users/amangoyal/Documents/CVPR 2026 Workshop/frames_full/Train/3100782037.jpg,ok
3100782038.avi,Train,310078,3,/Users/amangoyal/Documents/CVPR 2026 Workshop/frames_full/Train/3100782038.jpg,ok
3100782039.avi,Train,310078,2,/Users/amangoyal/Documents/CVPR 2026 Workshop/frames_full/Train/3100782039.jpg,ok
3100782042.avi,Train,310078,3,/Users/amangoyal/Documents/CVPR 2026 Workshop/frames_full/Train/3100782042.jpg,ok
3100782043.avi,Train,310078,3,/Users/amangoyal/Documents/CVPR 2026 Workshop/frames_full/Train/3100782043.jpg,ok
3100782045.avi,Train,310078,3,/Users/amangoyal/Documents/CVPR 2026 Workshop/frames_full/Train/3100782045.jpg,ok
3100782046.avi,Train,310078,3,/Users/amangoyal/Documents/CVPR 2026 Workshop/frames_full/Train/3100782046.jpg,ok
3100782047.avi,Train,310078,3,/Users/amangoyal/Documents/CVPR 2026 Workshop/frames_full/Train/3100782047.jpg,ok
3100782049.avi,Train,310078,3,/Users/amangoyal/Documents/CVPR 2026 Workshop/frames_full/Train/3100782049.jpg,ok
3100782050.avi,Train,310078,2,/Users/amangoyal/Documents/CVPR 2026 Workshop/frames_full/Train/3100782050.jpg,ok
3100782053.avi,Train,310078,3,/Users/amangoyal/Documents/CVPR 2026 Workshop/frames_full/Train/3100782053.jpg,ok
3100782054.avi,Train,310078,2,/Users/amangoyal/Documents/CVPR 2026 Workshop/frames_full/Train/3100782054.jpg,ok
3100782055.avi,Train,310078,2,/Users/amangoyal/Documents/CVPR 2026 Workshop/frames_full/Train/3100782055.jpg,ok
3100782057.avi,Train,310078,3,/Users/amangoyal/Documents/CVPR 2026 Workshop/frames_full/Train/3100782057.jpg,ok
3100782058.avi,Train,310078,3,/Users/amangoyal/Documents/CVPR 2026 Workshop/frames_full/Train/3100782058.jpg,ok
3100782059.avi,Train,310078,2,/Users/amangoyal/Documents/CVPR 2026 Workshop/frames_full/Train/3100782059.jpg,ok
3100782061.avi,Train,310078,3,/Users/amangoyal/Documents/CVPR 2026 Workshop/frames_full/Train/3100782061.jpg,ok
3100782062.avi,Train,310078,3,/Users/amangoyal/Documents/CVPR 2026 Workshop/frames_full/Train/3100782062.jpg,ok
3100782063.avi,Train,310078,2,/Users/amangoyal/Documents/CVPR 2026 Workshop/frames_full/Train/3100782063.jpg,ok
3100782064.avi,Train,310078,3,/Users/amangoyal/Documents/CVPR 2026 Workshop/frames_full/Train/3100782064.jpg,ok
3100782065.avi,Train,310078,3,/Users/amangoyal/Documents/CVPR 2026 Workshop/frames_full/Train/3100782065.jpg,ok
3100782066.avi,Train,310078,3,/Users/amangoyal/Documents/CVPR 2026 Workshop/frames_full/Train/3100782066.jpg,ok
3100782067.avi,Train,310078,1,/Users/amangoyal/Documents/CVPR 2026 Workshop/frames_full/Train/3100782067.jpg,ok
3100782068.avi,Train,310078,3,/Users/amangoyal/Documents/CVPR 2026 Workshop/frames_full/Train/3100782068.jpg,ok
3100782069.avi,Train,310078,2,/Users/amangoyal/Documents/CVPR 2026 Workshop/frames_full/Train/3100782069.jpg,ok
3100782071.avi,Train,310078,2,/Users/amangoyal/Documents/CVPR 2026 Workshop/frames_full/Train/3100782071.jpg,ok
3100782072.avi,Train,310078,2,/Users/amangoyal/Documents/CVPR 2026 Workshop/frames_full/Train/3100782072.jpg,ok
3100791004.avi,Train,310079,3,/Users/amangoyal/Documents/CVPR 2026 Workshop/frames_full/Train/3100791004.jpg,ok
3100791006.avi,Train,310079,2,/Users/amangoyal/Documents/CVPR 2026 Workshop/frames_full/Train/3100791006.jpg,ok
3100791007.avi,Train,310079,2,/Users/amangoyal/Documents/CVPR 2026 Workshop/frames_full/Train/3100791007.jpg,ok
3100791008.avi,Train,310079,3,/Users/amangoyal/Documents/CVPR 2026 Workshop/frames_full/Train/3100791008.jpg,ok
3100791016.avi,Train,310079,2,/Users/amangoyal/Documents/CVPR 2026 Workshop/frames_full/Train/3100791016.jpg,ok
3100791018.avi,Train,310079,2,/Users/amangoyal/Documents/CVPR 2026 Workshop/frames_full/Train/3100791018.jpg,ok
3100791020.avi,Train,310079,3,/Users/amangoyal/Documents/CVPR 2026 Workshop/frames_full/Train/3100791020.jpg,ok
3100791021.avi,Train,310079,3,/Users/amangoyal/Documents/CVPR 2026 Workshop/frames_full/Train/3100791021.jpg,ok
3100791026.avi,Train,310079,3,/Users/amangoyal/Documents/CVPR 2026 Workshop/frames_full/Train/3100791026.jpg,ok
3100791028.avi,Train,310079,2,/Users/amangoyal/Documents/CVPR 2026 Workshop/frames_full/Train/3100791028.jpg,ok
3100791031.avi,Train,310079,3,/Users/amangoyal/Documents/CVPR 2026 Workshop/frames_full/Train/3100791031.jpg,ok
3100791033.avi,Train,310079,3,/Users/amangoyal/Documents/CVPR 2026 Workshop/frames_full/Train/3100791033.jpg,ok
3100791034.avi,Train,310079,3,/Users/amangoyal/Documents/CVPR 2026 Workshop/frames_full/Train/3100791034.jpg,ok
3100791035.avi,Train,310079,3,/Users/amangoyal/Documents/CVPR 2026 Workshop/frames_full/Train/3100791035.jpg,ok
3100791042.avi,Train,310079,3,/Users/amangoyal/Documents/CVPR 2026 Workshop/frames_full/Train/3100791042.jpg,ok
3100791044.avi,Train,310079,2,/Users/amangoyal/Documents/CVPR 2026 Workshop/frames_full/Train/3100791044.jpg,ok
3100791045.avi,Train,310079,3,/Users/amangoyal/Documents/CVPR 2026 Workshop/frames_full/Train/3100791045.jpg,ok
3100791046.avi,Train,310079,2,/Users/amangoyal/Documents/CVPR 2026 Workshop/frames_full/Train/3100791046.jpg,ok
3100791047.avi,Train,310079,3,/Users/amangoyal/Documents/CVPR 2026 Workshop/frames_full/Train/3100791047.jpg,ok
3100791049.avi,Train,310079,2,/Users/amangoyal/Documents/CVPR 2026 Workshop/frames_full/Train/3100791049.jpg,ok
3100791050.avi,Train,310079,2,/Users/amangoyal/Documents/CVPR 2026 Workshop/frames_full/Train/3100791050.jpg,ok
3100791052.avi,Train,310079,3,/Users/amangoyal/Documents/CVPR 2026 Workshop/frames_full/Train/3100791052.jpg,ok
3100791054.avi,Train,310079,2,/Users/amangoyal/Documents/CVPR 2026 Workshop/frames_full/Train/3100791054.jpg,ok
3100791056.avi,Train,310079,2,/Users/amangoyal/Documents/CVPR 2026 Workshop/frames_full/Train/3100791056.jpg,ok
3100791058.avi,Train,310079,1,/Users/amangoyal/Documents/CVPR 2026 Workshop/frames_full/Train/3100791058.jpg,ok
3100791059.avi,Train,310079,3,/Users/amangoyal/Documents/CVPR 2026 Workshop/frames_full/Train/3100791059.jpg,ok
3100791060.avi,Train,310079,3,/Users/amangoyal/Documents/CVPR 2026 Workshop/frames_full/Train/3100791060.jpg,ok
3100791061.avi,Train,310079,3,/Users/amangoyal/Documents/CVPR 2026 Workshop/frames_full/Train/3100791061.jpg,ok
3100791062.avi,Train,310079,2,/Users/amangoyal/Documents/CVPR 2026 Workshop/frames_full/Train/3100791062.jpg,ok
3100791063.avi,Train,310079,2,/Users/amangoyal/Documents/CVPR 2026 Workshop/frames_full/Train/3100791063.jpg,ok
3100791064.avi,Train,310079,3,/Users/amangoyal/Documents/CVPR 2026 Workshop/frames_full/Train/3100791064.jpg,ok
3100791065.avi,Train,310079,2,/Users/amangoyal/Documents/CVPR 2026 Workshop/frames_full/Train/3100791065.jpg,ok
3100791066.avi,Train,310079,2,/Users/amangoyal/Documents/CVPR 2026 Workshop/frames_full/Train/3100791066.jpg,ok
3100791067.avi,Train,310079,2,/Users/amangoyal/Documents/CVPR 2026 Workshop/frames_full/Train/3100791067.jpg,ok
3100791069.avi,Train,310079,2,/Users/amangoyal/Documents/CVPR 2026 Workshop/frames_full/Train/3100791069.jpg,ok
3100791070.avi,Train,310079,2,/Users/amangoyal/Documents/CVPR 2026 Workshop/frames_full/Train/3100791070.jpg,ok
3100791071.avi,Train,310079,3,/Users/amangoyal/Documents/CVPR 2026 Workshop/frames_full/Train/3100791071.jpg,ok
3100791072.avi,Train,310079,2,/Users/amangoyal/Documents/CVPR 2026 Workshop/frames_full/Train/3100791072.jpg,ok
3100791073.avi,Train,310079,2,/Users/amangoyal/Documents/CVPR 2026 Workshop/frames_full/Train/3100791073.jpg,ok
3100792002.avi,Train,310079,2,/Users/amangoyal/Documents/CVPR 2026 Workshop/frames_full/Train/3100792002.jpg,ok
3100792003.avi,Train,310079,2,/Users/amangoyal/Documents/CVPR 2026 Workshop/frames_full/Train/3100792003.jpg,ok
3100792004.avi,Train,310079,2,/Users/amangoyal/Documents/CVPR 2026 Workshop/frames_full/Train/3100792004.jpg,ok
3100792005.avi,Train,310079,2,/Users/amangoyal/Documents/CVPR 2026 Workshop/frames_full/Train/3100792005.jpg,ok
3100792006.avi,Train,310079,2,/Users/amangoyal/Documents/CVPR 2026 Workshop/frames_full/Train/3100792006.jpg,ok
3100792007.avi,Train,310079,3,/Users/amangoyal/Documents/CVPR 2026 Workshop/frames_full/Train/3100792007.jpg,ok
3100792008.avi,Train,310079,2,/Users/amangoyal/Documents/CVPR 2026 Workshop/frames_full/Train/3100792008.jpg,ok
3100792009.avi,Train,310079,2,/Users/amangoyal/Documents/CVPR 2026 Workshop/frames_full/Train/3100792009.jpg,ok
3100792010.avi,Train,310079,2,/Users/amangoyal/Documents/CVPR 2026 Workshop/frames_full/Train/3100792010.jpg,ok
3100792011.avi,Train,310079,2,/Users/amangoyal/Documents/CVPR 2026 Workshop/frames_full/Train/3100792011.jpg,ok
3100792013.avi,Train,310079,2,/Users/amangoyal/Documents/CVPR 2026 Workshop/frames_full/Train/3100792013.jpg,ok
3100792014.avi,Train,310079,3,/Users/amangoyal/Documents/CVPR 2026 Workshop/frames_full/Train/3100792014.jpg,ok
3100792015.avi,Train,310079,2,/Users/amangoyal/Documents/CVPR 2026 Workshop/frames_full/Train/3100792015.jpg,ok
3100792016.avi,Train,310079,2,/Users/amangoyal/Documents/CVPR 2026 Workshop/frames_full/Train/3100792016.jpg,ok
3100792019.avi,Train,310079,3,/Users/amangoyal/Documents/CVPR 2026 Workshop/frames_full/Train/3100792019.jpg,ok
3100792020.avi,Train,310079,2,/Users/amangoyal/Documents/CVPR 2026 Workshop/frames_full/Train/3100792020.jpg,ok
3100792021.avi,Train,310079,2,/Users/amangoyal/Documents/CVPR 2026 Workshop/frames_full/Train/3100792021.jpg,ok
3100792022.avi,Train,310079,2,/Users/amangoyal/Documents/CVPR 2026 Workshop/frames_full/Train/3100792022.jpg,ok
3100792023.avi,Train,310079,2,/Users/amangoyal/Documents/CVPR 2026 Workshop/frames_full/Train/3100792023.jpg,ok
3100792024.avi,Train,310079,2,/Users/amangoyal/Documents/CVPR 2026 Workshop/frames_full/Train/3100792024.jpg,ok
3100792025.avi,Train,310079,2,/Users/amangoyal/Documents/CVPR 2026 Workshop/frames_full/Train/3100792025.jpg,ok
3100792027.avi,Train,310079,3,/Users/amangoyal/Documents/CVPR 2026 Workshop/frames_full/Train/3100792027.jpg,ok
3100792028.avi,Train,310079,2,/Users/amangoyal/Documents/CVPR 2026 Workshop/frames_full/Train/3100792028.jpg,ok
3100792030.avi,Train,310079,2,/Users/amangoyal/Documents/CVPR 2026 Workshop/frames_full/Train/3100792030.jpg,ok
3100792031.avi,Train,310079,3,/Users/amangoyal/Documents/CVPR 2026 Workshop/frames_full/Train/3100792031.jpg,ok
3100792032.avi,Train,310079,2,/Users/amangoyal/Documents/CVPR 2026 Workshop/frames_full/Train/3100792032.jpg,ok
3100792033.avi,Train,310079,2,/Users/amangoyal/Documents/CVPR 2026 Workshop/frames_full/Train/3100792033.jpg,ok
3100792035.avi,Train,310079,2,/Users/amangoyal/Documents/CVPR 2026 Workshop/frames_full/Train/3100792035.jpg,ok
3100792036.avi,Train,310079,2,/Users/amangoyal/Documents/CVPR 2026 Workshop/frames_full/Train/3100792036.jpg,ok
3100792037.avi,Train,310079,2,/Users/amangoyal/Documents/CVPR 2026 Workshop/frames_full/Train/3100792037.jpg,ok
3100792038.avi,Train,310079,2,/Users/amangoyal/Documents/CVPR 2026 Workshop/frames_full/Train/3100792038.jpg,ok
3100792039.avi,Train,310079,2,/Users/amangoyal/Documents/CVPR 2026 Workshop/frames_full/Train/3100792039.jpg,ok
3100792040.avi,Train,310079,2,/Users/amangoyal/Documents/CVPR 2026 Workshop/frames_full/Train/3100792040.jpg,ok
3100792041.avi,Train,310079,2,/Users/amangoyal/Documents/CVPR 2026 Workshop/frames_full/Train/3100792041.jpg,ok
3100792042.avi,Train,310079,3,/Users/amangoyal/Documents/CVPR 2026 Workshop/frames_full/Train/3100792042.jpg,ok
3100792043.avi,Train,310079,2,/Users/amangoyal/Documents/CVPR 2026 Workshop/frames_full/Train/3100792043.jpg,ok
3100792044.avi,Train,310079,2,/Users/amangoyal/Documents/CVPR 2026 Workshop/frames_full/Train/3100792044.jpg,ok
3100792045.avi,Train,310079,1,/Users/amangoyal/Documents/CVPR 2026 Workshop/frames_full/Train/3100792045.jpg,ok
3100792046.avi,Train,310079,3,/Users/amangoyal/Documents/CVPR 2026 Workshop/frames_full/Train/3100792046.jpg,ok
3100792048.avi,Train,310079,3,/Users/amangoyal/Documents/CVPR 2026 Workshop/frames_full/Train/3100792048.jpg,ok
3100792050.avi,Train,310079,2,/Users/amangoyal/Documents/CVPR 2026 Workshop/frames_full/Train/3100792050.jpg,ok
3100792051.avi,Train,310079,2,/Users/amangoyal/Documents/CVPR 2026 Workshop/frames_full/Train/3100792051.jpg,ok
3100792052.avi,Train,310079,2,/Users/amangoyal/Documents/CVPR 2026 Workshop/frames_full/Train/3100792052.jpg,ok
3100792053.avi,Train,310079,2,/Users/amangoyal/Documents/CVPR 2026 Workshop/frames_full/Train/3100792053.jpg,ok
3100792057.avi,Train,310079,2,/Users/amangoyal/Documents/CVPR 2026 Workshop/frames_full/Train/3100792057.jpg,ok
3100792058.avi,Train,310079,2,/Users/amangoyal/Documents/CVPR 2026 Workshop/frames_full/Train/3100792058.jpg,ok
3100792060.avi,Train,310079,2,/Users/amangoyal/Documents/CVPR 2026 Workshop/frames_full/Train/3100792060.jpg,ok
3100792069.avi,Train,310079,2,/Users/amangoyal/Documents/CVPR 2026 Workshop/frames_full/Train/3100792069.jpg,ok
3100801006.avi,Train,310080,2,/Users/amangoyal/Documents/CVPR 2026 Workshop/frames_full/Train/3100801006.jpg,ok
3100802001.avi,Train,310080,3,/Users/amangoyal/Documents/CVPR 2026 Workshop/frames_full/Train/3100802001.jpg,ok
3100802028.avi,Train,310080,3,/Users/amangoyal/Documents/CVPR 2026 Workshop/frames_full/Train/3100802028.jpg,ok
3100811002.avi,Train,310081,2,/Users/amangoyal/Documents/CVPR 2026 Workshop/frames_full/Train/3100811002.jpg,ok
3100811018.avi,Train,310081,2,/Users/amangoyal/Documents/CVPR 2026 Workshop/frames_full/Train/3100811018.jpg,ok
3100811027.avi,Train,310081,2,/Users/amangoyal/Documents/CVPR 2026 Workshop/frames_full/Train/3100811027.jpg,ok
3100811034.avi,Train,310081,2,/Users/amangoyal/Documents/CVPR 2026 Workshop/frames_full/Train/3100811034.jpg,ok
3100811035.avi,Train,310081,2,/Users/amangoyal/Documents/CVPR 2026 Workshop/frames_full/Train/3100811035.jpg,ok
3100811036.avi,Train,310081,3,/Users/amangoyal/Documents/CVPR 2026 Workshop/frames_full/Train/3100811036.jpg,ok
3100811037.avi,Train,310081,2,/Users/amangoyal/Documents/CVPR 2026 Workshop/frames_full/Train/3100811037.jpg,ok
3100811038.avi,Train,310081,2,/Users/amangoyal/Documents/CVPR 2026 Workshop/frames_full/Train/3100811038.jpg,ok
3100811039.avi,Train,310081,2,/Users/amangoyal/Documents/CVPR 2026 Workshop/frames_full/Train/3100811039.jpg,ok
3100811040.avi,Train,310081,3,/Users/amangoyal/Documents/CVPR 2026 Workshop/frames_full/Train/3100811040.jpg,ok
3100811041.avi,Train,310081,3,/Users/amangoyal/Documents/CVPR 2026 Workshop/frames_full/Train/3100811041.jpg,ok
3100811042.avi,Train,310081,2,/Users/amangoyal/Documents/CVPR 2026 Workshop/frames_full/Train/3100811042.jpg,ok
3100811043.avi,Train,310081,2,/Users/amangoyal/Documents/CVPR 2026 Workshop/frames_full/Train/3100811043.jpg,ok
3100811045.avi,Train,310081,2,/Users/amangoyal/Documents/CVPR 2026 Workshop/frames_full/Train/3100811045.jpg,ok
3100811046.avi,Train,310081,2,/Users/amangoyal/Documents/CVPR 2026 Workshop/frames_full/Train/3100811046.jpg,ok
3100811047.avi,Train,310081,2,/Users/amangoyal/Documents/CVPR 2026 Workshop/frames_full/Train/3100811047.jpg,ok
3100811050.avi,Train,310081,3,/Users/amangoyal/Documents/CVPR 2026 Workshop/frames_full/Train/3100811050.jpg,ok
3100811051.avi,Train,310081,2,/Users/amangoyal/Documents/CVPR 2026 Workshop/frames_full/Train/3100811051.jpg,ok
3100811053.avi,Train,310081,2,/Users/amangoyal/Documents/CVPR 2026 Workshop/frames_full/Train/3100811053.jpg,ok
3100811054.avi,Train,310081,2,/Users/amangoyal/Documents/CVPR 2026 Workshop/frames_full/Train/3100811054.jpg,ok
3100811055.avi,Train,310081,2,/Users/amangoyal/Documents/CVPR 2026 Workshop/frames_full/Train/3100811055.jpg,ok
3100811056.avi,Train,310081,3,/Users/amangoyal/Documents/CVPR 2026 Workshop/frames_full/Train/3100811056.jpg,ok
3100811059.avi,Train,310081,2,/Users/amangoyal/Documents/CVPR 2026 Workshop/frames_full/Train/3100811059.jpg,ok
3100811060.avi,Train,310081,3,/Users/amangoyal/Documents/CVPR 2026 Workshop/frames_full/Train/3100811060.jpg,ok
3100811061.avi,Train,310081,2,/Users/amangoyal/Documents/CVPR 2026 Workshop/frames_full/Train/3100811061.jpg,ok
3100811063.avi,Train,310081,3,/Users/amangoyal/Documents/CVPR 2026 Workshop/frames_full/Train/3100811063.jpg,ok
3100811068.avi,Train,310081,2,/Users/amangoyal/Documents/CVPR 2026 Workshop/frames_full/Train/3100811068.jpg,ok
3100811075.avi,Train,310081,2,/Users/amangoyal/Documents/CVPR 2026 Workshop/frames_full/Train/3100811075.jpg,ok
3100812003.avi,Train,310081,3,/Users/amangoyal/Documents/CVPR 2026 Workshop/frames_full/Train/3100812003.jpg,ok
3100812004.avi,Train,310081,2,/Users/amangoyal/Documents/CVPR 2026 Workshop/frames_full/Train/3100812004.jpg,ok
3100812005.avi,Train,310081,3,/Users/amangoyal/Documents/CVPR 2026 Workshop/frames_full/Train/3100812005.jpg,ok
3100812006.avi,Train,310081,3,/Users/amangoyal/Documents/CVPR 2026 Workshop/frames_full/Train/3100812006.jpg,ok
3100812007.avi,Train,310081,2,/Users/amangoyal/Documents/CVPR 2026 Workshop/frames_full/Train/3100812007.jpg,ok
3100812008.avi,Train,310081,3,/Users/amangoyal/Documents/CVPR 2026 Workshop/frames_full/Train/3100812008.jpg,ok
3100812013.avi,Train,310081,3,/Users/amangoyal/Documents/CVPR 2026 Workshop/frames_full/Train/3100812013.jpg,ok
3100812014.avi,Train,310081,2,/Users/amangoyal/Documents/CVPR 2026 Workshop/frames_full/Train/3100812014.jpg,ok
3100812016.avi,Train,310081,2,/Users/amangoyal/Documents/CVPR 2026 Workshop/frames_full/Train/3100812016.jpg,ok
3100812017.avi,Train,310081,3,/Users/amangoyal/Documents/CVPR 2026 Workshop/frames_full/Train/3100812017.jpg,ok
3100812018.avi,Train,310081,2,/Users/amangoyal/Documents/CVPR 2026 Workshop/frames_full/Train/3100812018.jpg,ok
3100812019.avi,Train,310081,2,/Users/amangoyal/Documents/CVPR 2026 Workshop/frames_full/Train/3100812019.jpg,ok
3100812020.avi,Train,310081,2,/Users/amangoyal/Documents/CVPR 2026 Workshop/frames_full/Train/3100812020.jpg,ok
3100812021.avi,Train,310081,2,/Users/amangoyal/Documents/CVPR 2026 Workshop/frames_full/Train/3100812021.jpg,ok
3100812026.avi,Train,310081,2,/Users/amangoyal/Documents/CVPR 2026 Workshop/frames_full/Train/3100812026.jpg,ok
3100812027.avi,Train,310081,2,/Users/amangoyal/Documents/CVPR 2026 Workshop/frames_full/Train/3100812027.jpg,ok
3100812028.avi,Train,310081,1,/Users/amangoyal/Documents/CVPR 2026 Workshop/frames_full/Train/3100812028.jpg,ok
3100812040.avi,Train,310081,2,/Users/amangoyal/Documents/CVPR 2026 Workshop/frames_full/Train/3100812040.jpg,ok
3100821004.avi,Train,310082,2,/Users/amangoyal/Documents/CVPR 2026 Workshop/frames_full/Train/3100821004.jpg,ok
3100821015.avi,Train,310082,2,/Users/amangoyal/Documents/CVPR 2026 Workshop/frames_full/Train/3100821015.jpg,ok
3100821016.avi,Train,310082,3,/Users/amangoyal/Documents/CVPR 2026 Workshop/frames_full/Train/3100821016.jpg,ok
3100821019.avi,Train,310082,2,/Users/amangoyal/Documents/CVPR 2026 Workshop/frames_full/Train/3100821019.jpg,ok
3100821020.avi,Train,310082,3,/Users/amangoyal/Documents/CVPR 2026 Workshop/frames_full/Train/3100821020.jpg,ok
3100821021.avi,Train,310082,2,/Users/amangoyal/Documents/CVPR 2026 Workshop/frames_full/Train/3100821021.jpg,ok
3100821022.avi,Train,310082,1,/Users/amangoyal/Documents/CVPR 2026 Workshop/frames_full/Train/3100821022.jpg,ok
3100821030.avi,Train,310082,3,/Users/amangoyal/Documents/CVPR 2026 Workshop/frames_full/Train/3100821030.jpg,ok
3100821031.avi,Train,310082,2,/Users/amangoyal/Documents/CVPR 2026 Workshop/frames_full/Train/3100821031.jpg,ok
3100821032.avi,Train,310082,1,/Users/amangoyal/Documents/CVPR 2026 Workshop/frames_full/Train/3100821032.jpg,ok
3100821033.avi,Train,310082,0,/Users/amangoyal/Documents/CVPR 2026 Workshop/frames_full/Train/3100821033.jpg,ok
3100821034.avi,Train,310082,3,/Users/amangoyal/Documents/CVPR 2026 Workshop/frames_full/Train/3100821034.jpg,ok
3100821035.avi,Train,310082,3,/Users/amangoyal/Documents/CVPR 2026 Workshop/frames_full/Train/3100821035.jpg,ok
3100821036.avi,Train,310082,3,/Users/amangoyal/Documents/CVPR 2026 Workshop/frames_full/Train/3100821036.jpg,ok
3100821037.avi,Train,310082,2,/Users/amangoyal/Documents/CVPR 2026 Workshop/frames_full/Train/3100821037.jpg,ok
3100821038.avi,Train,310082,1,/Users/amangoyal/Documents/CVPR 2026 Workshop/frames_full/Train/3100821038.jpg,ok
3100821039.avi,Train,310082,2,/Users/amangoyal/Documents/CVPR 2026 Workshop/frames_full/Train/3100821039.jpg,ok
3100821040.avi,Train,310082,2,/Users/amangoyal/Documents/CVPR 2026 Workshop/frames_full/Train/3100821040.jpg,ok
3100821041.avi,Train,310082,2,/Users/amangoyal/Documents/CVPR 2026 Workshop/frames_full/Train/3100821041.jpg,ok
3100821042.avi,Train,310082,3,/Users/amangoyal/Documents/CVPR 2026 Workshop/frames_full/Train/3100821042.jpg,ok
3100821045.avi,Train,310082,2,/Users/amangoyal/Documents/CVPR 2026 Workshop/frames_full/Train/3100821045.jpg,ok
3100821046.avi,Train,310082,2,/Users/amangoyal/Documents/CVPR 2026 Workshop/frames_full/Train/3100821046.jpg,ok
3100821047.avi,Train,310082,2,/Users/amangoyal/Documents/CVPR 2026 Workshop/frames_full/Train/3100821047.jpg,ok
3100821048.avi,Train,310082,1,/Users/amangoyal/Documents/CVPR 2026 Workshop/frames_full/Train/3100821048.jpg,ok
3100821049.avi,Train,310082,3,/Users/amangoyal/Documents/CVPR 2026 Workshop/frames_full/Train/3100821049.jpg,ok
3100821051.avi,Train,310082,3,/Users/amangoyal/Documents/CVPR 2026 Workshop/frames_full/Train/3100821051.jpg,ok
3100821052.avi,Train,310082,0,/Users/amangoyal/Documents/CVPR 2026 Workshop/frames_full/Train/3100821052.jpg,ok
3100821054.avi,Train,310082,2,/Users/amangoyal/Documents/CVPR 2026 Workshop/frames_full/Train/3100821054.jpg,ok
3100821055.avi,Train,310082,2,/Users/amangoyal/Documents/CVPR 2026 Workshop/frames_full/Train/3100821055.jpg,ok
3100821057.avi,Train,310082,1,/Users/amangoyal/Documents/CVPR 2026 Workshop/frames_full/Train/3100821057.jpg,ok
3100821067.avi,Train,310082,2,/Users/amangoyal/Documents/CVPR 2026 Workshop/frames_full/Train/3100821067.jpg,ok
3100821068.avi,Train,310082,3,/Users/amangoyal/Documents/CVPR 2026 Workshop/frames_full/Train/3100821068.jpg,ok
3100821069.avi,Train,310082,0,/Users/amangoyal/Documents/CVPR 2026 Workshop/frames_full/Train/3100821069.jpg,ok
3100821075.avi,Train,310082,0,/Users/amangoyal/Documents/CVPR 2026 Workshop/frames_full/Train/3100821075.jpg,ok
3100822001.avi,Train,310082,2,/Users/amangoyal/Documents/CVPR 2026 Workshop/frames_full/Train/3100822001.jpg,ok
3100822011.avi,Train,310082,1,/Users/amangoyal/Documents/CVPR 2026 Workshop/frames_full/Train/3100822011.jpg,ok
3100822012.avi,Train,310082,2,/Users/amangoyal/Documents/CVPR 2026 Workshop/frames_full/Train/3100822012.jpg,ok
3100822014.avi,Train,310082,2,/Users/amangoyal/Documents/CVPR 2026 Workshop/frames_full/Train/3100822014.jpg,ok
3100822030.avi,Train,310082,3,/Users/amangoyal/Documents/CVPR 2026 Workshop/frames_full/Train/3100822030.jpg,ok
3100822031.avi,Train,310082,0,/Users/amangoyal/Documents/CVPR 2026 Workshop/frames_full/Train/3100822031.jpg,ok
3100822044.avi,Train,310082,3,/Users/amangoyal/Documents/CVPR 2026 Workshop/frames_full/Train/3100822044.jpg,ok
3100822050.avi,Train,310082,3,/Users/amangoyal/Documents/CVPR 2026 Workshop/frames_full/Train/3100822050.jpg,ok
3100822051.avi,Train,310082,3,/Users/amangoyal/Documents/CVPR 2026 Workshop/frames_full/Train/3100822051.jpg,ok
3100822057.avi,Train,310082,3,/Users/amangoyal/Documents/CVPR 2026 Workshop/frames_full/Train/3100822057.jpg,ok
3100822058.avi,Train,310082,3,/Users/amangoyal/Documents/CVPR 2026 Workshop/frames_full/Train/3100822058.jpg,ok
3100822059.avi,Train,310082,2,/Users/amangoyal/Documents/CVPR 2026 Workshop/frames_full/Train/3100822059.jpg,ok
3100822064.avi,Train,310082,3,/Users/amangoyal/Documents/CVPR 2026 Workshop/frames_full/Train/3100822064.jpg,ok
3100822065.avi,Train,310082,1,/Users/amangoyal/Documents/CVPR 2026 Workshop/frames_full/Train/3100822065.jpg,ok
3100822066.avi,Train,310082,0,/Users/amangoyal/Documents/CVPR 2026 Workshop/frames_full/Train/3100822066.jpg,ok
3100822067.avi,Train,310082,2,/Users/amangoyal/Documents/CVPR 2026 Workshop/frames_full/Train/3100822067.jpg,ok
3100822068.avi,Train,310082,2,/Users/amangoyal/Documents/CVPR 2026 Workshop/frames_full/Train/3100822068.jpg,ok
3100822069.avi,Train,310082,3,/Users/amangoyal/Documents/CVPR 2026 Workshop/frames_full/Train/3100822069.jpg,ok
3100822070.avi,Train,310082,2,/Users/amangoyal/Documents/CVPR 2026 Workshop/frames_full/Train/3100822070.jpg,ok
3100822075.avi,Train,310082,3,/Users/amangoyal/Documents/CVPR 2026 Workshop/frames_full/Train/3100822075.jpg,ok
3100822080.avi,Train,310082,2,/Users/amangoyal/Documents/CVPR 2026 Workshop/frames_full/Train/3100822080.jpg,ok
3100831003.avi,Train,310083,2,/Users/amangoyal/Documents/CVPR 2026 Workshop/frames_full/Train/3100831003.jpg,ok
3100831004.avi,Train,310083,3,/Users/amangoyal/Documents/CVPR 2026 Workshop/frames_full/Train/3100831004.jpg,ok
3100831006.avi,Train,310083,2,/Users/amangoyal/Documents/CVPR 2026 Workshop/frames_full/Train/3100831006.jpg,ok
3100831007.avi,Train,310083,3,/Users/amangoyal/Documents/CVPR 2026 Workshop/frames_full/Train/3100831007.jpg,ok
3100831008.avi,Train,310083,3,/Users/amangoyal/Documents/CVPR 2026 Workshop/frames_full/Train/3100831008.jpg,ok
3100831010.avi,Train,310083,2,/Users/amangoyal/Documents/CVPR 2026 Workshop/frames_full/Train/3100831010.jpg,ok
3100831011.avi,Train,310083,2,/Users/amangoyal/Documents/CVPR 2026 Workshop/frames_full/Train/3100831011.jpg,ok
3100831013.avi,Train,310083,2,/Users/amangoyal/Documents/CVPR 2026 Workshop/frames_full/Train/3100831013.jpg,ok
3100831014.avi,Train,310083,2,/Users/amangoyal/Documents/CVPR 2026 Workshop/frames_full/Train/3100831014.jpg,ok
3100831015.avi,Train,310083,2,/Users/amangoyal/Documents/CVPR 2026 Workshop/frames_full/Train/3100831015.jpg,ok
3100831016.avi,Train,310083,2,/Users/amangoyal/Documents/CVPR 2026 Workshop/frames_full/Train/3100831016.jpg,ok
3100831018.avi,Train,310083,2,/Users/amangoyal/Documents/CVPR 2026 Workshop/frames_full/Train/3100831018.jpg,ok
3100831019.avi,Train,310083,3,/Users/amangoyal/Documents/CVPR 2026 Workshop/frames_full/Train/3100831019.jpg,ok
3100831020.avi,Train,310083,3,/Users/amangoyal/Documents/CVPR 2026 Workshop/frames_full/Train/3100831020.jpg,ok
3100831022.avi,Train,310083,3,/Users/amangoyal/Documents/CVPR 2026 Workshop/frames_full/Train/3100831022.jpg,ok
3100831024.avi,Train,310083,2,/Users/amangoyal/Documents/CVPR 2026 Workshop/frames_full/Train/3100831024.jpg,ok
3100831026.avi,Train,310083,3,/Users/amangoyal/Documents/CVPR 2026 Workshop/frames_full/Train/3100831026.jpg,ok
3100831027.avi,Train,310083,3,/Users/amangoyal/Documents/CVPR 2026 Workshop/frames_full/Train/3100831027.jpg,ok
3100831028.avi,Train,310083,2,/Users/amangoyal/Documents/CVPR 2026 Workshop/frames_full/Train/3100831028.jpg,ok
3100831029.avi,Train,310083,2,/Users/amangoyal/Documents/CVPR 2026 Workshop/frames_full/Train/3100831029.jpg,ok
3100831032.avi,Train,310083,2,/Users/amangoyal/Documents/CVPR 2026 Workshop/frames_full/Train/3100831032.jpg,ok
3100831033.avi,Train,310083,2,/Users/amangoyal/Documents/CVPR 2026 Workshop/frames_full/Train/3100831033.jpg,ok
3100831035.avi,Train,310083,3,/Users/amangoyal/Documents/CVPR 2026 Workshop/frames_full/Train/3100831035.jpg,ok
3100831036.avi,Train,310083,2,/Users/amangoyal/Documents/CVPR 2026 Workshop/frames_full/Train/3100831036.jpg,ok
3100831037.avi,Train,310083,2,/Users/amangoyal/Documents/CVPR 2026 Workshop/frames_full/Train/3100831037.jpg,ok
3100831044.avi,Train,310083,2,/Users/amangoyal/Documents/CVPR 2026 Workshop/frames_full/Train/3100831044.jpg,ok
3100831045.avi,Train,310083,3,/Users/amangoyal/Documents/CVPR 2026 Workshop/frames_full/Train/3100831045.jpg,ok
3100831046.avi,Train,310083,3,/Users/amangoyal/Documents/CVPR 2026 Workshop/frames_full/Train/3100831046.jpg,ok
3100831047.avi,Train,310083,3,/Users/amangoyal/Documents/CVPR 2026 Workshop/frames_full/Train/3100831047.jpg,ok
3344630110.avi,Train,334463,3,/Users/amangoyal/Documents/CVPR 2026 Workshop/frames_full/Train/3344630110.jpg,ok
33446301100.avi,Train,334463,2,/Users/amangoyal/Documents/CVPR 2026 Workshop/frames_full/Train/33446301100.jpg,ok
33446301101.avi,Train,334463,2,/Users/amangoyal/Documents/CVPR 2026 Workshop/frames_full/Train/33446301101.jpg,ok
33446301103.avi,Train,334463,3,/Users/amangoyal/Documents/CVPR 2026 Workshop/frames_full/Train/33446301103.jpg,ok
33446301104.avi,Train,334463,2,/Users/amangoyal/Documents/CVPR 2026 Workshop/frames_full/Train/33446301104.jpg,ok
33446301107.avi,Train,334463,3,/Users/amangoyal/Documents/CVPR 2026 Workshop/frames_full/Train/33446301107.jpg,ok
3344630112.avi,Train,334463,3,/Users/amangoyal/Documents/CVPR 2026 Workshop/frames_full/Train/3344630112.jpg,ok
3344630113.avi,Train,334463,2,/Users/amangoyal/Documents/CVPR 2026 Workshop/frames_full/Train/3344630113.jpg,ok
3344630115.avi,Train,334463,3,/Users/amangoyal/Documents/CVPR 2026 Workshop/frames_full/Train/3344630115.jpg,ok
3344630116.avi,Train,334463,2,/Users/amangoyal/Documents/CVPR 2026 Workshop/frames_full/Train/3344630116.jpg,ok
3344630117.avi,Train,334463,3,/Users/amangoyal/Documents/CVPR 2026 Workshop/frames_full/Train/3344630117.jpg,ok
3344630119.avi,Train,334463,2,/Users/amangoyal/Documents/CVPR 2026 Workshop/frames_full/Train/3344630119.jpg,ok
334463012.avi,Train,334463,3,/Users/amangoyal/Documents/CVPR 2026 Workshop/frames_full/Train/334463012.jpg,ok
3344630120.avi,Train,334463,3,/Users/amangoyal/Documents/CVPR 2026 Workshop/frames_full/Train/3344630120.jpg,ok
3344630121.avi,Train,334463,1,/Users/amangoyal/Documents/CVPR 2026 Workshop/frames_full/Train/3344630121.jpg,ok
3344630127.avi,Train,334463,2,/Users/amangoyal/Documents/CVPR 2026 Workshop/frames_full/Train/3344630127.jpg,ok
3344630130.avi,Train,334463,3,/Users/amangoyal/Documents/CVPR 2026 Workshop/frames_full/Train/3344630130.jpg,ok
3344630131.avi,Train,334463,1,/Users/amangoyal/Documents/CVPR 2026 Workshop/frames_full/Train/3344630131.jpg,ok
3344630132.avi,Train,334463,2,/Users/amangoyal/Documents/CVPR 2026 Workshop/frames_full/Train/3344630132.jpg,ok
3344630133.avi,Train,334463,2,/Users/amangoyal/Documents/CVPR 2026 Workshop/frames_full/Train/3344630133.jpg,ok
3344630136.avi,Train,334463,2,/Users/amangoyal/Documents/CVPR 2026 Workshop/frames_full/Train/3344630136.jpg,ok
3344630139.avi,Train,334463,2,/Users/amangoyal/Documents/CVPR 2026 Workshop/frames_full/Train/3344630139.jpg,ok
334463014.avi,Train,334463,2,/Users/amangoyal/Documents/CVPR 2026 Workshop/frames_full/Train/334463014.jpg,ok
3344630140.avi,Train,334463,3,/Users/amangoyal/Documents/CVPR 2026 Workshop/frames_full/Train/3344630140.jpg,ok
3344630141.avi,Train,334463,2,/Users/amangoyal/Documents/CVPR 2026 Workshop/frames_full/Train/3344630141.jpg,ok
3344630142.avi,Train,334463,3,/Users/amangoyal/Documents/CVPR 2026 Workshop/frames_full/Train/3344630142.jpg,ok
3344630143.avi,Train,334463,3,/Users/amangoyal/Documents/CVPR 2026 Workshop/frames_full/Train/3344630143.jpg,ok
3344630146.avi,Train,334463,2,/Users/amangoyal/Documents/CVPR 2026 Workshop/frames_full/Train/3344630146.jpg,ok
3344630147.avi,Train,334463,2,/Users/amangoyal/Documents/CVPR 2026 Workshop/frames_full/Train/3344630147.jpg,ok
3344630148.avi,Train,334463,3,/Users/amangoyal/Documents/CVPR 2026 Workshop/frames_full/Train/3344630148.jpg,ok
3344630149.avi,Train,334463,3,/Users/amangoyal/Documents/CVPR 2026 Workshop/frames_full/Train/3344630149.jpg,ok
3344630150.avi,Train,334463,2,/Users/amangoyal/Documents/CVPR 2026 Workshop/frames_full/Train/3344630150.jpg,ok
3344630151.avi,Train,334463,2,/Users/amangoyal/Documents/CVPR 2026 Workshop/frames_full/Train/3344630151.jpg,ok
3344630153.avi,Train,334463,2,/Users/amangoyal/Documents/CVPR 2026 Workshop/frames_full/Train/3344630153.jpg,ok
3344630156.avi,Train,334463,2,/Users/amangoyal/Documents/CVPR 2026 Workshop/frames_full/Train/3344630156.jpg,ok
3344630161.avi,Train,334463,3,/Users/amangoyal/Documents/CVPR 2026 Workshop/frames_full/Train/3344630161.jpg,ok
3344630162.avi,Train,334463,1,/Users/amangoyal/Documents/CVPR 2026 Workshop/frames_full/Train/3344630162.jpg,ok
3344630163.avi,Train,334463,3,/Users/amangoyal/Documents/CVPR 2026 Workshop/frames_full/Train/3344630163.jpg,ok
3344630164.avi,Train,334463,2,/Users/amangoyal/Documents/CVPR 2026 Workshop/frames_full/Train/3344630164.jpg,ok
3344630166.avi,Train,334463,2,/Users/amangoyal/Documents/CVPR 2026 Workshop/frames_full/Train/3344630166.jpg,ok
3344630170.avi,Train,334463,3,/Users/amangoyal/Documents/CVPR 2026 Workshop/frames_full/Train/3344630170.jpg,ok
3344630171.avi,Train,334463,2,/Users/amangoyal/Documents/CVPR 2026 Workshop/frames_full/Train/3344630171.jpg,ok
3344630172.avi,Train,334463,2,/Users/amangoyal/Documents/CVPR 2026 Workshop/frames_full/Train/3344630172.jpg,ok
3344630173.avi,Train,334463,3,/Users/amangoyal/Documents/CVPR 2026 Workshop/frames_full/Train/3344630173.jpg,ok
3344630176.avi,Train,334463,3,/Users/amangoyal/Documents/CVPR 2026 Workshop/frames_full/Train/3344630176.jpg,ok
3344630179.avi,Train,334463,2,/Users/amangoyal/Documents/CVPR 2026 Workshop/frames_full/Train/3344630179.jpg,ok
3344630180.avi,Train,334463,2,/Users/amangoyal/Documents/CVPR 2026 Workshop/frames_full/Train/3344630180.jpg,ok
3344630181.avi,Train,334463,2,/Users/amangoyal/Documents/CVPR 2026 Workshop/frames_full/Train/3344630181.jpg,ok
3344630182.avi,Train,334463,2,/Users/amangoyal/Documents/CVPR 2026 Workshop/frames_full/Train/3344630182.jpg,ok
3344630184.avi,Train,334463,3,/Users/amangoyal/Documents/CVPR 2026 Workshop/frames_full/Train/3344630184.jpg,ok
3344630185.avi,Train,334463,2,/Users/amangoyal/Documents/CVPR 2026 Workshop/frames_full/Train/3344630185.jpg,ok
3344630186.avi,Train,334463,2,/Users/amangoyal/Documents/CVPR 2026 Workshop/frames_full/Train/3344630186.jpg,ok
3344630188.avi,Train,334463,3,/Users/amangoyal/Documents/CVPR 2026 Workshop/frames_full/Train/3344630188.jpg,ok
3344630189.avi,Train,334463,3,/Users/amangoyal/Documents/CVPR 2026 Workshop/frames_full/Train/3344630189.jpg,ok
334463019.avi,Train,334463,2,/Users/amangoyal/Documents/CVPR 2026 Workshop/frames_full/Train/334463019.jpg,ok
3344630190.avi,Train,334463,3,/Users/amangoyal/Documents/CVPR 2026 Workshop/frames_full/Train/3344630190.jpg,ok
3344630196.avi,Train,334463,2,/Users/amangoyal/Documents/CVPR 2026 Workshop/frames_full/Train/3344630196.jpg,ok
3344630197.avi,Train,334463,2,/Users/amangoyal/Documents/CVPR 2026 Workshop/frames_full/Train/3344630197.jpg,ok
3344630198.avi,Train,334463,3,/Users/amangoyal/Documents/CVPR 2026 Workshop/frames_full/Train/3344630198.jpg,ok
3344630199.avi,Train,334463,2,/Users/amangoyal/Documents/CVPR 2026 Workshop/frames_full/Train/3344630199.jpg,ok
334463021.avi,Train,334463,3,/Users/amangoyal/Documents/CVPR 2026 Workshop/frames_full/Train/334463021.jpg,ok
3344630210.avi,Train,334463,2,/Users/amangoyal/Documents/CVPR 2026 Workshop/frames_full/Train/3344630210.jpg,ok
3344630211.avi,Train,334463,1,/Users/amangoyal/Documents/CVPR 2026 Workshop/frames_full/Train/3344630211.jpg,ok
3344630213.avi,Train,334463,3,/Users/amangoyal/Documents/CVPR 2026 Workshop/frames_full/Train/3344630213.jpg,ok
3344630215.avi,Train,334463,3,/Users/amangoyal/Documents/CVPR 2026 Workshop/frames_full/Train/3344630215.jpg,ok
3344630216.avi,Train,334463,3,/Users/amangoyal/Documents/CVPR 2026 Workshop/frames_full/Train/3344630216.jpg,ok
3344630219.avi,Train,334463,3,/Users/amangoyal/Documents/CVPR 2026 Workshop/frames_full/Train/3344630219.jpg,ok
334463022.avi,Train,334463,2,/Users/amangoyal/Documents/CVPR 2026 Workshop/frames_full/Train/334463022.jpg,ok
3344630220.avi,Train,334463,3,/Users/amangoyal/Documents/CVPR 2026 Workshop/frames_full/Train/3344630220.jpg,ok
3344630221.avi,Train,334463,2,/Users/amangoyal/Documents/CVPR 2026 Workshop/frames_full/Train/3344630221.jpg,ok
3344630224.avi,Train,334463,2,/Users/amangoyal/Documents/CVPR 2026 Workshop/frames_full/Train/3344630224.jpg,ok
3344630225.avi,Train,334463,3,/Users/amangoyal/Documents/CVPR 2026 Workshop/frames_full/Train/3344630225.jpg,ok
3344630226.avi,Train,334463,2,/Users/amangoyal/Documents/CVPR 2026 Workshop/frames_full/Train/3344630226.jpg,ok
3344630231.avi,Train,334463,2,/Users/amangoyal/Documents/CVPR 2026 Workshop/frames_full/Train/3344630231.jpg,ok
3344630232.avi,Train,334463,2,/Users/amangoyal/Documents/CVPR 2026 Workshop/frames_full/Train/3344630232.jpg,ok
3344630233.avi,Train,334463,2,/Users/amangoyal/Documents/CVPR 2026 Workshop/frames_full/Train/3344630233.jpg,ok
3344630236.avi,Train,334463,3,/Users/amangoyal/Documents/CVPR 2026 Workshop/frames_full/Train/3344630236.jpg,ok
3344630238.avi,Train,334463,2,/Users/amangoyal/Documents/CVPR 2026 Workshop/frames_full/Train/3344630238.jpg,ok
3344630240.avi,Train,334463,3,/Users/amangoyal/Documents/CVPR 2026 Workshop/frames_full/Train/3344630240.jpg,ok
3344630241.avi,Train,334463,3,/Users/amangoyal/Documents/CVPR 2026 Workshop/frames_full/Train/3344630241.jpg,ok
3344630242.avi,Train,334463,3,/Users/amangoyal/Documents/CVPR 2026 Workshop/frames_full/Train/3344630242.jpg,ok
3344630243.avi,Train,334463,3,/Users/amangoyal/Documents/CVPR 2026 Workshop/frames_full/Train/3344630243.jpg,ok
3344630245.avi,Train,334463,3,/Users/amangoyal/Documents/CVPR 2026 Workshop/frames_full/Train/3344630245.jpg,ok
3344630247.avi,Train,334463,3,/Users/amangoyal/Documents/CVPR 2026 Workshop/frames_full/Train/3344630247.jpg,ok
3344630248.avi,Train,334463,2,/Users/amangoyal/Documents/CVPR 2026 Workshop/frames_full/Train/3344630248.jpg,ok
334463025.avi,Train,334463,2,/Users/amangoyal/Documents/CVPR 2026 Workshop/frames_full/Train/334463025.jpg,ok
3344630251.avi,Train,334463,3,/Users/amangoyal/Documents/CVPR 2026 Workshop/frames_full/Train/3344630251.jpg,ok
3344630252.avi,Train,334463,2,/Users/amangoyal/Documents/CVPR 2026 Workshop/frames_full/Train/3344630252.jpg,ok
3344630255.avi,Train,334463,2,/Users/amangoyal/Documents/CVPR 2026 Workshop/frames_full/Train/3344630255.jpg,ok
3344630257.avi,Train,334463,3,/Users/amangoyal/Documents/CVPR 2026 Workshop/frames_full/Train/3344630257.jpg,ok
334463026.avi,Train,334463,2,/Users/amangoyal/Documents/CVPR 2026 Workshop/frames_full/Train/334463026.jpg,ok
3344630260.avi,Train,334463,3,/Users/amangoyal/Documents/CVPR 2026 Workshop/frames_full/Train/3344630260.jpg,ok
3344630262.avi,Train,334463,2,/Users/amangoyal/Documents/CVPR 2026 Workshop/frames_full/Train/3344630262.jpg,ok
3344630264.avi,Train,334463,2,/Users/amangoyal/Documents/CVPR 2026 Workshop/frames_full/Train/3344630264.jpg,ok
3344630265.avi,Train,334463,3,/Users/amangoyal/Documents/CVPR 2026 Workshop/frames_full/Train/3344630265.jpg,ok
3344630266.avi,Train,334463,2,/Users/amangoyal/Documents/CVPR 2026 Workshop/frames_full/Train/3344630266.jpg,ok
3344630267.avi,Train,334463,2,/Users/amangoyal/Documents/CVPR 2026 Workshop/frames_full/Train/3344630267.jpg,ok
334463027.avi,Train,334463,2,/Users/amangoyal/Documents/CVPR 2026 Workshop/frames_full/Train/334463027.jpg,ok
3344630270.avi,Train,334463,2,/Users/amangoyal/Documents/CVPR 2026 Workshop/frames_full/Train/3344630270.jpg,ok
3344630271.avi,Train,334463,3,/Users/amangoyal/Documents/CVPR 2026 Workshop/frames_full/Train/3344630271.jpg,ok
3344630273.avi,Train,334463,2,/Users/amangoyal/Documents/CVPR 2026 Workshop/frames_full/Train/3344630273.jpg,ok
3344630276.avi,Train,334463,2,/Users/amangoyal/Documents/CVPR 2026 Workshop/frames_full/Train/3344630276.jpg,ok
3344630278.avi,Train,334463,3,/Users/amangoyal/Documents/CVPR 2026 Workshop/frames_full/Train/3344630278.jpg,ok
334463028.avi,Train,334463,3,/Users/amangoyal/Documents/CVPR 2026 Workshop/frames_full/Train/334463028.jpg,ok
3344630280.avi,Train,334463,2,/Users/amangoyal/Documents/CVPR 2026 Workshop/frames_full/Train/3344630280.jpg,ok
3344630281.avi,Train,334463,2,/Users/amangoyal/Documents/CVPR 2026 Workshop/frames_full/Train/3344630281.jpg,ok
3344630282.avi,Train,334463,1,/Users/amangoyal/Documents/CVPR 2026 Workshop/frames_full/Train/3344630282.jpg,ok
334463029.avi,Train,334463,3,/Users/amangoyal/Documents/CVPR 2026 Workshop/frames_full/Train/334463029.jpg,ok
33702101100.mp4,Train,337021,3,/Users/amangoyal/Documents/CVPR 2026 Workshop/frames_full/Train/33702101100.jpg,ok
33702101110.mp4,Train,337021,3,/Users/amangoyal/Documents/CVPR 2026 Workshop/frames_full/Train/33702101110.jpg,ok
33702101130.mp4,Train,337021,3,/Users/amangoyal/Documents/CVPR 2026 Workshop/frames_full/Train/33702101130.jpg,ok
33702101140.mp4,Train,337021,3,/Users/amangoyal/Documents/CVPR 2026 Workshop/frames_full/Train/33702101140.jpg,ok
33702101150.mp4,Train,337021,3,/Users/amangoyal/Documents/CVPR 2026 Workshop/frames_full/Train/33702101150.jpg,ok
33702101180.mp4,Train,337021,2,/Users/amangoyal/Documents/CVPR 2026 Workshop/frames_full/Train/33702101180.jpg,ok
33702101200.mp4,Train,337021,3,/Users/amangoyal/Documents/CVPR 2026 Workshop/frames_full/Train/33702101200.jpg,ok
33702101210.mp4,Train,337021,3,/Users/amangoyal/Documents/CVPR 2026 Workshop/frames_full/Train/33702101210.jpg,ok
33702101250.mp4,Train,337021,2,/Users/amangoyal/Documents/CVPR 2026 Workshop/frames_full/Train/33702101250.jpg,ok
33702101260.mp4,Train,337021,3,/Users/amangoyal/Documents/CVPR 2026 Workshop/frames_full/Train/33702101260.jpg,ok
33702101270.mp4,Train,337021,3,/Users/amangoyal/Documents/CVPR 2026 Workshop/frames_full/Train/33702101270.jpg,ok
33702101280.mp4,Train,337021,3,/Users/amangoyal/Documents/CVPR 2026 Workshop/frames_full/Train/33702101280.jpg,ok
33702101290.mp4,Train,337021,2,/Users/amangoyal/Documents/CVPR 2026 Workshop/frames_full/Train/33702101290.jpg,ok
33702101300.mp4,Train,337021,3,/Users/amangoyal/Documents/CVPR 2026 Workshop/frames_full/Train/33702101300.jpg,ok
33702101340.mp4,Train,337021,3,/Users/amangoyal/Documents/CVPR 2026 Workshop/frames_full/Train/33702101340.jpg,ok
33702101350.mp4,Train,337021,3,/Users/amangoyal/Documents/CVPR 2026 Workshop/frames_full/Train/33702101350.jpg,ok
33702101360.mp4,Train,337021,3,/Users/amangoyal/Documents/CVPR 2026 Workshop/frames_full/Train/33702101360.jpg,ok
33702101370.mp4,Train,337021,3,/Users/amangoyal/Documents/CVPR 2026 Workshop/frames_full/Train/33702101370.jpg,ok
33702101410.mp4,Train,337021,3,/Users/amangoyal/Documents/CVPR 2026 Workshop/frames_full/Train/33702101410.jpg,ok
33702101430.mp4,Train,337021,2,/Users/amangoyal/Documents/CVPR 2026 Workshop/frames_full/Train/33702101430.jpg,ok
33702101450.mp4,Train,337021,2,/Users/amangoyal/Documents/CVPR 2026 Workshop/frames_full/Train/33702101450.jpg,ok
33702101460.mp4,Train,337021,3,/Users/amangoyal/Documents/CVPR 2026 Workshop/frames_full/Train/33702101460.jpg,ok
33702101470.mp4,Train,337021,2,/Users/amangoyal/Documents/CVPR 2026 Workshop/frames_full/Train/33702101470.jpg,ok
33702101480.mp4,Train,337021,2,/Users/amangoyal/Documents/CVPR 2026 Workshop/frames_full/Train/33702101480.jpg,ok
33702101490.mp4,Train,337021,2,/Users/amangoyal/Documents/CVPR 2026 Workshop/frames_full/Train/33702101490.jpg,ok
3370210150.mp4,Train,337021,2,/Users/amangoyal/Documents/CVPR 2026 Workshop/frames_full/Train/3370210150.jpg,ok
33702101500.mp4,Train,337021,3,/Users/amangoyal/Documents/CVPR 2026 Workshop/frames_full/Train/33702101500.jpg,ok
33702101530.mp4,Train,337021,3,/Users/amangoyal/Documents/CVPR 2026 Workshop/frames_full/Train/33702101530.jpg,ok
33702101540.mp4,Train,337021,2,/Users/amangoyal/Documents/CVPR 2026 Workshop/frames_full/Train/33702101540.jpg,ok
33702101550.mp4,Train,337021,3,/Users/amangoyal/Documents/CVPR 2026 Workshop/frames_full/Train/33702101550.jpg,ok
33702101580.mp4,Train,337021,3,/Users/amangoyal/Documents/CVPR 2026 Workshop/frames_full/Train/33702101580.jpg,ok
33702101590.mp4,Train,337021,3,/Users/amangoyal/Documents/CVPR 2026 Workshop/frames_full/Train/33702101590.jpg,ok
33702101600.mp4,Train,337021,2,/Users/amangoyal/Documents/CVPR 2026 Workshop/frames_full/Train/33702101600.jpg,ok
33702101620.mp4,Train,337021,2,/Users/amangoyal/Documents/CVPR 2026 Workshop/frames_full/Train/33702101620.jpg,ok
33702101630.mp4,Train,337021,3,/Users/amangoyal/Documents/CVPR 2026 Workshop/frames_full/Train/33702101630.jpg,ok
33702101640.mp4,Train,337021,3,/Users/amangoyal/Documents/CVPR 2026 Workshop/frames_full/Train/33702101640.jpg,ok
33702101650.mp4,Train,337021,3,/Users/amangoyal/Documents/CVPR 2026 Workshop/frames_full/Train/33702101650.jpg,ok
33702101660.mp4,Train,337021,3,/Users/amangoyal/Documents/CVPR 2026 Workshop/frames_full/Train/33702101660.jpg,ok
33702101700.mp4,Train,337021,3,/Users/amangoyal/Documents/CVPR 2026 Workshop/frames_full/Train/33702101700.jpg,ok
33702101710.mp4,Train,337021,3,/Users/amangoyal/Documents/CVPR 2026 Workshop/frames_full/Train/33702101710.jpg,ok
33702101730.mp4,Train,337021,3,/Users/amangoyal/Documents/CVPR 2026 Workshop/frames_full/Train/33702101730.jpg,ok
33702101740.mp4,Train,337021,3,/Users/amangoyal/Documents/CVPR 2026 Workshop/frames_full/Train/33702101740.jpg,ok
33702101750.mp4,Train,337021,3,/Users/amangoyal/Documents/CVPR 2026 Workshop/frames_full/Train/33702101750.jpg,ok
33702101760.mp4,Train,337021,3,/Users/amangoyal/Documents/CVPR 2026 Workshop/frames_full/Train/33702101760.jpg,ok
3370210180.mp4,Train,337021,3,/Users/amangoyal/Documents/CVPR 2026 Workshop/frames_full/Train/3370210180.jpg,ok
33702102100.mp4,Train,337021,3,/Users/amangoyal/Documents/CVPR 2026 Workshop/frames_full/Train/33702102100.jpg,ok
33702102110.mp4,Train,337021,3,/Users/amangoyal/Documents/CVPR 2026 Workshop/frames_full/Train/33702102110.jpg,ok
33702102130.mp4,Train,337021,2,/Users/amangoyal/Documents/CVPR 2026 Workshop/frames_full/Train/33702102130.jpg,ok
33702102140.mp4,Train,337021,2,/Users/amangoyal/Documents/CVPR 2026 Workshop/frames_full/Train/33702102140.jpg,ok
33702102160.mp4,Train,337021,3,/Users/amangoyal/Documents/CVPR 2026 Workshop/frames_full/Train/33702102160.jpg,ok
33702102170.mp4,Train,337021,3,/Users/amangoyal/Documents/CVPR 2026 Workshop/frames_full/Train/33702102170.jpg,ok
33702102180.mp4,Train,337021,3,/Users/amangoyal/Documents/CVPR 2026 Workshop/frames_full/Train/33702102180.jpg,ok
33702102190.mp4,Train,337021,3,/Users/amangoyal/Documents/CVPR 2026 Workshop/frames_full/Train/33702102190.jpg,ok
33702102200.mp4,Train,337021,3,/Users/amangoyal/Documents/CVPR 2026 Workshop/frames_full/Train/33702102200.jpg,ok
33702102220.mp4,Train,337021,2,/Users/amangoyal/Documents/CVPR 2026 Workshop/frames_full/Train/33702102220.jpg,ok
33702102230.mp4,Train,337021,3,/Users/amangoyal/Documents/CVPR 2026 Workshop/frames_full/Train/33702102230.jpg,ok
33702102240.mp4,Train,337021,3,/Users/amangoyal/Documents/CVPR 2026 Workshop/frames_full/Train/33702102240.jpg,ok
33702102250.mp4,Train,337021,3,/Users/amangoyal/Documents/CVPR 2026 Workshop/frames_full/Train/33702102250.jpg,ok
33702102280.mp4,Train,337021,3,/Users/amangoyal/Documents/CVPR 2026 Workshop/frames_full/Train/33702102280.jpg,ok
3370210230.mp4,Train,337021,3,/Users/amangoyal/Documents/CVPR 2026 Workshop/frames_full/Train/3370210230.jpg,ok
33702102300.mp4,Train,337021,3,/Users/amangoyal/Documents/CVPR 2026 Workshop/frames_full/Train/33702102300.jpg,ok
33702102310.mp4,Train,337021,3,/Users/amangoyal/Documents/CVPR 2026 Workshop/frames_full/Train/33702102310.jpg,ok
33702102330.mp4,Train,337021,3,/Users/amangoyal/Documents/CVPR 2026 Workshop/frames_full/Train/33702102330.jpg,ok
33702102350.mp4,Train,337021,3,/Users/amangoyal/Documents/CVPR 2026 Workshop/frames_full/Train/33702102350.jpg,ok
33702102390.mp4,Train,337021,3,/Users/amangoyal/Documents/CVPR 2026 Workshop/frames_full/Train/33702102390.jpg,ok
3370210240.mp4,Train,337021,3,/Users/amangoyal/Documents/CVPR 2026 Workshop/frames_full/Train/3370210240.jpg,ok
33702102400.mp4,Train,337021,3,/Users/amangoyal/Documents/CVPR 2026 Workshop/frames_full/Train/33702102400.jpg,ok
33702102420.mp4,Train,337021,3,/Users/amangoyal/Documents/CVPR 2026 Workshop/frames_full/Train/33702102420.jpg,ok
33702102430.mp4,Train,337021,3,/Users/amangoyal/Documents/CVPR 2026 Workshop/frames_full/Train/33702102430.jpg,ok
33702102470.mp4,Train,337021,2,/Users/amangoyal/Documents/CVPR 2026 Workshop/frames_full/Train/33702102470.jpg,ok
33702102500.mp4,Train,337021,3,/Users/amangoyal/Documents/CVPR 2026 Workshop/frames_full/Train/33702102500.jpg,ok
33702102530.mp4,Train,337021,3,/Users/amangoyal/Documents/CVPR 2026 Workshop/frames_full/Train/33702102530.jpg,ok
33702102540.mp4,Train,337021,3,/Users/amangoyal/Documents/CVPR 2026 Workshop/frames_full/Train/33702102540.jpg,ok
33702102550.mp4,Train,337021,3,/Users/amangoyal/Documents/CVPR 2026 Workshop/frames_full/Train/33702102550.jpg,ok
33702102570.mp4,Train,337021,3,/Users/amangoyal/Documents/CVPR 2026 Workshop/frames_full/Train/33702102570.jpg,ok
33702102580.mp4,Train,337021,3,/Users/amangoyal/Documents/CVPR 2026 Workshop/frames_full/Train/33702102580.jpg,ok
33702102590.mp4,Train,337021,3,/Users/amangoyal/Documents/CVPR 2026 Workshop/frames_full/Train/33702102590.jpg,ok
3370210260.mp4,Train,337021,3,/Users/amangoyal/Documents/CVPR 2026 Workshop/frames_full/Train/3370210260.jpg,ok
33702102600.mp4,Train,337021,3,/Users/amangoyal/Documents/CVPR 2026 Workshop/frames_full/Train/33702102600.jpg,ok
33702102640.mp4,Train,337021,2,/Users/amangoyal/Documents/CVPR 2026 Workshop/frames_full/Train/33702102640.jpg,ok
33702102670.mp4,Train,337021,3,/Users/amangoyal/Documents/CVPR 2026 Workshop/frames_full/Train/33702102670.jpg,ok
33702102690.mp4,Train,337021,3,/Users/amangoyal/Documents/CVPR 2026 Workshop/frames_full/Train/33702102690.jpg,ok
33702102710.mp4,Train,337021,3,/Users/amangoyal/Documents/CVPR 2026 Workshop/frames_full/Train/33702102710.jpg,ok
33702102740.mp4,Train,337021,3,/Users/amangoyal/Documents/CVPR 2026 Workshop/frames_full/Train/33702102740.jpg,ok
3370210280.mp4,Train,337021,3,/Users/amangoyal/Documents/CVPR 2026 Workshop/frames_full/Train/3370210280.jpg,ok
33702102820.mp4,Train,337021,3,/Users/amangoyal/Documents/CVPR 2026 Workshop/frames_full/Train/33702102820.jpg,ok
33702102840.mp4,Train,337021,3,/Users/amangoyal/Documents/CVPR 2026 Workshop/frames_full/Train/33702102840.jpg,ok
33702102850.mp4,Train,337021,3,/Users/amangoyal/Documents/CVPR 2026 Workshop/frames_full/Train/33702102850.jpg,ok
33702102870.mp4,Train,337021,3,/Users/amangoyal/Documents/CVPR 2026 Workshop/frames_full/Train/33702102870.jpg,ok
33702102880.mp4,Train,337021,3,/Users/amangoyal/Documents/CVPR 2026 Workshop/frames_full/Train/33702102880.jpg,ok
342227010.avi,Train,342227,3,/Users/amangoyal/Documents/CVPR 2026 Workshop/frames_full/Train/342227010.jpg,ok
342227011.avi,Train,342227,3,/Users/amangoyal/Documents/CVPR 2026 Workshop/frames_full/Train/342227011.jpg,ok
3422270111.avi,Train,342227,1,/Users/amangoyal/Documents/CVPR 2026 Workshop/frames_full/Train/3422270111.jpg,ok
3422270112.avi,Train,342227,3,/Users/amangoyal/Documents/CVPR 2026 Workshop/frames_full/Train/3422270112.jpg,ok
3422270115.avi,Train,342227,2,/Users/amangoyal/Documents/CVPR 2026 Workshop/frames_full/Train/3422270115.jpg,ok
3422270116.avi,Train,342227,3,/Users/amangoyal/Documents/CVPR 2026 Workshop/frames_full/Train/3422270116.jpg,ok
3422270117.avi,Train,342227,2,/Users/amangoyal/Documents/CVPR 2026 Workshop/frames_full/Train/3422270117.jpg,ok
3422270118.avi,Train,342227,2,/Users/amangoyal/Documents/CVPR 2026 Workshop/frames_full/Train/3422270118.jpg,ok
3422270121.avi,Train,342227,3,/Users/amangoyal/Documents/CVPR 2026 Workshop/frames_full/Train/3422270121.jpg,ok
3422270122.avi,Train,342227,3,/Users/amangoyal/Documents/CVPR 2026 Workshop/frames_full/Train/3422270122.jpg,ok
3422270123.avi,Train,342227,3,/Users/amangoyal/Documents/CVPR 2026 Workshop/frames_full/Train/3422270123.jpg,ok
3422270126.avi,Train,342227,2,/Users/amangoyal/Documents/CVPR 2026 Workshop/frames_full/Train/3422270126.jpg,ok
3422270127.avi,Train,342227,3,/Users/amangoyal/Documents/CVPR 2026 Workshop/frames_full/Train/3422270127.jpg,ok
3422270128.avi,Train,342227,3,/Users/amangoyal/Documents/CVPR 2026 Workshop/frames_full/Train/3422270128.jpg,ok
3422270129.avi,Train,342227,1,/Users/amangoyal/Documents/CVPR 2026 Workshop/frames_full/Train/3422270129.jpg,ok
342227013.avi,Train,342227,3,/Users/amangoyal/Documents/CVPR 2026 Workshop/frames_full/Train/342227013.jpg,ok
3422270130.avi,Train,342227,2,/Users/amangoyal/Documents/CVPR 2026 Workshop/frames_full/Train/3422270130.jpg,ok
3422270131.avi,Train,342227,2,/Users/amangoyal/Documents/CVPR 2026 Workshop/frames_full/Train/3422270131.jpg,ok
3422270133.avi,Train,342227,3,/Users/amangoyal/Documents/CVPR 2026 Workshop/frames_full/Train/3422270133.jpg,ok
3422270134.avi,Train,342227,3,/Users/amangoyal/Documents/CVPR 2026 Workshop/frames_full/Train/3422270134.jpg,ok
3422270135.avi,Train,342227,2,/Users/amangoyal/Documents/CVPR 2026 Workshop/frames_full/Train/3422270135.jpg,ok
3422270138.avi,Train,342227,3,/Users/amangoyal/Documents/CVPR 2026 Workshop/frames_full/Train/3422270138.jpg,ok
3422270139.avi,Train,342227,3,/Users/amangoyal/Documents/CVPR 2026 Workshop/frames_full/Train/3422270139.jpg,ok
3422270140.avi,Train,342227,3,/Users/amangoyal/Documents/CVPR 2026 Workshop/frames_full/Train/3422270140.jpg,ok
3422270141.avi,Train,342227,2,/Users/amangoyal/Documents/CVPR 2026 Workshop/frames_full/Train/3422270141.jpg,ok
3422270142.avi,Train,342227,2,/Users/amangoyal/Documents/CVPR 2026 Workshop/frames_full/Train/3422270142.jpg,ok
3422270143.avi,Train,342227,3,/Users/amangoyal/Documents/CVPR 2026 Workshop/frames_full/Train/3422270143.jpg,ok
3422270144.avi,Train,342227,3,/Users/amangoyal/Documents/CVPR 2026 Workshop/frames_full/Train/3422270144.jpg,ok
3422270149.avi,Train,342227,2,/Users/amangoyal/Documents/CVPR 2026 Workshop/frames_full/Train/3422270149.jpg,ok
3422270151.avi,Train,342227,2,/Users/amangoyal/Documents/CVPR 2026 Workshop/frames_full/Train/3422270151.jpg,ok
3422270152.avi,Train,342227,2,/Users/amangoyal/Documents/CVPR 2026 Workshop/frames_full/Train/3422270152.jpg,ok
3422270153.avi,Train,342227,2,/Users/amangoyal/Documents/CVPR 2026 Workshop/frames_full/Train/3422270153.jpg,ok
3422270154.avi,Train,342227,3,/Users/amangoyal/Documents/CVPR 2026 Workshop/frames_full/Train/3422270154.jpg,ok
3422270155.avi,Train,342227,2,/Users/amangoyal/Documents/CVPR 2026 Workshop/frames_full/Train/3422270155.jpg,ok
3422270157.avi,Train,342227,2,/Users/amangoyal/Documents/CVPR 2026 Workshop/frames_full/Train/3422270157.jpg,ok
3422270158.avi,Train,342227,2,/Users/amangoyal/Documents/CVPR 2026 Workshop/frames_full/Train/3422270158.jpg,ok
3422270160.avi,Train,342227,2,/Users/amangoyal/Documents/CVPR 2026 Workshop/frames_full/Train/3422270160.jpg,ok
3422270165.avi,Train,342227,3,/Users/amangoyal/Documents/CVPR 2026 Workshop/frames_full/Train/3422270165.jpg,ok
3422270166.avi,Train,342227,3,/Users/amangoyal/Documents/CVPR 2026 Workshop/frames_full/Train/3422270166.jpg,ok
3422270167.avi,Train,342227,1,/Users/amangoyal/Documents/CVPR 2026 Workshop/frames_full/Train/3422270167.jpg,ok
3422270168.avi,Train,342227,3,/Users/amangoyal/Documents/CVPR 2026 Workshop/frames_full/Train/3422270168.jpg,ok
3422270169.avi,Train,342227,3,/Users/amangoyal/Documents/CVPR 2026 Workshop/frames_full/Train/3422270169.jpg,ok
3422270171.avi,Train,342227,2,/Users/amangoyal/Documents/CVPR 2026 Workshop/frames_full/Train/3422270171.jpg,ok
3422270172.avi,Train,342227,3,/Users/amangoyal/Documents/CVPR 2026 Workshop/frames_full/Train/3422270172.jpg,ok
342227020.avi,Train,342227,3,/Users/amangoyal/Documents/CVPR 2026 Workshop/frames_full/Train/342227020.jpg,ok
342227021.avi,Train,342227,3,/Users/amangoyal/Documents/CVPR 2026 Workshop/frames_full/Train/342227021.jpg,ok
3422270210.avi,Train,342227,3,/Users/amangoyal/Documents/CVPR 2026 Workshop/frames_full/Train/3422270210.jpg,ok
3422270211.avi,Train,342227,3,/Users/amangoyal/Documents/CVPR 2026 Workshop/frames_full/Train/3422270211.jpg,ok
3422270212.avi,Train,342227,2,/Users/amangoyal/Documents/CVPR 2026 Workshop/frames_full/Train/3422270212.jpg,ok
3422270213.avi,Train,342227,3,/Users/amangoyal/Documents/CVPR 2026 Workshop/frames_full/Train/3422270213.jpg,ok
3422270215.avi,Train,342227,2,/Users/amangoyal/Documents/CVPR 2026 Workshop/frames_full/Train/3422270215.jpg,ok
3422270216.avi,Train,342227,3,/Users/amangoyal/Documents/CVPR 2026 Workshop/frames_full/Train/3422270216.jpg,ok
3422270217.avi,Train,342227,3,/Users/amangoyal/Documents/CVPR 2026 Workshop/frames_full/Train/3422270217.jpg,ok
3422270219.avi,Train,342227,2,/Users/amangoyal/Documents/CVPR 2026 Workshop/frames_full/Train/3422270219.jpg,ok
3422270220.avi,Train,342227,2,/Users/amangoyal/Documents/CVPR 2026 Workshop/frames_full/Train/3422270220.jpg,ok
3422270221.avi,Train,342227,2,/Users/amangoyal/Documents/CVPR 2026 Workshop/frames_full/Train/3422270221.jpg,ok
3422270222.avi,Train,342227,3,/Users/amangoyal/Documents/CVPR 2026 Workshop/frames_full/Train/3422270222.jpg,ok
3422270223.avi,Train,342227,3,/Users/amangoyal/Documents/CVPR 2026 Workshop/frames_full/Train/3422270223.jpg,ok
3422270224.avi,Train,342227,3,/Users/amangoyal/Documents/CVPR 2026 Workshop/frames_full/Train/3422270224.jpg,ok
3422270225.avi,Train,342227,2,/Users/amangoyal/Documents/CVPR 2026 Workshop/frames_full/Train/3422270225.jpg,ok
3422270227.avi,Train,342227,2,/Users/amangoyal/Documents/CVPR 2026 Workshop/frames_full/Train/3422270227.jpg,ok
342227023.avi,Train,342227,3,/Users/amangoyal/Documents/CVPR 2026 Workshop/frames_full/Train/342227023.jpg,ok
3422270230.avi,Train,342227,2,/Users/amangoyal/Documents/CVPR 2026 Workshop/frames_full/Train/3422270230.jpg,ok
3422270238.avi,Train,342227,3,/Users/amangoyal/Documents/CVPR 2026 Workshop/frames_full/Train/3422270238.jpg,ok
3422270239.avi,Train,342227,3,/Users/amangoyal/Documents/CVPR 2026 Workshop/frames_full/Train/3422270239.jpg,ok
342227024.avi,Train,342227,3,/Users/amangoyal/Documents/CVPR 2026 Workshop/frames_full/Train/342227024.jpg,ok
3422270240.avi,Train,342227,2,/Users/amangoyal/Documents/CVPR 2026 Workshop/frames_full/Train/3422270240.jpg,ok
3422270241.avi,Train,342227,3,/Users/amangoyal/Documents/CVPR 2026 Workshop/frames_full/Train/3422270241.jpg,ok
3422270242.avi,Train,342227,3,/Users/amangoyal/Documents/CVPR 2026 Workshop/frames_full/Train/3422270242.jpg,ok
3422270244.avi,Train,342227,2,/Users/amangoyal/Documents/CVPR 2026 Workshop/frames_full/Train/3422270244.jpg,ok
3422270245.avi,Train,342227,3,/Users/amangoyal/Documents/CVPR 2026 Workshop/frames_full/Train/3422270245.jpg,ok
3422270246.avi,Train,342227,2,/Users/amangoyal/Documents/CVPR 2026 Workshop/frames_full/Train/3422270246.jpg,ok
3422270247.avi,Train,342227,3,/Users/amangoyal/Documents/CVPR 2026 Workshop/frames_full/Train/3422270247.jpg,ok
3422270249.avi,Train,342227,2,/Users/amangoyal/Documents/CVPR 2026 Workshop/frames_full/Train/3422270249.jpg,ok
342227025.avi,Train,342227,3,/Users/amangoyal/Documents/CVPR 2026 Workshop/frames_full/Train/342227025.jpg,ok
3422270250.avi,Train,342227,3,/Users/amangoyal/Documents/CVPR 2026 Workshop/frames_full/Train/3422270250.jpg,ok
3422270251.avi,Train,342227,2,/Users/amangoyal/Documents/CVPR 2026 Workshop/frames_full/Train/3422270251.jpg,ok
3422270252.avi,Train,342227,3,/Users/amangoyal/Documents/CVPR 2026 Workshop/frames_full/Train/3422270252.jpg,ok
3422270253.avi,Train,342227,3,/Users/amangoyal/Documents/CVPR 2026 Workshop/frames_full/Train/3422270253.jpg,ok
3422270254.avi,Train,342227,3,/Users/amangoyal/Documents/CVPR 2026 Workshop/frames_full/Train/3422270254.jpg,ok
3422270255.avi,Train,342227,3,/Users/amangoyal/Documents/CVPR 2026 Workshop/frames_full/Train/3422270255.jpg,ok
3422270256.avi,Train,342227,3,/Users/amangoyal/Documents/CVPR 2026 Workshop/frames_full/Train/3422270256.jpg,ok
3422270257.avi,Train,342227,2,/Users/amangoyal/Documents/CVPR 2026 Workshop/frames_full/Train/3422270257.jpg,ok
3422270261.avi,Train,342227,3,/Users/amangoyal/Documents/CVPR 2026 Workshop/frames_full/Train/3422270261.jpg,ok
3422270262.avi,Train,342227,2,/Users/amangoyal/Documents/CVPR 2026 Workshop/frames_full/Train/3422270262.jpg,ok
3422270263.avi,Train,342227,3,/Users/amangoyal/Documents/CVPR 2026 Workshop/frames_full/Train/3422270263.jpg,ok
3422270264.avi,Train,342227,3,/Users/amangoyal/Documents/CVPR 2026 Workshop/frames_full/Train/3422270264.jpg,ok
3422270267.avi,Train,342227,3,/Users/amangoyal/Documents/CVPR 2026 Workshop/frames_full/Train/3422270267.jpg,ok
3422270268.avi,Train,342227,3,/Users/amangoyal/Documents/CVPR 2026 Workshop/frames_full/Train/3422270268.jpg,ok
3422270269.avi,Train,342227,3,/Users/amangoyal/Documents/CVPR 2026 Workshop/frames_full/Train/3422270269.jpg,ok
342227027.avi,Train,342227,3,/Users/amangoyal/Documents/CVPR 2026 Workshop/frames_full/Train/342227027.jpg,ok
3422270274.avi,Train,342227,2,/Users/amangoyal/Documents/CVPR 2026 Workshop/frames_full/Train/3422270274.jpg,ok
3422270278.avi,Train,342227,3,/Users/amangoyal/Documents/CVPR 2026 Workshop/frames_full/Train/3422270278.jpg,ok
3422270279.avi,Train,342227,3,/Users/amangoyal/Documents/CVPR 2026 Workshop/frames_full/Train/3422270279.jpg,ok
3422270280.avi,Train,342227,3,/Users/amangoyal/Documents/CVPR 2026 Workshop/frames_full/Train/3422270280.jpg,ok
3422270281.avi,Train,342227,3,/Users/amangoyal/Documents/CVPR 2026 Workshop/frames_full/Train/3422270281.jpg,ok
342227029.avi,Train,342227,3,/Users/amangoyal/Documents/CVPR 2026 Workshop/frames_full/Train/342227029.jpg,ok
350361011.avi,Train,350361,2,/Users/amangoyal/Documents/CVPR 2026 Workshop/frames_full/Train/350361011.jpg,ok
3503610110.avi,Train,350361,3,/Users/amangoyal/Documents/CVPR 2026 Workshop/frames_full/Train/3503610110.jpg,ok
3503610111.avi,Train,350361,3,/Users/amangoyal/Documents/CVPR 2026 Workshop/frames_full/Train/3503610111.jpg,ok
3503610112.avi,Train,350361,3,/Users/amangoyal/Documents/CVPR 2026 Workshop/frames_full/Train/3503610112.jpg,ok
3503610113.avi,Train,350361,2,/Users/amangoyal/Documents/CVPR 2026 Workshop/frames_full/Train/3503610113.jpg,ok
3503610114.avi,Train,350361,2,/Users/amangoyal/Documents/CVPR 2026 Workshop/frames_full/Train/3503610114.jpg,ok
3503610115.avi,Train,350361,2,/Users/amangoyal/Documents/CVPR 2026 Workshop/frames_full/Train/3503610115.jpg,ok
3503610116.avi,Train,350361,3,/Users/amangoyal/Documents/CVPR 2026 Workshop/frames_full/Train/3503610116.jpg,ok
3503610117.avi,Train,350361,3,/Users/amangoyal/Documents/CVPR 2026 Workshop/frames_full/Train/3503610117.jpg,ok
3503610118.avi,Train,350361,3,/Users/amangoyal/Documents/CVPR 2026 Workshop/frames_full/Train/3503610118.jpg,ok
3503610119.avi,Train,350361,3,/Users/amangoyal/Documents/CVPR 2026 Workshop/frames_full/Train/3503610119.jpg,ok
350361012.avi,Train,350361,3,/Users/amangoyal/Documents/CVPR 2026 Workshop/frames_full/Train/350361012.jpg,ok
3503610120.avi,Train,350361,2,/Users/amangoyal/Documents/CVPR 2026 Workshop/frames_full/Train/3503610120.jpg,ok
3503610121.avi,Train,350361,3,/Users/amangoyal/Documents/CVPR 2026 Workshop/frames_full/Train/3503610121.jpg,ok
3503610122.avi,Train,350361,3,/Users/amangoyal/Documents/CVPR 2026 Workshop/frames_full/Train/3503610122.jpg,ok
3503610123.avi,Train,350361,3,/Users/amangoyal/Documents/CVPR 2026 Workshop/frames_full/Train/3503610123.jpg,ok
3503610124.avi,Train,350361,3,/Users/amangoyal/Documents/CVPR 2026 Workshop/frames_full/Train/3503610124.jpg,ok
3503610125.avi,Train,350361,3,/Users/amangoyal/Documents/CVPR 2026 Workshop/frames_full/Train/3503610125.jpg,ok
3503610126.avi,Train,350361,3,/Users/amangoyal/Documents/CVPR 2026 Workshop/frames_full/Train/3503610126.jpg,ok
3503610127.avi,Train,350361,2,/Users/amangoyal/Documents/CVPR 2026 Workshop/frames_full/Train/3503610127.jpg,ok
3503610128.avi,Train,350361,3,/Users/amangoyal/Documents/CVPR 2026 Workshop/frames_full/Train/3503610128.jpg,ok
3503610129.avi,Train,350361,2,/Users/amangoyal/Documents/CVPR 2026 Workshop/frames_full/Train/3503610129.jpg,ok
350361013.avi,Train,350361,2,/Users/amangoyal/Documents/CVPR 2026 Workshop/frames_full/Train/350361013.jpg,ok
3503610130.avi,Train,350361,3,/Users/amangoyal/Documents/CVPR 2026 Workshop/frames_full/Train/3503610130.jpg,ok
3503610131.avi,Train,350361,3,/Users/amangoyal/Documents/CVPR 2026 Workshop/frames_full/Train/3503610131.jpg,ok
3503610132.avi,Train,350361,3,/Users/amangoyal/Documents/CVPR 2026 Workshop/frames_full/Train/3503610132.jpg,ok
3503610133.avi,Train,350361,2,/Users/amangoyal/Documents/CVPR 2026 Workshop/frames_full/Train/3503610133.jpg,ok
3503610134.avi,Train,350361,3,/Users/amangoyal/Documents/CVPR 2026 Workshop/frames_full/Train/3503610134.jpg,ok
3503610135.avi,Train,350361,3,/Users/amangoyal/Documents/CVPR 2026 Workshop/frames_full/Train/3503610135.jpg,ok
3503610136.avi,Train,350361,3,/Users/amangoyal/Documents/CVPR 2026 Workshop/frames_full/Train/3503610136.jpg,ok
3503610137.avi,Train,350361,2,/Users/amangoyal/Documents/CVPR 2026 Workshop/frames_full/Train/3503610137.jpg,ok
3503610138.avi,Train,350361,3,/Users/amangoyal/Documents/CVPR 2026 Workshop/frames_full/Train/3503610138.jpg,ok
3503610139.avi,Train,350361,2,/Users/amangoyal/Documents/CVPR 2026 Workshop/frames_full/Train/3503610139.jpg,ok
350361014.avi,Train,350361,3,/Users/amangoyal/Documents/CVPR 2026 Workshop/frames_full/Train/350361014.jpg,ok
3503610140.avi,Train,350361,3,/Users/amangoyal/Documents/CVPR 2026 Workshop/frames_full/Train/3503610140.jpg,ok
3503610141.avi,Train,350361,3,/Users/amangoyal/Documents/CVPR 2026 Workshop/frames_full/Train/3503610141.jpg,ok
3503610142.avi,Train,350361,2,/Users/amangoyal/Documents/CVPR 2026 Workshop/frames_full/Train/3503610142.jpg,ok
3503610143.avi,Train,350361,3,/Users/amangoyal/Documents/CVPR 2026 Workshop/frames_full/Train/3503610143.jpg,ok
3503610144.avi,Train,350361,3,/Users/amangoyal/Documents/CVPR 2026 Workshop/frames_full/Train/3503610144.jpg,ok
3503610145.avi,Train,350361,3,/Users/amangoyal/Documents/CVPR 2026 Workshop/frames_full/Train/3503610145.jpg,ok
3503610146.avi,Train,350361,3,/Users/amangoyal/Documents/CVPR 2026 Workshop/frames_full/Train/3503610146.jpg,ok
3503610147.avi,Train,350361,3,/Users/amangoyal/Documents/CVPR 2026 Workshop/frames_full/Train/3503610147.jpg,ok
3503610148.avi,Train,350361,3,/Users/amangoyal/Documents/CVPR 2026 Workshop/frames_full/Train/3503610148.jpg,ok
3503610149.avi,Train,350361,2,/Users/amangoyal/Documents/CVPR 2026 Workshop/frames_full/Train/3503610149.jpg,ok
350361015.avi,Train,350361,3,/Users/amangoyal/Documents/CVPR 2026 Workshop/frames_full/Train/350361015.jpg,ok
3503610150.avi,Train,350361,3,/Users/amangoyal/Documents/CVPR 2026 Workshop/frames_full/Train/3503610150.jpg,ok
3503610151.avi,Train,350361,3,/Users/amangoyal/Documents/CVPR 2026 Workshop/frames_full/Train/3503610151.jpg,ok
3503610152.avi,Train,350361,3,/Users/amangoyal/Documents/CVPR 2026 Workshop/frames_full/Train/3503610152.jpg,ok
3503610154.avi,Train,350361,3,/Users/amangoyal/Documents/CVPR 2026 Workshop/frames_full/Train/3503610154.jpg,ok
3503610156.avi,Train,350361,3,/Users/amangoyal/Documents/CVPR 2026 Workshop/frames_full/Train/3503610156.jpg,ok
3503610157.avi,Train,350361,2,/Users/amangoyal/Documents/CVPR 2026 Workshop/frames_full/Train/3503610157.jpg,ok
3503610158.avi,Train,350361,1,/Users/amangoyal/Documents/CVPR 2026 Workshop/frames_full/Train/3503610158.jpg,ok
350361016.avi,Train,350361,2,/Users/amangoyal/Documents/CVPR 2026 Workshop/frames_full/Train/350361016.jpg,ok
3503610163.avi,Train,350361,3,/Users/amangoyal/Documents/CVPR 2026 Workshop/frames_full/Train/3503610163.jpg,ok
3503610168.avi,Train,350361,0,/Users/amangoyal/Documents/CVPR 2026 Workshop/frames_full/Train/3503610168.jpg,ok
350361017.avi,Train,350361,3,/Users/amangoyal/Documents/CVPR 2026 Workshop/frames_full/Train/350361017.jpg,ok
350361019.avi,Train,350361,3,/Users/amangoyal/Documents/CVPR 2026 Workshop/frames_full/Train/350361019.jpg,ok
350361021.avi,Train,350361,3,/Users/amangoyal/Documents/CVPR 2026 Workshop/frames_full/Train/350361021.jpg,ok
3503610210.avi,Train,350361,3,/Users/amangoyal/Documents/CVPR 2026 Workshop/frames_full/Train/3503610210.jpg,ok
3503610212.avi,Train,350361,3,/Users/amangoyal/Documents/CVPR 2026 Workshop/frames_full/Train/3503610212.jpg,ok
3503610213.avi,Train,350361,2,/Users/amangoyal/Documents/CVPR 2026 Workshop/frames_full/Train/3503610213.jpg,ok
3503610214.avi,Train,350361,2,/Users/amangoyal/Documents/CVPR 2026 Workshop/frames_full/Train/3503610214.jpg,ok
3503610217.avi,Train,350361,3,/Users/amangoyal/Documents/CVPR 2026 Workshop/frames_full/Train/3503610217.jpg,ok
350361022.avi,Train,350361,2,/Users/amangoyal/Documents/CVPR 2026 Workshop/frames_full/Train/350361022.jpg,ok
3503610223.avi,Train,350361,3,/Users/amangoyal/Documents/CVPR 2026 Workshop/frames_full/Train/3503610223.jpg,ok
3503610224.avi,Train,350361,3,/Users/amangoyal/Documents/CVPR 2026 Workshop/frames_full/Train/3503610224.jpg,ok
3503610225.avi,Train,350361,3,/Users/amangoyal/Documents/CVPR 2026 Workshop/frames_full/Train/3503610225.jpg,ok
3503610226.avi,Train,350361,3,/Users/amangoyal/Documents/CVPR 2026 Workshop/frames_full/Train/3503610226.jpg,ok
3503610227.avi,Train,350361,3,/Users/amangoyal/Documents/CVPR 2026 Workshop/frames_full/Train/3503610227.jpg,ok
3503610228.avi,Train,350361,3,/Users/amangoyal/Documents/CVPR 2026 Workshop/frames_full/Train/3503610228.jpg,ok
350361023.avi,Train,350361,3,/Users/amangoyal/Documents/CVPR 2026 Workshop/frames_full/Train/350361023.jpg,ok
3503610230.avi,Train,350361,3,/Users/amangoyal/Documents/CVPR 2026 Workshop/frames_full/Train/3503610230.jpg,ok
3503610231.avi,Train,350361,3,/Users/amangoyal/Documents/CVPR 2026 Workshop/frames_full/Train/3503610231.jpg,ok
3503610233.avi,Train,350361,3,/Users/amangoyal/Documents/CVPR 2026 Workshop/frames_full/Train/3503610233.jpg,ok
3503610234.avi,Train,350361,2,/Users/amangoyal/Documents/CVPR 2026 Workshop/frames_full/Train/3503610234.jpg,ok
3503610235.avi,Train,350361,3,/Users/amangoyal/Documents/CVPR 2026 Workshop/frames_full/Train/3503610235.jpg,ok
3503610236.avi,Train,350361,3,/Users/amangoyal/Documents/CVPR 2026 Workshop/frames_full/Train/3503610236.jpg,ok
3503610237.avi,Train,350361,3,/Users/amangoyal/Documents/CVPR 2026 Workshop/frames_full/Train/3503610237.jpg,ok
3503610238.avi,Train,350361,3,/Users/amangoyal/Documents/CVPR 2026 Workshop/frames_full/Train/3503610238.jpg,ok
350361024.avi,Train,350361,3,/Users/amangoyal/Documents/CVPR 2026 Workshop/frames_full/Train/350361024.jpg,ok
3503610240.avi,Train,350361,3,/Users/amangoyal/Documents/CVPR 2026 Workshop/frames_full/Train/3503610240.jpg,ok
3503610241.avi,Train,350361,2,/Users/amangoyal/Documents/CVPR 2026 Workshop/frames_full/Train/3503610241.jpg,ok
3503610242.avi,Train,350361,3,/Users/amangoyal/Documents/CVPR 2026 Workshop/frames_full/Train/3503610242.jpg,ok
3503610245.avi,Train,350361,3,/Users/amangoyal/Documents/CVPR 2026 Workshop/frames_full/Train/3503610245.jpg,ok
3503610246.avi,Train,350361,3,/Users/amangoyal/Documents/CVPR 2026 Workshop/frames_full/Train/3503610246.jpg,ok
3503610248.avi,Train,350361,3,/Users/amangoyal/Documents/CVPR 2026 Workshop/frames_full/Train/3503610248.jpg,ok
3503610250.avi,Train,350361,3,/Users/amangoyal/Documents/CVPR 2026 Workshop/frames_full/Train/3503610250.jpg,ok
3503610251.avi,Train,350361,2,/Users/amangoyal/Documents/CVPR 2026 Workshop/frames_full/Train/3503610251.jpg,ok
3503610252.avi,Train,350361,3,/Users/amangoyal/Documents/CVPR 2026 Workshop/frames_full/Train/3503610252.jpg,ok
3503610253.avi,Train,350361,3,/Users/amangoyal/Documents/CVPR 2026 Workshop/frames_full/Train/3503610253.jpg,ok
3503610254.avi,Train,350361,3,/Users/amangoyal/Documents/CVPR 2026 Workshop/frames_full/Train/3503610254.jpg,ok
3503610255.avi,Train,350361,2,/Users/amangoyal/Documents/CVPR 2026 Workshop/frames_full/Train/3503610255.jpg,ok
3503610256.avi,Train,350361,3,/Users/amangoyal/Documents/CVPR 2026 Workshop/frames_full/Train/3503610256.jpg,ok
3503610257.avi,Train,350361,3,/Users/amangoyal/Documents/CVPR 2026 Workshop/frames_full/Train/3503610257.jpg,ok
350361026.avi,Train,350361,3,/Users/amangoyal/Documents/CVPR 2026 Workshop/frames_full/Train/350361026.jpg,ok
3503610260.avi,Train,350361,3,/Users/amangoyal/Documents/CVPR 2026 Workshop/frames_full/Train/3503610260.jpg,ok
3503610261.avi,Train,350361,3,/Users/amangoyal/Documents/CVPR 2026 Workshop/frames_full/Train/3503610261.jpg,ok
3503610264.avi,Train,350361,3,/Users/amangoyal/Documents/CVPR 2026 Workshop/frames_full/Train/3503610264.jpg,ok
3503610265.avi,Train,350361,2,/Users/amangoyal/Documents/CVPR 2026 Workshop/frames_full/Train/3503610265.jpg,ok
3503610266.avi,Train,350361,3,/Users/amangoyal/Documents/CVPR 2026 Workshop/frames_full/Train/3503610266.jpg,ok
3503610267.avi,Train,350361,3,/Users/amangoyal/Documents/CVPR 2026 Workshop/frames_full/Train/3503610267.jpg,ok
3503610268.avi,Train,350361,3,/Users/amangoyal/Documents/CVPR 2026 Workshop/frames_full/Train/3503610268.jpg,ok
3503610269.avi,Train,350361,2,/Users/amangoyal/Documents/CVPR 2026 Workshop/frames_full/Train/3503610269.jpg,ok
3503610270.avi,Train,350361,3,/Users/amangoyal/Documents/CVPR 2026 Workshop/frames_full/Train/3503610270.jpg,ok
3503610272.avi,Train,350361,2,/Users/amangoyal/Documents/CVPR 2026 Workshop/frames_full/Train/3503610272.jpg,ok
3503610273.avi,Train,350361,3,/Users/amangoyal/Documents/CVPR 2026 Workshop/frames_full/Train/3503610273.jpg,ok
3503610275.avi,Train,350361,2,/Users/amangoyal/Documents/CVPR 2026 Workshop/frames_full/Train/3503610275.jpg,ok
3503610276.avi,Train,350361,2,/Users/amangoyal/Documents/CVPR 2026 Workshop/frames_full/Train/3503610276.jpg,ok
3503610277.avi,Train,350361,3,/Users/amangoyal/Documents/CVPR 2026 Workshop/frames_full/Train/3503610277.jpg,ok
3503610278.avi,Train,350361,2,/Users/amangoyal/Documents/CVPR 2026 Workshop/frames_full/Train/3503610278.jpg,ok
3503610279.avi,Train,350361,3,/Users/amangoyal/Documents/CVPR 2026 Workshop/frames_full/Train/3503610279.jpg,ok
350361028.avi,Train,350361,1,/Users/amangoyal/Documents/CVPR 2026 Workshop/frames_full/Train/350361028.jpg,ok
350361029.avi,Train,350361,2,/Users/amangoyal/Documents/CVPR 2026 Workshop/frames_full/Train/350361029.jpg,ok
4000181002.avi,Train,400018,2,/Users/amangoyal/Documents/CVPR 2026 Workshop/frames_full/Train/4000181002.jpg,ok
4000181004.avi,Train,400018,1,/Users/amangoyal/Documents/CVPR 2026 Workshop/frames_full/Train/4000181004.jpg,ok
4000181005.avi,Train,400018,2,/Users/amangoyal/Documents/CVPR 2026 Workshop/frames_full/Train/4000181005.jpg,ok
4000181006.avi,Train,400018,2,/Users/amangoyal/Documents/CVPR 2026 Workshop/frames_full/Train/4000181006.jpg,ok
4000181007.avi,Train,400018,2,/Users/amangoyal/Documents/CVPR 2026 Workshop/frames_full/Train/4000181007.jpg,ok
4000181008.avi,Train,400018,2,/Users/amangoyal/Documents/CVPR 2026 Workshop/frames_full/Train/4000181008.jpg,ok
4000181010.avi,Train,400018,2,/Users/amangoyal/Documents/CVPR 2026 Workshop/frames_full/Train/4000181010.jpg,ok
4000181011.avi,Train,400018,2,/Users/amangoyal/Documents/CVPR 2026 Workshop/frames_full/Train/4000181011.jpg,ok
4000181012.avi,Train,400018,2,/Users/amangoyal/Documents/CVPR 2026 Workshop/frames_full/Train/4000181012.jpg,ok
4000181013.avi,Train,400018,3,/Users/amangoyal/Documents/CVPR 2026 Workshop/frames_full/Train/4000181013.jpg,ok
4000181014.avi,Train,400018,3,/Users/amangoyal/Documents/CVPR 2026 Workshop/frames_full/Train/4000181014.jpg,ok
4000181015.avi,Train,400018,1,/Users/amangoyal/Documents/CVPR 2026 Workshop/frames_full/Train/4000181015.jpg,ok
4000181016.avi,Train,400018,2,/Users/amangoyal/Documents/CVPR 2026 Workshop/frames_full/Train/4000181016.jpg,ok
4000181017.avi,Train,400018,2,/Users/amangoyal/Documents/CVPR 2026 Workshop/frames_full/Train/4000181017.jpg,ok
4000181019.avi,Train,400018,2,/Users/amangoyal/Documents/CVPR 2026 Workshop/frames_full/Train/4000181019.jpg,ok
4000181020.avi,Train,400018,3,/Users/amangoyal/Documents/CVPR 2026 Workshop/frames_full/Train/4000181020.jpg,ok
4000181022.avi,Train,400018,3,/Users/amangoyal/Documents/CVPR 2026 Workshop/frames_full/Train/4000181022.jpg,ok
4000181023.avi,Train,400018,2,/Users/amangoyal/Documents/CVPR 2026 Workshop/frames_full/Train/4000181023.jpg,ok
4000181024.avi,Train,400018,3,/Users/amangoyal/Documents/CVPR 2026 Workshop/frames_full/Train/4000181024.jpg,ok
4000181026.avi,Train,400018,3,/Users/amangoyal/Documents/CVPR 2026 Workshop/frames_full/Train/4000181026.jpg,ok
4000181027.avi,Train,400018,2,/Users/amangoyal/Documents/CVPR 2026 Workshop/frames_full/Train/4000181027.jpg,ok
4000181028.avi,Train,400018,3,/Users/amangoyal/Documents/CVPR 2026 Workshop/frames_full/Train/4000181028.jpg,ok
4000181029.avi,Train,400018,2,/Users/amangoyal/Documents/CVPR 2026 Workshop/frames_full/Train/4000181029.jpg,ok
4000181030.avi,Train,400018,3,/Users/amangoyal/Documents/CVPR 2026 Workshop/frames_full/Train/4000181030.jpg,ok
4000181031.avi,Train,400018,2,/Users/amangoyal/Documents/CVPR 2026 Workshop/frames_full/Train/4000181031.jpg,ok
4000181032.avi,Train,400018,2,/Users/amangoyal/Documents/CVPR 2026 Workshop/frames_full/Train/4000181032.jpg,ok
4000181033.avi,Train,400018,3,/Users/amangoyal/Documents/CVPR 2026 Workshop/frames_full/Train/4000181033.jpg,ok
4000181035.avi,Train,400018,3,/Users/amangoyal/Documents/CVPR 2026 Workshop/frames_full/Train/4000181035.jpg,ok
4000181036.avi,Train,400018,2,/Users/amangoyal/Documents/CVPR 2026 Workshop/frames_full/Train/4000181036.jpg,ok
4000181037.avi,Train,400018,2,/Users/amangoyal/Documents/CVPR 2026 Workshop/frames_full/Train/4000181037.jpg,ok
4000181039.avi,Train,400018,2,/Users/amangoyal/Documents/CVPR 2026 Workshop/frames_full/Train/4000181039.jpg,ok
4000181041.avi,Train,400018,3,/Users/amangoyal/Documents/CVPR 2026 Workshop/frames_full/Train/4000181041.jpg,ok
4000181042.avi,Train,400018,3,/Users/amangoyal/Documents/CVPR 2026 Workshop/frames_full/Train/4000181042.jpg,ok
4000181043.avi,Train,400018,2,/Users/amangoyal/Documents/CVPR 2026 Workshop/frames_full/Train/4000181043.jpg,ok
4000181044.avi,Train,400018,3,/Users/amangoyal/Documents/CVPR 2026 Workshop/frames_full/Train/4000181044.jpg,ok
4000181045.avi,Train,400018,2,/Users/amangoyal/Documents/CVPR 2026 Workshop/frames_full/Train/4000181045.jpg,ok
4000181046.avi,Train,400018,2,/Users/amangoyal/Documents/CVPR 2026 Workshop/frames_full/Train/4000181046.jpg,ok
4000181047.avi,Train,400018,2,/Users/amangoyal/Documents/CVPR 2026 Workshop/frames_full/Train/4000181047.jpg,ok
4000181048.avi,Train,400018,3,/Users/amangoyal/Documents/CVPR 2026 Workshop/frames_full/Train/4000181048.jpg,ok
4000181049.avi,Train,400018,3,/Users/amangoyal/Documents/CVPR 2026 Workshop/frames_full/Train/4000181049.jpg,ok
4000181053.avi,Train,400018,2,/Users/amangoyal/Documents/CVPR 2026 Workshop/frames_full/Train/4000181053.jpg,ok
4000181054.avi,Train,400018,2,/Users/amangoyal/Documents/CVPR 2026 Workshop/frames_full/Train/4000181054.jpg,ok
4000181055.avi,Train,400018,2,/Users/amangoyal/Documents/CVPR 2026 Workshop/frames_full/Train/4000181055.jpg,ok
4000181056.avi,Train,400018,3,/Users/amangoyal/Documents/CVPR 2026 Workshop/frames_full/Train/4000181056.jpg,ok
4000181057.avi,Train,400018,2,/Users/amangoyal/Documents/CVPR 2026 Workshop/frames_full/Train/4000181057.jpg,ok
4000181060.avi,Train,400018,2,/Users/amangoyal/Documents/CVPR 2026 Workshop/frames_full/Train/4000181060.jpg,ok
4000181061.avi,Train,400018,3,/Users/amangoyal/Documents/CVPR 2026 Workshop/frames_full/Train/4000181061.jpg,ok
4000181062.avi,Train,400018,2,/Users/amangoyal/Documents/CVPR 2026 Workshop/frames_full/Train/4000181062.jpg,ok
4000181063.avi,Train,400018,2,/Users/amangoyal/Documents/CVPR 2026 Workshop/frames_full/Train/4000181063.jpg,ok
4000181064.avi,Train,400018,2,/Users/amangoyal/Documents/CVPR 2026 Workshop/frames_full/Train/4000181064.jpg,ok
4000181065.avi,Train,400018,2,/Users/amangoyal/Documents/CVPR 2026 Workshop/frames_full/Train/4000181065.jpg,ok
4000181066.avi,Train,400018,3,/Users/amangoyal/Documents/CVPR 2026 Workshop/frames_full/Train/4000181066.jpg,ok
4000181067.avi,Train,400018,2,/Users/amangoyal/Documents/CVPR 2026 Workshop/frames_full/Train/4000181067.jpg,ok
4000181068.avi,Train,400018,2,/Users/amangoyal/Documents/CVPR 2026 Workshop/frames_full/Train/4000181068.jpg,ok
4000181069.avi,Train,400018,2,/Users/amangoyal/Documents/CVPR 2026 Workshop/frames_full/Train/4000181069.jpg,ok
4000181070.avi,Train,400018,3,/Users/amangoyal/Documents/CVPR 2026 Workshop/frames_full/Train/4000181070.jpg,ok
4000181072.avi,Train,400018,2,/Users/amangoyal/Documents/CVPR 2026 Workshop/frames_full/Train/4000181072.jpg,ok
4000181073.avi,Train,400018,2,/Users/amangoyal/Documents/CVPR 2026 Workshop/frames_full/Train/4000181073.jpg,ok
4000181074.avi,Train,400018,2,/Users/amangoyal/Documents/CVPR 2026 Workshop/frames_full/Train/4000181074.jpg,ok
4000181075.avi,Train,400018,2,/Users/amangoyal/Documents/CVPR 2026 Workshop/frames_full/Train/4000181075.jpg,ok
4000181076.avi,Train,400018,2,/Users/amangoyal/Documents/CVPR 2026 Workshop/frames_full/Train/4000181076.jpg,ok
4000181077.avi,Train,400018,2,/Users/amangoyal/Documents/CVPR 2026 Workshop/frames_full/Train/4000181077.jpg,ok
4000181078.avi,Train,400018,3,/Users/amangoyal/Documents/CVPR 2026 Workshop/frames_full/Train/4000181078.jpg,ok
4000181079.avi,Train,400018,2,/Users/amangoyal/Documents/CVPR 2026 Workshop/frames_full/Train/4000181079.jpg,ok
4000181080.avi,Train,400018,3,/Users/amangoyal/Documents/CVPR 2026 Workshop/frames_full/Train/4000181080.jpg,ok
4000182003.avi,Train,400018,3,/Users/amangoyal/Documents/CVPR 2026 Workshop/frames_full/Train/4000182003.jpg,ok
4000182004.avi,Train,400018,2,/Users/amangoyal/Documents/CVPR 2026 Workshop/frames_full/Train/4000182004.jpg,ok
4000182005.avi,Train,400018,2,/Users/amangoyal/Documents/CVPR 2026 Workshop/frames_full/Train/4000182005.jpg,ok
4000182006.avi,Train,400018,2,/Users/amangoyal/Documents/CVPR 2026 Workshop/frames_full/Train/4000182006.jpg,ok
4000182007.avi,Train,400018,3,/Users/amangoyal/Documents/CVPR 2026 Workshop/frames_full/Train/4000182007.jpg,ok
4000182008.avi,Train,400018,2,/Users/amangoyal/Documents/CVPR 2026 Workshop/frames_full/Train/4000182008.jpg,ok
4000182009.avi,Train,400018,3,/Users/amangoyal/Documents/CVPR 2026 Workshop/frames_full/Train/4000182009.jpg,ok
4000182010.avi,Train,400018,3,/Users/amangoyal/Documents/CVPR 2026 Workshop/frames_full/Train/4000182010.jpg,ok
4000182011.avi,Train,400018,2,/Users/amangoyal/Documents/CVPR 2026 Workshop/frames_full/Train/4000182011.jpg,ok
4000182013.avi,Train,400018,3,/Users/amangoyal/Documents/CVPR 2026 Workshop/frames_full/Train/4000182013.jpg,ok
4000182014.avi,Train,400018,3,/Users/amangoyal/Documents/CVPR 2026 Workshop/frames_full/Train/4000182014.jpg,ok
4000182015.avi,Train,400018,2,/Users/amangoyal/Documents/CVPR 2026 Workshop/frames_full/Train/4000182015.jpg,ok
4000182016.avi,Train,400018,2,/Users/amangoyal/Documents/CVPR 2026 Workshop/frames_full/Train/4000182016.jpg,ok
4000182017.avi,Train,400018,3,/Users/amangoyal/Documents/CVPR 2026 Workshop/frames_full/Train/4000182017.jpg,ok
4000182018.avi,Train,400018,2,/Users/amangoyal/Documents/CVPR 2026 Workshop/frames_full/Train/4000182018.jpg,ok
4000182020.avi,Train,400018,3,/Users/amangoyal/Documents/CVPR 2026 Workshop/frames_full/Train/4000182020.jpg,ok
4000182022.avi,Train,400018,2,/Users/amangoyal/Documents/CVPR 2026 Workshop/frames_full/Train/4000182022.jpg,ok
4000182024.avi,Train,400018,2,/Users/amangoyal/Documents/CVPR 2026 Workshop/frames_full/Train/4000182024.jpg,ok
4000182025.avi,Train,400018,3,/Users/amangoyal/Documents/CVPR 2026 Workshop/frames_full/Train/4000182025.jpg,ok
4000182026.avi,Train,400018,2,/Users/amangoyal/Documents/CVPR 2026 Workshop/frames_full/Train/4000182026.jpg,ok
4000182027.avi,Train,400018,2,/Users/amangoyal/Documents/CVPR 2026 Workshop/frames_full/Train/4000182027.jpg,ok
4000182028.avi,Train,400018,2,/Users/amangoyal/Documents/CVPR 2026 Workshop/frames_full/Train/4000182028.jpg,ok
4000182029.avi,Train,400018,2,/Users/amangoyal/Documents/CVPR 2026 Workshop/frames_full/Train/4000182029.jpg,ok
4000182030.avi,Train,400018,3,/Users/amangoyal/Documents/CVPR 2026 Workshop/frames_full/Train/4000182030.jpg,ok
4000182031.avi,Train,400018,2,/Users/amangoyal/Documents/CVPR 2026 Workshop/frames_full/Train/4000182031.jpg,ok
4000182032.avi,Train,400018,3,/Users/amangoyal/Documents/CVPR 2026 Workshop/frames_full/Train/4000182032.jpg,ok
4000182033.avi,Train,400018,2,/Users/amangoyal/Documents/CVPR 2026 Workshop/frames_full/Train/4000182033.jpg,ok
4000182035.avi,Train,400018,1,/Users/amangoyal/Documents/CVPR 2026 Workshop/frames_full/Train/4000182035.jpg,ok
4000182036.avi,Train,400018,2,/Users/amangoyal/Documents/CVPR 2026 Workshop/frames_full/Train/4000182036.jpg,ok
4000182037.avi,Train,400018,2,/Users/amangoyal/Documents/CVPR 2026 Workshop/frames_full/Train/4000182037.jpg,ok
4000182038.avi,Train,400018,2,/Users/amangoyal/Documents/CVPR 2026 Workshop/frames_full/Train/4000182038.jpg,ok
4000182039.avi,Train,400018,2,/Users/amangoyal/Documents/CVPR 2026 Workshop/frames_full/Train/4000182039.jpg,ok
4000182040.avi,Train,400018,3,/Users/amangoyal/Documents/CVPR 2026 Workshop/frames_full/Train/4000182040.jpg,ok
4000182041.avi,Train,400018,3,/Users/amangoyal/Documents/CVPR 2026 Workshop/frames_full/Train/4000182041.jpg,ok
4000182042.avi,Train,400018,3,/Users/amangoyal/Documents/CVPR 2026 Workshop/frames_full/Train/4000182042.jpg,ok
4000182044.avi,Train,400018,3,/Users/amangoyal/Documents/CVPR 2026 Workshop/frames_full/Train/4000182044.jpg,ok
4000182046.avi,Train,400018,2,/Users/amangoyal/Documents/CVPR 2026 Workshop/frames_full/Train/4000182046.jpg,ok
4000182047.avi,Train,400018,2,/Users/amangoyal/Documents/CVPR 2026 Workshop/frames_full/Train/4000182047.jpg,ok
4000182049.avi,Train,400018,3,/Users/amangoyal/Documents/CVPR 2026 Workshop/frames_full/Train/4000182049.jpg,ok
4000182050.avi,Train,400018,2,/Users/amangoyal/Documents/CVPR 2026 Workshop/frames_full/Train/4000182050.jpg,ok
4000182051.avi,Train,400018,2,/Users/amangoyal/Documents/CVPR 2026 Workshop/frames_full/Train/4000182051.jpg,ok
4000182053.avi,Train,400018,2,/Users/amangoyal/Documents/CVPR 2026 Workshop/frames_full/Train/4000182053.jpg,ok
4000182054.avi,Train,400018,2,/Users/amangoyal/Documents/CVPR 2026 Workshop/frames_full/Train/4000182054.jpg,ok
4000182055.avi,Train,400018,2,/Users/amangoyal/Documents/CVPR 2026 Workshop/frames_full/Train/4000182055.jpg,ok
4000182058.avi,Train,400018,2,/Users/amangoyal/Documents/CVPR 2026 Workshop/frames_full/Train/4000182058.jpg,ok
4000182059.avi,Train,400018,3,/Users/amangoyal/Documents/CVPR 2026 Workshop/frames_full/Train/4000182059.jpg,ok
4000182060.avi,Train,400018,3,/Users/amangoyal/Documents/CVPR 2026 Workshop/frames_full/Train/4000182060.jpg,ok
4000182062.avi,Train,400018,2,/Users/amangoyal/Documents/CVPR 2026 Workshop/frames_full/Train/4000182062.jpg,ok
4000182063.avi,Train,400018,2,/Users/amangoyal/Documents/CVPR 2026 Workshop/frames_full/Train/4000182063.jpg,ok
4000182064.avi,Train,400018,3,/Users/amangoyal/Documents/CVPR 2026 Workshop/frames_full/Train/4000182064.jpg,ok
4000182067.avi,Train,400018,2,/Users/amangoyal/Documents/CVPR 2026 Workshop/frames_full/Train/4000182067.jpg,ok
4000182068.avi,Train,400018,2,/Users/amangoyal/Documents/CVPR 2026 Workshop/frames_full/Train/4000182068.jpg,ok
4000182069.avi,Train,400018,2,/Users/amangoyal/Documents/CVPR 2026 Workshop/frames_full/Train/4000182069.jpg,ok
4000221001.avi,Validation,400022,2,/Users/amangoyal/Documents/CVPR 2026 Workshop/frames_full/Validation/4000221001.jpg,ok
4000221002.avi,Validation,400022,3,/Users/amangoyal/Documents/CVPR 2026 Workshop/frames_full/Validation/4000221002.jpg,ok
4000221006.avi,Validation,400022,2,/Users/amangoyal/Documents/CVPR 2026 Workshop/frames_full/Validation/4000221006.jpg,ok
4000221008.avi,Validation,400022,3,/Users/amangoyal/Documents/CVPR 2026 Workshop/frames_full/Validation/4000221008.jpg,ok
4000221009.avi,Validation,400022,2,/Users/amangoyal/Documents/CVPR 2026 Workshop/frames_full/Validation/4000221009.jpg,ok
4000221010.avi,Validation,400022,2,/Users/amangoyal/Documents/CVPR 2026 Workshop/frames_full/Validation/4000221010.jpg,ok
4000221011.avi,Validation,400022,2,/Users/amangoyal/Documents/CVPR 2026 Workshop/frames_full/Validation/4000221011.jpg,ok
4000221013.avi,Validation,400022,2,/Users/amangoyal/Documents/CVPR 2026 Workshop/frames_full/Validation/4000221013.jpg,ok
4000221014.avi,Validation,400022,2,/Users/amangoyal/Documents/CVPR 2026 Workshop/frames_full/Validation/4000221014.jpg,ok
4000221015.avi,Validation,400022,2,/Users/amangoyal/Documents/CVPR 2026 Workshop/frames_full/Validation/4000221015.jpg,ok
4000221016.avi,Validation,400022,3,/Users/amangoyal/Documents/CVPR 2026 Workshop/frames_full/Validation/4000221016.jpg,ok
4000221017.avi,Validation,400022,3,/Users/amangoyal/Documents/CVPR 2026 Workshop/frames_full/Validation/4000221017.jpg,ok
4000221018.avi,Validation,400022,2,/Users/amangoyal/Documents/CVPR 2026 Workshop/frames_full/Validation/4000221018.jpg,ok
4000221024.avi,Validation,400022,2,/Users/amangoyal/Documents/CVPR 2026 Workshop/frames_full/Validation/4000221024.jpg,ok
4000221033.avi,Validation,400022,2,/Users/amangoyal/Documents/CVPR 2026 Workshop/frames_full/Validation/4000221033.jpg,ok
4000221034.avi,Validation,400022,2,/Users/amangoyal/Documents/CVPR 2026 Workshop/frames_full/Validation/4000221034.jpg,ok
4000221035.avi,Validation,400022,2,/Users/amangoyal/Documents/CVPR 2026 Workshop/frames_full/Validation/4000221035.jpg,ok
4000221036.avi,Validation,400022,2,/Users/amangoyal/Documents/CVPR 2026 Workshop/frames_full/Validation/4000221036.jpg,ok
4000221040.avi,Validation,400022,1,/Users/amangoyal/Documents/CVPR 2026 Workshop/frames_full/Validation/4000221040.jpg,ok
4000221041.avi,Validation,400022,2,/Users/amangoyal/Documents/CVPR 2026 Workshop/frames_full/Validation/4000221041.jpg,ok
4000221042.avi,Validation,400022,3,/Users/amangoyal/Documents/CVPR 2026 Workshop/frames_full/Validation/4000221042.jpg,ok
4000221054.avi,Validation,400022,2,/Users/amangoyal/Documents/CVPR 2026 Workshop/frames_full/Validation/4000221054.jpg,ok
4000221055.avi,Validation,400022,2,/Users/amangoyal/Documents/CVPR 2026 Workshop/frames_full/Validation/4000221055.jpg,ok
4000221061.avi,Validation,400022,3,/Users/amangoyal/Documents/CVPR 2026 Workshop/frames_full/Validation/4000221061.jpg,ok
4000221062.avi,Validation,400022,3,/Users/amangoyal/Documents/CVPR 2026 Workshop/frames_full/Validation/4000221062.jpg,ok
4000221064.avi,Validation,400022,2,/Users/amangoyal/Documents/CVPR 2026 Workshop/frames_full/Validation/4000221064.jpg,ok
4000221065.avi,Validation,400022,2,/Users/amangoyal/Documents/CVPR 2026 Workshop/frames_full/Validation/4000221065.jpg,ok
4000221066.avi,Validation,400022,2,/Users/amangoyal/Documents/CVPR 2026 Workshop/frames_full/Validation/4000221066.jpg,ok
4000221067.avi,Validation,400022,2,/Users/amangoyal/Documents/CVPR 2026 Workshop/frames_full/Validation/4000221067.jpg,ok
4000221071.avi,Validation,400022,2,/Users/amangoyal/Documents/CVPR 2026 Workshop/frames_full/Validation/4000221071.jpg,ok
4000221072.avi,Validation,400022,2,/Users/amangoyal/Documents/CVPR 2026 Workshop/frames_full/Validation/4000221072.jpg,ok
4000222001.avi,Validation,400022,3,/Users/amangoyal/Documents/CVPR 2026 Workshop/frames_full/Validation/4000222001.jpg,ok
4000222003.avi,Validation,400022,2,/Users/amangoyal/Documents/CVPR 2026 Workshop/frames_full/Validation/4000222003.jpg,ok
4000222004.avi,Validation,400022,3,/Users/amangoyal/Documents/CVPR 2026 Workshop/frames_full/Validation/4000222004.jpg,ok
4000222007.avi,Validation,400022,2,/Users/amangoyal/Documents/CVPR 2026 Workshop/frames_full/Validation/4000222007.jpg,ok
4000222012.avi,Validation,400022,3,/Users/amangoyal/Documents/CVPR 2026 Workshop/frames_full/Validation/4000222012.jpg,ok
4000222013.avi,Validation,400022,2,/Users/amangoyal/Documents/CVPR 2026 Workshop/frames_full/Validation/4000222013.jpg,ok
4000222014.avi,Validation,400022,2,/Users/amangoyal/Documents/CVPR 2026 Workshop/frames_full/Validation/4000222014.jpg,ok
4000222015.avi,Validation,400022,2,/Users/amangoyal/Documents/CVPR 2026 Workshop/frames_full/Validation/4000222015.jpg,ok
4000222017.avi,Validation,400022,2,/Users/amangoyal/Documents/CVPR 2026 Workshop/frames_full/Validation/4000222017.jpg,ok
4000222031.avi,Validation,400022,1,/Users/amangoyal/Documents/CVPR 2026 Workshop/frames_full/Validation/4000222031.jpg,ok
4000222032.avi,Validation,400022,0,/Users/amangoyal/Documents/CVPR 2026 Workshop/frames_full/Validation/4000222032.jpg,ok
4000222035.avi,Validation,400022,2,/Users/amangoyal/Documents/CVPR 2026 Workshop/frames_full/Validation/4000222035.jpg,ok
4000222036.avi,Validation,400022,1,/Users/amangoyal/Documents/CVPR 2026 Workshop/frames_full/Validation/4000222036.jpg,ok
4000222038.avi,Validation,400022,3,/Users/amangoyal/Documents/CVPR 2026 Workshop/frames_full/Validation/4000222038.jpg,ok
4000222039.avi,Validation,400022,3,/Users/amangoyal/Documents/CVPR 2026 Workshop/frames_full/Validation/4000222039.jpg,ok
4000222040.avi,Validation,400022,2,/Users/amangoyal/Documents/CVPR 2026 Workshop/frames_full/Validation/4000222040.jpg,ok
4000222041.avi,Validation,400022,1,/Users/amangoyal/Documents/CVPR 2026 Workshop/frames_full/Validation/4000222041.jpg,ok
4000222042.avi,Validation,400022,2,/Users/amangoyal/Documents/CVPR 2026 Workshop/frames_full/Validation/4000222042.jpg,ok
4000222044.avi,Validation,400022,2,/Users/amangoyal/Documents/CVPR 2026 Workshop/frames_full/Validation/4000222044.jpg,ok
4000222045.avi,Validation,400022,2,/Users/amangoyal/Documents/CVPR 2026 Workshop/frames_full/Validation/4000222045.jpg,ok
4000222046.avi,Validation,400022,3,/Users/amangoyal/Documents/CVPR 2026 Workshop/frames_full/Validation/4000222046.jpg,ok
4000222051.avi,Validation,400022,2,/Users/amangoyal/Documents/CVPR 2026 Workshop/frames_full/Validation/4000222051.jpg,ok
4000222052.avi,Validation,400022,2,/Users/amangoyal/Documents/CVPR 2026 Workshop/frames_full/Validation/4000222052.jpg,ok
4000222054.avi,Validation,400022,3,/Users/amangoyal/Documents/CVPR 2026 Workshop/frames_full/Validation/4000222054.jpg,ok
4000222056.avi,Validation,400022,2,/Users/amangoyal/Documents/CVPR 2026 Workshop/frames_full/Validation/4000222056.jpg,ok
4000222057.avi,Validation,400022,2,/Users/amangoyal/Documents/CVPR 2026 Workshop/frames_full/Validation/4000222057.jpg,ok
4000222068.avi,Validation,400022,2,/Users/amangoyal/Documents/CVPR 2026 Workshop/frames_full/Validation/4000222068.jpg,ok
4000222069.avi,Validation,400022,2,/Users/amangoyal/Documents/CVPR 2026 Workshop/frames_full/Validation/4000222069.jpg,ok
4000222070.avi,Validation,400022,3,/Users/amangoyal/Documents/CVPR 2026 Workshop/frames_full/Validation/4000222070.jpg,ok
4000231001.avi,Validation,400023,3,/Users/amangoyal/Documents/CVPR 2026 Workshop/frames_full/Validation/4000231001.jpg,ok
4000231008.avi,Validation,400023,2,/Users/amangoyal/Documents/CVPR 2026 Workshop/frames_full/Validation/4000231008.jpg,ok
4000231010.avi,Validation,400023,2,/Users/amangoyal/Documents/CVPR 2026 Workshop/frames_full/Validation/4000231010.jpg,ok
4000231011.avi,Validation,400023,3,/Users/amangoyal/Documents/CVPR 2026 Workshop/frames_full/Validation/4000231011.jpg,ok
4000231012.avi,Validation,400023,3,/Users/amangoyal/Documents/CVPR 2026 Workshop/frames_full/Validation/4000231012.jpg,ok
4000231013.avi,Validation,400023,2,/Users/amangoyal/Documents/CVPR 2026 Workshop/frames_full/Validation/4000231013.jpg,ok
4000231014.avi,Validation,400023,2,/Users/amangoyal/Documents/CVPR 2026 Workshop/frames_full/Validation/4000231014.jpg,ok
4000231021.avi,Validation,400023,3,/Users/amangoyal/Documents/CVPR 2026 Workshop/frames_full/Validation/4000231021.jpg,ok
4000231032.avi,Validation,400023,3,/Users/amangoyal/Documents/CVPR 2026 Workshop/frames_full/Validation/4000231032.jpg,ok
4000231033.avi,Validation,400023,2,/Users/amangoyal/Documents/CVPR 2026 Workshop/frames_full/Validation/4000231033.jpg,ok
4000231034.avi,Validation,400023,2,/Users/amangoyal/Documents/CVPR 2026 Workshop/frames_full/Validation/4000231034.jpg,ok
4000231037.avi,Validation,400023,3,/Users/amangoyal/Documents/CVPR 2026 Workshop/frames_full/Validation/4000231037.jpg,ok
4000231038.avi,Validation,400023,3,/Users/amangoyal/Documents/CVPR 2026 Workshop/frames_full/Validation/4000231038.jpg,ok
4000231047.avi,Validation,400023,2,/Users/amangoyal/Documents/CVPR 2026 Workshop/frames_full/Validation/4000231047.jpg,ok
4000231049.avi,Validation,400023,2,/Users/amangoyal/Documents/CVPR 2026 Workshop/frames_full/Validation/4000231049.jpg,ok
4000231052.avi,Validation,400023,2,/Users/amangoyal/Documents/CVPR 2026 Workshop/frames_full/Validation/4000231052.jpg,ok
4000231060.avi,Validation,400023,2,/Users/amangoyal/Documents/CVPR 2026 Workshop/frames_full/Validation/4000231060.jpg,ok
4000231061.avi,Validation,400023,2,/Users/amangoyal/Documents/CVPR 2026 Workshop/frames_full/Validation/4000231061.jpg,ok
4000231063.avi,Validation,400023,2,/Users/amangoyal/Documents/CVPR 2026 Workshop/frames_full/Validation/4000231063.jpg,ok
4000231065.avi,Validation,400023,3,/Users/amangoyal/Documents/CVPR 2026 Workshop/frames_full/Validation/4000231065.jpg,ok
4000231070.avi,Validation,400023,3,/Users/amangoyal/Documents/CVPR 2026 Workshop/frames_full/Validation/4000231070.jpg,ok
4000231071.avi,Validation,400023,2,/Users/amangoyal/Documents/CVPR 2026 Workshop/frames_full/Validation/4000231071.jpg,ok
4000231073.avi,Validation,400023,2,/Users/amangoyal/Documents/CVPR 2026 Workshop/frames_full/Validation/4000231073.jpg,ok
4000231074.avi,Validation,400023,3,/Users/amangoyal/Documents/CVPR 2026 Workshop/frames_full/Validation/4000231074.jpg,ok
4000231081.avi,Validation,400023,3,/Users/amangoyal/Documents/CVPR 2026 Workshop/frames_full/Validation/4000231081.jpg,ok
4000232001.avi,Validation,400023,2,/Users/amangoyal/Documents/CVPR 2026 Workshop/frames_full/Validation/4000232001.jpg,ok
4000232004.avi,Validation,400023,2,/Users/amangoyal/Documents/CVPR 2026 Workshop/frames_full/Validation/4000232004.jpg,ok
4000232005.avi,Validation,400023,2,/Users/amangoyal/Documents/CVPR 2026 Workshop/frames_full/Validation/4000232005.jpg,ok
4000232006.avi,Validation,400023,2,/Users/amangoyal/Documents/CVPR 2026 Workshop/frames_full/Validation/4000232006.jpg,ok
4000232007.avi,Validation,400023,3,/Users/amangoyal/Documents/CVPR 2026 Workshop/frames_full/Validation/4000232007.jpg,ok
4000232010.avi,Validation,400023,2,/Users/amangoyal/Documents/CVPR 2026 Workshop/frames_full/Validation/4000232010.jpg,ok
4000232016.avi,Validation,400023,3,/Users/amangoyal/Documents/CVPR 2026 Workshop/frames_full/Validation/4000232016.jpg,ok
4000232017.avi,Validation,400023,3,/Users/amangoyal/Documents/CVPR 2026 Workshop/frames_full/Validation/4000232017.jpg,ok
4000232018.avi,Validation,400023,3,/Users/amangoyal/Documents/CVPR 2026 Workshop/frames_full/Validation/4000232018.jpg,ok
4000232022.avi,Validation,400023,2,/Users/amangoyal/Documents/CVPR 2026 Workshop/frames_full/Validation/4000232022.jpg,ok
4000232024.avi,Validation,400023,2,/Users/amangoyal/Documents/CVPR 2026 Workshop/frames_full/Validation/4000232024.jpg,ok
4000232027.avi,Validation,400023,3,/Users/amangoyal/Documents/CVPR 2026 Workshop/frames_full/Validation/4000232027.jpg,ok
4000232034.avi,Validation,400023,2,/Users/amangoyal/Documents/CVPR 2026 Workshop/frames_full/Validation/4000232034.jpg,ok
4000232035.avi,Validation,400023,3,/Users/amangoyal/Documents/CVPR 2026 Workshop/frames_full/Validation/4000232035.jpg,ok
4000232036.avi,Validation,400023,3,/Users/amangoyal/Documents/CVPR 2026 Workshop/frames_full/Validation/4000232036.jpg,ok
4000232037.avi,Validation,400023,2,/Users/amangoyal/Documents/CVPR 2026 Workshop/frames_full/Validation/4000232037.jpg,ok
4000232038.avi,Validation,400023,2,/Users/amangoyal/Documents/CVPR 2026 Workshop/frames_full/Validation/4000232038.jpg,ok
4000232042.avi,Validation,400023,2,/Users/amangoyal/Documents/CVPR 2026 Workshop/frames_full/Validation/4000232042.jpg,ok
4000232044.avi,Validation,400023,3,/Users/amangoyal/Documents/CVPR 2026 Workshop/frames_full/Validation/4000232044.jpg,ok
4000232045.avi,Validation,400023,3,/Users/amangoyal/Documents/CVPR 2026 Workshop/frames_full/Validation/4000232045.jpg,ok
4000232048.avi,Validation,400023,2,/Users/amangoyal/Documents/CVPR 2026 Workshop/frames_full/Validation/4000232048.jpg,ok
4000232051.avi,Validation,400023,2,/Users/amangoyal/Documents/CVPR 2026 Workshop/frames_full/Validation/4000232051.jpg,ok
4000232054.avi,Validation,400023,2,/Users/amangoyal/Documents/CVPR 2026 Workshop/frames_full/Validation/4000232054.jpg,ok
4000232059.avi,Validation,400023,2,/Users/amangoyal/Documents/CVPR 2026 Workshop/frames_full/Validation/4000232059.jpg,ok
4000232062.avi,Validation,400023,2,/Users/amangoyal/Documents/CVPR 2026 Workshop/frames_full/Validation/4000232062.jpg,ok
4000232065.avi,Validation,400023,2,/Users/amangoyal/Documents/CVPR 2026 Workshop/frames_full/Validation/4000232065.jpg,ok
4000232068.avi,Validation,400023,3,/Users/amangoyal/Documents/CVPR 2026 Workshop/frames_full/Validation/4000232068.jpg,ok
4000232071.avi,Validation,400023,1,/Users/amangoyal/Documents/CVPR 2026 Workshop/frames_full/Validation/4000232071.jpg,ok
4000232072.avi,Validation,400023,2,/Users/amangoyal/Documents/CVPR 2026 Workshop/frames_full/Validation/4000232072.jpg,ok
4000301002.avi,Validation,400030,2,/Users/amangoyal/Documents/CVPR 2026 Workshop/frames_full/Validation/4000301002.jpg,ok
4000301003.avi,Validation,400030,2,/Users/amangoyal/Documents/CVPR 2026 Workshop/frames_full/Validation/4000301003.jpg,ok
4000301005.avi,Validation,400030,1,/Users/amangoyal/Documents/CVPR 2026 Workshop/frames_full/Validation/4000301005.jpg,ok
4000301006.avi,Validation,400030,1,/Users/amangoyal/Documents/CVPR 2026 Workshop/frames_full/Validation/4000301006.jpg,ok
4000301007.avi,Validation,400030,2,/Users/amangoyal/Documents/CVPR 2026 Workshop/frames_full/Validation/4000301007.jpg,ok
4000301008.avi,Validation,400030,2,/Users/amangoyal/Documents/CVPR 2026 Workshop/frames_full/Validation/4000301008.jpg,ok
4000301010.avi,Validation,400030,1,/Users/amangoyal/Documents/CVPR 2026 Workshop/frames_full/Validation/4000301010.jpg,ok
4000301011.avi,Validation,400030,0,/Users/amangoyal/Documents/CVPR 2026 Workshop/frames_full/Validation/4000301011.jpg,ok
4000301012.avi,Validation,400030,2,/Users/amangoyal/Documents/CVPR 2026 Workshop/frames_full/Validation/4000301012.jpg,ok
4000301013.avi,Validation,400030,2,/Users/amangoyal/Documents/CVPR 2026 Workshop/frames_full/Validation/4000301013.jpg,ok
4000301014.avi,Validation,400030,2,/Users/amangoyal/Documents/CVPR 2026 Workshop/frames_full/Validation/4000301014.jpg,ok
4000301015.avi,Validation,400030,2,/Users/amangoyal/Documents/CVPR 2026 Workshop/frames_full/Validation/4000301015.jpg,ok
4000301016.avi,Validation,400030,2,/Users/amangoyal/Documents/CVPR 2026 Workshop/frames_full/Validation/4000301016.jpg,ok
4000301018.avi,Validation,400030,2,/Users/amangoyal/Documents/CVPR 2026 Workshop/frames_full/Validation/4000301018.jpg,ok
4000301019.avi,Validation,400030,2,/Users/amangoyal/Documents/CVPR 2026 Workshop/frames_full/Validation/4000301019.jpg,ok
4000301020.avi,Validation,400030,2,/Users/amangoyal/Documents/CVPR 2026 Workshop/frames_full/Validation/4000301020.jpg,ok
4000301021.avi,Validation,400030,1,/Users/amangoyal/Documents/CVPR 2026 Workshop/frames_full/Validation/4000301021.jpg,ok
4000301022.avi,Validation,400030,3,/Users/amangoyal/Documents/CVPR 2026 Workshop/frames_full/Validation/4000301022.jpg,ok
4000301023.avi,Validation,400030,3,/Users/amangoyal/Documents/CVPR 2026 Workshop/frames_full/Validation/4000301023.jpg,ok
4000301025.avi,Validation,400030,3,/Users/amangoyal/Documents/CVPR 2026 Workshop/frames_full/Validation/4000301025.jpg,ok
4000301026.avi,Validation,400030,2,/Users/amangoyal/Documents/CVPR 2026 Workshop/frames_full/Validation/4000301026.jpg,ok
4000301027.avi,Validation,400030,2,/Users/amangoyal/Documents/CVPR 2026 Workshop/frames_full/Validation/4000301027.jpg,ok
4000301028.avi,Validation,400030,0,/Users/amangoyal/Documents/CVPR 2026 Workshop/frames_full/Validation/4000301028.jpg,ok
4000301030.avi,Validation,400030,0,/Users/amangoyal/Documents/CVPR 2026 Workshop/frames_full/Validation/4000301030.jpg,ok
4000301031.avi,Validation,400030,2,/Users/amangoyal/Documents/CVPR 2026 Workshop/frames_full/Validation/4000301031.jpg,ok
4000301032.avi,Validation,400030,3,/Users/amangoyal/Documents/CVPR 2026 Workshop/frames_full/Validation/4000301032.jpg,ok
4000301034.avi,Validation,400030,2,/Users/amangoyal/Documents/CVPR 2026 Workshop/frames_full/Validation/4000301034.jpg,ok
4000301038.avi,Validation,400030,3,/Users/amangoyal/Documents/CVPR 2026 Workshop/frames_full/Validation/4000301038.jpg,ok
4000301039.avi,Validation,400030,3,/Users/amangoyal/Documents/CVPR 2026 Workshop/frames_full/Validation/4000301039.jpg,ok
4000301040.avi,Validation,400030,3,/Users/amangoyal/Documents/CVPR 2026 Workshop/frames_full/Validation/4000301040.jpg,ok
4000301041.avi,Validation,400030,3,/Users/amangoyal/Documents/CVPR 2026 Workshop/frames_full/Validation/4000301041.jpg,ok
4000301042.avi,Validation,400030,0,/Users/amangoyal/Documents/CVPR 2026 Workshop/frames_full/Validation/4000301042.jpg,ok
4000301043.avi,Validation,400030,3,/Users/amangoyal/Documents/CVPR 2026 Workshop/frames_full/Validation/4000301043.jpg,ok
4000301044.avi,Validation,400030,2,/Users/amangoyal/Documents/CVPR 2026 Workshop/frames_full/Validation/4000301044.jpg,ok
4000301045.avi,Validation,400030,3,/Users/amangoyal/Documents/CVPR 2026 Workshop/frames_full/Validation/4000301045.jpg,ok
4000301047.avi,Validation,400030,3,/Users/amangoyal/Documents/CVPR 2026 Workshop/frames_full/Validation/4000301047.jpg,ok
4000301049.avi,Validation,400030,1,/Users/amangoyal/Documents/CVPR 2026 Workshop/frames_full/Validation/4000301049.jpg,ok
4000301052.avi,Validation,400030,3,/Users/amangoyal/Documents/CVPR 2026 Workshop/frames_full/Validation/4000301052.jpg,ok
4000301053.avi,Validation,400030,2,/Users/amangoyal/Documents/CVPR 2026 Workshop/frames_full/Validation/4000301053.jpg,ok
4000301054.avi,Validation,400030,2,/Users/amangoyal/Documents/CVPR 2026 Workshop/frames_full/Validation/4000301054.jpg,ok
4000301055.avi,Validation,400030,1,/Users/amangoyal/Documents/CVPR 2026 Workshop/frames_full/Validation/4000301055.jpg,ok
4000301056.avi,Validation,400030,2,/Users/amangoyal/Documents/CVPR 2026 Workshop/frames_full/Validation/4000301056.jpg,ok
4000301057.avi,Validation,400030,2,/Users/amangoyal/Documents/CVPR 2026 Workshop/frames_full/Validation/4000301057.jpg,ok
4000301058.avi,Validation,400030,2,/Users/amangoyal/Documents/CVPR 2026 Workshop/frames_full/Validation/4000301058.jpg,ok
4000301059.avi,Validation,400030,2,/Users/amangoyal/Documents/CVPR 2026 Workshop/frames_full/Validation/4000301059.jpg,ok
4000301060.avi,Validation,400030,1,/Users/amangoyal/Documents/CVPR 2026 Workshop/frames_full/Validation/4000301060.jpg,ok
4000301061.avi,Validation,400030,2,/Users/amangoyal/Documents/CVPR 2026 Workshop/frames_full/Validation/4000301061.jpg,ok
4000301062.avi,Validation,400030,2,/Users/amangoyal/Documents/CVPR 2026 Workshop/frames_full/Validation/4000301062.jpg,ok
4000301063.avi,Validation,400030,3,/Users/amangoyal/Documents/CVPR 2026 Workshop/frames_full/Validation/4000301063.jpg,ok
4000301064.avi,Validation,400030,2,/Users/amangoyal/Documents/CVPR 2026 Workshop/frames_full/Validation/4000301064.jpg,ok
4000301065.avi,Validation,400030,1,/Users/amangoyal/Documents/CVPR 2026 Workshop/frames_full/Validation/4000301065.jpg,ok
4000301066.avi,Validation,400030,1,/Users/amangoyal/Documents/CVPR 2026 Workshop/frames_full/Validation/4000301066.jpg,ok
4000301067.avi,Validation,400030,1,/Users/amangoyal/Documents/CVPR 2026 Workshop/frames_full/Validation/4000301067.jpg,ok
4000301068.avi,Validation,400030,2,/Users/amangoyal/Documents/CVPR 2026 Workshop/frames_full/Validation/4000301068.jpg,ok
4000301069.avi,Validation,400030,2,/Users/amangoyal/Documents/CVPR 2026 Workshop/frames_full/Validation/4000301069.jpg,ok
4000301070.avi,Validation,400030,0,/Users/amangoyal/Documents/CVPR 2026 Workshop/frames_full/Validation/4000301070.jpg,ok
4000301071.avi,Validation,400030,2,/Users/amangoyal/Documents/CVPR 2026 Workshop/frames_full/Validation/4000301071.jpg,ok
4000301072.avi,Validation,400030,3,/Users/amangoyal/Documents/CVPR 2026 Workshop/frames_full/Validation/4000301072.jpg,ok
4000301073.avi,Validation,400030,3,/Users/amangoyal/Documents/CVPR 2026 Workshop/frames_full/Validation/4000301073.jpg,ok
4000301074.avi,Validation,400030,2,/Users/amangoyal/Documents/CVPR 2026 Workshop/frames_full/Validation/4000301074.jpg,ok
4000301076.avi,Validation,400030,2,/Users/amangoyal/Documents/CVPR 2026 Workshop/frames_full/Validation/4000301076.jpg,ok
4000301079.avi,Validation,400030,2,/Users/amangoyal/Documents/CVPR 2026 Workshop/frames_full/Validation/4000301079.jpg,ok
4000331001.avi,Validation,400033,2,/Users/amangoyal/Documents/CVPR 2026 Workshop/frames_full/Validation/4000331001.jpg,ok
4000331002.avi,Validation,400033,2,/Users/amangoyal/Documents/CVPR 2026 Workshop/frames_full/Validation/4000331002.jpg,ok
4000331003.avi,Validation,400033,3,/Users/amangoyal/Documents/CVPR 2026 Workshop/frames_full/Validation/4000331003.jpg,ok
4000331004.avi,Validation,400033,3,/Users/amangoyal/Documents/CVPR 2026 Workshop/frames_full/Validation/4000331004.jpg,ok
4000331005.avi,Validation,400033,3,/Users/amangoyal/Documents/CVPR 2026 Workshop/frames_full/Validation/4000331005.jpg,ok
4000331006.avi,Validation,400033,3,/Users/amangoyal/Documents/CVPR 2026 Workshop/frames_full/Validation/4000331006.jpg,ok
4000331007.avi,Validation,400033,2,/Users/amangoyal/Documents/CVPR 2026 Workshop/frames_full/Validation/4000331007.jpg,ok
4000331008.avi,Validation,400033,3,/Users/amangoyal/Documents/CVPR 2026 Workshop/frames_full/Validation/4000331008.jpg,ok
4000331011.avi,Validation,400033,3,/Users/amangoyal/Documents/CVPR 2026 Workshop/frames_full/Validation/4000331011.jpg,ok
4000331012.avi,Validation,400033,3,/Users/amangoyal/Documents/CVPR 2026 Workshop/frames_full/Validation/4000331012.jpg,ok
4000331013.avi,Validation,400033,2,/Users/amangoyal/Documents/CVPR 2026 Workshop/frames_full/Validation/4000331013.jpg,ok
4000331015.avi,Validation,400033,2,/Users/amangoyal/Documents/CVPR 2026 Workshop/frames_full/Validation/4000331015.jpg,ok
4000331017.avi,Validation,400033,2,/Users/amangoyal/Documents/CVPR 2026 Workshop/frames_full/Validation/4000331017.jpg,ok
4000331019.avi,Validation,400033,3,/Users/amangoyal/Documents/CVPR 2026 Workshop/frames_full/Validation/4000331019.jpg,ok
4000331020.avi,Validation,400033,3,/Users/amangoyal/Documents/CVPR 2026 Workshop/frames_full/Validation/4000331020.jpg,ok
4000331021.avi,Validation,400033,2,/Users/amangoyal/Documents/CVPR 2026 Workshop/frames_full/Validation/4000331021.jpg,ok
4000331022.avi,Validation,400033,2,/Users/amangoyal/Documents/CVPR 2026 Workshop/frames_full/Validation/4000331022.jpg,ok
4000331023.avi,Validation,400033,3,/Users/amangoyal/Documents/CVPR 2026 Workshop/frames_full/Validation/4000331023.jpg,ok
4000331025.avi,Validation,400033,3,/Users/amangoyal/Documents/CVPR 2026 Workshop/frames_full/Validation/4000331025.jpg,ok
4000331027.avi,Validation,400033,3,/Users/amangoyal/Documents/CVPR 2026 Workshop/frames_full/Validation/4000331027.jpg,ok
4000331029.avi,Validation,400033,2,/Users/amangoyal/Documents/CVPR 2026 Workshop/frames_full/Validation/4000331029.jpg,ok
4000331030.avi,Validation,400033,2,/Users/amangoyal/Documents/CVPR 2026 Workshop/frames_full/Validation/4000331030.jpg,ok
4000331031.avi,Validation,400033,2,/Users/amangoyal/Documents/CVPR 2026 Workshop/frames_full/Validation/4000331031.jpg,ok
4000331032.avi,Validation,400033,2,/Users/amangoyal/Documents/CVPR 2026 Workshop/frames_full/Validation/4000331032.jpg,ok
4000331033.avi,Validation,400033,3,/Users/amangoyal/Documents/CVPR 2026 Workshop/frames_full/Validation/4000331033.jpg,ok
4000331035.avi,Validation,400033,3,/Users/amangoyal/Documents/CVPR 2026 Workshop/frames_full/Validation/4000331035.jpg,ok
4000331036.avi,Validation,400033,2,/Users/amangoyal/Documents/CVPR 2026 Workshop/frames_full/Validation/4000331036.jpg,ok
4000331037.avi,Validation,400033,2,/Users/amangoyal/Documents/CVPR 2026 Workshop/frames_full/Validation/4000331037.jpg,ok
4000331038.avi,Validation,400033,3,/Users/amangoyal/Documents/CVPR 2026 Workshop/frames_full/Validation/4000331038.jpg,ok
4000331039.avi,Validation,400033,2,/Users/amangoyal/Documents/CVPR 2026 Workshop/frames_full/Validation/4000331039.jpg,ok
4000331040.avi,Validation,400033,2,/Users/amangoyal/Documents/CVPR 2026 Workshop/frames_full/Validation/4000331040.jpg,ok
4000331041.avi,Validation,400033,2,/Users/amangoyal/Documents/CVPR 2026 Workshop/frames_full/Validation/4000331041.jpg,ok
4000331042.avi,Validation,400033,3,/Users/amangoyal/Documents/CVPR 2026 Workshop/frames_full/Validation/4000331042.jpg,ok
4000331043.avi,Validation,400033,3,/Users/amangoyal/Documents/CVPR 2026 Workshop/frames_full/Validation/4000331043.jpg,ok
4000331044.avi,Validation,400033,3,/Users/amangoyal/Documents/CVPR 2026 Workshop/frames_full/Validation/4000331044.jpg,ok
4000331045.avi,Validation,400033,2,/Users/amangoyal/Documents/CVPR 2026 Workshop/frames_full/Validation/4000331045.jpg,ok
4000331046.avi,Validation,400033,2,/Users/amangoyal/Documents/CVPR 2026 Workshop/frames_full/Validation/4000331046.jpg,ok
4000331051.avi,Validation,400033,2,/Users/amangoyal/Documents/CVPR 2026 Workshop/frames_full/Validation/4000331051.jpg,ok
4000331052.avi,Validation,400033,3,/Users/amangoyal/Documents/CVPR 2026 Workshop/frames_full/Validation/4000331052.jpg,ok
4000331053.avi,Validation,400033,3,/Users/amangoyal/Documents/CVPR 2026 Workshop/frames_full/Validation/4000331053.jpg,ok
4000331054.avi,Validation,400033,2,/Users/amangoyal/Documents/CVPR 2026 Workshop/frames_full/Validation/4000331054.jpg,ok
4000331055.avi,Validation,400033,2,/Users/amangoyal/Documents/CVPR 2026 Workshop/frames_full/Validation/4000331055.jpg,ok
4000331056.avi,Validation,400033,2,/Users/amangoyal/Documents/CVPR 2026 Workshop/frames_full/Validation/4000331056.jpg,ok
4000331057.avi,Validation,400033,3,/Users/amangoyal/Documents/CVPR 2026 Workshop/frames_full/Validation/4000331057.jpg,ok
4000331058.avi,Validation,400033,2,/Users/amangoyal/Documents/CVPR 2026 Workshop/frames_full/Validation/4000331058.jpg,ok
4000331060.avi,Validation,400033,2,/Users/amangoyal/Documents/CVPR 2026 Workshop/frames_full/Validation/4000331060.jpg,ok
4000331062.avi,Validation,400033,2,/Users/amangoyal/Documents/CVPR 2026 Workshop/frames_full/Validation/4000331062.jpg,ok
4000331063.avi,Validation,400033,2,/Users/amangoyal/Documents/CVPR 2026 Workshop/frames_full/Validation/4000331063.jpg,ok
4000331064.avi,Validation,400033,2,/Users/amangoyal/Documents/CVPR 2026 Workshop/frames_full/Validation/4000331064.jpg,ok
4000331067.avi,Validation,400033,3,/Users/amangoyal/Documents/CVPR 2026 Workshop/frames_full/Validation/4000331067.jpg,ok
4000331068.avi,Validation,400033,2,/Users/amangoyal/Documents/CVPR 2026 Workshop/frames_full/Validation/4000331068.jpg,ok
4000331069.avi,Validation,400033,2,/Users/amangoyal/Documents/CVPR 2026 Workshop/frames_full/Validation/4000331069.jpg,ok
4000332001.avi,Validation,400033,2,/Users/amangoyal/Documents/CVPR 2026 Workshop/frames_full/Validation/4000332001.jpg,ok
4000332002.avi,Validation,400033,2,/Users/amangoyal/Documents/CVPR 2026 Workshop/frames_full/Validation/4000332002.jpg,ok
4000332007.avi,Validation,400033,2,/Users/amangoyal/Documents/CVPR 2026 Workshop/frames_full/Validation/4000332007.jpg,ok
4000332008.avi,Validation,400033,3,/Users/amangoyal/Documents/CVPR 2026 Workshop/frames_full/Validation/4000332008.jpg,ok
4000332009.avi,Validation,400033,2,/Users/amangoyal/Documents/CVPR 2026 Workshop/frames_full/Validation/4000332009.jpg,ok
4000332010.avi,Validation,400033,2,/Users/amangoyal/Documents/CVPR 2026 Workshop/frames_full/Validation/4000332010.jpg,ok
4000332012.avi,Validation,400033,2,/Users/amangoyal/Documents/CVPR 2026 Workshop/frames_full/Validation/4000332012.jpg,ok
4000332013.avi,Validation,400033,2,/Users/amangoyal/Documents/CVPR 2026 Workshop/frames_full/Validation/4000332013.jpg,ok
4000332014.avi,Validation,400033,3,/Users/amangoyal/Documents/CVPR 2026 Workshop/frames_full/Validation/4000332014.jpg,ok
4000332015.avi,Validation,400033,2,/Users/amangoyal/Documents/CVPR 2026 Workshop/frames_full/Validation/4000332015.jpg,ok
4000332017.avi,Validation,400033,3,/Users/amangoyal/Documents/CVPR 2026 Workshop/frames_full/Validation/4000332017.jpg,ok
4000332019.avi,Validation,400033,2,/Users/amangoyal/Documents/CVPR 2026 Workshop/frames_full/Validation/4000332019.jpg,ok
4000332020.avi,Validation,400033,2,/Users/amangoyal/Documents/CVPR 2026 Workshop/frames_full/Validation/4000332020.jpg,ok
4000332021.avi,Validation,400033,2,/Users/amangoyal/Documents/CVPR 2026 Workshop/frames_full/Validation/4000332021.jpg,ok
4000332022.avi,Validation,400033,2,/Users/amangoyal/Documents/CVPR 2026 Workshop/frames_full/Validation/4000332022.jpg,ok
4000332023.avi,Validation,400033,2,/Users/amangoyal/Documents/CVPR 2026 Workshop/frames_full/Validation/4000332023.jpg,ok
4000332025.avi,Validation,400033,3,/Users/amangoyal/Documents/CVPR 2026 Workshop/frames_full/Validation/4000332025.jpg,ok
4000332027.avi,Validation,400033,2,/Users/amangoyal/Documents/CVPR 2026 Workshop/frames_full/Validation/4000332027.jpg,ok
4000332030.avi,Validation,400033,3,/Users/amangoyal/Documents/CVPR 2026 Workshop/frames_full/Validation/4000332030.jpg,ok
4000332031.avi,Validation,400033,2,/Users/amangoyal/Documents/CVPR 2026 Workshop/frames_full/Validation/4000332031.jpg,ok
4000332032.avi,Validation,400033,2,/Users/amangoyal/Documents/CVPR 2026 Workshop/frames_full/Validation/4000332032.jpg,ok
4000332034.avi,Validation,400033,3,/Users/amangoyal/Documents/CVPR 2026 Workshop/frames_full/Validation/4000332034.jpg,ok
4000332035.avi,Validation,400033,2,/Users/amangoyal/Documents/CVPR 2026 Workshop/frames_full/Validation/4000332035.jpg,ok
4000332036.avi,Validation,400033,3,/Users/amangoyal/Documents/CVPR 2026 Workshop/frames_full/Validation/4000332036.jpg,ok
4000332037.avi,Validation,400033,3,/Users/amangoyal/Documents/CVPR 2026 Workshop/frames_full/Validation/4000332037.jpg,ok
4000332038.avi,Validation,400033,2,/Users/amangoyal/Documents/CVPR 2026 Workshop/frames_full/Validation/4000332038.jpg,ok
4000332039.avi,Validation,400033,2,/Users/amangoyal/Documents/CVPR 2026 Workshop/frames_full/Validation/4000332039.jpg,ok
4000332041.avi,Validation,400033,3,/Users/amangoyal/Documents/CVPR 2026 Workshop/frames_full/Validation/4000332041.jpg,ok
4000332044.avi,Validation,400033,3,/Users/amangoyal/Documents/CVPR 2026 Workshop/frames_full/Validation/4000332044.jpg,ok
4000332045.avi,Validation,400033,3,/Users/amangoyal/Documents/CVPR 2026 Workshop/frames_full/Validation/4000332045.jpg,ok
4000332046.avi,Validation,400033,2,/Users/amangoyal/Documents/CVPR 2026 Workshop/frames_full/Validation/4000332046.jpg,ok
4000332048.avi,Validation,400033,3,/Users/amangoyal/Documents/CVPR 2026 Workshop/frames_full/Validation/4000332048.jpg,ok
4000332050.avi,Validation,400033,3,/Users/amangoyal/Documents/CVPR 2026 Workshop/frames_full/Validation/4000332050.jpg,ok
4000332051.avi,Validation,400033,2,/Users/amangoyal/Documents/CVPR 2026 Workshop/frames_full/Validation/4000332051.jpg,ok
4000332052.avi,Validation,400033,2,/Users/amangoyal/Documents/CVPR 2026 Workshop/frames_full/Validation/4000332052.jpg,ok
4000332057.avi,Validation,400033,2,/Users/amangoyal/Documents/CVPR 2026 Workshop/frames_full/Validation/4000332057.jpg,ok
4000332059.avi,Validation,400033,2,/Users/amangoyal/Documents/CVPR 2026 Workshop/frames_full/Validation/4000332059.jpg,ok
4000332060.avi,Validation,400033,3,/Users/amangoyal/Documents/CVPR 2026 Workshop/frames_full/Validation/4000332060.jpg,ok
4000332061.avi,Validation,400033,2,/Users/amangoyal/Documents/CVPR 2026 Workshop/frames_full/Validation/4000332061.jpg,ok
4000332062.avi,Validation,400033,2,/Users/amangoyal/Documents/CVPR 2026 Workshop/frames_full/Validation/4000332062.jpg,ok
4000332063.avi,Validation,400033,3,/Users/amangoyal/Documents/CVPR 2026 Workshop/frames_full/Validation/4000332063.jpg,ok
4000332064.avi,Validation,400033,2,/Users/amangoyal/Documents/CVPR 2026 Workshop/frames_full/Validation/4000332064.jpg,ok
4000332066.avi,Validation,400033,3,/Users/amangoyal/Documents/CVPR 2026 Workshop/frames_full/Validation/4000332066.jpg,ok
4000332067.avi,Validation,400033,3,/Users/amangoyal/Documents/CVPR 2026 Workshop/frames_full/Validation/4000332067.jpg,ok
4000332068.avi,Validation,400033,3,/Users/amangoyal/Documents/CVPR 2026 Workshop/frames_full/Validation/4000332068.jpg,ok
4000332071.avi,Validation,400033,2,/Users/amangoyal/Documents/CVPR 2026 Workshop/frames_full/Validation/4000332071.jpg,ok
4000332072.avi,Validation,400033,2,/Users/amangoyal/Documents/CVPR 2026 Workshop/frames_full/Validation/4000332072.jpg,ok
4000332073.avi,Validation,400033,2,/Users/amangoyal/Documents/CVPR 2026 Workshop/frames_full/Validation/4000332073.jpg,ok
4000332074.avi,Validation,400033,3,/Users/amangoyal/Documents/CVPR 2026 Workshop/frames_full/Validation/4000332074.jpg,ok
4000332075.avi,Validation,400033,2,/Users/amangoyal/Documents/CVPR 2026 Workshop/frames_full/Validation/4000332075.jpg,ok
4000332077.avi,Validation,400033,3,/Users/amangoyal/Documents/CVPR 2026 Workshop/frames_full/Validation/4000332077.jpg,ok
4000332078.avi,Validation,400033,2,/Users/amangoyal/Documents/CVPR 2026 Workshop/frames_full/Validation/4000332078.jpg,ok
4000332079.avi,Validation,400033,3,/Users/amangoyal/Documents/CVPR 2026 Workshop/frames_full/Validation/4000332079.jpg,ok
4000332080.avi,Validation,400033,3,/Users/amangoyal/Documents/CVPR 2026 Workshop/frames_full/Validation/4000332080.jpg,ok
4000332081.avi,Validation,400033,2,/Users/amangoyal/Documents/CVPR 2026 Workshop/frames_full/Validation/4000332081.jpg,ok
4000332082.avi,Validation,400033,1,/Users/amangoyal/Documents/CVPR 2026 Workshop/frames_full/Validation/4000332082.jpg,ok
401835011.mp4,Train,401835,3,/Users/amangoyal/Documents/CVPR 2026 Workshop/frames_full/Train/401835011.jpg,ok
4018350112.mp4,Train,401835,2,/Users/amangoyal/Documents/CVPR 2026 Workshop/frames_full/Train/4018350112.jpg,ok
4018350115.mp4,Train,401835,3,/Users/amangoyal/Documents/CVPR 2026 Workshop/frames_full/Train/4018350115.jpg,ok
4018350116.mp4,Train,401835,2,/Users/amangoyal/Documents/CVPR 2026 Workshop/frames_full/Train/4018350116.jpg,ok
4018350118.mp4,Train,401835,3,/Users/amangoyal/Documents/CVPR 2026 Workshop/frames_full/Train/4018350118.jpg,ok
4018350119.mp4,Train,401835,2,/Users/amangoyal/Documents/CVPR 2026 Workshop/frames_full/Train/4018350119.jpg,ok
4018350120.mp4,Train,401835,3,/Users/amangoyal/Documents/CVPR 2026 Workshop/frames_full/Train/4018350120.jpg,ok
4018350121.mp4,Train,401835,3,/Users/amangoyal/Documents/CVPR 2026 Workshop/frames_full/Train/4018350121.jpg,ok
4018350122.mp4,Train,401835,2,/Users/amangoyal/Documents/CVPR 2026 Workshop/frames_full/Train/4018350122.jpg,ok
4018350126.mp4,Train,401835,2,/Users/amangoyal/Documents/CVPR 2026 Workshop/frames_full/Train/4018350126.jpg,ok
4018350127.mp4,Train,401835,2,/Users/amangoyal/Documents/CVPR 2026 Workshop/frames_full/Train/4018350127.jpg,ok
401835013.mp4,Train,401835,3,/Users/amangoyal/Documents/CVPR 2026 Workshop/frames_full/Train/401835013.jpg,ok
4018350130.mp4,Train,401835,3,/Users/amangoyal/Documents/CVPR 2026 Workshop/frames_full/Train/4018350130.jpg,ok
4018350132.mp4,Train,401835,3,/Users/amangoyal/Documents/CVPR 2026 Workshop/frames_full/Train/4018350132.jpg,ok
4018350134.mp4,Train,401835,3,/Users/amangoyal/Documents/CVPR 2026 Workshop/frames_full/Train/4018350134.jpg,ok
4018350136.mp4,Train,401835,3,/Users/amangoyal/Documents/CVPR 2026 Workshop/frames_full/Train/4018350136.jpg,ok
4018350137.mp4,Train,401835,3,/Users/amangoyal/Documents/CVPR 2026 Workshop/frames_full/Train/4018350137.jpg,ok
4018350138.mp4,Train,401835,3,/Users/amangoyal/Documents/CVPR 2026 Workshop/frames_full/Train/4018350138.jpg,ok
4018350139.mp4,Train,401835,3,/Users/amangoyal/Documents/CVPR 2026 Workshop/frames_full/Train/4018350139.jpg,ok
4018350140.mp4,Train,401835,3,/Users/amangoyal/Documents/CVPR 2026 Workshop/frames_full/Train/4018350140.jpg,ok
4018350141.mp4,Train,401835,3,/Users/amangoyal/Documents/CVPR 2026 Workshop/frames_full/Train/4018350141.jpg,ok
4018350143.mp4,Train,401835,3,/Users/amangoyal/Documents/CVPR 2026 Workshop/frames_full/Train/4018350143.jpg,ok
4018350144.mp4,Train,401835,2,/Users/amangoyal/Documents/CVPR 2026 Workshop/frames_full/Train/4018350144.jpg,ok
4018350145.mp4,Train,401835,2,/Users/amangoyal/Documents/CVPR 2026 Workshop/frames_full/Train/4018350145.jpg,ok
4018350146.mp4,Train,401835,3,/Users/amangoyal/Documents/CVPR 2026 Workshop/frames_full/Train/4018350146.jpg,ok
4018350147.mp4,Train,401835,2,/Users/amangoyal/Documents/CVPR 2026 Workshop/frames_full/Train/4018350147.jpg,ok
4018350149.mp4,Train,401835,3,/Users/amangoyal/Documents/CVPR 2026 Workshop/frames_full/Train/4018350149.jpg,ok
401835015.mp4,Train,401835,1,/Users/amangoyal/Documents/CVPR 2026 Workshop/frames_full/Train/401835015.jpg,ok
4018350150.mp4,Train,401835,2,/Users/amangoyal/Documents/CVPR 2026 Workshop/frames_full/Train/4018350150.jpg,ok
4018350152.mp4,Train,401835,3,/Users/amangoyal/Documents/CVPR 2026 Workshop/frames_full/Train/4018350152.jpg,ok
4018350156.mp4,Train,401835,3,/Users/amangoyal/Documents/CVPR 2026 Workshop/frames_full/Train/4018350156.jpg,ok
4018350157.mp4,Train,401835,3,/Users/amangoyal/Documents/CVPR 2026 Workshop/frames_full/Train/4018350157.jpg,ok
4018350159.mp4,Train,401835,3,/Users/amangoyal/Documents/CVPR 2026 Workshop/frames_full/Train/4018350159.jpg,ok
4018350160.mp4,Train,401835,3,/Users/amangoyal/Documents/CVPR 2026 Workshop/frames_full/Train/4018350160.jpg,ok
4018350161.mp4,Train,401835,3,/Users/amangoyal/Documents/CVPR 2026 Workshop/frames_full/Train/4018350161.jpg,ok
4018350162.mp4,Train,401835,3,/Users/amangoyal/Documents/CVPR 2026 Workshop/frames_full/Train/4018350162.jpg,ok
4018350163.mp4,Train,401835,3,/Users/amangoyal/Documents/CVPR 2026 Workshop/frames_full/Train/4018350163.jpg,ok
4018350166.mp4,Train,401835,3,/Users/amangoyal/Documents/CVPR 2026 Workshop/frames_full/Train/4018350166.jpg,ok
4018350167.mp4,Train,401835,3,/Users/amangoyal/Documents/CVPR 2026 Workshop/frames_full/Train/4018350167.jpg,ok
401835017.mp4,Train,401835,2,/Users/amangoyal/Documents/CVPR 2026 Workshop/frames_full/Train/401835017.jpg,ok
401835018.mp4,Train,401835,3,/Users/amangoyal/Documents/CVPR 2026 Workshop/frames_full/Train/401835018.jpg,ok
401835021.mp4,Train,401835,2,/Users/amangoyal/Documents/CVPR 2026 Workshop/frames_full/Train/401835021.jpg,ok
4018350213.mp4,Train,401835,3,/Users/amangoyal/Documents/CVPR 2026 Workshop/frames_full/Train/4018350213.jpg,ok
4018350215.mp4,Train,401835,2,/Users/amangoyal/Documents/CVPR 2026 Workshop/frames_full/Train/4018350215.jpg,ok
4018350217.mp4,Train,401835,2,/Users/amangoyal/Documents/CVPR 2026 Workshop/frames_full/Train/4018350217.jpg,ok
4018350219.mp4,Train,401835,2,/Users/amangoyal/Documents/CVPR 2026 Workshop/frames_full/Train/4018350219.jpg,ok
4018350220.mp4,Train,401835,3,/Users/amangoyal/Documents/CVPR 2026 Workshop/frames_full/Train/4018350220.jpg,ok
4018350221.mp4,Train,401835,2,/Users/amangoyal/Documents/CVPR 2026 Workshop/frames_full/Train/4018350221.jpg,ok
4018350222.mp4,Train,401835,3,/Users/amangoyal/Documents/CVPR 2026 Workshop/frames_full/Train/4018350222.jpg,ok
4018350223.mp4,Train,401835,3,/Users/amangoyal/Documents/CVPR 2026 Workshop/frames_full/Train/4018350223.jpg,ok
4018350224.mp4,Train,401835,2,/Users/amangoyal/Documents/CVPR 2026 Workshop/frames_full/Train/4018350224.jpg,ok
4018350225.mp4,Train,401835,3,/Users/amangoyal/Documents/CVPR 2026 Workshop/frames_full/Train/4018350225.jpg,ok
4018350226.mp4,Train,401835,3,/Users/amangoyal/Documents/CVPR 2026 Workshop/frames_full/Train/4018350226.jpg,ok
4018350227.mp4,Train,401835,3,/Users/amangoyal/Documents/CVPR 2026 Workshop/frames_full/Train/4018350227.jpg,ok
4018350231.mp4,Train,401835,2,/Users/amangoyal/Documents/CVPR 2026 Workshop/frames_full/Train/4018350231.jpg,ok
4018350232.mp4,Train,401835,3,/Users/amangoyal/Documents/CVPR 2026 Workshop/frames_full/Train/4018350232.jpg,ok
4018350233.mp4,Train,401835,2,/Users/amangoyal/Documents/CVPR 2026 Workshop/frames_full/Train/4018350233.jpg,ok
4018350234.mp4,Train,401835,3,/Users/amangoyal/Documents/CVPR 2026 Workshop/frames_full/Train/4018350234.jpg,ok
4018350236.mp4,Train,401835,3,/Users/amangoyal/Documents/CVPR 2026 Workshop/frames_full/Train/4018350236.jpg,ok
4018350239.mp4,Train,401835,2,/Users/amangoyal/Documents/CVPR 2026 Workshop/frames_full/Train/4018350239.jpg,ok
401835024.mp4,Train,401835,2,/Users/amangoyal/Documents/CVPR 2026 Workshop/frames_full/Train/401835024.jpg,ok
4018350240.mp4,Train,401835,2,/Users/amangoyal/Documents/CVPR 2026 Workshop/frames_full/Train/4018350240.jpg,ok
4018350241.mp4,Train,401835,3,/Users/amangoyal/Documents/CVPR 2026 Workshop/frames_full/Train/4018350241.jpg,ok
4018350244.mp4,Train,401835,3,/Users/amangoyal/Documents/CVPR 2026 Workshop/frames_full/Train/4018350244.jpg,ok
4018350247.mp4,Train,401835,2,/Users/amangoyal/Documents/CVPR 2026 Workshop/frames_full/Train/4018350247.jpg,ok
4018350251.mp4,Train,401835,2,/Users/amangoyal/Documents/CVPR 2026 Workshop/frames_full/Train/4018350251.jpg,ok
4018350254.mp4,Train,401835,3,/Users/amangoyal/Documents/CVPR 2026 Workshop/frames_full/Train/4018350254.jpg,ok
4018350256.mp4,Train,401835,3,/Users/amangoyal/Documents/CVPR 2026 Workshop/frames_full/Train/4018350256.jpg,ok
4018350257.mp4,Train,401835,3,/Users/amangoyal/Documents/CVPR 2026 Workshop/frames_full/Train/4018350257.jpg,ok
4018350258.mp4,Train,401835,3,/Users/amangoyal/Documents/CVPR 2026 Workshop/frames_full/Train/4018350258.jpg,ok
4018350259.mp4,Train,401835,2,/Users/amangoyal/Documents/CVPR 2026 Workshop/frames_full/Train/4018350259.jpg,ok
4018350260.mp4,Train,401835,3,/Users/amangoyal/Documents/CVPR 2026 Workshop/frames_full/Train/4018350260.jpg,ok
4018350261.mp4,Train,401835,3,/Users/amangoyal/Documents/CVPR 2026 Workshop/frames_full/Train/4018350261.jpg,ok
4018350263.mp4,Train,401835,2,/Users/amangoyal/Documents/CVPR 2026 Workshop/frames_full/Train/4018350263.jpg,ok
4018350268.mp4,Train,401835,3,/Users/amangoyal/Documents/CVPR 2026 Workshop/frames_full/Train/4018350268.jpg,ok
4018350269.mp4,Train,401835,3,/Users/amangoyal/Documents/CVPR 2026 Workshop/frames_full/Train/4018350269.jpg,ok
4018350274.mp4,Train,401835,2,/Users/amangoyal/Documents/CVPR 2026 Workshop/frames_full/Train/4018350274.jpg,ok
4018350276.mp4,Train,401835,3,/Users/amangoyal/Documents/CVPR 2026 Workshop/frames_full/Train/4018350276.jpg,ok
4018350277.mp4,Train,401835,2,/Users/amangoyal/Documents/CVPR 2026 Workshop/frames_full/Train/4018350277.jpg,ok
4018350279.mp4,Train,401835,2,/Users/amangoyal/Documents/CVPR 2026 Workshop/frames_full/Train/4018350279.jpg,ok
401835028.mp4,Train,401835,3,/Users/amangoyal/Documents/CVPR 2026 Workshop/frames_full/Train/401835028.jpg,ok
4018350281.mp4,Train,401835,2,/Users/amangoyal/Documents/CVPR 2026 Workshop/frames_full/Train/4018350281.jpg,ok
4018350282.mp4,Train,401835,1,/Users/amangoyal/Documents/CVPR 2026 Workshop/frames_full/Train/4018350282.jpg,ok
4100191001.avi,Validation,410019,2,/Users/amangoyal/Documents/CVPR 2026 Workshop/frames_full/Validation/4100191001.jpg,ok
4100191002.avi,Validation,410019,2,/Users/amangoyal/Documents/CVPR 2026 Workshop/frames_full/Validation/4100191002.jpg,ok
4100191003.avi,Validation,410019,3,/Users/amangoyal/Documents/CVPR 2026 Workshop/frames_full/Validation/4100191003.jpg,ok
4100191004.avi,Validation,410019,3,/Users/amangoyal/Documents/CVPR 2026 Workshop/frames_full/Validation/4100191004.jpg,ok
4100191006.avi,Validation,410019,2,/Users/amangoyal/Documents/CVPR 2026 Workshop/frames_full/Validation/4100191006.jpg,ok
4100191007.avi,Validation,410019,2,/Users/amangoyal/Documents/CVPR 2026 Workshop/frames_full/Validation/4100191007.jpg,ok
4100191008.avi,Validation,410019,1,/Users/amangoyal/Documents/CVPR 2026 Workshop/frames_full/Validation/4100191008.jpg,ok
4100191010.avi,Validation,410019,2,/Users/amangoyal/Documents/CVPR 2026 Workshop/frames_full/Validation/4100191010.jpg,ok
4100191012.avi,Validation,410019,2,/Users/amangoyal/Documents/CVPR 2026 Workshop/frames_full/Validation/4100191012.jpg,ok
4100191014.avi,Validation,410019,2,/Users/amangoyal/Documents/CVPR 2026 Workshop/frames_full/Validation/4100191014.jpg,ok
4100191016.avi,Validation,410019,2,/Users/amangoyal/Documents/CVPR 2026 Workshop/frames_full/Validation/4100191016.jpg,ok
4100191017.avi,Validation,410019,2,/Users/amangoyal/Documents/CVPR 2026 Workshop/frames_full/Validation/4100191017.jpg,ok
4100191018.avi,Validation,410019,3,/Users/amangoyal/Documents/CVPR 2026 Workshop/frames_full/Validation/4100191018.jpg,ok
4100191020.avi,Validation,410019,3,/Users/amangoyal/Documents/CVPR 2026 Workshop/frames_full/Validation/4100191020.jpg,ok
4100191021.avi,Validation,410019,2,/Users/amangoyal/Documents/CVPR 2026 Workshop/frames_full/Validation/4100191021.jpg,ok
4100191023.avi,Validation,410019,2,/Users/amangoyal/Documents/CVPR 2026 Workshop/frames_full/Validation/4100191023.jpg,ok
4100191024.avi,Validation,410019,2,/Users/amangoyal/Documents/CVPR 2026 Workshop/frames_full/Validation/4100191024.jpg,ok
4100191025.avi,Validation,410019,2,/Users/amangoyal/Documents/CVPR 2026 Workshop/frames_full/Validation/4100191025.jpg,ok
4100191026.avi,Validation,410019,2,/Users/amangoyal/Documents/CVPR 2026 Workshop/frames_full/Validation/4100191026.jpg,ok
4100191030.avi,Validation,410019,3,/Users/amangoyal/Documents/CVPR 2026 Workshop/frames_full/Validation/4100191030.jpg,ok
4100191031.avi,Validation,410019,2,/Users/amangoyal/Documents/CVPR 2026 Workshop/frames_full/Validation/4100191031.jpg,ok
4100191032.avi,Validation,410019,2,/Users/amangoyal/Documents/CVPR 2026 Workshop/frames_full/Validation/4100191032.jpg,ok
4100191033.avi,Validation,410019,0,/Users/amangoyal/Documents/CVPR 2026 Workshop/frames_full/Validation/4100191033.jpg,ok
4100191034.avi,Validation,410019,3,/Users/amangoyal/Documents/CVPR 2026 Workshop/frames_full/Validation/4100191034.jpg,ok
4100191035.avi,Validation,410019,2,/Users/amangoyal/Documents/CVPR 2026 Workshop/frames_full/Validation/4100191035.jpg,ok
4100191038.avi,Validation,410019,2,/Users/amangoyal/Documents/CVPR 2026 Workshop/frames_full/Validation/4100191038.jpg,ok
4100191039.avi,Validation,410019,2,/Users/amangoyal/Documents/CVPR 2026 Workshop/frames_full/Validation/4100191039.jpg,ok
4100191041.avi,Validation,410019,1,/Users/amangoyal/Documents/CVPR 2026 Workshop/frames_full/Validation/4100191041.jpg,ok
4100191042.avi,Validation,410019,2,/Users/amangoyal/Documents/CVPR 2026 Workshop/frames_full/Validation/4100191042.jpg,ok
4100191043.avi,Validation,410019,2,/Users/amangoyal/Documents/CVPR 2026 Workshop/frames_full/Validation/4100191043.jpg,ok
4100191045.avi,Validation,410019,2,/Users/amangoyal/Documents/CVPR 2026 Workshop/frames_full/Validation/4100191045.jpg,ok
4100191046.avi,Validation,410019,2,/Users/amangoyal/Documents/CVPR 2026 Workshop/frames_full/Validation/4100191046.jpg,ok
4100191052.avi,Validation,410019,2,/Users/amangoyal/Documents/CVPR 2026 Workshop/frames_full/Validation/4100191052.jpg,ok
4100191053.avi,Validation,410019,2,/Users/amangoyal/Documents/CVPR 2026 Workshop/frames_full/Validation/4100191053.jpg,ok
4100192001.avi,Validation,410019,2,/Users/amangoyal/Documents/CVPR 2026 Workshop/frames_full/Validation/4100192001.jpg,ok
4100192002.avi,Validation,410019,2,/Users/amangoyal/Documents/CVPR 2026 Workshop/frames_full/Validation/4100192002.jpg,ok
4100192003.avi,Validation,410019,2,/Users/amangoyal/Documents/CVPR 2026 Workshop/frames_full/Validation/4100192003.jpg,ok
4100192004.avi,Validation,410019,2,/Users/amangoyal/Documents/CVPR 2026 Workshop/frames_full/Validation/4100192004.jpg,ok
4100192005.avi,Validation,410019,2,/Users/amangoyal/Documents/CVPR 2026 Workshop/frames_full/Validation/4100192005.jpg,ok
4100192006.avi,Validation,410019,3,/Users/amangoyal/Documents/CVPR 2026 Workshop/frames_full/Validation/4100192006.jpg,ok
4100192007.avi,Validation,410019,2,/Users/amangoyal/Documents/CVPR 2026 Workshop/frames_full/Validation/4100192007.jpg,ok
4100192010.avi,Validation,410019,1,/Users/amangoyal/Documents/CVPR 2026 Workshop/frames_full/Validation/4100192010.jpg,ok
4100192011.avi,Validation,410019,1,/Users/amangoyal/Documents/CVPR 2026 Workshop/frames_full/Validation/4100192011.jpg,ok
4100192012.avi,Validation,410019,2,/Users/amangoyal/Documents/CVPR 2026 Workshop/frames_full/Validation/4100192012.jpg,ok
4100192013.avi,Validation,410019,2,/Users/amangoyal/Documents/CVPR 2026 Workshop/frames_full/Validation/4100192013.jpg,ok
4100192014.avi,Validation,410019,3,/Users/amangoyal/Documents/CVPR 2026 Workshop/frames_full/Validation/4100192014.jpg,ok
4100192015.avi,Validation,410019,1,/Users/amangoyal/Documents/CVPR 2026 Workshop/frames_full/Validation/4100192015.jpg,ok
4100192016.avi,Validation,410019,1,/Users/amangoyal/Documents/CVPR 2026 Workshop/frames_full/Validation/4100192016.jpg,ok
4100192019.avi,Validation,410019,2,/Users/amangoyal/Documents/CVPR 2026 Workshop/frames_full/Validation/4100192019.jpg,ok
4100192020.avi,Validation,410019,2,/Users/amangoyal/Documents/CVPR 2026 Workshop/frames_full/Validation/4100192020.jpg,ok
4100192022.avi,Validation,410019,2,/Users/amangoyal/Documents/CVPR 2026 Workshop/frames_full/Validation/4100192022.jpg,ok
4100192023.avi,Validation,410019,3,/Users/amangoyal/Documents/CVPR 2026 Workshop/frames_full/Validation/4100192023.jpg,ok
4100192024.avi,Validation,410019,2,/Users/amangoyal/Documents/CVPR 2026 Workshop/frames_full/Validation/4100192024.jpg,ok
4100192025.avi,Validation,410019,3,/Users/amangoyal/Documents/CVPR 2026 Workshop/frames_full/Validation/4100192025.jpg,ok
4100192026.avi,Validation,410019,0,/Users/amangoyal/Documents/CVPR 2026 Workshop/frames_full/Validation/4100192026.jpg,ok
4100192027.avi,Validation,410019,2,/Users/amangoyal/Documents/CVPR 2026 Workshop/frames_full/Validation/4100192027.jpg,ok
4100192028.avi,Validation,410019,3,/Users/amangoyal/Documents/CVPR 2026 Workshop/frames_full/Validation/4100192028.jpg,ok
4100192029.avi,Validation,410019,0,/Users/amangoyal/Documents/CVPR 2026 Workshop/frames_full/Validation/4100192029.jpg,ok
4100192031.avi,Validation,410019,1,/Users/amangoyal/Documents/CVPR 2026 Workshop/frames_full/Validation/4100192031.jpg,ok
4100192032.avi,Validation,410019,3,/Users/amangoyal/Documents/CVPR 2026 Workshop/frames_full/Validation/4100192032.jpg,ok
4100192033.avi,Validation,410019,2,/Users/amangoyal/Documents/CVPR 2026 Workshop/frames_full/Validation/4100192033.jpg,ok
4100192034.avi,Validation,410019,2,/Users/amangoyal/Documents/CVPR 2026 Workshop/frames_full/Validation/4100192034.jpg,ok
4100192036.avi,Validation,410019,2,/Users/amangoyal/Documents/CVPR 2026 Workshop/frames_full/Validation/4100192036.jpg,ok
4100192037.avi,Validation,410019,2,/Users/amangoyal/Documents/CVPR 2026 Workshop/frames_full/Validation/4100192037.jpg,ok
4100192038.avi,Validation,410019,2,/Users/amangoyal/Documents/CVPR 2026 Workshop/frames_full/Validation/4100192038.jpg,ok
4100192039.avi,Validation,410019,2,/Users/amangoyal/Documents/CVPR 2026 Workshop/frames_full/Validation/4100192039.jpg,ok
4100192040.avi,Validation,410019,2,/Users/amangoyal/Documents/CVPR 2026 Workshop/frames_full/Validation/4100192040.jpg,ok
4100192043.avi,Validation,410019,2,/Users/amangoyal/Documents/CVPR 2026 Workshop/frames_full/Validation/4100192043.jpg,ok
4100192044.avi,Validation,410019,2,/Users/amangoyal/Documents/CVPR 2026 Workshop/frames_full/Validation/4100192044.jpg,ok
4100192045.avi,Validation,410019,2,/Users/amangoyal/Documents/CVPR 2026 Workshop/frames_full/Validation/4100192045.jpg,ok
4100192046.avi,Validation,410019,2,/Users/amangoyal/Documents/CVPR 2026 Workshop/frames_full/Validation/4100192046.jpg,ok
4100192047.avi,Validation,410019,3,/Users/amangoyal/Documents/CVPR 2026 Workshop/frames_full/Validation/4100192047.jpg,ok
4100192048.avi,Validation,410019,2,/Users/amangoyal/Documents/CVPR 2026 Workshop/frames_full/Validation/4100192048.jpg,ok
4100192049.avi,Validation,410019,1,/Users/amangoyal/Documents/CVPR 2026 Workshop/frames_full/Validation/4100192049.jpg,ok
4100192050.avi,Validation,410019,2,/Users/amangoyal/Documents/CVPR 2026 Workshop/frames_full/Validation/4100192050.jpg,ok
4100192051.avi,Validation,410019,2,/Users/amangoyal/Documents/CVPR 2026 Workshop/frames_full/Validation/4100192051.jpg,ok
4100192052.avi,Validation,410019,2,/Users/amangoyal/Documents/CVPR 2026 Workshop/frames_full/Validation/4100192052.jpg,ok
4100192053.avi,Validation,410019,1,/Users/amangoyal/Documents/CVPR 2026 Workshop/frames_full/Validation/4100192053.jpg,ok
4100192054.avi,Validation,410019,2,/Users/amangoyal/Documents/CVPR 2026 Workshop/frames_full/Validation/4100192054.jpg,ok
4100192055.avi,Validation,410019,2,/Users/amangoyal/Documents/CVPR 2026 Workshop/frames_full/Validation/4100192055.jpg,ok
4100192056.avi,Validation,410019,2,/Users/amangoyal/Documents/CVPR 2026 Workshop/frames_full/Validation/4100192056.jpg,ok
4100192057.avi,Validation,410019,3,/Users/amangoyal/Documents/CVPR 2026 Workshop/frames_full/Validation/4100192057.jpg,ok
4100192058.avi,Validation,410019,2,/Users/amangoyal/Documents/CVPR 2026 Workshop/frames_full/Validation/4100192058.jpg,ok
4100192060.avi,Validation,410019,1,/Users/amangoyal/Documents/CVPR 2026 Workshop/frames_full/Validation/4100192060.jpg,ok
4100192061.avi,Validation,410019,2,/Users/amangoyal/Documents/CVPR 2026 Workshop/frames_full/Validation/4100192061.jpg,ok
4100192062.avi,Validation,410019,3,/Users/amangoyal/Documents/CVPR 2026 Workshop/frames_full/Validation/4100192062.jpg,ok
4100192063.avi,Validation,410019,2,/Users/amangoyal/Documents/CVPR 2026 Workshop/frames_full/Validation/4100192063.jpg,ok
4100192066.avi,Validation,410019,2,/Users/amangoyal/Documents/CVPR 2026 Workshop/frames_full/Validation/4100192066.jpg,ok
4100192068.avi,Validation,410019,2,/Users/amangoyal/Documents/CVPR 2026 Workshop/frames_full/Validation/4100192068.jpg,ok
4100201001.avi,Validation,410020,3,/Users/amangoyal/Documents/CVPR 2026 Workshop/frames_full/Validation/4100201001.jpg,ok
4100201003.avi,Validation,410020,2,/Users/amangoyal/Documents/CVPR 2026 Workshop/frames_full/Validation/4100201003.jpg,ok
4100201004.avi,Validation,410020,3,/Users/amangoyal/Documents/CVPR 2026 Workshop/frames_full/Validation/4100201004.jpg,ok
4100201005.avi,Validation,410020,2,/Users/amangoyal/Documents/CVPR 2026 Workshop/frames_full/Validation/4100201005.jpg,ok
4100201006.avi,Validation,410020,2,/Users/amangoyal/Documents/CVPR 2026 Workshop/frames_full/Validation/4100201006.jpg,ok
4100201007.avi,Validation,410020,2,/Users/amangoyal/Documents/CVPR 2026 Workshop/frames_full/Validation/4100201007.jpg,ok
4100201008.avi,Validation,410020,3,/Users/amangoyal/Documents/CVPR 2026 Workshop/frames_full/Validation/4100201008.jpg,ok
4100201009.avi,Validation,410020,2,/Users/amangoyal/Documents/CVPR 2026 Workshop/frames_full/Validation/4100201009.jpg,ok
4100201010.avi,Validation,410020,3,/Users/amangoyal/Documents/CVPR 2026 Workshop/frames_full/Validation/4100201010.jpg,ok
4100201011.avi,Validation,410020,2,/Users/amangoyal/Documents/CVPR 2026 Workshop/frames_full/Validation/4100201011.jpg,ok
4100201013.avi,Validation,410020,3,/Users/amangoyal/Documents/CVPR 2026 Workshop/frames_full/Validation/4100201013.jpg,ok
4100201014.avi,Validation,410020,3,/Users/amangoyal/Documents/CVPR 2026 Workshop/frames_full/Validation/4100201014.jpg,ok
4100201016.avi,Validation,410020,2,/Users/amangoyal/Documents/CVPR 2026 Workshop/frames_full/Validation/4100201016.jpg,ok
4100201017.avi,Validation,410020,3,/Users/amangoyal/Documents/CVPR 2026 Workshop/frames_full/Validation/4100201017.jpg,ok
4100201018.avi,Validation,410020,3,/Users/amangoyal/Documents/CVPR 2026 Workshop/frames_full/Validation/4100201018.jpg,ok
4100201020.avi,Validation,410020,3,/Users/amangoyal/Documents/CVPR 2026 Workshop/frames_full/Validation/4100201020.jpg,ok
4100201021.avi,Validation,410020,2,/Users/amangoyal/Documents/CVPR 2026 Workshop/frames_full/Validation/4100201021.jpg,ok
4100201022.avi,Validation,410020,3,/Users/amangoyal/Documents/CVPR 2026 Workshop/frames_full/Validation/4100201022.jpg,ok
4100201023.avi,Validation,410020,3,/Users/amangoyal/Documents/CVPR 2026 Workshop/frames_full/Validation/4100201023.jpg,ok
4100201024.avi,Validation,410020,3,/Users/amangoyal/Documents/CVPR 2026 Workshop/frames_full/Validation/4100201024.jpg,ok
4100201025.avi,Validation,410020,3,/Users/amangoyal/Documents/CVPR 2026 Workshop/frames_full/Validation/4100201025.jpg,ok
4100201026.avi,Validation,410020,2,/Users/amangoyal/Documents/CVPR 2026 Workshop/frames_full/Validation/4100201026.jpg,ok
4100201027.avi,Validation,410020,2,/Users/amangoyal/Documents/CVPR 2026 Workshop/frames_full/Validation/4100201027.jpg,ok
4100201030.avi,Validation,410020,1,/Users/amangoyal/Documents/CVPR 2026 Workshop/frames_full/Validation/4100201030.jpg,ok
4100201031.avi,Validation,410020,3,/Users/amangoyal/Documents/CVPR 2026 Workshop/frames_full/Validation/4100201031.jpg,ok
4100201032.avi,Validation,410020,1,/Users/amangoyal/Documents/CVPR 2026 Workshop/frames_full/Validation/4100201032.jpg,ok
4100201033.avi,Validation,410020,2,/Users/amangoyal/Documents/CVPR 2026 Workshop/frames_full/Validation/4100201033.jpg,ok
4100201034.avi,Validation,410020,2,/Users/amangoyal/Documents/CVPR 2026 Workshop/frames_full/Validation/4100201034.jpg,ok
4100201035.avi,Validation,410020,3,/Users/amangoyal/Documents/CVPR 2026 Workshop/frames_full/Validation/4100201035.jpg,ok
4100201039.avi,Validation,410020,1,/Users/amangoyal/Documents/CVPR 2026 Workshop/frames_full/Validation/4100201039.jpg,ok
4100201040.avi,Validation,410020,3,/Users/amangoyal/Documents/CVPR 2026 Workshop/frames_full/Validation/4100201040.jpg,ok
4100201041.avi,Validation,410020,2,/Users/amangoyal/Documents/CVPR 2026 Workshop/frames_full/Validation/4100201041.jpg,ok
4100201042.avi,Validation,410020,3,/Users/amangoyal/Documents/CVPR 2026 Workshop/frames_full/Validation/4100201042.jpg,ok
4100201043.avi,Validation,410020,1,/Users/amangoyal/Documents/CVPR 2026 Workshop/frames_full/Validation/4100201043.jpg,ok
4100201044.avi,Validation,410020,2,/Users/amangoyal/Documents/CVPR 2026 Workshop/frames_full/Validation/4100201044.jpg,ok
4100201045.avi,Validation,410020,2,/Users/amangoyal/Documents/CVPR 2026 Workshop/frames_full/Validation/4100201045.jpg,ok
4100201046.avi,Validation,410020,2,/Users/amangoyal/Documents/CVPR 2026 Workshop/frames_full/Validation/4100201046.jpg,ok
4100201048.avi,Validation,410020,2,/Users/amangoyal/Documents/CVPR 2026 Workshop/frames_full/Validation/4100201048.jpg,ok
4100201049.avi,Validation,410020,3,/Users/amangoyal/Documents/CVPR 2026 Workshop/frames_full/Validation/4100201049.jpg,ok
4100201051.avi,Validation,410020,3,/Users/amangoyal/Documents/CVPR 2026 Workshop/frames_full/Validation/4100201051.jpg,ok
4100201052.avi,Validation,410020,2,/Users/amangoyal/Documents/CVPR 2026 Workshop/frames_full/Validation/4100201052.jpg,ok
4100201053.avi,Validation,410020,2,/Users/amangoyal/Documents/CVPR 2026 Workshop/frames_full/Validation/4100201053.jpg,ok
4100201054.avi,Validation,410020,3,/Users/amangoyal/Documents/CVPR 2026 Workshop/frames_full/Validation/4100201054.jpg,ok
4100201055.avi,Validation,410020,3,/Users/amangoyal/Documents/CVPR 2026 Workshop/frames_full/Validation/4100201055.jpg,ok
4100201056.avi,Validation,410020,2,/Users/amangoyal/Documents/CVPR 2026 Workshop/frames_full/Validation/4100201056.jpg,ok
4100201058.avi,Validation,410020,3,/Users/amangoyal/Documents/CVPR 2026 Workshop/frames_full/Validation/4100201058.jpg,ok
4100201059.avi,Validation,410020,2,/Users/amangoyal/Documents/CVPR 2026 Workshop/frames_full/Validation/4100201059.jpg,ok
4100201060.avi,Validation,410020,2,/Users/amangoyal/Documents/CVPR 2026 Workshop/frames_full/Validation/4100201060.jpg,ok
4100201061.avi,Validation,410020,0,/Users/amangoyal/Documents/CVPR 2026 Workshop/frames_full/Validation/4100201061.jpg,ok
4100201062.avi,Validation,410020,3,/Users/amangoyal/Documents/CVPR 2026 Workshop/frames_full/Validation/4100201062.jpg,ok
4100201063.avi,Validation,410020,2,/Users/amangoyal/Documents/CVPR 2026 Workshop/frames_full/Validation/4100201063.jpg,ok
4100201064.avi,Validation,410020,2,/Users/amangoyal/Documents/CVPR 2026 Workshop/frames_full/Validation/4100201064.jpg,ok
4100201068.avi,Validation,410020,3,/Users/amangoyal/Documents/CVPR 2026 Workshop/frames_full/Validation/4100201068.jpg,ok
4100201069.avi,Validation,410020,3,/Users/amangoyal/Documents/CVPR 2026 Workshop/frames_full/Validation/4100201069.jpg,ok
4100201071.avi,Validation,410020,2,/Users/amangoyal/Documents/CVPR 2026 Workshop/frames_full/Validation/4100201071.jpg,ok
4100201072.avi,Validation,410020,3,/Users/amangoyal/Documents/CVPR 2026 Workshop/frames_full/Validation/4100201072.jpg,ok
4100201073.avi,Validation,410020,3,/Users/amangoyal/Documents/CVPR 2026 Workshop/frames_full/Validation/4100201073.jpg,ok
4100201074.avi,Validation,410020,2,/Users/amangoyal/Documents/CVPR 2026 Workshop/frames_full/Validation/4100201074.jpg,ok
4100201075.avi,Validation,410020,3,/Users/amangoyal/Documents/CVPR 2026 Workshop/frames_full/Validation/4100201075.jpg,ok
4100201076.avi,Validation,410020,2,/Users/amangoyal/Documents/CVPR 2026 Workshop/frames_full/Validation/4100201076.jpg,ok
4100201078.avi,Validation,410020,3,/Users/amangoyal/Documents/CVPR 2026 Workshop/frames_full/Validation/4100201078.jpg,ok
4100201079.avi,Validation,410020,3,/Users/amangoyal/Documents/CVPR 2026 Workshop/frames_full/Validation/4100201079.jpg,ok
4100201081.avi,Validation,410020,2,/Users/amangoyal/Documents/CVPR 2026 Workshop/frames_full/Validation/4100201081.jpg,ok
4100201082.avi,Validation,410020,2,/Users/amangoyal/Documents/CVPR 2026 Workshop/frames_full/Validation/4100201082.jpg,ok
4100202001.avi,Validation,410020,2,/Users/amangoyal/Documents/CVPR 2026 Workshop/frames_full/Validation/4100202001.jpg,ok
4100202004.avi,Validation,410020,2,/Users/amangoyal/Documents/CVPR 2026 Workshop/frames_full/Validation/4100202004.jpg,ok
4100202005.avi,Validation,410020,2,/Users/amangoyal/Documents/CVPR 2026 Workshop/frames_full/Validation/4100202005.jpg,ok
4100202006.avi,Validation,410020,2,/Users/amangoyal/Documents/CVPR 2026 Workshop/frames_full/Validation/4100202006.jpg,ok
4100202007.avi,Validation,410020,3,/Users/amangoyal/Documents/CVPR 2026 Workshop/frames_full/Validation/4100202007.jpg,ok
4100202008.avi,Validation,410020,3,/Users/amangoyal/Documents/CVPR 2026 Workshop/frames_full/Validation/4100202008.jpg,ok
4100202009.avi,Validation,410020,3,/Users/amangoyal/Documents/CVPR 2026 Workshop/frames_full/Validation/4100202009.jpg,ok
4100202010.avi,Validation,410020,2,/Users/amangoyal/Documents/CVPR 2026 Workshop/frames_full/Validation/4100202010.jpg,ok
4100202011.avi,Validation,410020,2,/Users/amangoyal/Documents/CVPR 2026 Workshop/frames_full/Validation/4100202011.jpg,ok
4100202012.avi,Validation,410020,2,/Users/amangoyal/Documents/CVPR 2026 Workshop/frames_full/Validation/4100202012.jpg,ok
4100202013.avi,Validation,410020,2,/Users/amangoyal/Documents/CVPR 2026 Workshop/frames_full/Validation/4100202013.jpg,ok
4100202014.avi,Validation,410020,1,/Users/amangoyal/Documents/CVPR 2026 Workshop/frames_full/Validation/4100202014.jpg,ok
4100202015.avi,Validation,410020,3,/Users/amangoyal/Documents/CVPR 2026 Workshop/frames_full/Validation/4100202015.jpg,ok
4100202016.avi,Validation,410020,3,/Users/amangoyal/Documents/CVPR 2026 Workshop/frames_full/Validation/4100202016.jpg,ok
4100202017.avi,Validation,410020,3,/Users/amangoyal/Documents/CVPR 2026 Workshop/frames_full/Validation/4100202017.jpg,ok
4100202018.avi,Validation,410020,2,/Users/amangoyal/Documents/CVPR 2026 Workshop/frames_full/Validation/4100202018.jpg,ok
4100202019.avi,Validation,410020,3,/Users/amangoyal/Documents/CVPR 2026 Workshop/frames_full/Validation/4100202019.jpg,ok
4100202021.avi,Validation,410020,3,/Users/amangoyal/Documents/CVPR 2026 Workshop/frames_full/Validation/4100202021.jpg,ok
4100202022.avi,Validation,410020,2,/Users/amangoyal/Documents/CVPR 2026 Workshop/frames_full/Validation/4100202022.jpg,ok
4100202023.avi,Validation,410020,3,/Users/amangoyal/Documents/CVPR 2026 Workshop/frames_full/Validation/4100202023.jpg,ok
4100202024.avi,Validation,410020,2,/Users/amangoyal/Documents/CVPR 2026 Workshop/frames_full/Validation/4100202024.jpg,ok
4100202025.avi,Validation,410020,2,/Users/amangoyal/Documents/CVPR 2026 Workshop/frames_full/Validation/4100202025.jpg,ok
4100202032.avi,Validation,410020,2,/Users/amangoyal/Documents/CVPR 2026 Workshop/frames_full/Validation/4100202032.jpg,ok
4100202037.avi,Validation,410020,2,/Users/amangoyal/Documents/CVPR 2026 Workshop/frames_full/Validation/4100202037.jpg,ok
4100202039.avi,Validation,410020,2,/Users/amangoyal/Documents/CVPR 2026 Workshop/frames_full/Validation/4100202039.jpg,ok
4100202040.avi,Validation,410020,2,/Users/amangoyal/Documents/CVPR 2026 Workshop/frames_full/Validation/4100202040.jpg,ok
4100202041.avi,Validation,410020,3,/Users/amangoyal/Documents/CVPR 2026 Workshop/frames_full/Validation/4100202041.jpg,ok
4100202042.avi,Validation,410020,2,/Users/amangoyal/Documents/CVPR 2026 Workshop/frames_full/Validation/4100202042.jpg,ok
4100202043.avi,Validation,410020,3,/Users/amangoyal/Documents/CVPR 2026 Workshop/frames_full/Validation/4100202043.jpg,ok
4100202045.avi,Validation,410020,2,/Users/amangoyal/Documents/CVPR 2026 Workshop/frames_full/Validation/4100202045.jpg,ok
4100202046.avi,Validation,410020,1,/Users/amangoyal/Documents/CVPR 2026 Workshop/frames_full/Validation/4100202046.jpg,ok
4100202048.avi,Validation,410020,2,/Users/amangoyal/Documents/CVPR 2026 Workshop/frames_full/Validation/4100202048.jpg,ok
4100202052.avi,Validation,410020,2,/Users/amangoyal/Documents/CVPR 2026 Workshop/frames_full/Validation/4100202052.jpg,ok
4100202053.avi,Validation,410020,2,/Users/amangoyal/Documents/CVPR 2026 Workshop/frames_full/Validation/4100202053.jpg,ok
4100202054.avi,Validation,410020,3,/Users/amangoyal/Documents/CVPR 2026 Workshop/frames_full/Validation/4100202054.jpg,ok
4100202055.avi,Validation,410020,3,/Users/amangoyal/Documents/CVPR 2026 Workshop/frames_full/Validation/4100202055.jpg,ok
4100202056.avi,Validation,410020,2,/Users/amangoyal/Documents/CVPR 2026 Workshop/frames_full/Validation/4100202056.jpg,ok
4100202063.avi,Validation,410020,3,/Users/amangoyal/Documents/CVPR 2026 Workshop/frames_full/Validation/4100202063.jpg,ok
4100202065.avi,Validation,410020,1,/Users/amangoyal/Documents/CVPR 2026 Workshop/frames_full/Validation/4100202065.jpg,ok
4100202067.avi,Validation,410020,3,/Users/amangoyal/Documents/CVPR 2026 Workshop/frames_full/Validation/4100202067.jpg,ok
4100202068.avi,Validation,410020,2,/Users/amangoyal/Documents/CVPR 2026 Workshop/frames_full/Validation/4100202068.jpg,ok
4100241001.avi,Validation,410024,2,/Users/amangoyal/Documents/CVPR 2026 Workshop/frames_full/Validation/4100241001.jpg,ok
4100241002.avi,Validation,410024,2,/Users/amangoyal/Documents/CVPR 2026 Workshop/frames_full/Validation/4100241002.jpg,ok
4100241003.avi,Validation,410024,2,/Users/amangoyal/Documents/CVPR 2026 Workshop/frames_full/Validation/4100241003.jpg,ok
4100241004.avi,Validation,410024,2,/Users/amangoyal/Documents/CVPR 2026 Workshop/frames_full/Validation/4100241004.jpg,ok
4100241006.avi,Validation,410024,2,/Users/amangoyal/Documents/CVPR 2026 Workshop/frames_full/Validation/4100241006.jpg,ok
4100241007.avi,Validation,410024,2,/Users/amangoyal/Documents/CVPR 2026 Workshop/frames_full/Validation/4100241007.jpg,ok
4100241008.avi,Validation,410024,2,/Users/amangoyal/Documents/CVPR 2026 Workshop/frames_full/Validation/4100241008.jpg,ok
4100241009.avi,Validation,410024,2,/Users/amangoyal/Documents/CVPR 2026 Workshop/frames_full/Validation/4100241009.jpg,ok
4100241011.avi,Validation,410024,2,/Users/amangoyal/Documents/CVPR 2026 Workshop/frames_full/Validation/4100241011.jpg,ok
4100241013.avi,Validation,410024,2,/Users/amangoyal/Documents/CVPR 2026 Workshop/frames_full/Validation/4100241013.jpg,ok
4100241016.avi,Validation,410024,3,/Users/amangoyal/Documents/CVPR 2026 Workshop/frames_full/Validation/4100241016.jpg,ok
4100241017.avi,Validation,410024,2,/Users/amangoyal/Documents/CVPR 2026 Workshop/frames_full/Validation/4100241017.jpg,ok
4100241018.avi,Validation,410024,3,/Users/amangoyal/Documents/CVPR 2026 Workshop/frames_full/Validation/4100241018.jpg,ok
4100241020.avi,Validation,410024,2,/Users/amangoyal/Documents/CVPR 2026 Workshop/frames_full/Validation/4100241020.jpg,ok
4100241029.avi,Validation,410024,1,/Users/amangoyal/Documents/CVPR 2026 Workshop/frames_full/Validation/4100241029.jpg,ok
4100241030.avi,Validation,410024,2,/Users/amangoyal/Documents/CVPR 2026 Workshop/frames_full/Validation/4100241030.jpg,ok
4100241031.avi,Validation,410024,2,/Users/amangoyal/Documents/CVPR 2026 Workshop/frames_full/Validation/4100241031.jpg,ok
4100241042.avi,Validation,410024,2,/Users/amangoyal/Documents/CVPR 2026 Workshop/frames_full/Validation/4100241042.jpg,ok
4100241045.avi,Validation,410024,2,/Users/amangoyal/Documents/CVPR 2026 Workshop/frames_full/Validation/4100241045.jpg,ok
4100241046.avi,Validation,410024,3,/Users/amangoyal/Documents/CVPR 2026 Workshop/frames_full/Validation/4100241046.jpg,ok
4100241049.avi,Validation,410024,2,/Users/amangoyal/Documents/CVPR 2026 Workshop/frames_full/Validation/4100241049.jpg,ok
4100241051.avi,Validation,410024,3,/Users/amangoyal/Documents/CVPR 2026 Workshop/frames_full/Validation/4100241051.jpg,ok
4100241052.avi,Validation,410024,3,/Users/amangoyal/Documents/CVPR 2026 Workshop/frames_full/Validation/4100241052.jpg,ok
4100241053.avi,Validation,410024,3,/Users/amangoyal/Documents/CVPR 2026 Workshop/frames_full/Validation/4100241053.jpg,ok
4100241054.avi,Validation,410024,2,/Users/amangoyal/Documents/CVPR 2026 Workshop/frames_full/Validation/4100241054.jpg,ok
4100241055.avi,Validation,410024,1,/Users/amangoyal/Documents/CVPR 2026 Workshop/frames_full/Validation/4100241055.jpg,ok
4100241056.avi,Validation,410024,3,/Users/amangoyal/Documents/CVPR 2026 Workshop/frames_full/Validation/4100241056.jpg,ok
4100241059.avi,Validation,410024,1,/Users/amangoyal/Documents/CVPR 2026 Workshop/frames_full/Validation/4100241059.jpg,ok
4100241060.avi,Validation,410024,3,/Users/amangoyal/Documents/CVPR 2026 Workshop/frames_full/Validation/4100241060.jpg,ok
4100241061.avi,Validation,410024,3,/Users/amangoyal/Documents/CVPR 2026 Workshop/frames_full/Validation/4100241061.jpg,ok
4100241062.avi,Validation,410024,2,/Users/amangoyal/Documents/CVPR 2026 Workshop/frames_full/Validation/4100241062.jpg,ok
4100241063.avi,Validation,410024,3,/Users/amangoyal/Documents/CVPR 2026 Workshop/frames_full/Validation/4100241063.jpg,ok
4100241064.avi,Validation,410024,2,/Users/amangoyal/Documents/CVPR 2026 Workshop/frames_full/Validation/4100241064.jpg,ok
4100241068.avi,Validation,410024,1,/Users/amangoyal/Documents/CVPR 2026 Workshop/frames_full/Validation/4100241068.jpg,ok
4100241069.avi,Validation,410024,3,/Users/amangoyal/Documents/CVPR 2026 Workshop/frames_full/Validation/4100241069.jpg,ok
4100241075.avi,Validation,410024,3,/Users/amangoyal/Documents/CVPR 2026 Workshop/frames_full/Validation/4100241075.jpg,ok
4100242001.avi,Validation,410024,2,/Users/amangoyal/Documents/CVPR 2026 Workshop/frames_full/Validation/4100242001.jpg,ok
4100242002.avi,Validation,410024,2,/Users/amangoyal/Documents/CVPR 2026 Workshop/frames_full/Validation/4100242002.jpg,ok
4100242003.avi,Validation,410024,1,/Users/amangoyal/Documents/CVPR 2026 Workshop/frames_full/Validation/4100242003.jpg,ok
4100242004.avi,Validation,410024,3,/Users/amangoyal/Documents/CVPR 2026 Workshop/frames_full/Validation/4100242004.jpg,ok
4100242005.avi,Validation,410024,2,/Users/amangoyal/Documents/CVPR 2026 Workshop/frames_full/Validation/4100242005.jpg,ok
4100242006.avi,Validation,410024,2,/Users/amangoyal/Documents/CVPR 2026 Workshop/frames_full/Validation/4100242006.jpg,ok
4100242008.avi,Validation,410024,2,/Users/amangoyal/Documents/CVPR 2026 Workshop/frames_full/Validation/4100242008.jpg,ok
4100242011.avi,Validation,410024,2,/Users/amangoyal/Documents/CVPR 2026 Workshop/frames_full/Validation/4100242011.jpg,ok
4100242020.avi,Validation,410024,2,/Users/amangoyal/Documents/CVPR 2026 Workshop/frames_full/Validation/4100242020.jpg,ok
4100242021.avi,Validation,410024,2,/Users/amangoyal/Documents/CVPR 2026 Workshop/frames_full/Validation/4100242021.jpg,ok
4100242029.avi,Validation,410024,2,/Users/amangoyal/Documents/CVPR 2026 Workshop/frames_full/Validation/4100242029.jpg,ok
4100242031.avi,Validation,410024,2,/Users/amangoyal/Documents/CVPR 2026 Workshop/frames_full/Validation/4100242031.jpg,ok
4100242032.avi,Validation,410024,0,/Users/amangoyal/Documents/CVPR 2026 Workshop/frames_full/Validation/4100242032.jpg,ok
4100242033.avi,Validation,410024,1,/Users/amangoyal/Documents/CVPR 2026 Workshop/frames_full/Validation/4100242033.jpg,ok
4100242034.avi,Validation,410024,2,/Users/amangoyal/Documents/CVPR 2026 Workshop/frames_full/Validation/4100242034.jpg,ok
4100242035.avi,Validation,410024,1,/Users/amangoyal/Documents/CVPR 2026 Workshop/frames_full/Validation/4100242035.jpg,ok
4100242036.avi,Validation,410024,2,/Users/amangoyal/Documents/CVPR 2026 Workshop/frames_full/Validation/4100242036.jpg,ok
4100242037.avi,Validation,410024,2,/Users/amangoyal/Documents/CVPR 2026 Workshop/frames_full/Validation/4100242037.jpg,ok
4100242038.avi,Validation,410024,2,/Users/amangoyal/Documents/CVPR 2026 Workshop/frames_full/Validation/4100242038.jpg,ok
4100242040.avi,Validation,410024,2,/Users/amangoyal/Documents/CVPR 2026 Workshop/frames_full/Validation/4100242040.jpg,ok
4100242045.avi,Validation,410024,2,/Users/amangoyal/Documents/CVPR 2026 Workshop/frames_full/Validation/4100242045.jpg,ok
4100242048.avi,Validation,410024,3,/Users/amangoyal/Documents/CVPR 2026 Workshop/frames_full/Validation/4100242048.jpg,ok
4100242050.avi,Validation,410024,2,/Users/amangoyal/Documents/CVPR 2026 Workshop/frames_full/Validation/4100242050.jpg,ok
4100242053.avi,Validation,410024,2,/Users/amangoyal/Documents/CVPR 2026 Workshop/frames_full/Validation/4100242053.jpg,ok
4100242054.avi,Validation,410024,2,/Users/amangoyal/Documents/CVPR 2026 Workshop/frames_full/Validation/4100242054.jpg,ok
4100242057.avi,Validation,410024,1,/Users/amangoyal/Documents/CVPR 2026 Workshop/frames_full/Validation/4100242057.jpg,ok
4100242059.avi,Validation,410024,2,/Users/amangoyal/Documents/CVPR 2026 Workshop/frames_full/Validation/4100242059.jpg,ok
4100242060.avi,Validation,410024,2,/Users/amangoyal/Documents/CVPR 2026 Workshop/frames_full/Validation/4100242060.jpg,ok
4100242063.avi,Validation,410024,1,/Users/amangoyal/Documents/CVPR 2026 Workshop/frames_full/Validation/4100242063.jpg,ok
4100242065.avi,Validation,410024,2,/Users/amangoyal/Documents/CVPR 2026 Workshop/frames_full/Validation/4100242065.jpg,ok
4100242066.avi,Validation,410024,2,/Users/amangoyal/Documents/CVPR 2026 Workshop/frames_full/Validation/4100242066.jpg,ok
4100242067.avi,Validation,410024,2,/Users/amangoyal/Documents/CVPR 2026 Workshop/frames_full/Validation/4100242067.jpg,ok
4100251003.avi,Validation,410025,2,/Users/amangoyal/Documents/CVPR 2026 Workshop/frames_full/Validation/4100251003.jpg,ok
4100251004.avi,Validation,410025,3,/Users/amangoyal/Documents/CVPR 2026 Workshop/frames_full/Validation/4100251004.jpg,ok
4100251005.avi,Validation,410025,3,/Users/amangoyal/Documents/CVPR 2026 Workshop/frames_full/Validation/4100251005.jpg,ok
4100251006.avi,Validation,410025,1,/Users/amangoyal/Documents/CVPR 2026 Workshop/frames_full/Validation/4100251006.jpg,ok
4100251010.avi,Validation,410025,3,/Users/amangoyal/Documents/CVPR 2026 Workshop/frames_full/Validation/4100251010.jpg,ok
4100251011.avi,Validation,410025,2,/Users/amangoyal/Documents/CVPR 2026 Workshop/frames_full/Validation/4100251011.jpg,ok
4100251012.avi,Validation,410025,2,/Users/amangoyal/Documents/CVPR 2026 Workshop/frames_full/Validation/4100251012.jpg,ok
4100251013.avi,Validation,410025,2,/Users/amangoyal/Documents/CVPR 2026 Workshop/frames_full/Validation/4100251013.jpg,ok
4100251014.avi,Validation,410025,2,/Users/amangoyal/Documents/CVPR 2026 Workshop/frames_full/Validation/4100251014.jpg,ok
4100251015.avi,Validation,410025,3,/Users/amangoyal/Documents/CVPR 2026 Workshop/frames_full/Validation/4100251015.jpg,ok
4100251016.avi,Validation,410025,1,/Users/amangoyal/Documents/CVPR 2026 Workshop/frames_full/Validation/4100251016.jpg,ok
4100251017.avi,Validation,410025,2,/Users/amangoyal/Documents/CVPR 2026 Workshop/frames_full/Validation/4100251017.jpg,ok
4100251018.avi,Validation,410025,2,/Users/amangoyal/Documents/CVPR 2026 Workshop/frames_full/Validation/4100251018.jpg,ok
4100251019.avi,Validation,410025,2,/Users/amangoyal/Documents/CVPR 2026 Workshop/frames_full/Validation/4100251019.jpg,ok
4100251020.avi,Validation,410025,1,/Users/amangoyal/Documents/CVPR 2026 Workshop/frames_full/Validation/4100251020.jpg,ok
4100251021.avi,Validation,410025,1,/Users/amangoyal/Documents/CVPR 2026 Workshop/frames_full/Validation/4100251021.jpg,ok
4100251022.avi,Validation,410025,2,/Users/amangoyal/Documents/CVPR 2026 Workshop/frames_full/Validation/4100251022.jpg,ok
4100251024.avi,Validation,410025,1,/Users/amangoyal/Documents/CVPR 2026 Workshop/frames_full/Validation/4100251024.jpg,ok
4100251026.avi,Validation,410025,3,/Users/amangoyal/Documents/CVPR 2026 Workshop/frames_full/Validation/4100251026.jpg,ok
4100251027.avi,Validation,410025,1,/Users/amangoyal/Documents/CVPR 2026 Workshop/frames_full/Validation/4100251027.jpg,ok
4100251028.avi,Validation,410025,1,/Users/amangoyal/Documents/CVPR 2026 Workshop/frames_full/Validation/4100251028.jpg,ok
4100251029.avi,Validation,410025,1,/Users/amangoyal/Documents/CVPR 2026 Workshop/frames_full/Validation/4100251029.jpg,ok
4100251030.avi,Validation,410025,2,/Users/amangoyal/Documents/CVPR 2026 Workshop/frames_full/Validation/4100251030.jpg,ok
4100251031.avi,Validation,410025,2,/Users/amangoyal/Documents/CVPR 2026 Workshop/frames_full/Validation/4100251031.jpg,ok
4100251032.avi,Validation,410025,1,/Users/amangoyal/Documents/CVPR 2026 Workshop/frames_full/Validation/4100251032.jpg,ok
4100251033.avi,Validation,410025,1,/Users/amangoyal/Documents/CVPR 2026 Workshop/frames_full/Validation/4100251033.jpg,ok
4100251034.avi,Validation,410025,2,/Users/amangoyal/Documents/CVPR 2026 Workshop/frames_full/Validation/4100251034.jpg,ok
4100251035.avi,Validation,410025,2,/Users/amangoyal/Documents/CVPR 2026 Workshop/frames_full/Validation/4100251035.jpg,ok
4100251036.avi,Validation,410025,1,/Users/amangoyal/Documents/CVPR 2026 Workshop/frames_full/Validation/4100251036.jpg,ok
4100251038.avi,Validation,410025,1,/Users/amangoyal/Documents/CVPR 2026 Workshop/frames_full/Validation/4100251038.jpg,ok
4100251039.avi,Validation,410025,2,/Users/amangoyal/Documents/CVPR 2026 Workshop/frames_full/Validation/4100251039.jpg,ok
4100251040.avi,Validation,410025,2,/Users/amangoyal/Documents/CVPR 2026 Workshop/frames_full/Validation/4100251040.jpg,ok
4100251041.avi,Validation,410025,1,/Users/amangoyal/Documents/CVPR 2026 Workshop/frames_full/Validation/4100251041.jpg,ok
4100251042.avi,Validation,410025,2,/Users/amangoyal/Documents/CVPR 2026 Workshop/frames_full/Validation/4100251042.jpg,ok
4100251044.avi,Validation,410025,2,/Users/amangoyal/Documents/CVPR 2026 Workshop/frames_full/Validation/4100251044.jpg,ok
4100251046.avi,Validation,410025,1,/Users/amangoyal/Documents/CVPR 2026 Workshop/frames_full/Validation/4100251046.jpg,ok
4100251047.avi,Validation,410025,2,/Users/amangoyal/Documents/CVPR 2026 Workshop/frames_full/Validation/4100251047.jpg,ok
4100251048.avi,Validation,410025,2,/Users/amangoyal/Documents/CVPR 2026 Workshop/frames_full/Validation/4100251048.jpg,ok
4100251049.avi,Validation,410025,1,/Users/amangoyal/Documents/CVPR 2026 Workshop/frames_full/Validation/4100251049.jpg,ok
4100251051.avi,Validation,410025,2,/Users/amangoyal/Documents/CVPR 2026 Workshop/frames_full/Validation/4100251051.jpg,ok
4100251052.avi,Validation,410025,2,/Users/amangoyal/Documents/CVPR 2026 Workshop/frames_full/Validation/4100251052.jpg,ok
4100251053.avi,Validation,410025,3,/Users/amangoyal/Documents/CVPR 2026 Workshop/frames_full/Validation/4100251053.jpg,ok
4100251054.avi,Validation,410025,3,/Users/amangoyal/Documents/CVPR 2026 Workshop/frames_full/Validation/4100251054.jpg,ok
4100251056.avi,Validation,410025,2,/Users/amangoyal/Documents/CVPR 2026 Workshop/frames_full/Validation/4100251056.jpg,ok
4100251057.avi,Validation,410025,0,/Users/amangoyal/Documents/CVPR 2026 Workshop/frames_full/Validation/4100251057.jpg,ok
4100251059.avi,Validation,410025,2,/Users/amangoyal/Documents/CVPR 2026 Workshop/frames_full/Validation/4100251059.jpg,ok
4100251060.avi,Validation,410025,2,/Users/amangoyal/Documents/CVPR 2026 Workshop/frames_full/Validation/4100251060.jpg,ok
4100251061.avi,Validation,410025,1,/Users/amangoyal/Documents/CVPR 2026 Workshop/frames_full/Validation/4100251061.jpg,ok
4100251062.avi,Validation,410025,2,/Users/amangoyal/Documents/CVPR 2026 Workshop/frames_full/Validation/4100251062.jpg,ok
4100251063.avi,Validation,410025,2,/Users/amangoyal/Documents/CVPR 2026 Workshop/frames_full/Validation/4100251063.jpg,ok
4100251064.avi,Validation,410025,2,/Users/amangoyal/Documents/CVPR 2026 Workshop/frames_full/Validation/4100251064.jpg,ok
4100251065.avi,Validation,410025,2,/Users/amangoyal/Documents/CVPR 2026 Workshop/frames_full/Validation/4100251065.jpg,ok
4100251068.avi,Validation,410025,1,/Users/amangoyal/Documents/CVPR 2026 Workshop/frames_full/Validation/4100251068.jpg,ok
4100251069.avi,Validation,410025,2,/Users/amangoyal/Documents/CVPR 2026 Workshop/frames_full/Validation/4100251069.jpg,ok
4100251070.avi,Validation,410025,2,/Users/amangoyal/Documents/CVPR 2026 Workshop/frames_full/Validation/4100251070.jpg,ok
4100252001.avi,Validation,410025,2,/Users/amangoyal/Documents/CVPR 2026 Workshop/frames_full/Validation/4100252001.jpg,ok
4100252003.avi,Validation,410025,2,/Users/amangoyal/Documents/CVPR 2026 Workshop/frames_full/Validation/4100252003.jpg,ok
4100252004.avi,Validation,410025,3,/Users/amangoyal/Documents/CVPR 2026 Workshop/frames_full/Validation/4100252004.jpg,ok
4100252005.avi,Validation,410025,2,/Users/amangoyal/Documents/CVPR 2026 Workshop/frames_full/Validation/4100252005.jpg,ok
4100252007.avi,Validation,410025,3,/Users/amangoyal/Documents/CVPR 2026 Workshop/frames_full/Validation/4100252007.jpg,ok
4100252010.avi,Validation,410025,2,/Users/amangoyal/Documents/CVPR 2026 Workshop/frames_full/Validation/4100252010.jpg,ok
4100252011.avi,Validation,410025,2,/Users/amangoyal/Documents/CVPR 2026 Workshop/frames_full/Validation/4100252011.jpg,ok
4100252012.avi,Validation,410025,3,/Users/amangoyal/Documents/CVPR 2026 Workshop/frames_full/Validation/4100252012.jpg,ok
4100252013.avi,Validation,410025,2,/Users/amangoyal/Documents/CVPR 2026 Workshop/frames_full/Validation/4100252013.jpg,ok
4100252014.avi,Validation,410025,2,/Users/amangoyal/Documents/CVPR 2026 Workshop/frames_full/Validation/4100252014.jpg,ok
4100252015.avi,Validation,410025,2,/Users/amangoyal/Documents/CVPR 2026 Workshop/frames_full/Validation/4100252015.jpg,ok
4100252016.avi,Validation,410025,2,/Users/amangoyal/Documents/CVPR 2026 Workshop/frames_full/Validation/4100252016.jpg,ok
4100252019.avi,Validation,410025,2,/Users/amangoyal/Documents/CVPR 2026 Workshop/frames_full/Validation/4100252019.jpg,ok
4100252021.avi,Validation,410025,2,/Users/amangoyal/Documents/CVPR 2026 Workshop/frames_full/Validation/4100252021.jpg,ok
4100252022.avi,Validation,410025,2,/Users/amangoyal/Documents/CVPR 2026 Workshop/frames_full/Validation/4100252022.jpg,ok
4100252023.avi,Validation,410025,2,/Users/amangoyal/Documents/CVPR 2026 Workshop/frames_full/Validation/4100252023.jpg,ok
4100252024.avi,Validation,410025,3,/Users/amangoyal/Documents/CVPR 2026 Workshop/frames_full/Validation/4100252024.jpg,ok
4100252027.avi,Validation,410025,2,/Users/amangoyal/Documents/CVPR 2026 Workshop/frames_full/Validation/4100252027.jpg,ok
4100252031.avi,Validation,410025,3,/Users/amangoyal/Documents/CVPR 2026 Workshop/frames_full/Validation/4100252031.jpg,ok
4100252032.avi,Validation,410025,2,/Users/amangoyal/Documents/CVPR 2026 Workshop/frames_full/Validation/4100252032.jpg,ok
4100252033.avi,Validation,410025,2,/Users/amangoyal/Documents/CVPR 2026 Workshop/frames_full/Validation/4100252033.jpg,ok
4100252034.avi,Validation,410025,2,/Users/amangoyal/Documents/CVPR 2026 Workshop/frames_full/Validation/4100252034.jpg,ok
4100252035.avi,Validation,410025,2,/Users/amangoyal/Documents/CVPR 2026 Workshop/frames_full/Validation/4100252035.jpg,ok
4100252036.avi,Validation,410025,1,/Users/amangoyal/Documents/CVPR 2026 Workshop/frames_full/Validation/4100252036.jpg,ok
4100252037.avi,Validation,410025,3,/Users/amangoyal/Documents/CVPR 2026 Workshop/frames_full/Validation/4100252037.jpg,ok
4100252038.avi,Validation,410025,2,/Users/amangoyal/Documents/CVPR 2026 Workshop/frames_full/Validation/4100252038.jpg,ok
4100252039.avi,Validation,410025,2,/Users/amangoyal/Documents/CVPR 2026 Workshop/frames_full/Validation/4100252039.jpg,ok
4100252040.avi,Validation,410025,2,/Users/amangoyal/Documents/CVPR 2026 Workshop/frames_full/Validation/4100252040.jpg,ok
4100252041.avi,Validation,410025,1,/Users/amangoyal/Documents/CVPR 2026 Workshop/frames_full/Validation/4100252041.jpg,ok
4100252043.avi,Validation,410025,3,/Users/amangoyal/Documents/CVPR 2026 Workshop/frames_full/Validation/4100252043.jpg,ok
4100252044.avi,Validation,410025,1,/Users/amangoyal/Documents/CVPR 2026 Workshop/frames_full/Validation/4100252044.jpg,ok
4100252045.avi,Validation,410025,3,/Users/amangoyal/Documents/CVPR 2026 Workshop/frames_full/Validation/4100252045.jpg,ok
4100252048.avi,Validation,410025,2,/Users/amangoyal/Documents/CVPR 2026 Workshop/frames_full/Validation/4100252048.jpg,ok
4100252049.avi,Validation,410025,3,/Users/amangoyal/Documents/CVPR 2026 Workshop/frames_full/Validation/4100252049.jpg,ok
4100252050.avi,Validation,410025,3,/Users/amangoyal/Documents/CVPR 2026 Workshop/frames_full/Validation/4100252050.jpg,ok
4100252051.avi,Validation,410025,3,/Users/amangoyal/Documents/CVPR 2026 Workshop/frames_full/Validation/4100252051.jpg,ok
4100252053.avi,Validation,410025,2,/Users/amangoyal/Documents/CVPR 2026 Workshop/frames_full/Validation/4100252053.jpg,ok
4100252054.avi,Validation,410025,2,/Users/amangoyal/Documents/CVPR 2026 Workshop/frames_full/Validation/4100252054.jpg,ok
4100252055.avi,Validation,410025,2,/Users/amangoyal/Documents/CVPR 2026 Workshop/frames_full/Validation/4100252055.jpg,ok
4100252056.avi,Validation,410025,3,/Users/amangoyal/Documents/CVPR 2026 Workshop/frames_full/Validation/4100252056.jpg,ok
4100252057.avi,Validation,410025,3,/Users/amangoyal/Documents/CVPR 2026 Workshop/frames_full/Validation/4100252057.jpg,ok
4100252058.avi,Validation,410025,2,/Users/amangoyal/Documents/CVPR 2026 Workshop/frames_full/Validation/4100252058.jpg,ok
4100252060.avi,Validation,410025,2,/Users/amangoyal/Documents/CVPR 2026 Workshop/frames_full/Validation/4100252060.jpg,ok
4100252061.avi,Validation,410025,1,/Users/amangoyal/Documents/CVPR 2026 Workshop/frames_full/Validation/4100252061.jpg,ok
4100252062.avi,Validation,410025,3,/Users/amangoyal/Documents/CVPR 2026 Workshop/frames_full/Validation/4100252062.jpg,ok
4100252063.avi,Validation,410025,3,/Users/amangoyal/Documents/CVPR 2026 Workshop/frames_full/Validation/4100252063.jpg,ok
4100252066.avi,Validation,410025,2,/Users/amangoyal/Documents/CVPR 2026 Workshop/frames_full/Validation/4100252066.jpg,ok
4100252069.avi,Validation,410025,2,/Users/amangoyal/Documents/CVPR 2026 Workshop/frames_full/Validation/4100252069.jpg,ok
4100252070.avi,Validation,410025,3,/Users/amangoyal/Documents/CVPR 2026 Workshop/frames_full/Validation/4100252070.jpg,ok
4100252071.avi,Validation,410025,2,/Users/amangoyal/Documents/CVPR 2026 Workshop/frames_full/Validation/4100252071.jpg,ok
4100252072.avi,Validation,410025,3,/Users/amangoyal/Documents/CVPR 2026 Workshop/frames_full/Validation/4100252072.jpg,ok
4100252073.avi,Validation,410025,2,/Users/amangoyal/Documents/CVPR 2026 Workshop/frames_full/Validation/4100252073.jpg,ok
4100252074.avi,Validation,410025,2,/Users/amangoyal/Documents/CVPR 2026 Workshop/frames_full/Validation/4100252074.jpg,ok
4100252075.avi,Validation,410025,2,/Users/amangoyal/Documents/CVPR 2026 Workshop/frames_full/Validation/4100252075.jpg,ok
4100252076.avi,Validation,410025,2,/Users/amangoyal/Documents/CVPR 2026 Workshop/frames_full/Validation/4100252076.jpg,ok
4100252078.avi,Validation,410025,2,/Users/amangoyal/Documents/CVPR 2026 Workshop/frames_full/Validation/4100252078.jpg,ok
4100252081.avi,Validation,410025,2,/Users/amangoyal/Documents/CVPR 2026 Workshop/frames_full/Validation/4100252081.jpg,ok
4100261001.avi,Validation,410026,2,/Users/amangoyal/Documents/CVPR 2026 Workshop/frames_full/Validation/4100261001.jpg,ok
4100261002.avi,Validation,410026,2,/Users/amangoyal/Documents/CVPR 2026 Workshop/frames_full/Validation/4100261002.jpg,ok
4100261003.avi,Validation,410026,3,/Users/amangoyal/Documents/CVPR 2026 Workshop/frames_full/Validation/4100261003.jpg,ok
4100261004.avi,Validation,410026,2,/Users/amangoyal/Documents/CVPR 2026 Workshop/frames_full/Validation/4100261004.jpg,ok
4100261005.avi,Validation,410026,1,/Users/amangoyal/Documents/CVPR 2026 Workshop/frames_full/Validation/4100261005.jpg,ok
4100261006.avi,Validation,410026,1,/Users/amangoyal/Documents/CVPR 2026 Workshop/frames_full/Validation/4100261006.jpg,ok
4100261007.avi,Validation,410026,3,/Users/amangoyal/Documents/CVPR 2026 Workshop/frames_full/Validation/4100261007.jpg,ok
4100261010.avi,Validation,410026,2,/Users/amangoyal/Documents/CVPR 2026 Workshop/frames_full/Validation/4100261010.jpg,ok
4100261012.avi,Validation,410026,2,/Users/amangoyal/Documents/CVPR 2026 Workshop/frames_full/Validation/4100261012.jpg,ok
4100261013.avi,Validation,410026,2,/Users/amangoyal/Documents/CVPR 2026 Workshop/frames_full/Validation/4100261013.jpg,ok
4100261015.avi,Validation,410026,2,/Users/amangoyal/Documents/CVPR 2026 Workshop/frames_full/Validation/4100261015.jpg,ok
4100261016.avi,Validation,410026,3,/Users/amangoyal/Documents/CVPR 2026 Workshop/frames_full/Validation/4100261016.jpg,ok
4100261020.avi,Validation,410026,2,/Users/amangoyal/Documents/CVPR 2026 Workshop/frames_full/Validation/4100261020.jpg,ok
4100261023.avi,Validation,410026,2,/Users/amangoyal/Documents/CVPR 2026 Workshop/frames_full/Validation/4100261023.jpg,ok
4100261025.avi,Validation,410026,2,/Users/amangoyal/Documents/CVPR 2026 Workshop/frames_full/Validation/4100261025.jpg,ok
4100261027.avi,Validation,410026,1,/Users/amangoyal/Documents/CVPR 2026 Workshop/frames_full/Validation/4100261027.jpg,ok
4100261028.avi,Validation,410026,2,/Users/amangoyal/Documents/CVPR 2026 Workshop/frames_full/Validation/4100261028.jpg,ok
4100261029.avi,Validation,410026,2,/Users/amangoyal/Documents/CVPR 2026 Workshop/frames_full/Validation/4100261029.jpg,ok
4100261030.avi,Validation,410026,1,/Users/amangoyal/Documents/CVPR 2026 Workshop/frames_full/Validation/4100261030.jpg,ok
4100261031.avi,Validation,410026,2,/Users/amangoyal/Documents/CVPR 2026 Workshop/frames_full/Validation/4100261031.jpg,ok
4100261032.avi,Validation,410026,2,/Users/amangoyal/Documents/CVPR 2026 Workshop/frames_full/Validation/4100261032.jpg,ok
4100261033.avi,Validation,410026,3,/Users/amangoyal/Documents/CVPR 2026 Workshop/frames_full/Validation/4100261033.jpg,ok
4100261034.avi,Validation,410026,1,/Users/amangoyal/Documents/CVPR 2026 Workshop/frames_full/Validation/4100261034.jpg,ok
4100261035.avi,Validation,410026,3,/Users/amangoyal/Documents/CVPR 2026 Workshop/frames_full/Validation/4100261035.jpg,ok
4100261036.avi,Validation,410026,2,/Users/amangoyal/Documents/CVPR 2026 Workshop/frames_full/Validation/4100261036.jpg,ok
4100261038.avi,Validation,410026,2,/Users/amangoyal/Documents/CVPR 2026 Workshop/frames_full/Validation/4100261038.jpg,ok
4100261041.avi,Validation,410026,1,/Users/amangoyal/Documents/CVPR 2026 Workshop/frames_full/Validation/4100261041.jpg,ok
4100261044.avi,Validation,410026,2,/Users/amangoyal/Documents/CVPR 2026 Workshop/frames_full/Validation/4100261044.jpg,ok
4100261045.avi,Validation,410026,2,/Users/amangoyal/Documents/CVPR 2026 Workshop/frames_full/Validation/4100261045.jpg,ok
4100261046.avi,Validation,410026,2,/Users/amangoyal/Documents/CVPR 2026 Workshop/frames_full/Validation/4100261046.jpg,ok
4100261047.avi,Validation,410026,2,/Users/amangoyal/Documents/CVPR 2026 Workshop/frames_full/Validation/4100261047.jpg,ok
4100261048.avi,Validation,410026,2,/Users/amangoyal/Documents/CVPR 2026 Workshop/frames_full/Validation/4100261048.jpg,ok
4100261049.avi,Validation,410026,2,/Users/amangoyal/Documents/CVPR 2026 Workshop/frames_full/Validation/4100261049.jpg,ok
4100261050.avi,Validation,410026,1,/Users/amangoyal/Documents/CVPR 2026 Workshop/frames_full/Validation/4100261050.jpg,ok
4100261055.avi,Validation,410026,3,/Users/amangoyal/Documents/CVPR 2026 Workshop/frames_full/Validation/4100261055.jpg,ok
4100261056.avi,Validation,410026,1,/Users/amangoyal/Documents/CVPR 2026 Workshop/frames_full/Validation/4100261056.jpg,ok
4100261057.avi,Validation,410026,2,/Users/amangoyal/Documents/CVPR 2026 Workshop/frames_full/Validation/4100261057.jpg,ok
4100261058.avi,Validation,410026,1,/Users/amangoyal/Documents/CVPR 2026 Workshop/frames_full/Validation/4100261058.jpg,ok
4100261060.avi,Validation,410026,2,/Users/amangoyal/Documents/CVPR 2026 Workshop/frames_full/Validation/4100261060.jpg,ok
4100261061.avi,Validation,410026,2,/Users/amangoyal/Documents/CVPR 2026 Workshop/frames_full/Validation/4100261061.jpg,ok
4100262001.avi,Validation,410026,2,/Users/amangoyal/Documents/CVPR 2026 Workshop/frames_full/Validation/4100262001.jpg,ok
4100262003.avi,Validation,410026,2,/Users/amangoyal/Documents/CVPR 2026 Workshop/frames_full/Validation/4100262003.jpg,ok
4100262004.avi,Validation,410026,1,/Users/amangoyal/Documents/CVPR 2026 Workshop/frames_full/Validation/4100262004.jpg,ok
4100262006.avi,Validation,410026,0,/Users/amangoyal/Documents/CVPR 2026 Workshop/frames_full/Validation/4100262006.jpg,ok
4100262007.avi,Validation,410026,2,/Users/amangoyal/Documents/CVPR 2026 Workshop/frames_full/Validation/4100262007.jpg,ok
4100262008.avi,Validation,410026,2,/Users/amangoyal/Documents/CVPR 2026 Workshop/frames_full/Validation/4100262008.jpg,ok
4100262009.avi,Validation,410026,2,/Users/amangoyal/Documents/CVPR 2026 Workshop/frames_full/Validation/4100262009.jpg,ok
4100262010.avi,Validation,410026,2,/Users/amangoyal/Documents/CVPR 2026 Workshop/frames_full/Validation/4100262010.jpg,ok
4100262014.avi,Validation,410026,2,/Users/amangoyal/Documents/CVPR 2026 Workshop/frames_full/Validation/4100262014.jpg,ok
4100262015.avi,Validation,410026,3,/Users/amangoyal/Documents/CVPR 2026 Workshop/frames_full/Validation/4100262015.jpg,ok
4100262016.avi,Validation,410026,2,/Users/amangoyal/Documents/CVPR 2026 Workshop/frames_full/Validation/4100262016.jpg,ok
4100262017.avi,Validation,410026,3,/Users/amangoyal/Documents/CVPR 2026 Workshop/frames_full/Validation/4100262017.jpg,ok
4100262018.avi,Validation,410026,2,/Users/amangoyal/Documents/CVPR 2026 Workshop/frames_full/Validation/4100262018.jpg,ok
4100262019.avi,Validation,410026,2,/Users/amangoyal/Documents/CVPR 2026 Workshop/frames_full/Validation/4100262019.jpg,ok
4100262020.avi,Validation,410026,2,/Users/amangoyal/Documents/CVPR 2026 Workshop/frames_full/Validation/4100262020.jpg,ok
4100262022.avi,Validation,410026,2,/Users/amangoyal/Documents/CVPR 2026 Workshop/frames_full/Validation/4100262022.jpg,ok
4100262023.avi,Validation,410026,2,/Users/amangoyal/Documents/CVPR 2026 Workshop/frames_full/Validation/4100262023.jpg,ok
4100262024.avi,Validation,410026,2,/Users/amangoyal/Documents/CVPR 2026 Workshop/frames_full/Validation/4100262024.jpg,ok
4100262025.avi,Validation,410026,2,/Users/amangoyal/Documents/CVPR 2026 Workshop/frames_full/Validation/4100262025.jpg,ok
4100262027.avi,Validation,410026,2,/Users/amangoyal/Documents/CVPR 2026 Workshop/frames_full/Validation/4100262027.jpg,ok
4100262034.avi,Validation,410026,1,/Users/amangoyal/Documents/CVPR 2026 Workshop/frames_full/Validation/4100262034.jpg,ok
4100262035.avi,Validation,410026,2,/Users/amangoyal/Documents/CVPR 2026 Workshop/frames_full/Validation/4100262035.jpg,ok
4100262037.avi,Validation,410026,3,/Users/amangoyal/Documents/CVPR 2026 Workshop/frames_full/Validation/4100262037.jpg,ok
4100262038.avi,Validation,410026,2,/Users/amangoyal/Documents/CVPR 2026 Workshop/frames_full/Validation/4100262038.jpg,ok
4100262040.avi,Validation,410026,2,/Users/amangoyal/Documents/CVPR 2026 Workshop/frames_full/Validation/4100262040.jpg,ok
4100262041.avi,Validation,410026,2,/Users/amangoyal/Documents/CVPR 2026 Workshop/frames_full/Validation/4100262041.jpg,ok
4100262042.avi,Validation,410026,2,/Users/amangoyal/Documents/CVPR 2026 Workshop/frames_full/Validation/4100262042.jpg,ok
4100262043.avi,Validation,410026,3,/Users/amangoyal/Documents/CVPR 2026 Workshop/frames_full/Validation/4100262043.jpg,ok
4100262044.avi,Validation,410026,2,/Users/amangoyal/Documents/CVPR 2026 Workshop/frames_full/Validation/4100262044.jpg,ok
4100262045.avi,Validation,410026,2,/Users/amangoyal/Documents/CVPR 2026 Workshop/frames_full/Validation/4100262045.jpg,ok
4100262046.avi,Validation,410026,3,/Users/amangoyal/Documents/CVPR 2026 Workshop/frames_full/Validation/4100262046.jpg,ok
4100262047.avi,Validation,410026,2,/Users/amangoyal/Documents/CVPR 2026 Workshop/frames_full/Validation/4100262047.jpg,ok
4100262052.avi,Validation,410026,2,/Users/amangoyal/Documents/CVPR 2026 Workshop/frames_full/Validation/4100262052.jpg,ok
4100262053.avi,Validation,410026,2,/Users/amangoyal/Documents/CVPR 2026 Workshop/frames_full/Validation/4100262053.jpg,ok
4100262056.avi,Validation,410026,1,/Users/amangoyal/Documents/CVPR 2026 Workshop/frames_full/Validation/4100262056.jpg,ok
4100262057.avi,Validation,410026,2,/Users/amangoyal/Documents/CVPR 2026 Workshop/frames_full/Validation/4100262057.jpg,ok
4100262060.avi,Validation,410026,2,/Users/amangoyal/Documents/CVPR 2026 Workshop/frames_full/Validation/4100262060.jpg,ok
4100262063.avi,Validation,410026,2,/Users/amangoyal/Documents/CVPR 2026 Workshop/frames_full/Validation/4100262063.jpg,ok
4100262064.avi,Validation,410026,2,/Users/amangoyal/Documents/CVPR 2026 Workshop/frames_full/Validation/4100262064.jpg,ok
4100262065.avi,Validation,410026,2,/Users/amangoyal/Documents/CVPR 2026 Workshop/frames_full/Validation/4100262065.jpg,ok
4100262066.avi,Validation,410026,2,/Users/amangoyal/Documents/CVPR 2026 Workshop/frames_full/Validation/4100262066.jpg,ok
4100262067.avi,Validation,410026,2,/Users/amangoyal/Documents/CVPR 2026 Workshop/frames_full/Validation/4100262067.jpg,ok
4100262068.avi,Validation,410026,2,/Users/amangoyal/Documents/CVPR 2026 Workshop/frames_full/Validation/4100262068.jpg,ok
4100262069.avi,Validation,410026,3,/Users/amangoyal/Documents/CVPR 2026 Workshop/frames_full/Validation/4100262069.jpg,ok
4100262070.avi,Validation,410026,2,/Users/amangoyal/Documents/CVPR 2026 Workshop/frames_full/Validation/4100262070.jpg,ok
4100271007.avi,Validation,410027,2,/Users/amangoyal/Documents/CVPR 2026 Workshop/frames_full/Validation/4100271007.jpg,ok
4100271008.avi,Validation,410027,2,/Users/amangoyal/Documents/CVPR 2026 Workshop/frames_full/Validation/4100271008.jpg,ok
4100271009.avi,Validation,410027,2,/Users/amangoyal/Documents/CVPR 2026 Workshop/frames_full/Validation/4100271009.jpg,ok
4100271010.avi,Validation,410027,3,/Users/amangoyal/Documents/CVPR 2026 Workshop/frames_full/Validation/4100271010.jpg,ok
4100271011.avi,Validation,410027,3,/Users/amangoyal/Documents/CVPR 2026 Workshop/frames_full/Validation/4100271011.jpg,ok
4100271012.avi,Validation,410027,2,/Users/amangoyal/Documents/CVPR 2026 Workshop/frames_full/Validation/4100271012.jpg,ok
4100271026.avi,Validation,410027,2,/Users/amangoyal/Documents/CVPR 2026 Workshop/frames_full/Validation/4100271026.jpg,ok
4100271028.avi,Validation,410027,2,/Users/amangoyal/Documents/CVPR 2026 Workshop/frames_full/Validation/4100271028.jpg,ok
4100271029.avi,Validation,410027,2,/Users/amangoyal/Documents/CVPR 2026 Workshop/frames_full/Validation/4100271029.jpg,ok
4100271030.avi,Validation,410027,2,/Users/amangoyal/Documents/CVPR 2026 Workshop/frames_full/Validation/4100271030.jpg,ok
4100271032.avi,Validation,410027,3,/Users/amangoyal/Documents/CVPR 2026 Workshop/frames_full/Validation/4100271032.jpg,ok
4100271033.avi,Validation,410027,3,/Users/amangoyal/Documents/CVPR 2026 Workshop/frames_full/Validation/4100271033.jpg,ok
4100271034.avi,Validation,410027,3,/Users/amangoyal/Documents/CVPR 2026 Workshop/frames_full/Validation/4100271034.jpg,ok
4100271038.avi,Validation,410027,1,/Users/amangoyal/Documents/CVPR 2026 Workshop/frames_full/Validation/4100271038.jpg,ok
4100271039.avi,Validation,410027,2,/Users/amangoyal/Documents/CVPR 2026 Workshop/frames_full/Validation/4100271039.jpg,ok
4100271041.avi,Validation,410027,1,/Users/amangoyal/Documents/CVPR 2026 Workshop/frames_full/Validation/4100271041.jpg,ok
4100271042.avi,Validation,410027,2,/Users/amangoyal/Documents/CVPR 2026 Workshop/frames_full/Validation/4100271042.jpg,ok
4100271043.avi,Validation,410027,3,/Users/amangoyal/Documents/CVPR 2026 Workshop/frames_full/Validation/4100271043.jpg,ok
4100271056.avi,Validation,410027,1,/Users/amangoyal/Documents/CVPR 2026 Workshop/frames_full/Validation/4100271056.jpg,ok
4100272024.avi,Validation,410027,2,/Users/amangoyal/Documents/CVPR 2026 Workshop/frames_full/Validation/4100272024.jpg,ok
4100272029.avi,Validation,410027,3,/Users/amangoyal/Documents/CVPR 2026 Workshop/frames_full/Validation/4100272029.jpg,ok
4100272033.avi,Validation,410027,3,/Users/amangoyal/Documents/CVPR 2026 Workshop/frames_full/Validation/4100272033.jpg,ok
4100272034.avi,Validation,410027,2,/Users/amangoyal/Documents/CVPR 2026 Workshop/frames_full/Validation/4100272034.jpg,ok
4100272036.avi,Validation,410027,3,/Users/amangoyal/Documents/CVPR 2026 Workshop/frames_full/Validation/4100272036.jpg,ok
4100272037.avi,Validation,410027,2,/Users/amangoyal/Documents/CVPR 2026 Workshop/frames_full/Validation/4100272037.jpg,ok
4100272043.avi,Validation,410027,3,/Users/amangoyal/Documents/CVPR 2026 Workshop/frames_full/Validation/4100272043.jpg,ok
4100272051.avi,Validation,410027,2,/Users/amangoyal/Documents/CVPR 2026 Workshop/frames_full/Validation/4100272051.jpg,ok
4100272052.avi,Validation,410027,2,/Users/amangoyal/Documents/CVPR 2026 Workshop/frames_full/Validation/4100272052.jpg,ok
4100272056.avi,Validation,410027,3,/Users/amangoyal/Documents/CVPR 2026 Workshop/frames_full/Validation/4100272056.jpg,ok
4100281001.avi,Validation,410028,2,/Users/amangoyal/Documents/CVPR 2026 Workshop/frames_full/Validation/4100281001.jpg,ok
4100281002.avi,Validation,410028,2,/Users/amangoyal/Documents/CVPR 2026 Workshop/frames_full/Validation/4100281002.jpg,ok
4100281015.avi,Validation,410028,2,/Users/amangoyal/Documents/CVPR 2026 Workshop/frames_full/Validation/4100281015.jpg,ok
4100281016.avi,Validation,410028,2,/Users/amangoyal/Documents/CVPR 2026 Workshop/frames_full/Validation/4100281016.jpg,ok
4100281019.avi,Validation,410028,3,/Users/amangoyal/Documents/CVPR 2026 Workshop/frames_full/Validation/4100281019.jpg,ok
4100281022.avi,Validation,410028,2,/Users/amangoyal/Documents/CVPR 2026 Workshop/frames_full/Validation/4100281022.jpg,ok
4100281023.avi,Validation,410028,2,/Users/amangoyal/Documents/CVPR 2026 Workshop/frames_full/Validation/4100281023.jpg,ok
4100281027.avi,Validation,410028,2,/Users/amangoyal/Documents/CVPR 2026 Workshop/frames_full/Validation/4100281027.jpg,ok
4100281029.avi,Validation,410028,2,/Users/amangoyal/Documents/CVPR 2026 Workshop/frames_full/Validation/4100281029.jpg,ok
4100281030.avi,Validation,410028,2,/Users/amangoyal/Documents/CVPR 2026 Workshop/frames_full/Validation/4100281030.jpg,ok
4100281032.avi,Validation,410028,1,/Users/amangoyal/Documents/CVPR 2026 Workshop/frames_full/Validation/4100281032.jpg,ok
4100281033.avi,Validation,410028,2,/Users/amangoyal/Documents/CVPR 2026 Workshop/frames_full/Validation/4100281033.jpg,ok
4100281034.avi,Validation,410028,2,/Users/amangoyal/Documents/CVPR 2026 Workshop/frames_full/Validation/4100281034.jpg,ok
4100281035.avi,Validation,410028,2,/Users/amangoyal/Documents/CVPR 2026 Workshop/frames_full/Validation/4100281035.jpg,ok
4100281036.avi,Validation,410028,2,/Users/amangoyal/Documents/CVPR 2026 Workshop/frames_full/Validation/4100281036.jpg,ok
4100281037.avi,Validation,410028,2,/Users/amangoyal/Documents/CVPR 2026 Workshop/frames_full/Validation/4100281037.jpg,ok
4100281041.avi,Validation,410028,3,/Users/amangoyal/Documents/CVPR 2026 Workshop/frames_full/Validation/4100281041.jpg,ok
4100281042.avi,Validation,410028,2,/Users/amangoyal/Documents/CVPR 2026 Workshop/frames_full/Validation/4100281042.jpg,ok
4100281045.avi,Validation,410028,2,/Users/amangoyal/Documents/CVPR 2026 Workshop/frames_full/Validation/4100281045.jpg,ok
4100281046.avi,Validation,410028,1,/Users/amangoyal/Documents/CVPR 2026 Workshop/frames_full/Validation/4100281046.jpg,ok
4100281048.avi,Validation,410028,2,/Users/amangoyal/Documents/CVPR 2026 Workshop/frames_full/Validation/4100281048.jpg,ok
4100281049.avi,Validation,410028,2,/Users/amangoyal/Documents/CVPR 2026 Workshop/frames_full/Validation/4100281049.jpg,ok
4100281050.avi,Validation,410028,2,/Users/amangoyal/Documents/CVPR 2026 Workshop/frames_full/Validation/4100281050.jpg,ok
4100281052.avi,Validation,410028,2,/Users/amangoyal/Documents/CVPR 2026 Workshop/frames_full/Validation/4100281052.jpg,ok
4100281053.avi,Validation,410028,1,/Users/amangoyal/Documents/CVPR 2026 Workshop/frames_full/Validation/4100281053.jpg,ok
4100281054.avi,Validation,410028,2,/Users/amangoyal/Documents/CVPR 2026 Workshop/frames_full/Validation/4100281054.jpg,ok
4100281057.avi,Validation,410028,2,/Users/amangoyal/Documents/CVPR 2026 Workshop/frames_full/Validation/4100281057.jpg,ok
4100281058.avi,Validation,410028,2,/Users/amangoyal/Documents/CVPR 2026 Workshop/frames_full/Validation/4100281058.jpg,ok
4100281059.avi,Validation,410028,2,/Users/amangoyal/Documents/CVPR 2026 Workshop/frames_full/Validation/4100281059.jpg,ok
4100281060.avi,Validation,410028,3,/Users/amangoyal/Documents/CVPR 2026 Workshop/frames_full/Validation/4100281060.jpg,ok
4100281061.avi,Validation,410028,2,/Users/amangoyal/Documents/CVPR 2026 Workshop/frames_full/Validation/4100281061.jpg,ok
4100281062.avi,Validation,410028,2,/Users/amangoyal/Documents/CVPR 2026 Workshop/frames_full/Validation/4100281062.jpg,ok
4100281063.avi,Validation,410028,2,/Users/amangoyal/Documents/CVPR 2026 Workshop/frames_full/Validation/4100281063.jpg,ok
4100281066.avi,Validation,410028,2,/Users/amangoyal/Documents/CVPR 2026 Workshop/frames_full/Validation/4100281066.jpg,ok
4100281067.avi,Validation,410028,0,/Users/amangoyal/Documents/CVPR 2026 Workshop/frames_full/Validation/4100281067.jpg,ok
4100281068.avi,Validation,410028,2,/Users/amangoyal/Documents/CVPR 2026 Workshop/frames_full/Validation/4100281068.jpg,ok
4100281070.avi,Validation,410028,1,/Users/amangoyal/Documents/CVPR 2026 Workshop/frames_full/Validation/4100281070.jpg,ok
4100281072.avi,Validation,410028,2,/Users/amangoyal/Documents/CVPR 2026 Workshop/frames_full/Validation/4100281072.jpg,ok
4100281075.avi,Validation,410028,2,/Users/amangoyal/Documents/CVPR 2026 Workshop/frames_full/Validation/4100281075.jpg,ok
4100281076.avi,Validation,410028,1,/Users/amangoyal/Documents/CVPR 2026 Workshop/frames_full/Validation/4100281076.jpg,ok
4100281078.avi,Validation,410028,3,/Users/amangoyal/Documents/CVPR 2026 Workshop/frames_full/Validation/4100281078.jpg,ok
4100281079.avi,Validation,410028,2,/Users/amangoyal/Documents/CVPR 2026 Workshop/frames_full/Validation/4100281079.jpg,ok
4100281080.avi,Validation,410028,2,/Users/amangoyal/Documents/CVPR 2026 Workshop/frames_full/Validation/4100281080.jpg,ok
4100281081.avi,Validation,410028,2,/Users/amangoyal/Documents/CVPR 2026 Workshop/frames_full/Validation/4100281081.jpg,ok
4100282001.avi,Validation,410028,2,/Users/amangoyal/Documents/CVPR 2026 Workshop/frames_full/Validation/4100282001.jpg,ok
4100282002.avi,Validation,410028,2,/Users/amangoyal/Documents/CVPR 2026 Workshop/frames_full/Validation/4100282002.jpg,ok
4100282003.avi,Validation,410028,3,/Users/amangoyal/Documents/CVPR 2026 Workshop/frames_full/Validation/4100282003.jpg,ok
4100282004.avi,Validation,410028,2,/Users/amangoyal/Documents/CVPR 2026 Workshop/frames_full/Validation/4100282004.jpg,ok
4100282005.avi,Validation,410028,2,/Users/amangoyal/Documents/CVPR 2026 Workshop/frames_full/Validation/4100282005.jpg,ok
4100282007.avi,Validation,410028,2,/Users/amangoyal/Documents/CVPR 2026 Workshop/frames_full/Validation/4100282007.jpg,ok
4100282008.avi,Validation,410028,2,/Users/amangoyal/Documents/CVPR 2026 Workshop/frames_full/Validation/4100282008.jpg,ok
4100282009.avi,Validation,410028,1,/Users/amangoyal/Documents/CVPR 2026 Workshop/frames_full/Validation/4100282009.jpg,ok
4100282012.avi,Validation,410028,2,/Users/amangoyal/Documents/CVPR 2026 Workshop/frames_full/Validation/4100282012.jpg,ok
4100282013.avi,Validation,410028,2,/Users/amangoyal/Documents/CVPR 2026 Workshop/frames_full/Validation/4100282013.jpg,ok
4100282014.avi,Validation,410028,3,/Users/amangoyal/Documents/CVPR 2026 Workshop/frames_full/Validation/4100282014.jpg,ok
4100282015.avi,Validation,410028,2,/Users/amangoyal/Documents/CVPR 2026 Workshop/frames_full/Validation/4100282015.jpg,ok
4100282017.avi,Validation,410028,3,/Users/amangoyal/Documents/CVPR 2026 Workshop/frames_full/Validation/4100282017.jpg,ok
4100282018.avi,Validation,410028,2,/Users/amangoyal/Documents/CVPR 2026 Workshop/frames_full/Validation/4100282018.jpg,ok
4100282019.avi,Validation,410028,3,/Users/amangoyal/Documents/CVPR 2026 Workshop/frames_full/Validation/4100282019.jpg,ok
4100282020.avi,Validation,410028,3,/Users/amangoyal/Documents/CVPR 2026 Workshop/frames_full/Validation/4100282020.jpg,ok
4100282021.avi,Validation,410028,3,/Users/amangoyal/Documents/CVPR 2026 Workshop/frames_full/Validation/4100282021.jpg,ok
4100282022.avi,Validation,410028,3,/Users/amangoyal/Documents/CVPR 2026 Workshop/frames_full/Validation/4100282022.jpg,ok
4100282023.avi,Validation,410028,2,/Users/amangoyal/Documents/CVPR 2026 Workshop/frames_full/Validation/4100282023.jpg,ok
4100282024.avi,Validation,410028,3,/Users/amangoyal/Documents/CVPR 2026 Workshop/frames_full/Validation/4100282024.jpg,ok
4100282033.avi,Validation,410028,2,/Users/amangoyal/Documents/CVPR 2026 Workshop/frames_full/Validation/4100282033.jpg,ok
4100282043.avi,Validation,410028,2,/Users/amangoyal/Documents/CVPR 2026 Workshop/frames_full/Validation/4100282043.jpg,ok
4100282048.avi,Validation,410028,2,/Users/amangoyal/Documents/CVPR 2026 Workshop/frames_full/Validation/4100282048.jpg,ok
4100282053.avi,Validation,410028,3,/Users/amangoyal/Documents/CVPR 2026 Workshop/frames_full/Validation/4100282053.jpg,ok
4100282057.avi,Validation,410028,2,/Users/amangoyal/Documents/CVPR 2026 Workshop/frames_full/Validation/4100282057.jpg,ok
4100282058.avi,Validation,410028,2,/Users/amangoyal/Documents/CVPR 2026 Workshop/frames_full/Validation/4100282058.jpg,ok
4100282066.avi,Validation,410028,1,/Users/amangoyal/Documents/CVPR 2026 Workshop/frames_full/Validation/4100282066.jpg,ok
4100282067.avi,Validation,410028,2,/Users/amangoyal/Documents/CVPR 2026 Workshop/frames_full/Validation/4100282067.jpg,ok
4100282068.avi,Validation,410028,2,/Users/amangoyal/Documents/CVPR 2026 Workshop/frames_full/Validation/4100282068.jpg,ok
4100282070.avi,Validation,410028,2,/Users/amangoyal/Documents/CVPR 2026 Workshop/frames_full/Validation/4100282070.jpg,ok
4100291002.avi,Validation,410029,2,/Users/amangoyal/Documents/CVPR 2026 Workshop/frames_full/Validation/4100291002.jpg,ok
4100291003.avi,Validation,410029,3,/Users/amangoyal/Documents/CVPR 2026 Workshop/frames_full/Validation/4100291003.jpg,ok
4100291004.avi,Validation,410029,2,/Users/amangoyal/Documents/CVPR 2026 Workshop/frames_full/Validation/4100291004.jpg,ok
4100291005.avi,Validation,410029,2,/Users/amangoyal/Documents/CVPR 2026 Workshop/frames_full/Validation/4100291005.jpg,ok
4100291006.avi,Validation,410029,1,/Users/amangoyal/Documents/CVPR 2026 Workshop/frames_full/Validation/4100291006.jpg,ok
4100291007.avi,Validation,410029,1,/Users/amangoyal/Documents/CVPR 2026 Workshop/frames_full/Validation/4100291007.jpg,ok
4100291008.avi,Validation,410029,2,/Users/amangoyal/Documents/CVPR 2026 Workshop/frames_full/Validation/4100291008.jpg,ok
4100291009.avi,Validation,410029,2,/Users/amangoyal/Documents/CVPR 2026 Workshop/frames_full/Validation/4100291009.jpg,ok
4100291010.avi,Validation,410029,1,/Users/amangoyal/Documents/CVPR 2026 Workshop/frames_full/Validation/4100291010.jpg,ok
4100291011.avi,Validation,410029,2,/Users/amangoyal/Documents/CVPR 2026 Workshop/frames_full/Validation/4100291011.jpg,ok
4100291012.avi,Validation,410029,2,/Users/amangoyal/Documents/CVPR 2026 Workshop/frames_full/Validation/4100291012.jpg,ok
4100291014.avi,Validation,410029,2,/Users/amangoyal/Documents/CVPR 2026 Workshop/frames_full/Validation/4100291014.jpg,ok
4100291015.avi,Validation,410029,2,/Users/amangoyal/Documents/CVPR 2026 Workshop/frames_full/Validation/4100291015.jpg,ok
4100291016.avi,Validation,410029,2,/Users/amangoyal/Documents/CVPR 2026 Workshop/frames_full/Validation/4100291016.jpg,ok
4100291017.avi,Validation,410029,2,/Users/amangoyal/Documents/CVPR 2026 Workshop/frames_full/Validation/4100291017.jpg,ok
4100291018.avi,Validation,410029,2,/Users/amangoyal/Documents/CVPR 2026 Workshop/frames_full/Validation/4100291018.jpg,ok
4100291019.avi,Validation,410029,1,/Users/amangoyal/Documents/CVPR 2026 Workshop/frames_full/Validation/4100291019.jpg,ok
4100291021.avi,Validation,410029,2,/Users/amangoyal/Documents/CVPR 2026 Workshop/frames_full/Validation/4100291021.jpg,ok
4100291022.avi,Validation,410029,2,/Users/amangoyal/Documents/CVPR 2026 Workshop/frames_full/Validation/4100291022.jpg,ok
4100291025.avi,Validation,410029,2,/Users/amangoyal/Documents/CVPR 2026 Workshop/frames_full/Validation/4100291025.jpg,ok
4100291026.avi,Validation,410029,1,/Users/amangoyal/Documents/CVPR 2026 Workshop/frames_full/Validation/4100291026.jpg,ok
4100291027.avi,Validation,410029,1,/Users/amangoyal/Documents/CVPR 2026 Workshop/frames_full/Validation/4100291027.jpg,ok
4100291028.avi,Validation,410029,2,/Users/amangoyal/Documents/CVPR 2026 Workshop/frames_full/Validation/4100291028.jpg,ok
4100291032.avi,Validation,410029,1,/Users/amangoyal/Documents/CVPR 2026 Workshop/frames_full/Validation/4100291032.jpg,ok
4100291033.avi,Validation,410029,2,/Users/amangoyal/Documents/CVPR 2026 Workshop/frames_full/Validation/4100291033.jpg,ok
4100291034.avi,Validation,410029,2,/Users/amangoyal/Documents/CVPR 2026 Workshop/frames_full/Validation/4100291034.jpg,ok
4100291036.avi,Validation,410029,1,/Users/amangoyal/Documents/CVPR 2026 Workshop/frames_full/Validation/4100291036.jpg,ok
4100291037.avi,Validation,410029,2,/Users/amangoyal/Documents/CVPR 2026 Workshop/frames_full/Validation/4100291037.jpg,ok
4100291039.avi,Validation,410029,2,/Users/amangoyal/Documents/CVPR 2026 Workshop/frames_full/Validation/4100291039.jpg,ok
4100291040.avi,Validation,410029,2,/Users/amangoyal/Documents/CVPR 2026 Workshop/frames_full/Validation/4100291040.jpg,ok
4100291041.avi,Validation,410029,1,/Users/amangoyal/Documents/CVPR 2026 Workshop/frames_full/Validation/4100291041.jpg,ok
4100291043.avi,Validation,410029,2,/Users/amangoyal/Documents/CVPR 2026 Workshop/frames_full/Validation/4100291043.jpg,ok
4100291046.avi,Validation,410029,2,/Users/amangoyal/Documents/CVPR 2026 Workshop/frames_full/Validation/4100291046.jpg,ok
4100291047.avi,Validation,410029,2,/Users/amangoyal/Documents/CVPR 2026 Workshop/frames_full/Validation/4100291047.jpg,ok
4100291048.avi,Validation,410029,2,/Users/amangoyal/Documents/CVPR 2026 Workshop/frames_full/Validation/4100291048.jpg,ok
4100291049.avi,Validation,410029,2,/Users/amangoyal/Documents/CVPR 2026 Workshop/frames_full/Validation/4100291049.jpg,ok
4100291050.avi,Validation,410029,2,/Users/amangoyal/Documents/CVPR 2026 Workshop/frames_full/Validation/4100291050.jpg,ok
4100291051.avi,Validation,410029,2,/Users/amangoyal/Documents/CVPR 2026 Workshop/frames_full/Validation/4100291051.jpg,ok
4100291055.avi,Validation,410029,2,/Users/amangoyal/Documents/CVPR 2026 Workshop/frames_full/Validation/4100291055.jpg,ok
4100291056.avi,Validation,410029,2,/Users/amangoyal/Documents/CVPR 2026 Workshop/frames_full/Validation/4100291056.jpg,ok
4100291059.avi,Validation,410029,2,/Users/amangoyal/Documents/CVPR 2026 Workshop/frames_full/Validation/4100291059.jpg,ok
4100291060.avi,Validation,410029,3,/Users/amangoyal/Documents/CVPR 2026 Workshop/frames_full/Validation/4100291060.jpg,ok
4100291061.avi,Validation,410029,2,/Users/amangoyal/Documents/CVPR 2026 Workshop/frames_full/Validation/4100291061.jpg,ok
4100291062.avi,Validation,410029,2,/Users/amangoyal/Documents/CVPR 2026 Workshop/frames_full/Validation/4100291062.jpg,ok
4100291063.avi,Validation,410029,3,/Users/amangoyal/Documents/CVPR 2026 Workshop/frames_full/Validation/4100291063.jpg,ok
4100291064.avi,Validation,410029,3,/Users/amangoyal/Documents/CVPR 2026 Workshop/frames_full/Validation/4100291064.jpg,ok
4100291065.avi,Validation,410029,2,/Users/amangoyal/Documents/CVPR 2026 Workshop/frames_full/Validation/4100291065.jpg,ok
4100291070.avi,Validation,410029,1,/Users/amangoyal/Documents/CVPR 2026 Workshop/frames_full/Validation/4100291070.jpg,ok
4100291073.avi,Validation,410029,1,/Users/amangoyal/Documents/CVPR 2026 Workshop/frames_full/Validation/4100291073.jpg,ok
4100291074.avi,Validation,410029,2,/Users/amangoyal/Documents/CVPR 2026 Workshop/frames_full/Validation/4100291074.jpg,ok
4100291076.avi,Validation,410029,2,/Users/amangoyal/Documents/CVPR 2026 Workshop/frames_full/Validation/4100291076.jpg,ok
4100291077.avi,Validation,410029,2,/Users/amangoyal/Documents/CVPR 2026 Workshop/frames_full/Validation/4100291077.jpg,ok
4100291078.avi,Validation,410029,1,/Users/amangoyal/Documents/CVPR 2026 Workshop/frames_full/Validation/4100291078.jpg,ok
4100291079.avi,Validation,410029,2,/Users/amangoyal/Documents/CVPR 2026 Workshop/frames_full/Validation/4100291079.jpg,ok
4100291080.avi,Validation,410029,2,/Users/amangoyal/Documents/CVPR 2026 Workshop/frames_full/Validation/4100291080.jpg,ok
4100291081.avi,Validation,410029,1,/Users/amangoyal/Documents/CVPR 2026 Workshop/frames_full/Validation/4100291081.jpg,ok
4100291082.avi,Validation,410029,1,/Users/amangoyal/Documents/CVPR 2026 Workshop/frames_full/Validation/4100291082.jpg,ok
4100291083.avi,Validation,410029,2,/Users/amangoyal/Documents/CVPR 2026 Workshop/frames_full/Validation/4100291083.jpg,ok
4100291084.avi,Validation,410029,1,/Users/amangoyal/Documents/CVPR 2026 Workshop/frames_full/Validation/4100291084.jpg,ok
4100292001.avi,Validation,410029,2,/Users/amangoyal/Documents/CVPR 2026 Workshop/frames_full/Validation/4100292001.jpg,ok
4100292003.avi,Validation,410029,2,/Users/amangoyal/Documents/CVPR 2026 Workshop/frames_full/Validation/4100292003.jpg,ok
4100292005.avi,Validation,410029,2,/Users/amangoyal/Documents/CVPR 2026 Workshop/frames_full/Validation/4100292005.jpg,ok
4100292008.avi,Validation,410029,2,/Users/amangoyal/Documents/CVPR 2026 Workshop/frames_full/Validation/4100292008.jpg,ok
4100292010.avi,Validation,410029,2,/Users/amangoyal/Documents/CVPR 2026 Workshop/frames_full/Validation/4100292010.jpg,ok
4100292016.avi,Validation,410029,2,/Users/amangoyal/Documents/CVPR 2026 Workshop/frames_full/Validation/4100292016.jpg,ok
4100292019.avi,Validation,410029,2,/Users/amangoyal/Documents/CVPR 2026 Workshop/frames_full/Validation/4100292019.jpg,ok
4100292020.avi,Validation,410029,2,/Users/amangoyal/Documents/CVPR 2026 Workshop/frames_full/Validation/4100292020.jpg,ok
4100292021.avi,Validation,410029,3,/Users/amangoyal/Documents/CVPR 2026 Workshop/frames_full/Validation/4100292021.jpg,ok
4100292022.avi,Validation,410029,2,/Users/amangoyal/Documents/CVPR 2026 Workshop/frames_full/Validation/4100292022.jpg,ok
4100292023.avi,Validation,410029,2,/Users/amangoyal/Documents/CVPR 2026 Workshop/frames_full/Validation/4100292023.jpg,ok
4100292024.avi,Validation,410029,3,/Users/amangoyal/Documents/CVPR 2026 Workshop/frames_full/Validation/4100292024.jpg,ok
4100292025.avi,Validation,410029,2,/Users/amangoyal/Documents/CVPR 2026 Workshop/frames_full/Validation/4100292025.jpg,ok
4100292026.avi,Validation,410029,2,/Users/amangoyal/Documents/CVPR 2026 Workshop/frames_full/Validation/4100292026.jpg,ok
4100292027.avi,Validation,410029,2,/Users/amangoyal/Documents/CVPR 2026 Workshop/frames_full/Validation/4100292027.jpg,ok
4100292028.avi,Validation,410029,2,/Users/amangoyal/Documents/CVPR 2026 Workshop/frames_full/Validation/4100292028.jpg,ok
4100292035.avi,Validation,410029,2,/Users/amangoyal/Documents/CVPR 2026 Workshop/frames_full/Validation/4100292035.jpg,ok
4100292036.avi,Validation,410029,3,/Users/amangoyal/Documents/CVPR 2026 Workshop/frames_full/Validation/4100292036.jpg,ok
4100292037.avi,Validation,410029,2,/Users/amangoyal/Documents/CVPR 2026 Workshop/frames_full/Validation/4100292037.jpg,ok
4100292040.avi,Validation,410029,2,/Users/amangoyal/Documents/CVPR 2026 Workshop/frames_full/Validation/4100292040.jpg,ok
4100292041.avi,Validation,410029,2,/Users/amangoyal/Documents/CVPR 2026 Workshop/frames_full/Validation/4100292041.jpg,ok
4100292042.avi,Validation,410029,3,/Users/amangoyal/Documents/CVPR 2026 Workshop/frames_full/Validation/4100292042.jpg,ok
4100292043.avi,Validation,410029,2,/Users/amangoyal/Documents/CVPR 2026 Workshop/frames_full/Validation/4100292043.jpg,ok
4100292044.avi,Validation,410029,3,/Users/amangoyal/Documents/CVPR 2026 Workshop/frames_full/Validation/4100292044.jpg,ok
4100292045.avi,Validation,410029,3,/Users/amangoyal/Documents/CVPR 2026 Workshop/frames_full/Validation/4100292045.jpg,ok
4100292046.avi,Validation,410029,3,/Users/amangoyal/Documents/CVPR 2026 Workshop/frames_full/Validation/4100292046.jpg,ok
4100292048.avi,Validation,410029,1,/Users/amangoyal/Documents/CVPR 2026 Workshop/frames_full/Validation/4100292048.jpg,ok
4100292049.avi,Validation,410029,2,/Users/amangoyal/Documents/CVPR 2026 Workshop/frames_full/Validation/4100292049.jpg,ok
4100292050.avi,Validation,410029,2,/Users/amangoyal/Documents/CVPR 2026 Workshop/frames_full/Validation/4100292050.jpg,ok
4100292052.avi,Validation,410029,2,/Users/amangoyal/Documents/CVPR 2026 Workshop/frames_full/Validation/4100292052.jpg,ok
4100292053.avi,Validation,410029,2,/Users/amangoyal/Documents/CVPR 2026 Workshop/frames_full/Validation/4100292053.jpg,ok
4100292056.avi,Validation,410029,2,/Users/amangoyal/Documents/CVPR 2026 Workshop/frames_full/Validation/4100292056.jpg,ok
4100292057.avi,Validation,410029,2,/Users/amangoyal/Documents/CVPR 2026 Workshop/frames_full/Validation/4100292057.jpg,ok
4100292059.avi,Validation,410029,2,/Users/amangoyal/Documents/CVPR 2026 Workshop/frames_full/Validation/4100292059.jpg,ok
4100292060.avi,Validation,410029,2,/Users/amangoyal/Documents/CVPR 2026 Workshop/frames_full/Validation/4100292060.jpg,ok
4100292061.avi,Validation,410029,3,/Users/amangoyal/Documents/CVPR 2026 Workshop/frames_full/Validation/4100292061.jpg,ok
4100292062.avi,Validation,410029,2,/Users/amangoyal/Documents/CVPR 2026 Workshop/frames_full/Validation/4100292062.jpg,ok
4100292063.avi,Validation,410029,2,/Users/amangoyal/Documents/CVPR 2026 Workshop/frames_full/Validation/4100292063.jpg,ok
4100292064.avi,Validation,410029,3,/Users/amangoyal/Documents/CVPR 2026 Workshop/frames_full/Validation/4100292064.jpg,ok
4100292065.avi,Validation,410029,2,/Users/amangoyal/Documents/CVPR 2026 Workshop/frames_full/Validation/4100292065.jpg,ok
4100292066.avi,Validation,410029,3,/Users/amangoyal/Documents/CVPR 2026 Workshop/frames_full/Validation/4100292066.jpg,ok
4100292067.avi,Validation,410029,3,/Users/amangoyal/Documents/CVPR 2026 Workshop/frames_full/Validation/4100292067.jpg,ok
4100292068.avi,Validation,410029,3,/Users/amangoyal/Documents/CVPR 2026 Workshop/frames_full/Validation/4100292068.jpg,ok
4100292069.avi,Validation,410029,2,/Users/amangoyal/Documents/CVPR 2026 Workshop/frames_full/Validation/4100292069.jpg,ok
4100292070.avi,Validation,410029,2,/Users/amangoyal/Documents/CVPR 2026 Workshop/frames_full/Validation/4100292070.jpg,ok
4100292071.avi,Validation,410029,2,/Users/amangoyal/Documents/CVPR 2026 Workshop/frames_full/Validation/4100292071.jpg,ok
4100292072.avi,Validation,410029,3,/Users/amangoyal/Documents/CVPR 2026 Workshop/frames_full/Validation/4100292072.jpg,ok
4100292073.avi,Validation,410029,3,/Users/amangoyal/Documents/CVPR 2026 Workshop/frames_full/Validation/4100292073.jpg,ok
4100292074.avi,Validation,410029,2,/Users/amangoyal/Documents/CVPR 2026 Workshop/frames_full/Validation/4100292074.jpg,ok
4100292075.avi,Validation,410029,3,/Users/amangoyal/Documents/CVPR 2026 Workshop/frames_full/Validation/4100292075.jpg,ok
4100292077.avi,Validation,410029,2,/Users/amangoyal/Documents/CVPR 2026 Workshop/frames_full/Validation/4100292077.jpg,ok
4100292078.avi,Validation,410029,3,/Users/amangoyal/Documents/CVPR 2026 Workshop/frames_full/Validation/4100292078.jpg,ok
4100292079.avi,Validation,410029,2,/Users/amangoyal/Documents/CVPR 2026 Workshop/frames_full/Validation/4100292079.jpg,ok
4100292081.avi,Validation,410029,3,/Users/amangoyal/Documents/CVPR 2026 Workshop/frames_full/Validation/4100292081.jpg,ok
4100292083.avi,Validation,410029,3,/Users/amangoyal/Documents/CVPR 2026 Workshop/frames_full/Validation/4100292083.jpg,ok
4100292084.avi,Validation,410029,2,/Users/amangoyal/Documents/CVPR 2026 Workshop/frames_full/Validation/4100292084.jpg,ok
4100292085.avi,Validation,410029,3,/Users/amangoyal/Documents/CVPR 2026 Workshop/frames_full/Validation/4100292085.jpg,ok
4100292087.avi,Validation,410029,2,/Users/amangoyal/Documents/CVPR 2026 Workshop/frames_full/Validation/4100292087.jpg,ok
4100292088.avi,Validation,410029,2,/Users/amangoyal/Documents/CVPR 2026 Workshop/frames_full/Validation/4100292088.jpg,ok
4100302002.avi,Validation,410030,3,/Users/amangoyal/Documents/CVPR 2026 Workshop/frames_full/Validation/4100302002.jpg,ok
4100302013.avi,Validation,410030,1,/Users/amangoyal/Documents/CVPR 2026 Workshop/frames_full/Validation/4100302013.jpg,ok
4100302014.avi,Validation,410030,3,/Users/amangoyal/Documents/CVPR 2026 Workshop/frames_full/Validation/4100302014.jpg,ok
4100302016.avi,Validation,410030,1,/Users/amangoyal/Documents/CVPR 2026 Workshop/frames_full/Validation/4100302016.jpg,ok
4100302017.avi,Validation,410030,2,/Users/amangoyal/Documents/CVPR 2026 Workshop/frames_full/Validation/4100302017.jpg,ok
4100302018.avi,Validation,410030,1,/Users/amangoyal/Documents/CVPR 2026 Workshop/frames_full/Validation/4100302018.jpg,ok
4100302019.avi,Validation,410030,2,/Users/amangoyal/Documents/CVPR 2026 Workshop/frames_full/Validation/4100302019.jpg,ok
4100302020.avi,Validation,410030,2,/Users/amangoyal/Documents/CVPR 2026 Workshop/frames_full/Validation/4100302020.jpg,ok
4100302024.avi,Validation,410030,2,/Users/amangoyal/Documents/CVPR 2026 Workshop/frames_full/Validation/4100302024.jpg,ok
4100302028.avi,Validation,410030,3,/Users/amangoyal/Documents/CVPR 2026 Workshop/frames_full/Validation/4100302028.jpg,ok
4100302030.avi,Validation,410030,1,/Users/amangoyal/Documents/CVPR 2026 Workshop/frames_full/Validation/4100302030.jpg,ok
4100302040.avi,Validation,410030,0,/Users/amangoyal/Documents/CVPR 2026 Workshop/frames_full/Validation/4100302040.jpg,ok
4100302041.avi,Validation,410030,2,/Users/amangoyal/Documents/CVPR 2026 Workshop/frames_full/Validation/4100302041.jpg,ok
4100302042.avi,Validation,410030,0,/Users/amangoyal/Documents/CVPR 2026 Workshop/frames_full/Validation/4100302042.jpg,ok
4100302043.avi,Validation,410030,1,/Users/amangoyal/Documents/CVPR 2026 Workshop/frames_full/Validation/4100302043.jpg,ok
4100302044.avi,Validation,410030,0,/Users/amangoyal/Documents/CVPR 2026 Workshop/frames_full/Validation/4100302044.jpg,ok
4100302045.avi,Validation,410030,0,/Users/amangoyal/Documents/CVPR 2026 Workshop/frames_full/Validation/4100302045.jpg,ok
4100302046.avi,Validation,410030,2,/Users/amangoyal/Documents/CVPR 2026 Workshop/frames_full/Validation/4100302046.jpg,ok
4100302047.avi,Validation,410030,2,/Users/amangoyal/Documents/CVPR 2026 Workshop/frames_full/Validation/4100302047.jpg,ok
4100302048.avi,Validation,410030,1,/Users/amangoyal/Documents/CVPR 2026 Workshop/frames_full/Validation/4100302048.jpg,ok
4100302049.avi,Validation,410030,3,/Users/amangoyal/Documents/CVPR 2026 Workshop/frames_full/Validation/4100302049.jpg,ok
4100302050.avi,Validation,410030,2,/Users/amangoyal/Documents/CVPR 2026 Workshop/frames_full/Validation/4100302050.jpg,ok
4100302051.avi,Validation,410030,2,/Users/amangoyal/Documents/CVPR 2026 Workshop/frames_full/Validation/4100302051.jpg,ok
4100302052.avi,Validation,410030,2,/Users/amangoyal/Documents/CVPR 2026 Workshop/frames_full/Validation/4100302052.jpg,ok
4100302053.avi,Validation,410030,2,/Users/amangoyal/Documents/CVPR 2026 Workshop/frames_full/Validation/4100302053.jpg,ok
4100302054.avi,Validation,410030,3,/Users/amangoyal/Documents/CVPR 2026 Workshop/frames_full/Validation/4100302054.jpg,ok
4100302055.avi,Validation,410030,1,/Users/amangoyal/Documents/CVPR 2026 Workshop/frames_full/Validation/4100302055.jpg,ok
4100302058.avi,Validation,410030,0,/Users/amangoyal/Documents/CVPR 2026 Workshop/frames_full/Validation/4100302058.jpg,ok
4100302061.avi,Validation,410030,2,/Users/amangoyal/Documents/CVPR 2026 Workshop/frames_full/Validation/4100302061.jpg,ok
4100302063.avi,Validation,410030,2,/Users/amangoyal/Documents/CVPR 2026 Workshop/frames_full/Validation/4100302063.jpg,ok
4100302064.avi,Validation,410030,0,/Users/amangoyal/Documents/CVPR 2026 Workshop/frames_full/Validation/4100302064.jpg,ok
4100302066.avi,Validation,410030,1,/Users/amangoyal/Documents/CVPR 2026 Workshop/frames_full/Validation/4100302066.jpg,ok
4100302067.avi,Validation,410030,3,/Users/amangoyal/Documents/CVPR 2026 Workshop/frames_full/Validation/4100302067.jpg,ok
4100302068.avi,Validation,410030,2,/Users/amangoyal/Documents/CVPR 2026 Workshop/frames_full/Validation/4100302068.jpg,ok
4100302069.avi,Validation,410030,3,/Users/amangoyal/Documents/CVPR 2026 Workshop/frames_full/Validation/4100302069.jpg,ok
4100321001.avi,Validation,410032,1,/Users/amangoyal/Documents/CVPR 2026 Workshop/frames_full/Validation/4100321001.jpg,ok
4100321002.avi,Validation,410032,2,/Users/amangoyal/Documents/CVPR 2026 Workshop/frames_full/Validation/4100321002.jpg,ok
4100321003.avi,Validation,410032,3,/Users/amangoyal/Documents/CVPR 2026 Workshop/frames_full/Validation/4100321003.jpg,ok
4100321004.avi,Validation,410032,2,/Users/amangoyal/Documents/CVPR 2026 Workshop/frames_full/Validation/4100321004.jpg,ok
4100321005.avi,Validation,410032,3,/Users/amangoyal/Documents/CVPR 2026 Workshop/frames_full/Validation/4100321005.jpg,ok
4100321006.avi,Validation,410032,2,/Users/amangoyal/Documents/CVPR 2026 Workshop/frames_full/Validation/4100321006.jpg,ok
4100321008.avi,Validation,410032,2,/Users/amangoyal/Documents/CVPR 2026 Workshop/frames_full/Validation/4100321008.jpg,ok
4100321009.avi,Validation,410032,1,/Users/amangoyal/Documents/CVPR 2026 Workshop/frames_full/Validation/4100321009.jpg,ok
4100321010.avi,Validation,410032,3,/Users/amangoyal/Documents/CVPR 2026 Workshop/frames_full/Validation/4100321010.jpg,ok
4100321011.avi,Validation,410032,2,/Users/amangoyal/Documents/CVPR 2026 Workshop/frames_full/Validation/4100321011.jpg,ok
4100321012.avi,Validation,410032,2,/Users/amangoyal/Documents/CVPR 2026 Workshop/frames_full/Validation/4100321012.jpg,ok
4100321014.avi,Validation,410032,2,/Users/amangoyal/Documents/CVPR 2026 Workshop/frames_full/Validation/4100321014.jpg,ok
4100321015.avi,Validation,410032,3,/Users/amangoyal/Documents/CVPR 2026 Workshop/frames_full/Validation/4100321015.jpg,ok
4100321016.avi,Validation,410032,2,/Users/amangoyal/Documents/CVPR 2026 Workshop/frames_full/Validation/4100321016.jpg,ok
4100321019.avi,Validation,410032,1,/Users/amangoyal/Documents/CVPR 2026 Workshop/frames_full/Validation/4100321019.jpg,ok
4100321020.avi,Validation,410032,2,/Users/amangoyal/Documents/CVPR 2026 Workshop/frames_full/Validation/4100321020.jpg,ok
4100321021.avi,Validation,410032,2,/Users/amangoyal/Documents/CVPR 2026 Workshop/frames_full/Validation/4100321021.jpg,ok
4100321022.avi,Validation,410032,3,/Users/amangoyal/Documents/CVPR 2026 Workshop/frames_full/Validation/4100321022.jpg,ok
4100321023.avi,Validation,410032,3,/Users/amangoyal/Documents/CVPR 2026 Workshop/frames_full/Validation/4100321023.jpg,ok
4100321024.avi,Validation,410032,3,/Users/amangoyal/Documents/CVPR 2026 Workshop/frames_full/Validation/4100321024.jpg,ok
4100321026.avi,Validation,410032,3,/Users/amangoyal/Documents/CVPR 2026 Workshop/frames_full/Validation/4100321026.jpg,ok
4100321027.avi,Validation,410032,3,/Users/amangoyal/Documents/CVPR 2026 Workshop/frames_full/Validation/4100321027.jpg,ok
4100321028.avi,Validation,410032,3,/Users/amangoyal/Documents/CVPR 2026 Workshop/frames_full/Validation/4100321028.jpg,ok
4100321029.avi,Validation,410032,2,/Users/amangoyal/Documents/CVPR 2026 Workshop/frames_full/Validation/4100321029.jpg,ok
4100321030.avi,Validation,410032,3,/Users/amangoyal/Documents/CVPR 2026 Workshop/frames_full/Validation/4100321030.jpg,ok
4100321032.avi,Validation,410032,3,/Users/amangoyal/Documents/CVPR 2026 Workshop/frames_full/Validation/4100321032.jpg,ok
4100321033.avi,Validation,410032,2,/Users/amangoyal/Documents/CVPR 2026 Workshop/frames_full/Validation/4100321033.jpg,ok
4100321034.avi,Validation,410032,2,/Users/amangoyal/Documents/CVPR 2026 Workshop/frames_full/Validation/4100321034.jpg,ok
4100321037.avi,Validation,410032,3,/Users/amangoyal/Documents/CVPR 2026 Workshop/frames_full/Validation/4100321037.jpg,ok
4100321038.avi,Validation,410032,3,/Users/amangoyal/Documents/CVPR 2026 Workshop/frames_full/Validation/4100321038.jpg,ok
4100321039.avi,Validation,410032,2,/Users/amangoyal/Documents/CVPR 2026 Workshop/frames_full/Validation/4100321039.jpg,ok
4100321041.avi,Validation,410032,3,/Users/amangoyal/Documents/CVPR 2026 Workshop/frames_full/Validation/4100321041.jpg,ok
4100321042.avi,Validation,410032,1,/Users/amangoyal/Documents/CVPR 2026 Workshop/frames_full/Validation/4100321042.jpg,ok
4100321043.avi,Validation,410032,1,/Users/amangoyal/Documents/CVPR 2026 Workshop/frames_full/Validation/4100321043.jpg,ok
4100321044.avi,Validation,410032,1,/Users/amangoyal/Documents/CVPR 2026 Workshop/frames_full/Validation/4100321044.jpg,ok
4100321045.avi,Validation,410032,2,/Users/amangoyal/Documents/CVPR 2026 Workshop/frames_full/Validation/4100321045.jpg,ok
4100321046.avi,Validation,410032,3,/Users/amangoyal/Documents/CVPR 2026 Workshop/frames_full/Validation/4100321046.jpg,ok
4100321049.avi,Validation,410032,3,/Users/amangoyal/Documents/CVPR 2026 Workshop/frames_full/Validation/4100321049.jpg,ok
4100321051.avi,Validation,410032,2,/Users/amangoyal/Documents/CVPR 2026 Workshop/frames_full/Validation/4100321051.jpg,ok
4100321052.avi,Validation,410032,3,/Users/amangoyal/Documents/CVPR 2026 Workshop/frames_full/Validation/4100321052.jpg,ok
4100321053.avi,Validation,410032,2,/Users/amangoyal/Documents/CVPR 2026 Workshop/frames_full/Validation/4100321053.jpg,ok
4100322001.avi,Validation,410032,2,/Users/amangoyal/Documents/CVPR 2026 Workshop/frames_full/Validation/4100322001.jpg,ok
4100322007.avi,Validation,410032,3,/Users/amangoyal/Documents/CVPR 2026 Workshop/frames_full/Validation/4100322007.jpg,ok
4100322025.avi,Validation,410032,2,/Users/amangoyal/Documents/CVPR 2026 Workshop/frames_full/Validation/4100322025.jpg,ok
4100322031.avi,Validation,410032,2,/Users/amangoyal/Documents/CVPR 2026 Workshop/frames_full/Validation/4100322031.jpg,ok
4100322032.avi,Validation,410032,1,/Users/amangoyal/Documents/CVPR 2026 Workshop/frames_full/Validation/4100322032.jpg,ok
4100322033.avi,Validation,410032,2,/Users/amangoyal/Documents/CVPR 2026 Workshop/frames_full/Validation/4100322033.jpg,ok
4100322034.avi,Validation,410032,2,/Users/amangoyal/Documents/CVPR 2026 Workshop/frames_full/Validation/4100322034.jpg,ok
4100322035.avi,Validation,410032,2,/Users/amangoyal/Documents/CVPR 2026 Workshop/frames_full/Validation/4100322035.jpg,ok
4100322037.avi,Validation,410032,2,/Users/amangoyal/Documents/CVPR 2026 Workshop/frames_full/Validation/4100322037.jpg,ok
4100322038.avi,Validation,410032,2,/Users/amangoyal/Documents/CVPR 2026 Workshop/frames_full/Validation/4100322038.jpg,ok
4100322039.avi,Validation,410032,2,/Users/amangoyal/Documents/CVPR 2026 Workshop/frames_full/Validation/4100322039.jpg,ok
4100322040.avi,Validation,410032,3,/Users/amangoyal/Documents/CVPR 2026 Workshop/frames_full/Validation/4100322040.jpg,ok
4100322041.avi,Validation,410032,2,/Users/amangoyal/Documents/CVPR 2026 Workshop/frames_full/Validation/4100322041.jpg,ok
4100322042.avi,Validation,410032,3,/Users/amangoyal/Documents/CVPR 2026 Workshop/frames_full/Validation/4100322042.jpg,ok
4100322044.avi,Validation,410032,3,/Users/amangoyal/Documents/CVPR 2026 Workshop/frames_full/Validation/4100322044.jpg,ok
4100322045.avi,Validation,410032,3,/Users/amangoyal/Documents/CVPR 2026 Workshop/frames_full/Validation/4100322045.jpg,ok
4100322048.avi,Validation,410032,2,/Users/amangoyal/Documents/CVPR 2026 Workshop/frames_full/Validation/4100322048.jpg,ok
4100322051.avi,Validation,410032,3,/Users/amangoyal/Documents/CVPR 2026 Workshop/frames_full/Validation/4100322051.jpg,ok
4100322052.avi,Validation,410032,3,/Users/amangoyal/Documents/CVPR 2026 Workshop/frames_full/Validation/4100322052.jpg,ok
4100322053.avi,Validation,410032,2,/Users/amangoyal/Documents/CVPR 2026 Workshop/frames_full/Validation/4100322053.jpg,ok
4100322055.avi,Validation,410032,2,/Users/amangoyal/Documents/CVPR 2026 Workshop/frames_full/Validation/4100322055.jpg,ok
4100322056.avi,Validation,410032,2,/Users/amangoyal/Documents/CVPR 2026 Workshop/frames_full/Validation/4100322056.jpg,ok
4100322057.avi,Validation,410032,2,/Users/amangoyal/Documents/CVPR 2026 Workshop/frames_full/Validation/4100322057.jpg,ok
4100322058.avi,Validation,410032,2,/Users/amangoyal/Documents/CVPR 2026 Workshop/frames_full/Validation/4100322058.jpg,ok
4100322059.avi,Validation,410032,3,/Users/amangoyal/Documents/CVPR 2026 Workshop/frames_full/Validation/4100322059.jpg,ok
4100322060.avi,Validation,410032,2,/Users/amangoyal/Documents/CVPR 2026 Workshop/frames_full/Validation/4100322060.jpg,ok
4100322061.avi,Validation,410032,2,/Users/amangoyal/Documents/CVPR 2026 Workshop/frames_full/Validation/4100322061.jpg,ok
4110211001.avi,Train,411021,1,/Users/amangoyal/Documents/CVPR 2026 Workshop/frames_full/Train/4110211001.jpg,ok
4110211004.avi,Train,411021,1,/Users/amangoyal/Documents/CVPR 2026 Workshop/frames_full/Train/4110211004.jpg,ok
4110211005.avi,Train,411021,1,/Users/amangoyal/Documents/CVPR 2026 Workshop/frames_full/Train/4110211005.jpg,ok
4110211006.avi,Train,411021,2,/Users/amangoyal/Documents/CVPR 2026 Workshop/frames_full/Train/4110211006.jpg,ok
4110211007.avi,Train,411021,2,/Users/amangoyal/Documents/CVPR 2026 Workshop/frames_full/Train/4110211007.jpg,ok
4110211008.avi,Train,411021,2,/Users/amangoyal/Documents/CVPR 2026 Workshop/frames_full/Train/4110211008.jpg,ok
4110211009.avi,Train,411021,2,/Users/amangoyal/Documents/CVPR 2026 Workshop/frames_full/Train/4110211009.jpg,ok
4110211011.avi,Train,411021,2,/Users/amangoyal/Documents/CVPR 2026 Workshop/frames_full/Train/4110211011.jpg,ok
4110211013.avi,Train,411021,1,/Users/amangoyal/Documents/CVPR 2026 Workshop/frames_full/Train/4110211013.jpg,ok
4110211014.avi,Train,411021,1,/Users/amangoyal/Documents/CVPR 2026 Workshop/frames_full/Train/4110211014.jpg,ok
4110211015.avi,Train,411021,0,/Users/amangoyal/Documents/CVPR 2026 Workshop/frames_full/Train/4110211015.jpg,ok
4110211016.avi,Train,411021,3,/Users/amangoyal/Documents/CVPR 2026 Workshop/frames_full/Train/4110211016.jpg,ok
4110211018.avi,Train,411021,2,/Users/amangoyal/Documents/CVPR 2026 Workshop/frames_full/Train/4110211018.jpg,ok
4110211019.avi,Train,411021,3,/Users/amangoyal/Documents/CVPR 2026 Workshop/frames_full/Train/4110211019.jpg,ok
4110211020.avi,Train,411021,2,/Users/amangoyal/Documents/CVPR 2026 Workshop/frames_full/Train/4110211020.jpg,ok
4110211021.avi,Train,411021,1,/Users/amangoyal/Documents/CVPR 2026 Workshop/frames_full/Train/4110211021.jpg,ok
4110211022.avi,Train,411021,1,/Users/amangoyal/Documents/CVPR 2026 Workshop/frames_full/Train/4110211022.jpg,ok
4110211023.avi,Train,411021,1,/Users/amangoyal/Documents/CVPR 2026 Workshop/frames_full/Train/4110211023.jpg,ok
4110211024.avi,Train,411021,2,/Users/amangoyal/Documents/CVPR 2026 Workshop/frames_full/Train/4110211024.jpg,ok
4110211025.avi,Train,411021,0,/Users/amangoyal/Documents/CVPR 2026 Workshop/frames_full/Train/4110211025.jpg,ok
4110211026.avi,Train,411021,2,/Users/amangoyal/Documents/CVPR 2026 Workshop/frames_full/Train/4110211026.jpg,ok
4110211027.avi,Train,411021,1,/Users/amangoyal/Documents/CVPR 2026 Workshop/frames_full/Train/4110211027.jpg,ok
4110211028.avi,Train,411021,1,/Users/amangoyal/Documents/CVPR 2026 Workshop/frames_full/Train/4110211028.jpg,ok
4110211030.avi,Train,411021,2,/Users/amangoyal/Documents/CVPR 2026 Workshop/frames_full/Train/4110211030.jpg,ok
4110211032.avi,Train,411021,2,/Users/amangoyal/Documents/CVPR 2026 Workshop/frames_full/Train/4110211032.jpg,ok
4110211033.avi,Train,411021,2,/Users/amangoyal/Documents/CVPR 2026 Workshop/frames_full/Train/4110211033.jpg,ok
4110211034.avi,Train,411021,2,/Users/amangoyal/Documents/CVPR 2026 Workshop/frames_full/Train/4110211034.jpg,ok
4110211035.avi,Train,411021,2,/Users/amangoyal/Documents/CVPR 2026 Workshop/frames_full/Train/4110211035.jpg,ok
4110211036.avi,Train,411021,1,/Users/amangoyal/Documents/CVPR 2026 Workshop/frames_full/Train/4110211036.jpg,ok
4110211037.avi,Train,411021,2,/Users/amangoyal/Documents/CVPR 2026 Workshop/frames_full/Train/4110211037.jpg,ok
4110211038.avi,Train,411021,1,/Users/amangoyal/Documents/CVPR 2026 Workshop/frames_full/Train/4110211038.jpg,ok
4110211039.avi,Train,411021,1,/Users/amangoyal/Documents/CVPR 2026 Workshop/frames_full/Train/4110211039.jpg,ok
4110211040.avi,Train,411021,0,/Users/amangoyal/Documents/CVPR 2026 Workshop/frames_full/Train/4110211040.jpg,ok
4110211041.avi,Train,411021,2,/Users/amangoyal/Documents/CVPR 2026 Workshop/frames_full/Train/4110211041.jpg,ok
4110211043.avi,Train,411021,2,/Users/amangoyal/Documents/CVPR 2026 Workshop/frames_full/Train/4110211043.jpg,ok
4110211044.avi,Train,411021,3,/Users/amangoyal/Documents/CVPR 2026 Workshop/frames_full/Train/4110211044.jpg,ok
4110211045.avi,Train,411021,1,/Users/amangoyal/Documents/CVPR 2026 Workshop/frames_full/Train/4110211045.jpg,ok
4110211046.avi,Train,411021,3,/Users/amangoyal/Documents/CVPR 2026 Workshop/frames_full/Train/4110211046.jpg,ok
4110211047.avi,Train,411021,3,/Users/amangoyal/Documents/CVPR 2026 Workshop/frames_full/Train/4110211047.jpg,ok
4110211048.avi,Train,411021,2,/Users/amangoyal/Documents/CVPR 2026 Workshop/frames_full/Train/4110211048.jpg,ok
4110211049.avi,Train,411021,2,/Users/amangoyal/Documents/CVPR 2026 Workshop/frames_full/Train/4110211049.jpg,ok
4110211050.avi,Train,411021,2,/Users/amangoyal/Documents/CVPR 2026 Workshop/frames_full/Train/4110211050.jpg,ok
4110211051.avi,Train,411021,3,/Users/amangoyal/Documents/CVPR 2026 Workshop/frames_full/Train/4110211051.jpg,ok
4110211052.avi,Train,411021,2,/Users/amangoyal/Documents/CVPR 2026 Workshop/frames_full/Train/4110211052.jpg,ok
4110211053.avi,Train,411021,1,/Users/amangoyal/Documents/CVPR 2026 Workshop/frames_full/Train/4110211053.jpg,ok
4110211054.avi,Train,411021,2,/Users/amangoyal/Documents/CVPR 2026 Workshop/frames_full/Train/4110211054.jpg,ok
4110211055.avi,Train,411021,1,/Users/amangoyal/Documents/CVPR 2026 Workshop/frames_full/Train/4110211055.jpg,ok
4110211056.avi,Train,411021,3,/Users/amangoyal/Documents/CVPR 2026 Workshop/frames_full/Train/4110211056.jpg,ok
4110211057.avi,Train,411021,2,/Users/amangoyal/Documents/CVPR 2026 Workshop/frames_full/Train/4110211057.jpg,ok
4110211058.avi,Train,411021,3,/Users/amangoyal/Documents/CVPR 2026 Workshop/frames_full/Train/4110211058.jpg,ok
4110211060.avi,Train,411021,2,/Users/amangoyal/Documents/CVPR 2026 Workshop/frames_full/Train/4110211060.jpg,ok
4110211061.avi,Train,411021,0,/Users/amangoyal/Documents/CVPR 2026 Workshop/frames_full/Train/4110211061.jpg,ok
4110211062.avi,Train,411021,2,/Users/amangoyal/Documents/CVPR 2026 Workshop/frames_full/Train/4110211062.jpg,ok
4110211063.avi,Train,411021,2,/Users/amangoyal/Documents/CVPR 2026 Workshop/frames_full/Train/4110211063.jpg,ok
4110211064.avi,Train,411021,2,/Users/amangoyal/Documents/CVPR 2026 Workshop/frames_full/Train/4110211064.jpg,ok
4110211065.avi,Train,411021,2,/Users/amangoyal/Documents/CVPR 2026 Workshop/frames_full/Train/4110211065.jpg,ok
4110211067.avi,Train,411021,3,/Users/amangoyal/Documents/CVPR 2026 Workshop/frames_full/Train/4110211067.jpg,ok
4110211068.avi,Train,411021,2,/Users/amangoyal/Documents/CVPR 2026 Workshop/frames_full/Train/4110211068.jpg,ok
4110211072.avi,Train,411021,2,/Users/amangoyal/Documents/CVPR 2026 Workshop/frames_full/Train/4110211072.jpg,ok
4110211073.avi,Train,411021,2,/Users/amangoyal/Documents/CVPR 2026 Workshop/frames_full/Train/4110211073.jpg,ok
4110211075.avi,Train,411021,1,/Users/amangoyal/Documents/CVPR 2026 Workshop/frames_full/Train/4110211075.jpg,ok
4110211076.avi,Train,411021,3,/Users/amangoyal/Documents/CVPR 2026 Workshop/frames_full/Train/4110211076.jpg,ok
4110211078.avi,Train,411021,1,/Users/amangoyal/Documents/CVPR 2026 Workshop/frames_full/Train/4110211078.jpg,ok
4110211079.avi,Train,411021,2,/Users/amangoyal/Documents/CVPR 2026 Workshop/frames_full/Train/4110211079.jpg,ok
4110211080.avi,Train,411021,2,/Users/amangoyal/Documents/CVPR 2026 Workshop/frames_full/Train/4110211080.jpg,ok
4110212003.avi,Train,411021,2,/Users/amangoyal/Documents/CVPR 2026 Workshop/frames_full/Train/4110212003.jpg,ok
4110212004.avi,Train,411021,2,/Users/amangoyal/Documents/CVPR 2026 Workshop/frames_full/Train/4110212004.jpg,ok
4110212007.avi,Train,411021,2,/Users/amangoyal/Documents/CVPR 2026 Workshop/frames_full/Train/4110212007.jpg,ok
4110212008.avi,Train,411021,2,/Users/amangoyal/Documents/CVPR 2026 Workshop/frames_full/Train/4110212008.jpg,ok
4110212009.avi,Train,411021,2,/Users/amangoyal/Documents/CVPR 2026 Workshop/frames_full/Train/4110212009.jpg,ok
4110212010.avi,Train,411021,2,/Users/amangoyal/Documents/CVPR 2026 Workshop/frames_full/Train/4110212010.jpg,ok
4110212011.avi,Train,411021,2,/Users/amangoyal/Documents/CVPR 2026 Workshop/frames_full/Train/4110212011.jpg,ok
4110212013.avi,Train,411021,3,/Users/amangoyal/Documents/CVPR 2026 Workshop/frames_full/Train/4110212013.jpg,ok
4110212014.avi,Train,411021,3,/Users/amangoyal/Documents/CVPR 2026 Workshop/frames_full/Train/4110212014.jpg,ok
4110212015.avi,Train,411021,2,/Users/amangoyal/Documents/CVPR 2026 Workshop/frames_full/Train/4110212015.jpg,ok
4110212016.avi,Train,411021,2,/Users/amangoyal/Documents/CVPR 2026 Workshop/frames_full/Train/4110212016.jpg,ok
4110212017.avi,Train,411021,2,/Users/amangoyal/Documents/CVPR 2026 Workshop/frames_full/Train/4110212017.jpg,ok
4110212018.avi,Train,411021,2,/Users/amangoyal/Documents/CVPR 2026 Workshop/frames_full/Train/4110212018.jpg,ok
4110212019.avi,Train,411021,2,/Users/amangoyal/Documents/CVPR 2026 Workshop/frames_full/Train/4110212019.jpg,ok
4110212021.avi,Train,411021,3,/Users/amangoyal/Documents/CVPR 2026 Workshop/frames_full/Train/4110212021.jpg,ok
4110212023.avi,Train,411021,2,/Users/amangoyal/Documents/CVPR 2026 Workshop/frames_full/Train/4110212023.jpg,ok
4110212024.avi,Train,411021,2,/Users/amangoyal/Documents/CVPR 2026 Workshop/frames_full/Train/4110212024.jpg,ok
4110212026.avi,Train,411021,2,/Users/amangoyal/Documents/CVPR 2026 Workshop/frames_full/Train/4110212026.jpg,ok
4110212027.avi,Train,411021,2,/Users/amangoyal/Documents/CVPR 2026 Workshop/frames_full/Train/4110212027.jpg,ok
4110212029.avi,Train,411021,2,/Users/amangoyal/Documents/CVPR 2026 Workshop/frames_full/Train/4110212029.jpg,ok
4110212030.avi,Train,411021,3,/Users/amangoyal/Documents/CVPR 2026 Workshop/frames_full/Train/4110212030.jpg,ok
4110212033.avi,Train,411021,2,/Users/amangoyal/Documents/CVPR 2026 Workshop/frames_full/Train/4110212033.jpg,ok
4110212034.avi,Train,411021,1,/Users/amangoyal/Documents/CVPR 2026 Workshop/frames_full/Train/4110212034.jpg,ok
4110212035.avi,Train,411021,2,/Users/amangoyal/Documents/CVPR 2026 Workshop/frames_full/Train/4110212035.jpg,ok
4110212036.avi,Train,411021,1,/Users/amangoyal/Documents/CVPR 2026 Workshop/frames_full/Train/4110212036.jpg,ok
4110212038.avi,Train,411021,2,/Users/amangoyal/Documents/CVPR 2026 Workshop/frames_full/Train/4110212038.jpg,ok
4110212039.avi,Train,411021,3,/Users/amangoyal/Documents/CVPR 2026 Workshop/frames_full/Train/4110212039.jpg,ok
4110212041.avi,Train,411021,2,/Users/amangoyal/Documents/CVPR 2026 Workshop/frames_full/Train/4110212041.jpg,ok
4110212042.avi,Train,411021,2,/Users/amangoyal/Documents/CVPR 2026 Workshop/frames_full/Train/4110212042.jpg,ok
4110212044.avi,Train,411021,3,/Users/amangoyal/Documents/CVPR 2026 Workshop/frames_full/Train/4110212044.jpg,ok
4110212045.avi,Train,411021,2,/Users/amangoyal/Documents/CVPR 2026 Workshop/frames_full/Train/4110212045.jpg,ok
4110212046.avi,Train,411021,2,/Users/amangoyal/Documents/CVPR 2026 Workshop/frames_full/Train/4110212046.jpg,ok
4110212047.avi,Train,411021,3,/Users/amangoyal/Documents/CVPR 2026 Workshop/frames_full/Train/4110212047.jpg,ok
4110212049.avi,Train,411021,1,/Users/amangoyal/Documents/CVPR 2026 Workshop/frames_full/Train/4110212049.jpg,ok
4110212050.avi,Train,411021,2,/Users/amangoyal/Documents/CVPR 2026 Workshop/frames_full/Train/4110212050.jpg,ok
4110212051.avi,Train,411021,1,/Users/amangoyal/Documents/CVPR 2026 Workshop/frames_full/Train/4110212051.jpg,ok
4110212052.avi,Train,411021,3,/Users/amangoyal/Documents/CVPR 2026 Workshop/frames_full/Train/4110212052.jpg,ok
4110212053.avi,Train,411021,2,/Users/amangoyal/Documents/CVPR 2026 Workshop/frames_full/Train/4110212053.jpg,ok
4110212054.avi,Train,411021,2,/Users/amangoyal/Documents/CVPR 2026 Workshop/frames_full/Train/4110212054.jpg,ok
4110212055.avi,Train,411021,2,/Users/amangoyal/Documents/CVPR 2026 Workshop/frames_full/Train/4110212055.jpg,ok
4110212056.avi,Train,411021,2,/Users/amangoyal/Documents/CVPR 2026 Workshop/frames_full/Train/4110212056.jpg,ok
4110212059.avi,Train,411021,2,/Users/amangoyal/Documents/CVPR 2026 Workshop/frames_full/Train/4110212059.jpg,ok
4110212061.avi,Train,411021,2,/Users/amangoyal/Documents/CVPR 2026 Workshop/frames_full/Train/4110212061.jpg,ok
4110212062.avi,Train,411021,1,/Users/amangoyal/Documents/CVPR 2026 Workshop/frames_full/Train/4110212062.jpg,ok
4110212063.avi,Train,411021,2,/Users/amangoyal/Documents/CVPR 2026 Workshop/frames_full/Train/4110212063.jpg,ok
4110212064.avi,Train,411021,2,/Users/amangoyal/Documents/CVPR 2026 Workshop/frames_full/Train/4110212064.jpg,ok
4110212069.avi,Train,411021,2,/Users/amangoyal/Documents/CVPR 2026 Workshop/frames_full/Train/4110212069.jpg,ok
4110311001.avi,Train,411031,3,/Users/amangoyal/Documents/CVPR 2026 Workshop/frames_full/Train/4110311001.jpg,ok
4110311003.avi,Train,411031,3,/Users/amangoyal/Documents/CVPR 2026 Workshop/frames_full/Train/4110311003.jpg,ok
4110311004.avi,Train,411031,3,/Users/amangoyal/Documents/CVPR 2026 Workshop/frames_full/Train/4110311004.jpg,ok
4110311005.avi,Train,411031,2,/Users/amangoyal/Documents/CVPR 2026 Workshop/frames_full/Train/4110311005.jpg,ok
4110311006.avi,Train,411031,1,/Users/amangoyal/Documents/CVPR 2026 Workshop/frames_full/Train/4110311006.jpg,ok
4110311012.avi,Train,411031,2,/Users/amangoyal/Documents/CVPR 2026 Workshop/frames_full/Train/4110311012.jpg,ok
4110311015.avi,Train,411031,3,/Users/amangoyal/Documents/CVPR 2026 Workshop/frames_full/Train/4110311015.jpg,ok
4110311017.avi,Train,411031,2,/Users/amangoyal/Documents/CVPR 2026 Workshop/frames_full/Train/4110311017.jpg,ok
4110311018.avi,Train,411031,3,/Users/amangoyal/Documents/CVPR 2026 Workshop/frames_full/Train/4110311018.jpg,ok
4110311019.avi,Train,411031,2,/Users/amangoyal/Documents/CVPR 2026 Workshop/frames_full/Train/4110311019.jpg,ok
4110311020.avi,Train,411031,2,/Users/amangoyal/Documents/CVPR 2026 Workshop/frames_full/Train/4110311020.jpg,ok
4110311021.avi,Train,411031,2,/Users/amangoyal/Documents/CVPR 2026 Workshop/frames_full/Train/4110311021.jpg,ok
4110311023.avi,Train,411031,1,/Users/amangoyal/Documents/CVPR 2026 Workshop/frames_full/Train/4110311023.jpg,ok
4110311030.avi,Train,411031,2,/Users/amangoyal/Documents/CVPR 2026 Workshop/frames_full/Train/4110311030.jpg,ok
4110311031.avi,Train,411031,3,/Users/amangoyal/Documents/CVPR 2026 Workshop/frames_full/Train/4110311031.jpg,ok
4110311032.avi,Train,411031,2,/Users/amangoyal/Documents/CVPR 2026 Workshop/frames_full/Train/4110311032.jpg,ok
4110311033.avi,Train,411031,2,/Users/amangoyal/Documents/CVPR 2026 Workshop/frames_full/Train/4110311033.jpg,ok
4110311034.avi,Train,411031,2,/Users/amangoyal/Documents/CVPR 2026 Workshop/frames_full/Train/4110311034.jpg,ok
4110311036.avi,Train,411031,3,/Users/amangoyal/Documents/CVPR 2026 Workshop/frames_full/Train/4110311036.jpg,ok
4110311037.avi,Train,411031,3,/Users/amangoyal/Documents/CVPR 2026 Workshop/frames_full/Train/4110311037.jpg,ok
4110311038.avi,Train,411031,3,/Users/amangoyal/Documents/CVPR 2026 Workshop/frames_full/Train/4110311038.jpg,ok
4110311042.avi,Train,411031,3,/Users/amangoyal/Documents/CVPR 2026 Workshop/frames_full/Train/4110311042.jpg,ok
4110311043.avi,Train,411031,3,/Users/amangoyal/Documents/CVPR 2026 Workshop/frames_full/Train/4110311043.jpg,ok
4110311044.avi,Train,411031,2,/Users/amangoyal/Documents/CVPR 2026 Workshop/frames_full/Train/4110311044.jpg,ok
4110311045.avi,Train,411031,1,/Users/amangoyal/Documents/CVPR 2026 Workshop/frames_full/Train/4110311045.jpg,ok
4110311046.avi,Train,411031,2,/Users/amangoyal/Documents/CVPR 2026 Workshop/frames_full/Train/4110311046.jpg,ok
4110311048.avi,Train,411031,1,/Users/amangoyal/Documents/CVPR 2026 Workshop/frames_full/Train/4110311048.jpg,ok
4110311049.avi,Train,411031,2,/Users/amangoyal/Documents/CVPR 2026 Workshop/frames_full/Train/4110311049.jpg,ok
4110311050.avi,Train,411031,2,/Users/amangoyal/Documents/CVPR 2026 Workshop/frames_full/Train/4110311050.jpg,ok
4110311053.avi,Train,411031,3,/Users/amangoyal/Documents/CVPR 2026 Workshop/frames_full/Train/4110311053.jpg,ok
4110311054.avi,Train,411031,1,/Users/amangoyal/Documents/CVPR 2026 Workshop/frames_full/Train/4110311054.jpg,ok
4110311057.avi,Train,411031,2,/Users/amangoyal/Documents/CVPR 2026 Workshop/frames_full/Train/4110311057.jpg,ok
4110311061.avi,Train,411031,2,/Users/amangoyal/Documents/CVPR 2026 Workshop/frames_full/Train/4110311061.jpg,ok
4110311062.avi,Train,411031,1,/Users/amangoyal/Documents/CVPR 2026 Workshop/frames_full/Train/4110311062.jpg,ok
4110311064.avi,Train,411031,2,/Users/amangoyal/Documents/CVPR 2026 Workshop/frames_full/Train/4110311064.jpg,ok
4110311065.avi,Train,411031,2,/Users/amangoyal/Documents/CVPR 2026 Workshop/frames_full/Train/4110311065.jpg,ok
4110311067.avi,Train,411031,2,/Users/amangoyal/Documents/CVPR 2026 Workshop/frames_full/Train/4110311067.jpg,ok
4110311068.avi,Train,411031,2,/Users/amangoyal/Documents/CVPR 2026 Workshop/frames_full/Train/4110311068.jpg,ok
4110311072.avi,Train,411031,2,/Users/amangoyal/Documents/CVPR 2026 Workshop/frames_full/Train/4110311072.jpg,ok
4110312006.avi,Train,411031,3,/Users/amangoyal/Documents/CVPR 2026 Workshop/frames_full/Train/4110312006.jpg,ok
4110312007.avi,Train,411031,2,/Users/amangoyal/Documents/CVPR 2026 Workshop/frames_full/Train/4110312007.jpg,ok
4110312008.avi,Train,411031,2,/Users/amangoyal/Documents/CVPR 2026 Workshop/frames_full/Train/4110312008.jpg,ok
4110312009.avi,Train,411031,1,/Users/amangoyal/Documents/CVPR 2026 Workshop/frames_full/Train/4110312009.jpg,ok
4110312013.avi,Train,411031,2,/Users/amangoyal/Documents/CVPR 2026 Workshop/frames_full/Train/4110312013.jpg,ok
4110312023.avi,Train,411031,3,/Users/amangoyal/Documents/CVPR 2026 Workshop/frames_full/Train/4110312023.jpg,ok
4110312024.avi,Train,411031,3,/Users/amangoyal/Documents/CVPR 2026 Workshop/frames_full/Train/4110312024.jpg,ok
4110312025.avi,Train,411031,3,/Users/amangoyal/Documents/CVPR 2026 Workshop/frames_full/Train/4110312025.jpg,ok
4110312027.avi,Train,411031,2,/Users/amangoyal/Documents/CVPR 2026 Workshop/frames_full/Train/4110312027.jpg,ok
4110312030.avi,Train,411031,3,/Users/amangoyal/Documents/CVPR 2026 Workshop/frames_full/Train/4110312030.jpg,ok
4110312031.avi,Train,411031,2,/Users/amangoyal/Documents/CVPR 2026 Workshop/frames_full/Train/4110312031.jpg,ok
4110312048.avi,Train,411031,2,/Users/amangoyal/Documents/CVPR 2026 Workshop/frames_full/Train/4110312048.jpg,ok
4110312049.avi,Train,411031,2,/Users/amangoyal/Documents/CVPR 2026 Workshop/frames_full/Train/4110312049.jpg,ok
4110312078.avi,Train,411031,3,/Users/amangoyal/Documents/CVPR 2026 Workshop/frames_full/Train/4110312078.jpg,ok
414081010.avi,Train,414081,3,/Users/amangoyal/Documents/CVPR 2026 Workshop/frames_full/Train/414081010.jpg,ok
414081011.avi,Train,414081,3,/Users/amangoyal/Documents/CVPR 2026 Workshop/frames_full/Train/414081011.jpg,ok
4140810110.avi,Train,414081,3,/Users/amangoyal/Documents/CVPR 2026 Workshop/frames_full/Train/4140810110.jpg,ok
4140810114.avi,Train,414081,3,/Users/amangoyal/Documents/CVPR 2026 Workshop/frames_full/Train/4140810114.jpg,ok
4140810117.avi,Train,414081,3,/Users/amangoyal/Documents/CVPR 2026 Workshop/frames_full/Train/4140810117.jpg,ok
4140810122.avi,Train,414081,3,/Users/amangoyal/Documents/CVPR 2026 Workshop/frames_full/Train/4140810122.jpg,ok
4140810124.avi,Train,414081,3,/Users/amangoyal/Documents/CVPR 2026 Workshop/frames_full/Train/4140810124.jpg,ok
4140810125.avi,Train,414081,3,/Users/amangoyal/Documents/CVPR 2026 Workshop/frames_full/Train/4140810125.jpg,ok
4140810126.avi,Train,414081,3,/Users/amangoyal/Documents/CVPR 2026 Workshop/frames_full/Train/4140810126.jpg,ok
4140810127.avi,Train,414081,3,/Users/amangoyal/Documents/CVPR 2026 Workshop/frames_full/Train/4140810127.jpg,ok
4140810128.avi,Train,414081,3,/Users/amangoyal/Documents/CVPR 2026 Workshop/frames_full/Train/4140810128.jpg,ok
4140810129.avi,Train,414081,2,/Users/amangoyal/Documents/CVPR 2026 Workshop/frames_full/Train/4140810129.jpg,ok
414081013.avi,Train,414081,2,/Users/amangoyal/Documents/CVPR 2026 Workshop/frames_full/Train/414081013.jpg,ok
4140810132.avi,Train,414081,3,/Users/amangoyal/Documents/CVPR 2026 Workshop/frames_full/Train/4140810132.jpg,ok
4140810133.avi,Train,414081,3,/Users/amangoyal/Documents/CVPR 2026 Workshop/frames_full/Train/4140810133.jpg,ok
4140810135.avi,Train,414081,2,/Users/amangoyal/Documents/CVPR 2026 Workshop/frames_full/Train/4140810135.jpg,ok
4140810136.avi,Train,414081,3,/Users/amangoyal/Documents/CVPR 2026 Workshop/frames_full/Train/4140810136.jpg,ok
4140810138.avi,Train,414081,3,/Users/amangoyal/Documents/CVPR 2026 Workshop/frames_full/Train/4140810138.jpg,ok
4140810139.avi,Train,414081,2,/Users/amangoyal/Documents/CVPR 2026 Workshop/frames_full/Train/4140810139.jpg,ok
4140810140.avi,Train,414081,2,/Users/amangoyal/Documents/CVPR 2026 Workshop/frames_full/Train/4140810140.jpg,ok
4140810142.avi,Train,414081,3,/Users/amangoyal/Documents/CVPR 2026 Workshop/frames_full/Train/4140810142.jpg,ok
4140810143.avi,Train,414081,3,/Users/amangoyal/Documents/CVPR 2026 Workshop/frames_full/Train/4140810143.jpg,ok
4140810144.avi,Train,414081,3,/Users/amangoyal/Documents/CVPR 2026 Workshop/frames_full/Train/4140810144.jpg,ok
4140810145.avi,Train,414081,3,/Users/amangoyal/Documents/CVPR 2026 Workshop/frames_full/Train/4140810145.jpg,ok
4140810146.avi,Train,414081,3,/Users/amangoyal/Documents/CVPR 2026 Workshop/frames_full/Train/4140810146.jpg,ok
4140810148.avi,Train,414081,3,/Users/amangoyal/Documents/CVPR 2026 Workshop/frames_full/Train/4140810148.jpg,ok
414081015.avi,Train,414081,2,/Users/amangoyal/Documents/CVPR 2026 Workshop/frames_full/Train/414081015.jpg,ok
4140810150.avi,Train,414081,3,/Users/amangoyal/Documents/CVPR 2026 Workshop/frames_full/Train/4140810150.jpg,ok
4140810151.avi,Train,414081,3,/Users/amangoyal/Documents/CVPR 2026 Workshop/frames_full/Train/4140810151.jpg,ok
4140810152.avi,Train,414081,3,/Users/amangoyal/Documents/CVPR 2026 Workshop/frames_full/Train/4140810152.jpg,ok
4140810153.avi,Train,414081,1,/Users/amangoyal/Documents/CVPR 2026 Workshop/frames_full/Train/4140810153.jpg,ok
4140810154.avi,Train,414081,3,/Users/amangoyal/Documents/CVPR 2026 Workshop/frames_full/Train/4140810154.jpg,ok
4140810158.avi,Train,414081,3,/Users/amangoyal/Documents/CVPR 2026 Workshop/frames_full/Train/4140810158.jpg,ok
4140810159.avi,Train,414081,2,/Users/amangoyal/Documents/CVPR 2026 Workshop/frames_full/Train/4140810159.jpg,ok
414081016.avi,Train,414081,3,/Users/amangoyal/Documents/CVPR 2026 Workshop/frames_full/Train/414081016.jpg,ok
4140810162.avi,Train,414081,1,/Users/amangoyal/Documents/CVPR 2026 Workshop/frames_full/Train/4140810162.jpg,ok
4140810163.avi,Train,414081,3,/Users/amangoyal/Documents/CVPR 2026 Workshop/frames_full/Train/4140810163.jpg,ok
4140810164.avi,Train,414081,3,/Users/amangoyal/Documents/CVPR 2026 Workshop/frames_full/Train/4140810164.jpg,ok
4140810165.avi,Train,414081,3,/Users/amangoyal/Documents/CVPR 2026 Workshop/frames_full/Train/4140810165.jpg,ok
414081017.avi,Train,414081,3,/Users/amangoyal/Documents/CVPR 2026 Workshop/frames_full/Train/414081017.jpg,ok
4140810171.avi,Train,414081,2,/Users/amangoyal/Documents/CVPR 2026 Workshop/frames_full/Train/4140810171.jpg,ok
4140810173.avi,Train,414081,3,/Users/amangoyal/Documents/CVPR 2026 Workshop/frames_full/Train/4140810173.jpg,ok
4140810175.avi,Train,414081,3,/Users/amangoyal/Documents/CVPR 2026 Workshop/frames_full/Train/4140810175.jpg,ok
4140810176.avi,Train,414081,3,/Users/amangoyal/Documents/CVPR 2026 Workshop/frames_full/Train/4140810176.jpg,ok
4140810179.avi,Train,414081,2,/Users/amangoyal/Documents/CVPR 2026 Workshop/frames_full/Train/4140810179.jpg,ok
414081018.avi,Train,414081,3,/Users/amangoyal/Documents/CVPR 2026 Workshop/frames_full/Train/414081018.jpg,ok
4140810180.avi,Train,414081,3,/Users/amangoyal/Documents/CVPR 2026 Workshop/frames_full/Train/4140810180.jpg,ok
4140810181.avi,Train,414081,3,/Users/amangoyal/Documents/CVPR 2026 Workshop/frames_full/Train/4140810181.jpg,ok
4140810182.avi,Train,414081,3,/Users/amangoyal/Documents/CVPR 2026 Workshop/frames_full/Train/4140810182.jpg,ok
4140810183.avi,Train,414081,3,/Users/amangoyal/Documents/CVPR 2026 Workshop/frames_full/Train/4140810183.jpg,ok
4140810184.avi,Train,414081,2,/Users/amangoyal/Documents/CVPR 2026 Workshop/frames_full/Train/4140810184.jpg,ok
4140810185.avi,Train,414081,3,/Users/amangoyal/Documents/CVPR 2026 Workshop/frames_full/Train/4140810185.jpg,ok
414081019.avi,Train,414081,3,/Users/amangoyal/Documents/CVPR 2026 Workshop/frames_full/Train/414081019.jpg,ok
414081021.avi,Train,414081,3,/Users/amangoyal/Documents/CVPR 2026 Workshop/frames_full/Train/414081021.jpg,ok
4140810210.avi,Train,414081,1,/Users/amangoyal/Documents/CVPR 2026 Workshop/frames_full/Train/4140810210.jpg,ok
4140810211.avi,Train,414081,3,/Users/amangoyal/Documents/CVPR 2026 Workshop/frames_full/Train/4140810211.jpg,ok
4140810212.avi,Train,414081,2,/Users/amangoyal/Documents/CVPR 2026 Workshop/frames_full/Train/4140810212.jpg,ok
4140810215.avi,Train,414081,2,/Users/amangoyal/Documents/CVPR 2026 Workshop/frames_full/Train/4140810215.jpg,ok
4140810217.avi,Train,414081,1,/Users/amangoyal/Documents/CVPR 2026 Workshop/frames_full/Train/4140810217.jpg,ok
4140810219.avi,Train,414081,1,/Users/amangoyal/Documents/CVPR 2026 Workshop/frames_full/Train/4140810219.jpg,ok
4140810220.avi,Train,414081,3,/Users/amangoyal/Documents/CVPR 2026 Workshop/frames_full/Train/4140810220.jpg,ok
4140810221.avi,Train,414081,2,/Users/amangoyal/Documents/CVPR 2026 Workshop/frames_full/Train/4140810221.jpg,ok
4140810222.avi,Train,414081,3,/Users/amangoyal/Documents/CVPR 2026 Workshop/frames_full/Train/4140810222.jpg,ok
4140810223.avi,Train,414081,3,/Users/amangoyal/Documents/CVPR 2026 Workshop/frames_full/Train/4140810223.jpg,ok
4140810224.avi,Train,414081,3,/Users/amangoyal/Documents/CVPR 2026 Workshop/frames_full/Train/4140810224.jpg,ok
4140810225.avi,Train,414081,2,/Users/amangoyal/Documents/CVPR 2026 Workshop/frames_full/Train/4140810225.jpg,ok
4140810226.avi,Train,414081,2,/Users/amangoyal/Documents/CVPR 2026 Workshop/frames_full/Train/4140810226.jpg,ok
4140810228.avi,Train,414081,3,/Users/amangoyal/Documents/CVPR 2026 Workshop/frames_full/Train/4140810228.jpg,ok
4140810229.avi,Train,414081,3,/Users/amangoyal/Documents/CVPR 2026 Workshop/frames_full/Train/4140810229.jpg,ok
414081023.avi,Train,414081,3,/Users/amangoyal/Documents/CVPR 2026 Workshop/frames_full/Train/414081023.jpg,ok
4140810230.avi,Train,414081,3,/Users/amangoyal/Documents/CVPR 2026 Workshop/frames_full/Train/4140810230.jpg,ok
4140810233.avi,Train,414081,3,/Users/amangoyal/Documents/CVPR 2026 Workshop/frames_full/Train/4140810233.jpg,ok
4140810234.avi,Train,414081,2,/Users/amangoyal/Documents/CVPR 2026 Workshop/frames_full/Train/4140810234.jpg,ok
4140810237.avi,Train,414081,3,/Users/amangoyal/Documents/CVPR 2026 Workshop/frames_full/Train/4140810237.jpg,ok
4140810239.avi,Train,414081,3,/Users/amangoyal/Documents/CVPR 2026 Workshop/frames_full/Train/4140810239.jpg,ok
4140810240.avi,Train,414081,3,/Users/amangoyal/Documents/CVPR 2026 Workshop/frames_full/Train/4140810240.jpg,ok
4140810242.avi,Train,414081,2,/Users/amangoyal/Documents/CVPR 2026 Workshop/frames_full/Train/4140810242.jpg,ok
4140810244.avi,Train,414081,2,/Users/amangoyal/Documents/CVPR 2026 Workshop/frames_full/Train/4140810244.jpg,ok
4140810246.avi,Train,414081,3,/Users/amangoyal/Documents/CVPR 2026 Workshop/frames_full/Train/4140810246.jpg,ok
4140810247.avi,Train,414081,2,/Users/amangoyal/Documents/CVPR 2026 Workshop/frames_full/Train/4140810247.jpg,ok
4140810249.avi,Train,414081,2,/Users/amangoyal/Documents/CVPR 2026 Workshop/frames_full/Train/4140810249.jpg,ok
414081025.avi,Train,414081,3,/Users/amangoyal/Documents/CVPR 2026 Workshop/frames_full/Train/414081025.jpg,ok
4140810250.avi,Train,414081,2,/Users/amangoyal/Documents/CVPR 2026 Workshop/frames_full/Train/4140810250.jpg,ok
4140810251.avi,Train,414081,3,/Users/amangoyal/Documents/CVPR 2026 Workshop/frames_full/Train/4140810251.jpg,ok
4140810252.avi,Train,414081,3,/Users/amangoyal/Documents/CVPR 2026 Workshop/frames_full/Train/4140810252.jpg,ok
4140810253.avi,Train,414081,2,/Users/amangoyal/Documents/CVPR 2026 Workshop/frames_full/Train/4140810253.jpg,ok
4140810254.avi,Train,414081,3,/Users/amangoyal/Documents/CVPR 2026 Workshop/frames_full/Train/4140810254.jpg,ok
4140810255.avi,Train,414081,3,/Users/amangoyal/Documents/CVPR 2026 Workshop/frames_full/Train/4140810255.jpg,ok
4140810256.avi,Train,414081,3,/Users/amangoyal/Documents/CVPR 2026 Workshop/frames_full/Train/4140810256.jpg,ok
4140810257.avi,Train,414081,2,/Users/amangoyal/Documents/CVPR 2026 Workshop/frames_full/Train/4140810257.jpg,ok
4140810258.avi,Train,414081,3,/Users/amangoyal/Documents/CVPR 2026 Workshop/frames_full/Train/4140810258.jpg,ok
4140810259.avi,Train,414081,3,/Users/amangoyal/Documents/CVPR 2026 Workshop/frames_full/Train/4140810259.jpg,ok
414081026.avi,Train,414081,3,/Users/amangoyal/Documents/CVPR 2026 Workshop/frames_full/Train/414081026.jpg,ok
4140810264.avi,Train,414081,3,/Users/amangoyal/Documents/CVPR 2026 Workshop/frames_full/Train/4140810264.jpg,ok
4140810265.avi,Train,414081,3,/Users/amangoyal/Documents/CVPR 2026 Workshop/frames_full/Train/4140810265.jpg,ok
4140810266.avi,Train,414081,3,/Users/amangoyal/Documents/CVPR 2026 Workshop/frames_full/Train/4140810266.jpg,ok
4140810268.avi,Train,414081,3,/Users/amangoyal/Documents/CVPR 2026 Workshop/frames_full/Train/4140810268.jpg,ok
4140810269.avi,Train,414081,3,/Users/amangoyal/Documents/CVPR 2026 Workshop/frames_full/Train/4140810269.jpg,ok
414081027.avi,Train,414081,3,/Users/amangoyal/Documents/CVPR 2026 Workshop/frames_full/Train/414081027.jpg,ok
4140810270.avi,Train,414081,2,/Users/amangoyal/Documents/CVPR 2026 Workshop/frames_full/Train/4140810270.jpg,ok
4140810271.avi,Train,414081,3,/Users/amangoyal/Documents/CVPR 2026 Workshop/frames_full/Train/4140810271.jpg,ok
4140810272.avi,Train,414081,1,/Users/amangoyal/Documents/CVPR 2026 Workshop/frames_full/Train/4140810272.jpg,ok
4140810273.avi,Train,414081,2,/Users/amangoyal/Documents/CVPR 2026 Workshop/frames_full/Train/4140810273.jpg,ok
4140810274.avi,Train,414081,3,/Users/amangoyal/Documents/CVPR 2026 Workshop/frames_full/Train/4140810274.jpg,ok
4140810276.avi,Train,414081,3,/Users/amangoyal/Documents/CVPR 2026 Workshop/frames_full/Train/4140810276.jpg,ok
4140810277.avi,Train,414081,3,/Users/amangoyal/Documents/CVPR 2026 Workshop/frames_full/Train/4140810277.jpg,ok
4140810278.avi,Train,414081,2,/Users/amangoyal/Documents/CVPR 2026 Workshop/frames_full/Train/4140810278.jpg,ok
4140810279.avi,Train,414081,3,/Users/amangoyal/Documents/CVPR 2026 Workshop/frames_full/Train/4140810279.jpg,ok
414081028.avi,Train,414081,2,/Users/amangoyal/Documents/CVPR 2026 Workshop/frames_full/Train/414081028.jpg,ok
4140810280.avi,Train,414081,3,/Users/amangoyal/Documents/CVPR 2026 Workshop/frames_full/Train/4140810280.jpg,ok
414081029.avi,Train,414081,2,/Users/amangoyal/Documents/CVPR 2026 Workshop/frames_full/Train/414081029.jpg,ok
459999011.avi,Train,459999,3,/Users/amangoyal/Documents/CVPR 2026 Workshop/frames_full/Train/459999011.jpg,ok
4599990110.avi,Train,459999,2,/Users/amangoyal/Documents/CVPR 2026 Workshop/frames_full/Train/4599990110.jpg,ok
4599990112.avi,Train,459999,3,/Users/amangoyal/Documents/CVPR 2026 Workshop/frames_full/Train/4599990112.jpg,ok
4599990113.avi,Train,459999,3,/Users/amangoyal/Documents/CVPR 2026 Workshop/frames_full/Train/4599990113.jpg,ok
4599990114.avi,Train,459999,3,/Users/amangoyal/Documents/CVPR 2026 Workshop/frames_full/Train/4599990114.jpg,ok
4599990116.avi,Train,459999,3,/Users/amangoyal/Documents/CVPR 2026 Workshop/frames_full/Train/4599990116.jpg,ok
4599990117.avi,Train,459999,3,/Users/amangoyal/Documents/CVPR 2026 Workshop/frames_full/Train/4599990117.jpg,ok
4599990118.avi,Train,459999,3,/Users/amangoyal/Documents/CVPR 2026 Workshop/frames_full/Train/4599990118.jpg,ok
4599990119.avi,Train,459999,3,/Users/amangoyal/Documents/CVPR 2026 Workshop/frames_full/Train/4599990119.jpg,ok
459999012.avi,Train,459999,2,/Users/amangoyal/Documents/CVPR 2026 Workshop/frames_full/Train/459999012.jpg,ok
4599990120.avi,Train,459999,2,/Users/amangoyal/Documents/CVPR 2026 Workshop/frames_full/Train/4599990120.jpg,ok
4599990125.avi,Train,459999,3,/Users/amangoyal/Documents/CVPR 2026 Workshop/frames_full/Train/4599990125.jpg,ok
4599990126.avi,Train,459999,2,/Users/amangoyal/Documents/CVPR 2026 Workshop/frames_full/Train/4599990126.jpg,ok
4599990128.avi,Train,459999,3,/Users/amangoyal/Documents/CVPR 2026 Workshop/frames_full/Train/4599990128.jpg,ok
4599990129.avi,Train,459999,2,/Users/amangoyal/Documents/CVPR 2026 Workshop/frames_full/Train/4599990129.jpg,ok
459999013.avi,Train,459999,3,/Users/amangoyal/Documents/CVPR 2026 Workshop/frames_full/Train/459999013.jpg,ok
4599990130.avi,Train,459999,3,/Users/amangoyal/Documents/CVPR 2026 Workshop/frames_full/Train/4599990130.jpg,ok
4599990131.avi,Train,459999,3,/Users/amangoyal/Documents/CVPR 2026 Workshop/frames_full/Train/4599990131.jpg,ok
4599990132.avi,Train,459999,1,/Users/amangoyal/Documents/CVPR 2026 Workshop/frames_full/Train/4599990132.jpg,ok
4599990133.avi,Train,459999,2,/Users/amangoyal/Documents/CVPR 2026 Workshop/frames_full/Train/4599990133.jpg,ok
4599990134.avi,Train,459999,3,/Users/amangoyal/Documents/CVPR 2026 Workshop/frames_full/Train/4599990134.jpg,ok
4599990136.avi,Train,459999,3,/Users/amangoyal/Documents/CVPR 2026 Workshop/frames_full/Train/4599990136.jpg,ok
4599990137.avi,Train,459999,3,/Users/amangoyal/Documents/CVPR 2026 Workshop/frames_full/Train/4599990137.jpg,ok
4599990139.avi,Train,459999,3,/Users/amangoyal/Documents/CVPR 2026 Workshop/frames_full/Train/4599990139.jpg,ok
4599990141.avi,Train,459999,3,/Users/amangoyal/Documents/CVPR 2026 Workshop/frames_full/Train/4599990141.jpg,ok
4599990144.avi,Train,459999,3,/Users/amangoyal/Documents/CVPR 2026 Workshop/frames_full/Train/4599990144.jpg,ok
4599990146.avi,Train,459999,3,/Users/amangoyal/Documents/CVPR 2026 Workshop/frames_full/Train/4599990146.jpg,ok
4599990148.avi,Train,459999,2,/Users/amangoyal/Documents/CVPR 2026 Workshop/frames_full/Train/4599990148.jpg,ok
4599990149.avi,Train,459999,3,/Users/amangoyal/Documents/CVPR 2026 Workshop/frames_full/Train/4599990149.jpg,ok
4599990153.avi,Train,459999,3,/Users/amangoyal/Documents/CVPR 2026 Workshop/frames_full/Train/4599990153.jpg,ok
4599990154.avi,Train,459999,3,/Users/amangoyal/Documents/CVPR 2026 Workshop/frames_full/Train/4599990154.jpg,ok
4599990155.avi,Train,459999,3,/Users/amangoyal/Documents/CVPR 2026 Workshop/frames_full/Train/4599990155.jpg,ok
459999016.avi,Train,459999,3,/Users/amangoyal/Documents/CVPR 2026 Workshop/frames_full/Train/459999016.jpg,ok
4599990163.avi,Train,459999,2,/Users/amangoyal/Documents/CVPR 2026 Workshop/frames_full/Train/4599990163.jpg,ok
4599990165.avi,Train,459999,3,/Users/amangoyal/Documents/CVPR 2026 Workshop/frames_full/Train/4599990165.jpg,ok
4599990166.avi,Train,459999,3,/Users/amangoyal/Documents/CVPR 2026 Workshop/frames_full/Train/4599990166.jpg,ok
4599990168.avi,Train,459999,3,/Users/amangoyal/Documents/CVPR 2026 Workshop/frames_full/Train/4599990168.jpg,ok
459999017.avi,Train,459999,2,/Users/amangoyal/Documents/CVPR 2026 Workshop/frames_full/Train/459999017.jpg,ok
4599990171.avi,Train,459999,3,/Users/amangoyal/Documents/CVPR 2026 Workshop/frames_full/Train/4599990171.jpg,ok
459999021.avi,Train,459999,3,/Users/amangoyal/Documents/CVPR 2026 Workshop/frames_full/Train/459999021.jpg,ok
4599990211.avi,Train,459999,3,/Users/amangoyal/Documents/CVPR 2026 Workshop/frames_full/Train/4599990211.jpg,ok
4599990212.avi,Train,459999,3,/Users/amangoyal/Documents/CVPR 2026 Workshop/frames_full/Train/4599990212.jpg,ok
4599990214.avi,Train,459999,2,/Users/amangoyal/Documents/CVPR 2026 Workshop/frames_full/Train/4599990214.jpg,ok
4599990216.avi,Train,459999,3,/Users/amangoyal/Documents/CVPR 2026 Workshop/frames_full/Train/4599990216.jpg,ok
4599990218.avi,Train,459999,3,/Users/amangoyal/Documents/CVPR 2026 Workshop/frames_full/Train/4599990218.jpg,ok
459999022.avi,Train,459999,3,/Users/amangoyal/Documents/CVPR 2026 Workshop/frames_full/Train/459999022.jpg,ok
4599990221.avi,Train,459999,3,/Users/amangoyal/Documents/CVPR 2026 Workshop/frames_full/Train/4599990221.jpg,ok
4599990222.avi,Train,459999,3,/Users/amangoyal/Documents/CVPR 2026 Workshop/frames_full/Train/4599990222.jpg,ok
4599990223.avi,Train,459999,3,/Users/amangoyal/Documents/CVPR 2026 Workshop/frames_full/Train/4599990223.jpg,ok
4599990224.avi,Train,459999,3,/Users/amangoyal/Documents/CVPR 2026 Workshop/frames_full/Train/4599990224.jpg,ok
4599990226.avi,Train,459999,3,/Users/amangoyal/Documents/CVPR 2026 Workshop/frames_full/Train/4599990226.jpg,ok
4599990231.avi,Train,459999,3,/Users/amangoyal/Documents/CVPR 2026 Workshop/frames_full/Train/4599990231.jpg,ok
4599990233.avi,Train,459999,2,/Users/amangoyal/Documents/CVPR 2026 Workshop/frames_full/Train/4599990233.jpg,ok
4599990234.avi,Train,459999,3,/Users/amangoyal/Documents/CVPR 2026 Workshop/frames_full/Train/4599990234.jpg,ok
4599990235.avi,Train,459999,1,/Users/amangoyal/Documents/CVPR 2026 Workshop/frames_full/Train/4599990235.jpg,ok
4599990238.avi,Train,459999,3,/Users/amangoyal/Documents/CVPR 2026 Workshop/frames_full/Train/4599990238.jpg,ok
459999024.avi,Train,459999,3,/Users/amangoyal/Documents/CVPR 2026 Workshop/frames_full/Train/459999024.jpg,ok
4599990240.avi,Train,459999,3,/Users/amangoyal/Documents/CVPR 2026 Workshop/frames_full/Train/4599990240.jpg,ok
4599990241.avi,Train,459999,3,/Users/amangoyal/Documents/CVPR 2026 Workshop/frames_full/Train/4599990241.jpg,ok
4599990243.avi,Train,459999,2,/Users/amangoyal/Documents/CVPR 2026 Workshop/frames_full/Train/4599990243.jpg,ok
4599990244.avi,Train,459999,3,/Users/amangoyal/Documents/CVPR 2026 Workshop/frames_full/Train/4599990244.jpg,ok
4599990245.avi,Train,459999,2,/Users/amangoyal/Documents/CVPR 2026 Workshop/frames_full/Train/4599990245.jpg,ok
4599990246.avi,Train,459999,3,/Users/amangoyal/Documents/CVPR 2026 Workshop/frames_full/Train/4599990246.jpg,ok
4599990247.avi,Train,459999,3,/Users/amangoyal/Documents/CVPR 2026 Workshop/frames_full/Train/4599990247.jpg,ok
4599990248.avi,Train,459999,2,/Users/amangoyal/Documents/CVPR 2026 Workshop/frames_full/Train/4599990248.jpg,ok
4599990249.avi,Train,459999,3,/Users/amangoyal/Documents/CVPR 2026 Workshop/frames_full/Train/4599990249.jpg,ok
459999025.avi,Train,459999,3,/Users/amangoyal/Documents/CVPR 2026 Workshop/frames_full/Train/459999025.jpg,ok
5000391001.avi,Validation,500039,2,/Users/amangoyal/Documents/CVPR 2026 Workshop/frames_full/Validation/5000391001.jpg,ok
5000391002.avi,Validation,500039,2,/Users/amangoyal/Documents/CVPR 2026 Workshop/frames_full/Validation/5000391002.jpg,ok
5000391004.avi,Validation,500039,3,/Users/amangoyal/Documents/CVPR 2026 Workshop/frames_full/Validation/5000391004.jpg,ok
5000391005.avi,Validation,500039,2,/Users/amangoyal/Documents/CVPR 2026 Workshop/frames_full/Validation/5000391005.jpg,ok
5000391007.avi,Validation,500039,3,/Users/amangoyal/Documents/CVPR 2026 Workshop/frames_full/Validation/5000391007.jpg,ok
5000391008.avi,Validation,500039,2,/Users/amangoyal/Documents/CVPR 2026 Workshop/frames_full/Validation/5000391008.jpg,ok
5000391010.avi,Validation,500039,2,/Users/amangoyal/Documents/CVPR 2026 Workshop/frames_full/Validation/5000391010.jpg,ok
5000391012.avi,Validation,500039,2,/Users/amangoyal/Documents/CVPR 2026 Workshop/frames_full/Validation/5000391012.jpg,ok
5000391013.avi,Validation,500039,3,/Users/amangoyal/Documents/CVPR 2026 Workshop/frames_full/Validation/5000391013.jpg,ok
5000391014.avi,Validation,500039,2,/Users/amangoyal/Documents/CVPR 2026 Workshop/frames_full/Validation/5000391014.jpg,ok
5000391015.avi,Validation,500039,3,/Users/amangoyal/Documents/CVPR 2026 Workshop/frames_full/Validation/5000391015.jpg,ok
5000391016.avi,Validation,500039,3,/Users/amangoyal/Documents/CVPR 2026 Workshop/frames_full/Validation/5000391016.jpg,ok
5000391017.avi,Validation,500039,1,/Users/amangoyal/Documents/CVPR 2026 Workshop/frames_full/Validation/5000391017.jpg,ok
5000391019.avi,Validation,500039,2,/Users/amangoyal/Documents/CVPR 2026 Workshop/frames_full/Validation/5000391019.jpg,ok
5000391020.avi,Validation,500039,2,/Users/amangoyal/Documents/CVPR 2026 Workshop/frames_full/Validation/5000391020.jpg,ok
5000391022.avi,Validation,500039,3,/Users/amangoyal/Documents/CVPR 2026 Workshop/frames_full/Validation/5000391022.jpg,ok
5000391023.avi,Validation,500039,2,/Users/amangoyal/Documents/CVPR 2026 Workshop/frames_full/Validation/5000391023.jpg,ok
5000391024.avi,Validation,500039,2,/Users/amangoyal/Documents/CVPR 2026 Workshop/frames_full/Validation/5000391024.jpg,ok
5000391026.avi,Validation,500039,2,/Users/amangoyal/Documents/CVPR 2026 Workshop/frames_full/Validation/5000391026.jpg,ok
5000391028.avi,Validation,500039,3,/Users/amangoyal/Documents/CVPR 2026 Workshop/frames_full/Validation/5000391028.jpg,ok
5000391029.avi,Validation,500039,2,/Users/amangoyal/Documents/CVPR 2026 Workshop/frames_full/Validation/5000391029.jpg,ok
5000391030.avi,Validation,500039,3,/Users/amangoyal/Documents/CVPR 2026 Workshop/frames_full/Validation/5000391030.jpg,ok
5000391031.avi,Validation,500039,3,/Users/amangoyal/Documents/CVPR 2026 Workshop/frames_full/Validation/5000391031.jpg,ok
5000391032.avi,Validation,500039,3,/Users/amangoyal/Documents/CVPR 2026 Workshop/frames_full/Validation/5000391032.jpg,ok
5000391034.avi,Validation,500039,2,/Users/amangoyal/Documents/CVPR 2026 Workshop/frames_full/Validation/5000391034.jpg,ok
5000391035.avi,Validation,500039,3,/Users/amangoyal/Documents/CVPR 2026 Workshop/frames_full/Validation/5000391035.jpg,ok
5000391036.avi,Validation,500039,2,/Users/amangoyal/Documents/CVPR 2026 Workshop/frames_full/Validation/5000391036.jpg,ok
5000391037.avi,Validation,500039,3,/Users/amangoyal/Documents/CVPR 2026 Workshop/frames_full/Validation/5000391037.jpg,ok
5000391038.avi,Validation,500039,2,/Users/amangoyal/Documents/CVPR 2026 Workshop/frames_full/Validation/5000391038.jpg,ok
5000391040.avi,Validation,500039,2,/Users/amangoyal/Documents/CVPR 2026 Workshop/frames_full/Validation/5000391040.jpg,ok
5000391045.avi,Validation,500039,1,/Users/amangoyal/Documents/CVPR 2026 Workshop/frames_full/Validation/5000391045.jpg,ok
5000391046.avi,Validation,500039,2,/Users/amangoyal/Documents/CVPR 2026 Workshop/frames_full/Validation/5000391046.jpg,ok
5000391047.avi,Validation,500039,3,/Users/amangoyal/Documents/CVPR 2026 Workshop/frames_full/Validation/5000391047.jpg,ok
5000391049.avi,Validation,500039,2,/Users/amangoyal/Documents/CVPR 2026 Workshop/frames_full/Validation/5000391049.jpg,ok
5000391050.avi,Validation,500039,2,/Users/amangoyal/Documents/CVPR 2026 Workshop/frames_full/Validation/5000391050.jpg,ok
5000391054.avi,Validation,500039,2,/Users/amangoyal/Documents/CVPR 2026 Workshop/frames_full/Validation/5000391054.jpg,ok
5000391055.avi,Validation,500039,1,/Users/amangoyal/Documents/CVPR 2026 Workshop/frames_full/Validation/5000391055.jpg,ok
5000391056.avi,Validation,500039,1,/Users/amangoyal/Documents/CVPR 2026 Workshop/frames_full/Validation/5000391056.jpg,ok
5000391059.avi,Validation,500039,2,/Users/amangoyal/Documents/CVPR 2026 Workshop/frames_full/Validation/5000391059.jpg,ok
5000391060.avi,Validation,500039,1,/Users/amangoyal/Documents/CVPR 2026 Workshop/frames_full/Validation/5000391060.jpg,ok
5000391061.avi,Validation,500039,2,/Users/amangoyal/Documents/CVPR 2026 Workshop/frames_full/Validation/5000391061.jpg,ok
5000391062.avi,Validation,500039,3,/Users/amangoyal/Documents/CVPR 2026 Workshop/frames_full/Validation/5000391062.jpg,ok
5000391063.avi,Validation,500039,3,/Users/amangoyal/Documents/CVPR 2026 Workshop/frames_full/Validation/5000391063.jpg,ok
5000391064.avi,Validation,500039,2,/Users/amangoyal/Documents/CVPR 2026 Workshop/frames_full/Validation/5000391064.jpg,ok
5000391065.avi,Validation,500039,2,/Users/amangoyal/Documents/CVPR 2026 Workshop/frames_full/Validation/5000391065.jpg,ok
5000391066.avi,Validation,500039,3,/Users/amangoyal/Documents/CVPR 2026 Workshop/frames_full/Validation/5000391066.jpg,ok
5000391067.avi,Validation,500039,2,/Users/amangoyal/Documents/CVPR 2026 Workshop/frames_full/Validation/5000391067.jpg,ok
5000391068.avi,Validation,500039,3,/Users/amangoyal/Documents/CVPR 2026 Workshop/frames_full/Validation/5000391068.jpg,ok
5000391069.avi,Validation,500039,3,/Users/amangoyal/Documents/CVPR 2026 Workshop/frames_full/Validation/5000391069.jpg,ok
5000391070.avi,Validation,500039,2,/Users/amangoyal/Documents/CVPR 2026 Workshop/frames_full/Validation/5000391070.jpg,ok
5000391071.avi,Validation,500039,2,/Users/amangoyal/Documents/CVPR 2026 Workshop/frames_full/Validation/5000391071.jpg,ok
5000391072.avi,Validation,500039,2,/Users/amangoyal/Documents/CVPR 2026 Workshop/frames_full/Validation/5000391072.jpg,ok
5000391073.avi,Validation,500039,2,/Users/amangoyal/Documents/CVPR 2026 Workshop/frames_full/Validation/5000391073.jpg,ok
5000391074.avi,Validation,500039,2,/Users/amangoyal/Documents/CVPR 2026 Workshop/frames_full/Validation/5000391074.jpg,ok
5000391076.avi,Validation,500039,2,/Users/amangoyal/Documents/CVPR 2026 Workshop/frames_full/Validation/5000391076.jpg,ok
5000391078.avi,Validation,500039,2,/Users/amangoyal/Documents/CVPR 2026 Workshop/frames_full/Validation/5000391078.jpg,ok
5000391079.avi,Validation,500039,2,/Users/amangoyal/Documents/CVPR 2026 Workshop/frames_full/Validation/5000391079.jpg,ok
5000391080.avi,Validation,500039,3,/Users/amangoyal/Documents/CVPR 2026 Workshop/frames_full/Validation/5000391080.jpg,ok
5000391081.avi,Validation,500039,2,/Users/amangoyal/Documents/CVPR 2026 Workshop/frames_full/Validation/5000391081.jpg,ok
5000392001.avi,Validation,500039,2,/Users/amangoyal/Documents/CVPR 2026 Workshop/frames_full/Validation/5000392001.jpg,ok
5000392002.avi,Validation,500039,2,/Users/amangoyal/Documents/CVPR 2026 Workshop/frames_full/Validation/5000392002.jpg,ok
5000392003.avi,Validation,500039,3,/Users/amangoyal/Documents/CVPR 2026 Workshop/frames_full/Validation/5000392003.jpg,ok
5000392006.avi,Validation,500039,2,/Users/amangoyal/Documents/CVPR 2026 Workshop/frames_full/Validation/5000392006.jpg,ok
5000392007.avi,Validation,500039,2,/Users/amangoyal/Documents/CVPR 2026 Workshop/frames_full/Validation/5000392007.jpg,ok
5000392010.avi,Validation,500039,3,/Users/amangoyal/Documents/CVPR 2026 Workshop/frames_full/Validation/5000392010.jpg,ok
5000392011.avi,Validation,500039,2,/Users/amangoyal/Documents/CVPR 2026 Workshop/frames_full/Validation/5000392011.jpg,ok
5000392015.avi,Validation,500039,2,/Users/amangoyal/Documents/CVPR 2026 Workshop/frames_full/Validation/5000392015.jpg,ok
5000392016.avi,Validation,500039,2,/Users/amangoyal/Documents/CVPR 2026 Workshop/frames_full/Validation/5000392016.jpg,ok
5000392017.avi,Validation,500039,2,/Users/amangoyal/Documents/CVPR 2026 Workshop/frames_full/Validation/5000392017.jpg,ok
5000392018.avi,Validation,500039,2,/Users/amangoyal/Documents/CVPR 2026 Workshop/frames_full/Validation/5000392018.jpg,ok
5000392019.avi,Validation,500039,2,/Users/amangoyal/Documents/CVPR 2026 Workshop/frames_full/Validation/5000392019.jpg,ok
5000392020.avi,Validation,500039,2,/Users/amangoyal/Documents/CVPR 2026 Workshop/frames_full/Validation/5000392020.jpg,ok
5000392021.avi,Validation,500039,2,/Users/amangoyal/Documents/CVPR 2026 Workshop/frames_full/Validation/5000392021.jpg,ok
5000392022.avi,Validation,500039,2,/Users/amangoyal/Documents/CVPR 2026 Workshop/frames_full/Validation/5000392022.jpg,ok
5000392025.avi,Validation,500039,2,/Users/amangoyal/Documents/CVPR 2026 Workshop/frames_full/Validation/5000392025.jpg,ok
5000392026.avi,Validation,500039,2,/Users/amangoyal/Documents/CVPR 2026 Workshop/frames_full/Validation/5000392026.jpg,ok
5000392027.avi,Validation,500039,2,/Users/amangoyal/Documents/CVPR 2026 Workshop/frames_full/Validation/5000392027.jpg,ok
5000392029.avi,Validation,500039,2,/Users/amangoyal/Documents/CVPR 2026 Workshop/frames_full/Validation/5000392029.jpg,ok
5000392033.avi,Validation,500039,1,/Users/amangoyal/Documents/CVPR 2026 Workshop/frames_full/Validation/5000392033.jpg,ok
5000392035.avi,Validation,500039,2,/Users/amangoyal/Documents/CVPR 2026 Workshop/frames_full/Validation/5000392035.jpg,ok
5000392036.avi,Validation,500039,3,/Users/amangoyal/Documents/CVPR 2026 Workshop/frames_full/Validation/5000392036.jpg,ok
5000392038.avi,Validation,500039,2,/Users/amangoyal/Documents/CVPR 2026 Workshop/frames_full/Validation/5000392038.jpg,ok
5000392039.avi,Validation,500039,2,/Users/amangoyal/Documents/CVPR 2026 Workshop/frames_full/Validation/5000392039.jpg,ok
5000392040.avi,Validation,500039,3,/Users/amangoyal/Documents/CVPR 2026 Workshop/frames_full/Validation/5000392040.jpg,ok
5000392041.avi,Validation,500039,3,/Users/amangoyal/Documents/CVPR 2026 Workshop/frames_full/Validation/5000392041.jpg,ok
5000392042.avi,Validation,500039,2,/Users/amangoyal/Documents/CVPR 2026 Workshop/frames_full/Validation/5000392042.jpg,ok
5000392044.avi,Validation,500039,2,/Users/amangoyal/Documents/CVPR 2026 Workshop/frames_full/Validation/5000392044.jpg,ok
5000392047.avi,Validation,500039,2,/Users/amangoyal/Documents/CVPR 2026 Workshop/frames_full/Validation/5000392047.jpg,ok
5000392048.avi,Validation,500039,2,/Users/amangoyal/Documents/CVPR 2026 Workshop/frames_full/Validation/5000392048.jpg,ok
5000392049.avi,Validation,500039,3,/Users/amangoyal/Documents/CVPR 2026 Workshop/frames_full/Validation/5000392049.jpg,ok
5000392050.avi,Validation,500039,3,/Users/amangoyal/Documents/CVPR 2026 Workshop/frames_full/Validation/5000392050.jpg,ok
5000392051.avi,Validation,500039,3,/Users/amangoyal/Documents/CVPR 2026 Workshop/frames_full/Validation/5000392051.jpg,ok
5000392052.avi,Validation,500039,1,/Users/amangoyal/Documents/CVPR 2026 Workshop/frames_full/Validation/5000392052.jpg,ok
5000392053.avi,Validation,500039,2,/Users/amangoyal/Documents/CVPR 2026 Workshop/frames_full/Validation/5000392053.jpg,ok
5000392054.avi,Validation,500039,2,/Users/amangoyal/Documents/CVPR 2026 Workshop/frames_full/Validation/5000392054.jpg,ok
5000392055.avi,Validation,500039,2,/Users/amangoyal/Documents/CVPR 2026 Workshop/frames_full/Validation/5000392055.jpg,ok
5000392056.avi,Validation,500039,2,/Users/amangoyal/Documents/CVPR 2026 Workshop/frames_full/Validation/5000392056.jpg,ok
5000392058.avi,Validation,500039,2,/Users/amangoyal/Documents/CVPR 2026 Workshop/frames_full/Validation/5000392058.jpg,ok
5000392060.avi,Validation,500039,1,/Users/amangoyal/Documents/CVPR 2026 Workshop/frames_full/Validation/5000392060.jpg,ok
5000392062.avi,Validation,500039,2,/Users/amangoyal/Documents/CVPR 2026 Workshop/frames_full/Validation/5000392062.jpg,ok
5000392063.avi,Validation,500039,2,/Users/amangoyal/Documents/CVPR 2026 Workshop/frames_full/Validation/5000392063.jpg,ok
5000392064.avi,Validation,500039,2,/Users/amangoyal/Documents/CVPR 2026 Workshop/frames_full/Validation/5000392064.jpg,ok
5000392065.avi,Validation,500039,2,/Users/amangoyal/Documents/CVPR 2026 Workshop/frames_full/Validation/5000392065.jpg,ok
5000392066.avi,Validation,500039,2,/Users/amangoyal/Documents/CVPR 2026 Workshop/frames_full/Validation/5000392066.jpg,ok
5000392067.avi,Validation,500039,2,/Users/amangoyal/Documents/CVPR 2026 Workshop/frames_full/Validation/5000392067.jpg,ok
5000392070.avi,Validation,500039,2,/Users/amangoyal/Documents/CVPR 2026 Workshop/frames_full/Validation/5000392070.jpg,ok
5000392071.avi,Validation,500039,2,/Users/amangoyal/Documents/CVPR 2026 Workshop/frames_full/Validation/5000392071.jpg,ok
5000392072.avi,Validation,500039,2,/Users/amangoyal/Documents/CVPR 2026 Workshop/frames_full/Validation/5000392072.jpg,ok
5000431019.avi,Validation,500043,2,/Users/amangoyal/Documents/CVPR 2026 Workshop/frames_full/Validation/5000431019.jpg,ok
5000431020.avi,Validation,500043,3,/Users/amangoyal/Documents/CVPR 2026 Workshop/frames_full/Validation/5000431020.jpg,ok
5000431021.avi,Validation,500043,3,/Users/amangoyal/Documents/CVPR 2026 Workshop/frames_full/Validation/5000431021.jpg,ok
5000431022.avi,Validation,500043,2,/Users/amangoyal/Documents/CVPR 2026 Workshop/frames_full/Validation/5000431022.jpg,ok
5000431023.avi,Validation,500043,3,/Users/amangoyal/Documents/CVPR 2026 Workshop/frames_full/Validation/5000431023.jpg,ok
5000431025.avi,Validation,500043,2,/Users/amangoyal/Documents/CVPR 2026 Workshop/frames_full/Validation/5000431025.jpg,ok
5000431026.avi,Validation,500043,2,/Users/amangoyal/Documents/CVPR 2026 Workshop/frames_full/Validation/5000431026.jpg,ok
5000431049.avi,Validation,500043,3,/Users/amangoyal/Documents/CVPR 2026 Workshop/frames_full/Validation/5000431049.jpg,ok
5000431050.avi,Validation,500043,3,/Users/amangoyal/Documents/CVPR 2026 Workshop/frames_full/Validation/5000431050.jpg,ok
5000432001.avi,Validation,500043,3,/Users/amangoyal/Documents/CVPR 2026 Workshop/frames_full/Validation/5000432001.jpg,ok
5000432003.avi,Validation,500043,2,/Users/amangoyal/Documents/CVPR 2026 Workshop/frames_full/Validation/5000432003.jpg,ok
5000432006.avi,Validation,500043,2,/Users/amangoyal/Documents/CVPR 2026 Workshop/frames_full/Validation/5000432006.jpg,ok
5000432059.avi,Validation,500043,3,/Users/amangoyal/Documents/CVPR 2026 Workshop/frames_full/Validation/5000432059.jpg,ok
5000441001.avi,Test,500044,2,/Users/amangoyal/Documents/CVPR 2026 Workshop/frames_full/Test/5000441001.jpg,ok
5000441002.avi,Test,500044,2,/Users/amangoyal/Documents/CVPR 2026 Workshop/frames_full/Test/5000441002.jpg,ok
5000441003.avi,Test,500044,2,/Users/amangoyal/Documents/CVPR 2026 Workshop/frames_full/Test/5000441003.jpg,ok
5000441005.avi,Test,500044,2,/Users/amangoyal/Documents/CVPR 2026 Workshop/frames_full/Test/5000441005.jpg,ok
5000441006.avi,Test,500044,2,/Users/amangoyal/Documents/CVPR 2026 Workshop/frames_full/Test/5000441006.jpg,ok
5000441007.avi,Test,500044,2,/Users/amangoyal/Documents/CVPR 2026 Workshop/frames_full/Test/5000441007.jpg,ok
5000441008.avi,Test,500044,2,/Users/amangoyal/Documents/CVPR 2026 Workshop/frames_full/Test/5000441008.jpg,ok
5000441009.avi,Test,500044,3,/Users/amangoyal/Documents/CVPR 2026 Workshop/frames_full/Test/5000441009.jpg,ok
5000441010.avi,Test,500044,2,/Users/amangoyal/Documents/CVPR 2026 Workshop/frames_full/Test/5000441010.jpg,ok
5000441012.avi,Test,500044,2,/Users/amangoyal/Documents/CVPR 2026 Workshop/frames_full/Test/5000441012.jpg,ok
5000441013.avi,Test,500044,2,/Users/amangoyal/Documents/CVPR 2026 Workshop/frames_full/Test/5000441013.jpg,ok
5000441014.avi,Test,500044,2,/Users/amangoyal/Documents/CVPR 2026 Workshop/frames_full/Test/5000441014.jpg,ok
5000441015.avi,Test,500044,2,/Users/amangoyal/Documents/CVPR 2026 Workshop/frames_full/Test/5000441015.jpg,ok
5000441016.avi,Test,500044,3,/Users/amangoyal/Documents/CVPR 2026 Workshop/frames_full/Test/5000441016.jpg,ok
5000441017.avi,Test,500044,2,/Users/amangoyal/Documents/CVPR 2026 Workshop/frames_full/Test/5000441017.jpg,ok
5000441018.avi,Test,500044,3,/Users/amangoyal/Documents/CVPR 2026 Workshop/frames_full/Test/5000441018.jpg,ok
5000441021.avi,Test,500044,3,/Users/amangoyal/Documents/CVPR 2026 Workshop/frames_full/Test/5000441021.jpg,ok
5000441022.avi,Test,500044,2,/Users/amangoyal/Documents/CVPR 2026 Workshop/frames_full/Test/5000441022.jpg,ok
5000441023.avi,Test,500044,3,/Users/amangoyal/Documents/CVPR 2026 Workshop/frames_full/Test/5000441023.jpg,ok
5000441024.avi,Test,500044,1,/Users/amangoyal/Documents/CVPR 2026 Workshop/frames_full/Test/5000441024.jpg,ok
5000441027.avi,Test,500044,3,/Users/amangoyal/Documents/CVPR 2026 Workshop/frames_full/Test/5000441027.jpg,ok
5000441030.avi,Test,500044,2,/Users/amangoyal/Documents/CVPR 2026 Workshop/frames_full/Test/5000441030.jpg,ok
5000441031.avi,Test,500044,2,/Users/amangoyal/Documents/CVPR 2026 Workshop/frames_full/Test/5000441031.jpg,ok
5000441032.avi,Test,500044,2,/Users/amangoyal/Documents/CVPR 2026 Workshop/frames_full/Test/5000441032.jpg,ok
5000441033.avi,Test,500044,2,/Users/amangoyal/Documents/CVPR 2026 Workshop/frames_full/Test/5000441033.jpg,ok
5000441034.avi,Test,500044,2,/Users/amangoyal/Documents/CVPR 2026 Workshop/frames_full/Test/5000441034.jpg,ok
5000441035.avi,Test,500044,3,/Users/amangoyal/Documents/CVPR 2026 Workshop/frames_full/Test/5000441035.jpg,ok
5000441037.avi,Test,500044,2,/Users/amangoyal/Documents/CVPR 2026 Workshop/frames_full/Test/5000441037.jpg,ok
5000441038.avi,Test,500044,3,/Users/amangoyal/Documents/CVPR 2026 Workshop/frames_full/Test/5000441038.jpg,ok
5000441039.avi,Test,500044,3,/Users/amangoyal/Documents/CVPR 2026 Workshop/frames_full/Test/5000441039.jpg,ok
5000441040.avi,Test,500044,3,/Users/amangoyal/Documents/CVPR 2026 Workshop/frames_full/Test/5000441040.jpg,ok
5000441041.avi,Test,500044,3,/Users/amangoyal/Documents/CVPR 2026 Workshop/frames_full/Test/5000441041.jpg,ok
5000441042.avi,Test,500044,2,/Users/amangoyal/Documents/CVPR 2026 Workshop/frames_full/Test/5000441042.jpg,ok
5000441043.avi,Test,500044,2,/Users/amangoyal/Documents/CVPR 2026 Workshop/frames_full/Test/5000441043.jpg,ok
5000441044.avi,Test,500044,2,/Users/amangoyal/Documents/CVPR 2026 Workshop/frames_full/Test/5000441044.jpg,ok
5000441045.avi,Test,500044,2,/Users/amangoyal/Documents/CVPR 2026 Workshop/frames_full/Test/5000441045.jpg,ok
5000441046.avi,Test,500044,3,/Users/amangoyal/Documents/CVPR 2026 Workshop/frames_full/Test/5000441046.jpg,ok
5000441047.avi,Test,500044,2,/Users/amangoyal/Documents/CVPR 2026 Workshop/frames_full/Test/5000441047.jpg,ok
5000441048.avi,Test,500044,2,/Users/amangoyal/Documents/CVPR 2026 Workshop/frames_full/Test/5000441048.jpg,ok
5000441050.avi,Test,500044,2,/Users/amangoyal/Documents/CVPR 2026 Workshop/frames_full/Test/5000441050.jpg,ok
5000441051.avi,Test,500044,2,/Users/amangoyal/Documents/CVPR 2026 Workshop/frames_full/Test/5000441051.jpg,ok
5000441052.avi,Test,500044,2,/Users/amangoyal/Documents/CVPR 2026 Workshop/frames_full/Test/5000441052.jpg,ok
5000441053.avi,Test,500044,3,/Users/amangoyal/Documents/CVPR 2026 Workshop/frames_full/Test/5000441053.jpg,ok
5000441054.avi,Test,500044,2,/Users/amangoyal/Documents/CVPR 2026 Workshop/frames_full/Test/5000441054.jpg,ok
5000441055.avi,Test,500044,3,/Users/amangoyal/Documents/CVPR 2026 Workshop/frames_full/Test/5000441055.jpg,ok
5000441058.avi,Test,500044,1,/Users/amangoyal/Documents/CVPR 2026 Workshop/frames_full/Test/5000441058.jpg,ok
5000441059.avi,Test,500044,2,/Users/amangoyal/Documents/CVPR 2026 Workshop/frames_full/Test/5000441059.jpg,ok
5000441061.avi,Test,500044,3,/Users/amangoyal/Documents/CVPR 2026 Workshop/frames_full/Test/5000441061.jpg,ok
5000441062.avi,Test,500044,2,/Users/amangoyal/Documents/CVPR 2026 Workshop/frames_full/Test/5000441062.jpg,ok
5000441064.avi,Test,500044,2,/Users/amangoyal/Documents/CVPR 2026 Workshop/frames_full/Test/5000441064.jpg,ok
5000441065.avi,Test,500044,2,/Users/amangoyal/Documents/CVPR 2026 Workshop/frames_full/Test/5000441065.jpg,ok
5000441066.avi,Test,500044,2,/Users/amangoyal/Documents/CVPR 2026 Workshop/frames_full/Test/5000441066.jpg,ok
5000441067.avi,Test,500044,1,/Users/amangoyal/Documents/CVPR 2026 Workshop/frames_full/Test/5000441067.jpg,ok
5000441068.avi,Test,500044,2,/Users/amangoyal/Documents/CVPR 2026 Workshop/frames_full/Test/5000441068.jpg,ok
5000441069.avi,Test,500044,2,/Users/amangoyal/Documents/CVPR 2026 Workshop/frames_full/Test/5000441069.jpg,ok
5000441070.avi,Test,500044,3,/Users/amangoyal/Documents/CVPR 2026 Workshop/frames_full/Test/5000441070.jpg,ok
5000441071.avi,Test,500044,3,/Users/amangoyal/Documents/CVPR 2026 Workshop/frames_full/Test/5000441071.jpg,ok
5000441072.avi,Test,500044,3,/Users/amangoyal/Documents/CVPR 2026 Workshop/frames_full/Test/5000441072.jpg,ok
5000442001.avi,Test,500044,3,/Users/amangoyal/Documents/CVPR 2026 Workshop/frames_full/Test/5000442001.jpg,ok
5000442002.avi,Test,500044,2,/Users/amangoyal/Documents/CVPR 2026 Workshop/frames_full/Test/5000442002.jpg,ok
5000442003.avi,Test,500044,2,/Users/amangoyal/Documents/CVPR 2026 Workshop/frames_full/Test/5000442003.jpg,ok
5000442004.avi,Test,500044,2,/Users/amangoyal/Documents/CVPR 2026 Workshop/frames_full/Test/5000442004.jpg,ok
5000442005.avi,Test,500044,2,/Users/amangoyal/Documents/CVPR 2026 Workshop/frames_full/Test/5000442005.jpg,ok
5000442007.avi,Test,500044,2,/Users/amangoyal/Documents/CVPR 2026 Workshop/frames_full/Test/5000442007.jpg,ok
5000442008.avi,Test,500044,2,/Users/amangoyal/Documents/CVPR 2026 Workshop/frames_full/Test/5000442008.jpg,ok
5000442009.avi,Test,500044,3,/Users/amangoyal/Documents/CVPR 2026 Workshop/frames_full/Test/5000442009.jpg,ok
5000442010.avi,Test,500044,2,/Users/amangoyal/Documents/CVPR 2026 Workshop/frames_full/Test/5000442010.jpg,ok
5000442014.avi,Test,500044,3,/Users/amangoyal/Documents/CVPR 2026 Workshop/frames_full/Test/5000442014.jpg,ok
5000442015.avi,Test,500044,2,/Users/amangoyal/Documents/CVPR 2026 Workshop/frames_full/Test/5000442015.jpg,ok
5000442016.avi,Test,500044,2,/Users/amangoyal/Documents/CVPR 2026 Workshop/frames_full/Test/5000442016.jpg,ok
5000442019.avi,Test,500044,2,/Users/amangoyal/Documents/CVPR 2026 Workshop/frames_full/Test/5000442019.jpg,ok
5000442021.avi,Test,500044,2,/Users/amangoyal/Documents/CVPR 2026 Workshop/frames_full/Test/5000442021.jpg,ok
5000442022.avi,Test,500044,3,/Users/amangoyal/Documents/CVPR 2026 Workshop/frames_full/Test/5000442022.jpg,ok
5000442024.avi,Test,500044,2,/Users/amangoyal/Documents/CVPR 2026 Workshop/frames_full/Test/5000442024.jpg,ok
5000442025.avi,Test,500044,2,/Users/amangoyal/Documents/CVPR 2026 Workshop/frames_full/Test/5000442025.jpg,ok
5000442026.avi,Test,500044,2,/Users/amangoyal/Documents/CVPR 2026 Workshop/frames_full/Test/5000442026.jpg,ok
5000442027.avi,Test,500044,3,/Users/amangoyal/Documents/CVPR 2026 Workshop/frames_full/Test/5000442027.jpg,ok
5000442028.avi,Test,500044,2,/Users/amangoyal/Documents/CVPR 2026 Workshop/frames_full/Test/5000442028.jpg,ok
5000442029.avi,Test,500044,3,/Users/amangoyal/Documents/CVPR 2026 Workshop/frames_full/Test/5000442029.jpg,ok
5000442033.avi,Test,500044,2,/Users/amangoyal/Documents/CVPR 2026 Workshop/frames_full/Test/5000442033.jpg,ok
5000442034.avi,Test,500044,3,/Users/amangoyal/Documents/CVPR 2026 Workshop/frames_full/Test/5000442034.jpg,ok
5000442035.avi,Test,500044,3,/Users/amangoyal/Documents/CVPR 2026 Workshop/frames_full/Test/5000442035.jpg,ok
5000442036.avi,Test,500044,2,/Users/amangoyal/Documents/CVPR 2026 Workshop/frames_full/Test/5000442036.jpg,ok
5000442037.avi,Test,500044,3,/Users/amangoyal/Documents/CVPR 2026 Workshop/frames_full/Test/5000442037.jpg,ok
5000442038.avi,Test,500044,3,/Users/amangoyal/Documents/CVPR 2026 Workshop/frames_full/Test/5000442038.jpg,ok
5000442039.avi,Test,500044,3,/Users/amangoyal/Documents/CVPR 2026 Workshop/frames_full/Test/5000442039.jpg,ok
5000442040.avi,Test,500044,3,/Users/amangoyal/Documents/CVPR 2026 Workshop/frames_full/Test/5000442040.jpg,ok
5000442042.avi,Test,500044,2,/Users/amangoyal/Documents/CVPR 2026 Workshop/frames_full/Test/5000442042.jpg,ok
5000442043.avi,Test,500044,3,/Users/amangoyal/Documents/CVPR 2026 Workshop/frames_full/Test/5000442043.jpg,ok
5000442045.avi,Test,500044,3,/Users/amangoyal/Documents/CVPR 2026 Workshop/frames_full/Test/5000442045.jpg,ok
5000442047.avi,Test,500044,2,/Users/amangoyal/Documents/CVPR 2026 Workshop/frames_full/Test/5000442047.jpg,ok
5000442048.avi,Test,500044,2,/Users/amangoyal/Documents/CVPR 2026 Workshop/frames_full/Test/5000442048.jpg,ok
5000442050.avi,Test,500044,2,/Users/amangoyal/Documents/CVPR 2026 Workshop/frames_full/Test/5000442050.jpg,ok
5000442051.avi,Test,500044,2,/Users/amangoyal/Documents/CVPR 2026 Workshop/frames_full/Test/5000442051.jpg,ok
5000442052.avi,Test,500044,2,/Users/amangoyal/Documents/CVPR 2026 Workshop/frames_full/Test/5000442052.jpg,ok
5000442053.avi,Test,500044,2,/Users/amangoyal/Documents/CVPR 2026 Workshop/frames_full/Test/5000442053.jpg,ok
5000442054.avi,Test,500044,3,/Users/amangoyal/Documents/CVPR 2026 Workshop/frames_full/Test/5000442054.jpg,ok
5000442055.avi,Test,500044,3,/Users/amangoyal/Documents/CVPR 2026 Workshop/frames_full/Test/5000442055.jpg,ok
5000442056.avi,Test,500044,2,/Users/amangoyal/Documents/CVPR 2026 Workshop/frames_full/Test/5000442056.jpg,ok
5000442057.avi,Test,500044,3,/Users/amangoyal/Documents/CVPR 2026 Workshop/frames_full/Test/5000442057.jpg,ok
5000442058.avi,Test,500044,3,/Users/amangoyal/Documents/CVPR 2026 Workshop/frames_full/Test/5000442058.jpg,ok
5000442059.avi,Test,500044,3,/Users/amangoyal/Documents/CVPR 2026 Workshop/frames_full/Test/5000442059.jpg,ok
5000442060.avi,Test,500044,2,/Users/amangoyal/Documents/CVPR 2026 Workshop/frames_full/Test/5000442060.jpg,ok
5000442062.avi,Test,500044,2,/Users/amangoyal/Documents/CVPR 2026 Workshop/frames_full/Test/5000442062.jpg,ok
5000442063.avi,Test,500044,3,/Users/amangoyal/Documents/CVPR 2026 Workshop/frames_full/Test/5000442063.jpg,ok
5000442064.avi,Test,500044,3,/Users/amangoyal/Documents/CVPR 2026 Workshop/frames_full/Test/5000442064.jpg,ok
5000442065.avi,Test,500044,3,/Users/amangoyal/Documents/CVPR 2026 Workshop/frames_full/Test/5000442065.jpg,ok
5000442066.avi,Test,500044,3,/Users/amangoyal/Documents/CVPR 2026 Workshop/frames_full/Test/5000442066.jpg,ok
5000442067.avi,Test,500044,2,/Users/amangoyal/Documents/CVPR 2026 Workshop/frames_full/Test/5000442067.jpg,ok
5000442068.avi,Test,500044,3,/Users/amangoyal/Documents/CVPR 2026 Workshop/frames_full/Test/5000442068.jpg,ok
5000442069.avi,Test,500044,3,/Users/amangoyal/Documents/CVPR 2026 Workshop/frames_full/Test/5000442069.jpg,ok
5000442070.avi,Test,500044,3,/Users/amangoyal/Documents/CVPR 2026 Workshop/frames_full/Test/5000442070.jpg,ok
5000442072.avi,Test,500044,2,/Users/amangoyal/Documents/CVPR 2026 Workshop/frames_full/Test/5000442072.jpg,ok
5000442073.avi,Test,500044,3,/Users/amangoyal/Documents/CVPR 2026 Workshop/frames_full/Test/5000442073.jpg,ok
5000442074.avi,Test,500044,2,/Users/amangoyal/Documents/CVPR 2026 Workshop/frames_full/Test/5000442074.jpg,ok
5000442075.avi,Test,500044,2,/Users/amangoyal/Documents/CVPR 2026 Workshop/frames_full/Test/5000442075.jpg,ok
5000442076.avi,Test,500044,2,/Users/amangoyal/Documents/CVPR 2026 Workshop/frames_full/Test/5000442076.jpg,ok
5000442077.avi,Test,500044,2,/Users/amangoyal/Documents/CVPR 2026 Workshop/frames_full/Test/5000442077.jpg,ok
5000442078.avi,Test,500044,2,/Users/amangoyal/Documents/CVPR 2026 Workshop/frames_full/Test/5000442078.jpg,ok
5000671001.avi,Test,500067,3,/Users/amangoyal/Documents/CVPR 2026 Workshop/frames_full/Test/5000671001.jpg,ok
5000671002.avi,Test,500067,2,/Users/amangoyal/Documents/CVPR 2026 Workshop/frames_full/Test/5000671002.jpg,ok
5000671003.avi,Test,500067,2,/Users/amangoyal/Documents/CVPR 2026 Workshop/frames_full/Test/5000671003.jpg,ok
5000671004.avi,Test,500067,3,/Users/amangoyal/Documents/CVPR 2026 Workshop/frames_full/Test/5000671004.jpg,ok
5000671005.avi,Test,500067,2,/Users/amangoyal/Documents/CVPR 2026 Workshop/frames_full/Test/5000671005.jpg,ok
5000671006.avi,Test,500067,2,/Users/amangoyal/Documents/CVPR 2026 Workshop/frames_full/Test/5000671006.jpg,ok
5000671008.avi,Test,500067,3,/Users/amangoyal/Documents/CVPR 2026 Workshop/frames_full/Test/5000671008.jpg,ok
5000671009.avi,Test,500067,2,/Users/amangoyal/Documents/CVPR 2026 Workshop/frames_full/Test/5000671009.jpg,ok
5000671010.avi,Test,500067,3,/Users/amangoyal/Documents/CVPR 2026 Workshop/frames_full/Test/5000671010.jpg,ok
5000671011.avi,Test,500067,3,/Users/amangoyal/Documents/CVPR 2026 Workshop/frames_full/Test/5000671011.jpg,ok
5000671012.avi,Test,500067,3,/Users/amangoyal/Documents/CVPR 2026 Workshop/frames_full/Test/5000671012.jpg,ok
5000671013.avi,Test,500067,2,/Users/amangoyal/Documents/CVPR 2026 Workshop/frames_full/Test/5000671013.jpg,ok
5000671014.avi,Test,500067,3,/Users/amangoyal/Documents/CVPR 2026 Workshop/frames_full/Test/5000671014.jpg,ok
5000671015.avi,Test,500067,3,/Users/amangoyal/Documents/CVPR 2026 Workshop/frames_full/Test/5000671015.jpg,ok
5000671016.avi,Test,500067,2,/Users/amangoyal/Documents/CVPR 2026 Workshop/frames_full/Test/5000671016.jpg,ok
5000671017.avi,Test,500067,2,/Users/amangoyal/Documents/CVPR 2026 Workshop/frames_full/Test/5000671017.jpg,ok
5000671018.avi,Test,500067,3,/Users/amangoyal/Documents/CVPR 2026 Workshop/frames_full/Test/5000671018.jpg,ok
5000671019.avi,Test,500067,2,/Users/amangoyal/Documents/CVPR 2026 Workshop/frames_full/Test/5000671019.jpg,ok
5000671020.avi,Test,500067,2,/Users/amangoyal/Documents/CVPR 2026 Workshop/frames_full/Test/5000671020.jpg,ok
5000671022.avi,Test,500067,2,/Users/amangoyal/Documents/CVPR 2026 Workshop/frames_full/Test/5000671022.jpg,ok
5000671023.avi,Test,500067,3,/Users/amangoyal/Documents/CVPR 2026 Workshop/frames_full/Test/5000671023.jpg,ok
5000671024.avi,Test,500067,2,/Users/amangoyal/Documents/CVPR 2026 Workshop/frames_full/Test/5000671024.jpg,ok
5000671026.avi,Test,500067,3,/Users/amangoyal/Documents/CVPR 2026 Workshop/frames_full/Test/5000671026.jpg,ok
5000671027.avi,Test,500067,2,/Users/amangoyal/Documents/CVPR 2026 Workshop/frames_full/Test/5000671027.jpg,ok
5000671028.avi,Test,500067,3,/Users/amangoyal/Documents/CVPR 2026 Workshop/frames_full/Test/5000671028.jpg,ok
5000671029.avi,Test,500067,2,/Users/amangoyal/Documents/CVPR 2026 Workshop/frames_full/Test/5000671029.jpg,ok
5000671030.avi,Test,500067,3,/Users/amangoyal/Documents/CVPR 2026 Workshop/frames_full/Test/5000671030.jpg,ok
5000671031.avi,Test,500067,2,/Users/amangoyal/Documents/CVPR 2026 Workshop/frames_full/Test/5000671031.jpg,ok
5000671032.avi,Test,500067,3,/Users/amangoyal/Documents/CVPR 2026 Workshop/frames_full/Test/5000671032.jpg,ok
5000671033.avi,Test,500067,3,/Users/amangoyal/Documents/CVPR 2026 Workshop/frames_full/Test/5000671033.jpg,ok
5000671034.avi,Test,500067,2,/Users/amangoyal/Documents/CVPR 2026 Workshop/frames_full/Test/5000671034.jpg,ok
5000671035.avi,Test,500067,3,/Users/amangoyal/Documents/CVPR 2026 Workshop/frames_full/Test/5000671035.jpg,ok
5000671036.avi,Test,500067,2,/Users/amangoyal/Documents/CVPR 2026 Workshop/frames_full/Test/5000671036.jpg,ok
5000671037.avi,Test,500067,2,/Users/amangoyal/Documents/CVPR 2026 Workshop/frames_full/Test/5000671037.jpg,ok
5000671038.avi,Test,500067,2,/Users/amangoyal/Documents/CVPR 2026 Workshop/frames_full/Test/5000671038.jpg,ok
5000671039.avi,Test,500067,2,/Users/amangoyal/Documents/CVPR 2026 Workshop/frames_full/Test/5000671039.jpg,ok
5000671040.avi,Test,500067,2,/Users/amangoyal/Documents/CVPR 2026 Workshop/frames_full/Test/5000671040.jpg,ok
5000671041.avi,Test,500067,1,/Users/amangoyal/Documents/CVPR 2026 Workshop/frames_full/Test/5000671041.jpg,ok
5000671042.avi,Test,500067,1,/Users/amangoyal/Documents/CVPR 2026 Workshop/frames_full/Test/5000671042.jpg,ok
5000671043.avi,Test,500067,2,/Users/amangoyal/Documents/CVPR 2026 Workshop/frames_full/Test/5000671043.jpg,ok
5000671046.avi,Test,500067,2,/Users/amangoyal/Documents/CVPR 2026 Workshop/frames_full/Test/5000671046.jpg,ok
5000671047.avi,Test,500067,2,/Users/amangoyal/Documents/CVPR 2026 Workshop/frames_full/Test/5000671047.jpg,ok
5000671048.avi,Test,500067,1,/Users/amangoyal/Documents/CVPR 2026 Workshop/frames_full/Test/5000671048.jpg,ok
5000671049.avi,Test,500067,1,/Users/amangoyal/Documents/CVPR 2026 Workshop/frames_full/Test/5000671049.jpg,ok
5000671050.avi,Test,500067,2,/Users/amangoyal/Documents/CVPR 2026 Workshop/frames_full/Test/5000671050.jpg,ok
5000671051.avi,Test,500067,2,/Users/amangoyal/Documents/CVPR 2026 Workshop/frames_full/Test/5000671051.jpg,ok
5000671053.avi,Test,500067,2,/Users/amangoyal/Documents/CVPR 2026 Workshop/frames_full/Test/5000671053.jpg,ok
5000671055.avi,Test,500067,2,/Users/amangoyal/Documents/CVPR 2026 Workshop/frames_full/Test/5000671055.jpg,ok
5000671056.avi,Test,500067,3,/Users/amangoyal/Documents/CVPR 2026 Workshop/frames_full/Test/5000671056.jpg,ok
5000671057.avi,Test,500067,2,/Users/amangoyal/Documents/CVPR 2026 Workshop/frames_full/Test/5000671057.jpg,ok
5000671058.avi,Test,500067,1,/Users/amangoyal/Documents/CVPR 2026 Workshop/frames_full/Test/5000671058.jpg,ok
5000671059.avi,Test,500067,2,/Users/amangoyal/Documents/CVPR 2026 Workshop/frames_full/Test/5000671059.jpg,ok
5000671060.avi,Test,500067,2,/Users/amangoyal/Documents/CVPR 2026 Workshop/frames_full/Test/5000671060.jpg,ok
5000671061.avi,Test,500067,1,/Users/amangoyal/Documents/CVPR 2026 Workshop/frames_full/Test/5000671061.jpg,ok
5000671062.avi,Test,500067,2,/Users/amangoyal/Documents/CVPR 2026 Workshop/frames_full/Test/5000671062.jpg,ok
5000671063.avi,Test,500067,2,/Users/amangoyal/Documents/CVPR 2026 Workshop/frames_full/Test/5000671063.jpg,ok
5000671064.avi,Test,500067,3,/Users/amangoyal/Documents/CVPR 2026 Workshop/frames_full/Test/5000671064.jpg,ok
5000671065.avi,Test,500067,2,/Users/amangoyal/Documents/CVPR 2026 Workshop/frames_full/Test/5000671065.jpg,ok
5000671066.avi,Test,500067,2,/Users/amangoyal/Documents/CVPR 2026 Workshop/frames_full/Test/5000671066.jpg,ok
5000671067.avi,Test,500067,2,/Users/amangoyal/Documents/CVPR 2026 Workshop/frames_full/Test/5000671067.jpg,ok
5000671069.avi,Test,500067,1,/Users/amangoyal/Documents/CVPR 2026 Workshop/frames_full/Test/5000671069.jpg,ok
5000671070.avi,Test,500067,1,/Users/amangoyal/Documents/CVPR 2026 Workshop/frames_full/Test/5000671070.jpg,ok
5000671071.avi,Test,500067,2,/Users/amangoyal/Documents/CVPR 2026 Workshop/frames_full/Test/5000671071.jpg,ok
5000672002.avi,Test,500067,2,/Users/amangoyal/Documents/CVPR 2026 Workshop/frames_full/Test/5000672002.jpg,ok
5000672004.avi,Test,500067,2,/Users/amangoyal/Documents/CVPR 2026 Workshop/frames_full/Test/5000672004.jpg,ok
5000672005.avi,Test,500067,2,/Users/amangoyal/Documents/CVPR 2026 Workshop/frames_full/Test/5000672005.jpg,ok
5000672006.avi,Test,500067,3,/Users/amangoyal/Documents/CVPR 2026 Workshop/frames_full/Test/5000672006.jpg,ok
5000672007.avi,Test,500067,2,/Users/amangoyal/Documents/CVPR 2026 Workshop/frames_full/Test/5000672007.jpg,ok
5000672008.avi,Test,500067,2,/Users/amangoyal/Documents/CVPR 2026 Workshop/frames_full/Test/5000672008.jpg,ok
5000672010.avi,Test,500067,2,/Users/amangoyal/Documents/CVPR 2026 Workshop/frames_full/Test/5000672010.jpg,ok
5000672011.avi,Test,500067,3,/Users/amangoyal/Documents/CVPR 2026 Workshop/frames_full/Test/5000672011.jpg,ok
5000672012.avi,Test,500067,2,/Users/amangoyal/Documents/CVPR 2026 Workshop/frames_full/Test/5000672012.jpg,ok
5000672013.avi,Test,500067,3,/Users/amangoyal/Documents/CVPR 2026 Workshop/frames_full/Test/5000672013.jpg,ok
5000672014.avi,Test,500067,3,/Users/amangoyal/Documents/CVPR 2026 Workshop/frames_full/Test/5000672014.jpg,ok
5000672016.avi,Test,500067,2,/Users/amangoyal/Documents/CVPR 2026 Workshop/frames_full/Test/5000672016.jpg,ok
5000672017.avi,Test,500067,2,/Users/amangoyal/Documents/CVPR 2026 Workshop/frames_full/Test/5000672017.jpg,ok
5000672019.avi,Test,500067,3,/Users/amangoyal/Documents/CVPR 2026 Workshop/frames_full/Test/5000672019.jpg,ok
5000672020.avi,Test,500067,3,/Users/amangoyal/Documents/CVPR 2026 Workshop/frames_full/Test/5000672020.jpg,ok
5000672021.avi,Test,500067,3,/Users/amangoyal/Documents/CVPR 2026 Workshop/frames_full/Test/5000672021.jpg,ok
5000672022.avi,Test,500067,3,/Users/amangoyal/Documents/CVPR 2026 Workshop/frames_full/Test/5000672022.jpg,ok
5000672023.avi,Test,500067,2,/Users/amangoyal/Documents/CVPR 2026 Workshop/frames_full/Test/5000672023.jpg,ok
5000672024.avi,Test,500067,2,/Users/amangoyal/Documents/CVPR 2026 Workshop/frames_full/Test/5000672024.jpg,ok
5000672025.avi,Test,500067,3,/Users/amangoyal/Documents/CVPR 2026 Workshop/frames_full/Test/5000672025.jpg,ok
5000672026.avi,Test,500067,3,/Users/amangoyal/Documents/CVPR 2026 Workshop/frames_full/Test/5000672026.jpg,ok
5000672027.avi,Test,500067,2,/Users/amangoyal/Documents/CVPR 2026 Workshop/frames_full/Test/5000672027.jpg,ok
5000672030.avi,Test,500067,2,/Users/amangoyal/Documents/CVPR 2026 Workshop/frames_full/Test/5000672030.jpg,ok
5000672031.avi,Test,500067,2,/Users/amangoyal/Documents/CVPR 2026 Workshop/frames_full/Test/5000672031.jpg,ok
5000672033.avi,Test,500067,2,/Users/amangoyal/Documents/CVPR 2026 Workshop/frames_full/Test/5000672033.jpg,ok
5000672034.avi,Test,500067,2,/Users/amangoyal/Documents/CVPR 2026 Workshop/frames_full/Test/5000672034.jpg,ok
5000672035.avi,Test,500067,3,/Users/amangoyal/Documents/CVPR 2026 Workshop/frames_full/Test/5000672035.jpg,ok
5000672036.avi,Test,500067,2,/Users/amangoyal/Documents/CVPR 2026 Workshop/frames_full/Test/5000672036.jpg,ok
5000672038.avi,Test,500067,3,/Users/amangoyal/Documents/CVPR 2026 Workshop/frames_full/Test/5000672038.jpg,ok
5000672042.avi,Test,500067,3,/Users/amangoyal/Documents/CVPR 2026 Workshop/frames_full/Test/5000672042.jpg,ok
5000672043.avi,Test,500067,3,/Users/amangoyal/Documents/CVPR 2026 Workshop/frames_full/Test/5000672043.jpg,ok
5000672044.avi,Test,500067,3,/Users/amangoyal/Documents/CVPR 2026 Workshop/frames_full/Test/5000672044.jpg,ok
5000672045.avi,Test,500067,3,/Users/amangoyal/Documents/CVPR 2026 Workshop/frames_full/Test/5000672045.jpg,ok
5000672046.avi,Test,500067,2,/Users/amangoyal/Documents/CVPR 2026 Workshop/frames_full/Test/5000672046.jpg,ok
5000672047.avi,Test,500067,2,/Users/amangoyal/Documents/CVPR 2026 Workshop/frames_full/Test/5000672047.jpg,ok
5000672048.avi,Test,500067,2,/Users/amangoyal/Documents/CVPR 2026 Workshop/frames_full/Test/5000672048.jpg,ok
5000672049.avi,Test,500067,2,/Users/amangoyal/Documents/CVPR 2026 Workshop/frames_full/Test/5000672049.jpg,ok
5000672050.avi,Test,500067,2,/Users/amangoyal/Documents/CVPR 2026 Workshop/frames_full/Test/5000672050.jpg,ok
5000672051.avi,Test,500067,3,/Users/amangoyal/Documents/CVPR 2026 Workshop/frames_full/Test/5000672051.jpg,ok
5000672052.avi,Test,500067,3,/Users/amangoyal/Documents/CVPR 2026 Workshop/frames_full/Test/5000672052.jpg,ok
5000672053.avi,Test,500067,2,/Users/amangoyal/Documents/CVPR 2026 Workshop/frames_full/Test/5000672053.jpg,ok
5000672054.avi,Test,500067,3,/Users/amangoyal/Documents/CVPR 2026 Workshop/frames_full/Test/5000672054.jpg,ok
5000672055.avi,Test,500067,3,/Users/amangoyal/Documents/CVPR 2026 Workshop/frames_full/Test/5000672055.jpg,ok
5000672056.avi,Test,500067,3,/Users/amangoyal/Documents/CVPR 2026 Workshop/frames_full/Test/5000672056.jpg,ok
5000672057.avi,Test,500067,2,/Users/amangoyal/Documents/CVPR 2026 Workshop/frames_full/Test/5000672057.jpg,ok
5000672058.avi,Test,500067,2,/Users/amangoyal/Documents/CVPR 2026 Workshop/frames_full/Test/5000672058.jpg,ok
5000672059.avi,Test,500067,2,/Users/amangoyal/Documents/CVPR 2026 Workshop/frames_full/Test/5000672059.jpg,ok
5000672060.avi,Test,500067,2,/Users/amangoyal/Documents/CVPR 2026 Workshop/frames_full/Test/5000672060.jpg,ok
5000672062.avi,Test,500067,3,/Users/amangoyal/Documents/CVPR 2026 Workshop/frames_full/Test/5000672062.jpg,ok
5000672064.avi,Test,500067,2,/Users/amangoyal/Documents/CVPR 2026 Workshop/frames_full/Test/5000672064.jpg,ok
5000672065.avi,Test,500067,2,/Users/amangoyal/Documents/CVPR 2026 Workshop/frames_full/Test/5000672065.jpg,ok
5000672066.avi,Test,500067,2,/Users/amangoyal/Documents/CVPR 2026 Workshop/frames_full/Test/5000672066.jpg,ok
5000672067.avi,Test,500067,2,/Users/amangoyal/Documents/CVPR 2026 Workshop/frames_full/Test/5000672067.jpg,ok
5000672068.avi,Test,500067,2,/Users/amangoyal/Documents/CVPR 2026 Workshop/frames_full/Test/5000672068.jpg,ok
5000672070.avi,Test,500067,3,/Users/amangoyal/Documents/CVPR 2026 Workshop/frames_full/Test/5000672070.jpg,ok
5000672071.avi,Test,500067,2,/Users/amangoyal/Documents/CVPR 2026 Workshop/frames_full/Test/5000672071.jpg,ok
5000672072.avi,Test,500067,2,/Users/amangoyal/Documents/CVPR 2026 Workshop/frames_full/Test/5000672072.jpg,ok
5000672074.avi,Test,500067,3,/Users/amangoyal/Documents/CVPR 2026 Workshop/frames_full/Test/5000672074.jpg,ok
5000672075.avi,Test,500067,3,/Users/amangoyal/Documents/CVPR 2026 Workshop/frames_full/Test/5000672075.jpg,ok
5000672076.avi,Test,500067,3,/Users/amangoyal/Documents/CVPR 2026 Workshop/frames_full/Test/5000672076.jpg,ok
5000672077.avi,Test,500067,2,/Users/amangoyal/Documents/CVPR 2026 Workshop/frames_full/Test/5000672077.jpg,ok
5000672081.avi,Test,500067,2,/Users/amangoyal/Documents/CVPR 2026 Workshop/frames_full/Test/5000672081.jpg,ok
5000672082.avi,Test,500067,2,/Users/amangoyal/Documents/CVPR 2026 Workshop/frames_full/Test/5000672082.jpg,ok
5000951001.avi,Test,500095,2,/Users/amangoyal/Documents/CVPR 2026 Workshop/frames_full/Test/5000951001.jpg,ok
5000951002.avi,Test,500095,2,/Users/amangoyal/Documents/CVPR 2026 Workshop/frames_full/Test/5000951002.jpg,ok
5000951003.avi,Test,500095,3,/Users/amangoyal/Documents/CVPR 2026 Workshop/frames_full/Test/5000951003.jpg,ok
5000951004.avi,Test,500095,2,/Users/amangoyal/Documents/CVPR 2026 Workshop/frames_full/Test/5000951004.jpg,ok
5000951005.avi,Test,500095,2,/Users/amangoyal/Documents/CVPR 2026 Workshop/frames_full/Test/5000951005.jpg,ok
5000951006.avi,Test,500095,2,/Users/amangoyal/Documents/CVPR 2026 Workshop/frames_full/Test/5000951006.jpg,ok
5000951007.avi,Test,500095,3,/Users/amangoyal/Documents/CVPR 2026 Workshop/frames_full/Test/5000951007.jpg,ok
5000951008.avi,Test,500095,2,/Users/amangoyal/Documents/CVPR 2026 Workshop/frames_full/Test/5000951008.jpg,ok
5000951009.avi,Test,500095,3,/Users/amangoyal/Documents/CVPR 2026 Workshop/frames_full/Test/5000951009.jpg,ok
5000951010.avi,Test,500095,2,/Users/amangoyal/Documents/CVPR 2026 Workshop/frames_full/Test/5000951010.jpg,ok
5000951011.avi,Test,500095,3,/Users/amangoyal/Documents/CVPR 2026 Workshop/frames_full/Test/5000951011.jpg,ok
5000951012.avi,Test,500095,2,/Users/amangoyal/Documents/CVPR 2026 Workshop/frames_full/Test/5000951012.jpg,ok
5000951013.avi,Test,500095,2,/Users/amangoyal/Documents/CVPR 2026 Workshop/frames_full/Test/5000951013.jpg,ok
5000951015.avi,Test,500095,3,/Users/amangoyal/Documents/CVPR 2026 Workshop/frames_full/Test/5000951015.jpg,ok
5000951016.avi,Test,500095,2,/Users/amangoyal/Documents/CVPR 2026 Workshop/frames_full/Test/5000951016.jpg,ok
5000951017.avi,Test,500095,2,/Users/amangoyal/Documents/CVPR 2026 Workshop/frames_full/Test/5000951017.jpg,ok
5000951018.avi,Test,500095,2,/Users/amangoyal/Documents/CVPR 2026 Workshop/frames_full/Test/5000951018.jpg,ok
5000951019.avi,Test,500095,1,/Users/amangoyal/Documents/CVPR 2026 Workshop/frames_full/Test/5000951019.jpg,ok
5000951021.avi,Test,500095,2,/Users/amangoyal/Documents/CVPR 2026 Workshop/frames_full/Test/5000951021.jpg,ok
5000951023.avi,Test,500095,1,/Users/amangoyal/Documents/CVPR 2026 Workshop/frames_full/Test/5000951023.jpg,ok
5000951024.avi,Test,500095,1,/Users/amangoyal/Documents/CVPR 2026 Workshop/frames_full/Test/5000951024.jpg,ok
5000951025.avi,Test,500095,2,/Users/amangoyal/Documents/CVPR 2026 Workshop/frames_full/Test/5000951025.jpg,ok
5000951027.avi,Test,500095,1,/Users/amangoyal/Documents/CVPR 2026 Workshop/frames_full/Test/5000951027.jpg,ok
5000951028.avi,Test,500095,3,/Users/amangoyal/Documents/CVPR 2026 Workshop/frames_full/Test/5000951028.jpg,ok
5000951033.avi,Test,500095,2,/Users/amangoyal/Documents/CVPR 2026 Workshop/frames_full/Test/5000951033.jpg,ok
5000951034.avi,Test,500095,2,/Users/amangoyal/Documents/CVPR 2026 Workshop/frames_full/Test/5000951034.jpg,ok
5000951035.avi,Test,500095,2,/Users/amangoyal/Documents/CVPR 2026 Workshop/frames_full/Test/5000951035.jpg,ok
5000951037.avi,Test,500095,2,/Users/amangoyal/Documents/CVPR 2026 Workshop/frames_full/Test/5000951037.jpg,ok
5000951039.avi,Test,500095,2,/Users/amangoyal/Documents/CVPR 2026 Workshop/frames_full/Test/5000951039.jpg,ok
5000951040.avi,Test,500095,3,/Users/amangoyal/Documents/CVPR 2026 Workshop/frames_full/Test/5000951040.jpg,ok
5000951042.avi,Test,500095,2,/Users/amangoyal/Documents/CVPR 2026 Workshop/frames_full/Test/5000951042.jpg,ok
5000951043.avi,Test,500095,3,/Users/amangoyal/Documents/CVPR 2026 Workshop/frames_full/Test/5000951043.jpg,ok
5000951044.avi,Test,500095,2,/Users/amangoyal/Documents/CVPR 2026 Workshop/frames_full/Test/5000951044.jpg,ok
5000951045.avi,Test,500095,2,/Users/amangoyal/Documents/CVPR 2026 Workshop/frames_full/Test/5000951045.jpg,ok
5000951047.avi,Test,500095,2,/Users/amangoyal/Documents/CVPR 2026 Workshop/frames_full/Test/5000951047.jpg,ok
5000951049.avi,Test,500095,3,/Users/amangoyal/Documents/CVPR 2026 Workshop/frames_full/Test/5000951049.jpg,ok
5000951051.avi,Test,500095,3,/Users/amangoyal/Documents/CVPR 2026 Workshop/frames_full/Test/5000951051.jpg,ok
5000951052.avi,Test,500095,2,/Users/amangoyal/Documents/CVPR 2026 Workshop/frames_full/Test/5000951052.jpg,ok
5000951053.avi,Test,500095,2,/Users/amangoyal/Documents/CVPR 2026 Workshop/frames_full/Test/5000951053.jpg,ok
5000951054.avi,Test,500095,3,/Users/amangoyal/Documents/CVPR 2026 Workshop/frames_full/Test/5000951054.jpg,ok
5000951055.avi,Test,500095,2,/Users/amangoyal/Documents/CVPR 2026 Workshop/frames_full/Test/5000951055.jpg,ok
5000951056.avi,Test,500095,3,/Users/amangoyal/Documents/CVPR 2026 Workshop/frames_full/Test/5000951056.jpg,ok
5000951057.avi,Test,500095,3,/Users/amangoyal/Documents/CVPR 2026 Workshop/frames_full/Test/5000951057.jpg,ok
5000951058.avi,Test,500095,3,/Users/amangoyal/Documents/CVPR 2026 Workshop/frames_full/Test/5000951058.jpg,ok
5000951060.avi,Test,500095,3,/Users/amangoyal/Documents/CVPR 2026 Workshop/frames_full/Test/5000951060.jpg,ok
5000951061.avi,Test,500095,2,/Users/amangoyal/Documents/CVPR 2026 Workshop/frames_full/Test/5000951061.jpg,ok
5000951062.avi,Test,500095,2,/Users/amangoyal/Documents/CVPR 2026 Workshop/frames_full/Test/5000951062.jpg,ok
5000951063.avi,Test,500095,2,/Users/amangoyal/Documents/CVPR 2026 Workshop/frames_full/Test/5000951063.jpg,ok
5000951065.avi,Test,500095,3,/Users/amangoyal/Documents/CVPR 2026 Workshop/frames_full/Test/5000951065.jpg,ok
5000951066.avi,Test,500095,2,/Users/amangoyal/Documents/CVPR 2026 Workshop/frames_full/Test/5000951066.jpg,ok
5000951067.avi,Test,500095,2,/Users/amangoyal/Documents/CVPR 2026 Workshop/frames_full/Test/5000951067.jpg,ok
5000952002.avi,Test,500095,2,/Users/amangoyal/Documents/CVPR 2026 Workshop/frames_full/Test/5000952002.jpg,ok
5000952003.avi,Test,500095,2,/Users/amangoyal/Documents/CVPR 2026 Workshop/frames_full/Test/5000952003.jpg,ok
5000952004.avi,Test,500095,2,/Users/amangoyal/Documents/CVPR 2026 Workshop/frames_full/Test/5000952004.jpg,ok
5000952005.avi,Test,500095,3,/Users/amangoyal/Documents/CVPR 2026 Workshop/frames_full/Test/5000952005.jpg,ok
5000952007.avi,Test,500095,3,/Users/amangoyal/Documents/CVPR 2026 Workshop/frames_full/Test/5000952007.jpg,ok
5000952008.avi,Test,500095,3,/Users/amangoyal/Documents/CVPR 2026 Workshop/frames_full/Test/5000952008.jpg,ok
5000952011.avi,Test,500095,2,/Users/amangoyal/Documents/CVPR 2026 Workshop/frames_full/Test/5000952011.jpg,ok
5000952013.avi,Test,500095,2,/Users/amangoyal/Documents/CVPR 2026 Workshop/frames_full/Test/5000952013.jpg,ok
5000952014.avi,Test,500095,2,/Users/amangoyal/Documents/CVPR 2026 Workshop/frames_full/Test/5000952014.jpg,ok
5000952015.avi,Test,500095,3,/Users/amangoyal/Documents/CVPR 2026 Workshop/frames_full/Test/5000952015.jpg,ok
5000952016.avi,Test,500095,2,/Users/amangoyal/Documents/CVPR 2026 Workshop/frames_full/Test/5000952016.jpg,ok
5000952017.avi,Test,500095,2,/Users/amangoyal/Documents/CVPR 2026 Workshop/frames_full/Test/5000952017.jpg,ok
5000952018.avi,Test,500095,2,/Users/amangoyal/Documents/CVPR 2026 Workshop/frames_full/Test/5000952018.jpg,ok
5000952020.avi,Test,500095,2,/Users/amangoyal/Documents/CVPR 2026 Workshop/frames_full/Test/5000952020.jpg,ok
5000952021.avi,Test,500095,2,/Users/amangoyal/Documents/CVPR 2026 Workshop/frames_full/Test/5000952021.jpg,ok
5000952022.avi,Test,500095,2,/Users/amangoyal/Documents/CVPR 2026 Workshop/frames_full/Test/5000952022.jpg,ok
5000952023.avi,Test,500095,3,/Users/amangoyal/Documents/CVPR 2026 Workshop/frames_full/Test/5000952023.jpg,ok
5000952024.avi,Test,500095,2,/Users/amangoyal/Documents/CVPR 2026 Workshop/frames_full/Test/5000952024.jpg,ok
5000952025.avi,Test,500095,3,/Users/amangoyal/Documents/CVPR 2026 Workshop/frames_full/Test/5000952025.jpg,ok
5000952026.avi,Test,500095,3,/Users/amangoyal/Documents/CVPR 2026 Workshop/frames_full/Test/5000952026.jpg,ok
5000952027.avi,Test,500095,2,/Users/amangoyal/Documents/CVPR 2026 Workshop/frames_full/Test/5000952027.jpg,ok
5000952028.avi,Test,500095,2,/Users/amangoyal/Documents/CVPR 2026 Workshop/frames_full/Test/5000952028.jpg,ok
5000952029.avi,Test,500095,2,/Users/amangoyal/Documents/CVPR 2026 Workshop/frames_full/Test/5000952029.jpg,ok
5000952031.avi,Test,500095,2,/Users/amangoyal/Documents/CVPR 2026 Workshop/frames_full/Test/5000952031.jpg,ok
5000952032.avi,Test,500095,2,/Users/amangoyal/Documents/CVPR 2026 Workshop/frames_full/Test/5000952032.jpg,ok
5000952033.avi,Test,500095,2,/Users/amangoyal/Documents/CVPR 2026 Workshop/frames_full/Test/5000952033.jpg,ok
5000952034.avi,Test,500095,1,/Users/amangoyal/Documents/CVPR 2026 Workshop/frames_full/Test/5000952034.jpg,ok
5000952035.avi,Test,500095,2,/Users/amangoyal/Documents/CVPR 2026 Workshop/frames_full/Test/5000952035.jpg,ok
5000952036.avi,Test,500095,2,/Users/amangoyal/Documents/CVPR 2026 Workshop/frames_full/Test/5000952036.jpg,ok
5000952038.avi,Test,500095,3,/Users/amangoyal/Documents/CVPR 2026 Workshop/frames_full/Test/5000952038.jpg,ok
5000952040.avi,Test,500095,3,/Users/amangoyal/Documents/CVPR 2026 Workshop/frames_full/Test/5000952040.jpg,ok
5000952041.avi,Test,500095,2,/Users/amangoyal/Documents/CVPR 2026 Workshop/frames_full/Test/5000952041.jpg,ok
5000952042.avi,Test,500095,2,/Users/amangoyal/Documents/CVPR 2026 Workshop/frames_full/Test/5000952042.jpg,ok
5000952044.avi,Test,500095,2,/Users/amangoyal/Documents/CVPR 2026 Workshop/frames_full/Test/5000952044.jpg,ok
5000952045.avi,Test,500095,2,/Users/amangoyal/Documents/CVPR 2026 Workshop/frames_full/Test/5000952045.jpg,ok
5000952046.avi,Test,500095,3,/Users/amangoyal/Documents/CVPR 2026 Workshop/frames_full/Test/5000952046.jpg,ok
5000952048.avi,Test,500095,2,/Users/amangoyal/Documents/CVPR 2026 Workshop/frames_full/Test/5000952048.jpg,ok
5000952050.avi,Test,500095,3,/Users/amangoyal/Documents/CVPR 2026 Workshop/frames_full/Test/5000952050.jpg,ok
5000952052.avi,Test,500095,2,/Users/amangoyal/Documents/CVPR 2026 Workshop/frames_full/Test/5000952052.jpg,ok
5000952053.avi,Test,500095,3,/Users/amangoyal/Documents/CVPR 2026 Workshop/frames_full/Test/5000952053.jpg,ok
5000952054.avi,Test,500095,2,/Users/amangoyal/Documents/CVPR 2026 Workshop/frames_full/Test/5000952054.jpg,ok
5000952055.avi,Test,500095,2,/Users/amangoyal/Documents/CVPR 2026 Workshop/frames_full/Test/5000952055.jpg,ok
5000952060.avi,Test,500095,2,/Users/amangoyal/Documents/CVPR 2026 Workshop/frames_full/Test/5000952060.jpg,ok
5000952061.avi,Test,500095,2,/Users/amangoyal/Documents/CVPR 2026 Workshop/frames_full/Test/5000952061.jpg,ok
5000952062.avi,Test,500095,1,/Users/amangoyal/Documents/CVPR 2026 Workshop/frames_full/Test/5000952062.jpg,ok
5000952063.avi,Test,500095,2,/Users/amangoyal/Documents/CVPR 2026 Workshop/frames_full/Test/5000952063.jpg,ok
5000952064.avi,Test,500095,3,/Users/amangoyal/Documents/CVPR 2026 Workshop/frames_full/Test/5000952064.jpg,ok
5000952065.avi,Test,500095,2,/Users/amangoyal/Documents/CVPR 2026 Workshop/frames_full/Test/5000952065.jpg,ok
5000952066.avi,Test,500095,2,/Users/amangoyal/Documents/CVPR 2026 Workshop/frames_full/Test/5000952066.jpg,ok
5000952068.avi,Test,500095,3,/Users/amangoyal/Documents/CVPR 2026 Workshop/frames_full/Test/5000952068.jpg,ok
5000952069.avi,Test,500095,2,/Users/amangoyal/Documents/CVPR 2026 Workshop/frames_full/Test/5000952069.jpg,ok
5000952070.avi,Test,500095,3,/Users/amangoyal/Documents/CVPR 2026 Workshop/frames_full/Test/5000952070.jpg,ok
5000952071.avi,Test,500095,2,/Users/amangoyal/Documents/CVPR 2026 Workshop/frames_full/Test/5000952071.jpg,ok
5000952072.avi,Test,500095,3,/Users/amangoyal/Documents/CVPR 2026 Workshop/frames_full/Test/5000952072.jpg,ok
5000952073.avi,Test,500095,2,/Users/amangoyal/Documents/CVPR 2026 Workshop/frames_full/Test/5000952073.jpg,ok
5000952075.avi,Test,500095,2,/Users/amangoyal/Documents/CVPR 2026 Workshop/frames_full/Test/5000952075.jpg,ok
5000952076.avi,Test,500095,3,/Users/amangoyal/Documents/CVPR 2026 Workshop/frames_full/Test/5000952076.jpg,ok
5000952077.avi,Test,500095,2,/Users/amangoyal/Documents/CVPR 2026 Workshop/frames_full/Test/5000952077.jpg,ok
5000952078.avi,Test,500095,2,/Users/amangoyal/Documents/CVPR 2026 Workshop/frames_full/Test/5000952078.jpg,ok
5000952080.avi,Test,500095,3,/Users/amangoyal/Documents/CVPR 2026 Workshop/frames_full/Test/5000952080.jpg,ok
5000952083.avi,Test,500095,1,/Users/amangoyal/Documents/CVPR 2026 Workshop/frames_full/Test/5000952083.jpg,ok
5100091001.avi,Test,510009,2,/Users/amangoyal/Documents/CVPR 2026 Workshop/frames_full/Test/5100091001.jpg,ok
5100091003.avi,Test,510009,3,/Users/amangoyal/Documents/CVPR 2026 Workshop/frames_full/Test/5100091003.jpg,ok
5100091004.avi,Test,510009,3,/Users/amangoyal/Documents/CVPR 2026 Workshop/frames_full/Test/5100091004.jpg,ok
5100091005.avi,Test,510009,2,/Users/amangoyal/Documents/CVPR 2026 Workshop/frames_full/Test/5100091005.jpg,ok
5100091006.avi,Test,510009,2,/Users/amangoyal/Documents/CVPR 2026 Workshop/frames_full/Test/5100091006.jpg,ok
5100091007.avi,Test,510009,3,/Users/amangoyal/Documents/CVPR 2026 Workshop/frames_full/Test/5100091007.jpg,ok
5100091008.avi,Test,510009,3,/Users/amangoyal/Documents/CVPR 2026 Workshop/frames_full/Test/5100091008.jpg,ok
5100091009.avi,Test,510009,2,/Users/amangoyal/Documents/CVPR 2026 Workshop/frames_full/Test/5100091009.jpg,ok
5100091010.avi,Test,510009,3,/Users/amangoyal/Documents/CVPR 2026 Workshop/frames_full/Test/5100091010.jpg,ok
5100091012.avi,Test,510009,2,/Users/amangoyal/Documents/CVPR 2026 Workshop/frames_full/Test/5100091012.jpg,ok
5100091017.avi,Test,510009,2,/Users/amangoyal/Documents/CVPR 2026 Workshop/frames_full/Test/5100091017.jpg,ok
5100091019.avi,Test,510009,2,/Users/amangoyal/Documents/CVPR 2026 Workshop/frames_full/Test/5100091019.jpg,ok
5100091020.avi,Test,510009,3,/Users/amangoyal/Documents/CVPR 2026 Workshop/frames_full/Test/5100091020.jpg,ok
5100091025.avi,Test,510009,2,/Users/amangoyal/Documents/CVPR 2026 Workshop/frames_full/Test/5100091025.jpg,ok
5100091026.avi,Test,510009,3,/Users/amangoyal/Documents/CVPR 2026 Workshop/frames_full/Test/5100091026.jpg,ok
5100091027.avi,Test,510009,2,/Users/amangoyal/Documents/CVPR 2026 Workshop/frames_full/Test/5100091027.jpg,ok
5100091028.avi,Test,510009,2,/Users/amangoyal/Documents/CVPR 2026 Workshop/frames_full/Test/5100091028.jpg,ok
5100091032.avi,Test,510009,3,/Users/amangoyal/Documents/CVPR 2026 Workshop/frames_full/Test/5100091032.jpg,ok
5100091033.avi,Test,510009,2,/Users/amangoyal/Documents/CVPR 2026 Workshop/frames_full/Test/5100091033.jpg,ok
5100091034.avi,Test,510009,3,/Users/amangoyal/Documents/CVPR 2026 Workshop/frames_full/Test/5100091034.jpg,ok
5100091035.avi,Test,510009,3,/Users/amangoyal/Documents/CVPR 2026 Workshop/frames_full/Test/5100091035.jpg,ok
5100091036.avi,Test,510009,3,/Users/amangoyal/Documents/CVPR 2026 Workshop/frames_full/Test/5100091036.jpg,ok
5100091038.avi,Test,510009,3,/Users/amangoyal/Documents/CVPR 2026 Workshop/frames_full/Test/5100091038.jpg,ok
5100091039.avi,Test,510009,3,/Users/amangoyal/Documents/CVPR 2026 Workshop/frames_full/Test/5100091039.jpg,ok
5100091042.avi,Test,510009,3,/Users/amangoyal/Documents/CVPR 2026 Workshop/frames_full/Test/5100091042.jpg,ok
5100091046.avi,Test,510009,3,/Users/amangoyal/Documents/CVPR 2026 Workshop/frames_full/Test/5100091046.jpg,ok
5100091049.avi,Test,510009,1,/Users/amangoyal/Documents/CVPR 2026 Workshop/frames_full/Test/5100091049.jpg,ok
5100091050.avi,Test,510009,2,/Users/amangoyal/Documents/CVPR 2026 Workshop/frames_full/Test/5100091050.jpg,ok
5100091051.avi,Test,510009,2,/Users/amangoyal/Documents/CVPR 2026 Workshop/frames_full/Test/5100091051.jpg,ok
5100091053.avi,Test,510009,2,/Users/amangoyal/Documents/CVPR 2026 Workshop/frames_full/Test/5100091053.jpg,ok
5100091055.avi,Test,510009,3,/Users/amangoyal/Documents/CVPR 2026 Workshop/frames_full/Test/5100091055.jpg,ok
5100091056.avi,Test,510009,2,/Users/amangoyal/Documents/CVPR 2026 Workshop/frames_full/Test/5100091056.jpg,ok
5100091057.avi,Test,510009,2,/Users/amangoyal/Documents/CVPR 2026 Workshop/frames_full/Test/5100091057.jpg,ok
5100091058.avi,Test,510009,2,/Users/amangoyal/Documents/CVPR 2026 Workshop/frames_full/Test/5100091058.jpg,ok
5100091059.avi,Test,510009,2,/Users/amangoyal/Documents/CVPR 2026 Workshop/frames_full/Test/5100091059.jpg,ok
5100091062.avi,Test,510009,2,/Users/amangoyal/Documents/CVPR 2026 Workshop/frames_full/Test/5100091062.jpg,ok
5100091064.avi,Test,510009,2,/Users/amangoyal/Documents/CVPR 2026 Workshop/frames_full/Test/5100091064.jpg,ok
5100091065.avi,Test,510009,3,/Users/amangoyal/Documents/CVPR 2026 Workshop/frames_full/Test/5100091065.jpg,ok
5100091066.avi,Test,510009,2,/Users/amangoyal/Documents/CVPR 2026 Workshop/frames_full/Test/5100091066.jpg,ok
5100091067.avi,Test,510009,3,/Users/amangoyal/Documents/CVPR 2026 Workshop/frames_full/Test/5100091067.jpg,ok
5100091068.avi,Test,510009,2,/Users/amangoyal/Documents/CVPR 2026 Workshop/frames_full/Test/5100091068.jpg,ok
5100091069.avi,Test,510009,3,/Users/amangoyal/Documents/CVPR 2026 Workshop/frames_full/Test/5100091069.jpg,ok
5100092002.avi,Test,510009,3,/Users/amangoyal/Documents/CVPR 2026 Workshop/frames_full/Test/5100092002.jpg,ok
5100092003.avi,Test,510009,3,/Users/amangoyal/Documents/CVPR 2026 Workshop/frames_full/Test/5100092003.jpg,ok
5100092005.avi,Test,510009,3,/Users/amangoyal/Documents/CVPR 2026 Workshop/frames_full/Test/5100092005.jpg,ok
5100092006.avi,Test,510009,3,/Users/amangoyal/Documents/CVPR 2026 Workshop/frames_full/Test/5100092006.jpg,ok
5100092008.avi,Test,510009,3,/Users/amangoyal/Documents/CVPR 2026 Workshop/frames_full/Test/5100092008.jpg,ok
5100092010.avi,Test,510009,3,/Users/amangoyal/Documents/CVPR 2026 Workshop/frames_full/Test/5100092010.jpg,ok
5100092011.avi,Test,510009,2,/Users/amangoyal/Documents/CVPR 2026 Workshop/frames_full/Test/5100092011.jpg,ok
5100092013.avi,Test,510009,3,/Users/amangoyal/Documents/CVPR 2026 Workshop/frames_full/Test/5100092013.jpg,ok
5100092017.avi,Test,510009,2,/Users/amangoyal/Documents/CVPR 2026 Workshop/frames_full/Test/5100092017.jpg,ok
5100092019.avi,Test,510009,3,/Users/amangoyal/Documents/CVPR 2026 Workshop/frames_full/Test/5100092019.jpg,ok
5100092021.avi,Test,510009,2,/Users/amangoyal/Documents/CVPR 2026 Workshop/frames_full/Test/5100092021.jpg,ok
5100092022.avi,Test,510009,3,/Users/amangoyal/Documents/CVPR 2026 Workshop/frames_full/Test/5100092022.jpg,ok
5100092023.avi,Test,510009,3,/Users/amangoyal/Documents/CVPR 2026 Workshop/frames_full/Test/5100092023.jpg,ok
5100092026.avi,Test,510009,3,/Users/amangoyal/Documents/CVPR 2026 Workshop/frames_full/Test/5100092026.jpg,ok
5100092027.avi,Test,510009,3,/Users/amangoyal/Documents/CVPR 2026 Workshop/frames_full/Test/5100092027.jpg,ok
5100092032.avi,Test,510009,2,/Users/amangoyal/Documents/CVPR 2026 Workshop/frames_full/Test/5100092032.jpg,ok
5100092033.avi,Test,510009,3,/Users/amangoyal/Documents/CVPR 2026 Workshop/frames_full/Test/5100092033.jpg,ok
5100092034.avi,Test,510009,2,/Users/amangoyal/Documents/CVPR 2026 Workshop/frames_full/Test/5100092034.jpg,ok
5100092035.avi,Test,510009,2,/Users/amangoyal/Documents/CVPR 2026 Workshop/frames_full/Test/5100092035.jpg,ok
5100092037.avi,Test,510009,2,/Users/amangoyal/Documents/CVPR 2026 Workshop/frames_full/Test/5100092037.jpg,ok
5100092038.avi,Test,510009,2,/Users/amangoyal/Documents/CVPR 2026 Workshop/frames_full/Test/5100092038.jpg,ok
5100092039.avi,Test,510009,3,/Users/amangoyal/Documents/CVPR 2026 Workshop/frames_full/Test/5100092039.jpg,ok
5100092040.avi,Test,510009,3,/Users/amangoyal/Documents/CVPR 2026 Workshop/frames_full/Test/5100092040.jpg,ok
5100092041.avi,Test,510009,2,/Users/amangoyal/Documents/CVPR 2026 Workshop/frames_full/Test/5100092041.jpg,ok
5100092042.avi,Test,510009,3,/Users/amangoyal/Documents/CVPR 2026 Workshop/frames_full/Test/5100092042.jpg,ok
5100092043.avi,Test,510009,2,/Users/amangoyal/Documents/CVPR 2026 Workshop/frames_full/Test/5100092043.jpg,ok
5100092044.avi,Test,510009,3,/Users/amangoyal/Documents/CVPR 2026 Workshop/frames_full/Test/5100092044.jpg,ok
5100092045.avi,Test,510009,3,/Users/amangoyal/Documents/CVPR 2026 Workshop/frames_full/Test/5100092045.jpg,ok
5100092053.avi,Test,510009,2,/Users/amangoyal/Documents/CVPR 2026 Workshop/frames_full/Test/5100092053.jpg,ok
5100092056.avi,Test,510009,2,/Users/amangoyal/Documents/CVPR 2026 Workshop/frames_full/Test/5100092056.jpg,ok
5100092057.avi,Test,510009,2,/Users/amangoyal/Documents/CVPR 2026 Workshop/frames_full/Test/5100092057.jpg,ok
5100092060.avi,Test,510009,3,/Users/amangoyal/Documents/CVPR 2026 Workshop/frames_full/Test/5100092060.jpg,ok
5100092061.avi,Test,510009,3,/Users/amangoyal/Documents/CVPR 2026 Workshop/frames_full/Test/5100092061.jpg,ok
5100092062.avi,Test,510009,2,/Users/amangoyal/Documents/CVPR 2026 Workshop/frames_full/Test/5100092062.jpg,ok
5100092063.avi,Test,510009,2,/Users/amangoyal/Documents/CVPR 2026 Workshop/frames_full/Test/5100092063.jpg,ok
5100092064.avi,Test,510009,3,/Users/amangoyal/Documents/CVPR 2026 Workshop/frames_full/Test/5100092064.jpg,ok
5100092065.avi,Test,510009,2,/Users/amangoyal/Documents/CVPR 2026 Workshop/frames_full/Test/5100092065.jpg,ok
5100092067.avi,Test,510009,3,/Users/amangoyal/Documents/CVPR 2026 Workshop/frames_full/Test/5100092067.jpg,ok
5100092068.avi,Test,510009,2,/Users/amangoyal/Documents/CVPR 2026 Workshop/frames_full/Test/5100092068.jpg,ok
5100092069.avi,Test,510009,3,/Users/amangoyal/Documents/CVPR 2026 Workshop/frames_full/Test/5100092069.jpg,ok
5100092071.avi,Test,510009,3,/Users/amangoyal/Documents/CVPR 2026 Workshop/frames_full/Test/5100092071.jpg,ok
5100092072.avi,Test,510009,3,/Users/amangoyal/Documents/CVPR 2026 Workshop/frames_full/Test/5100092072.jpg,ok
5100341002.avi,Test,510034,2,/Users/amangoyal/Documents/CVPR 2026 Workshop/frames_full/Test/5100341002.jpg,ok
5100341003.avi,Test,510034,2,/Users/amangoyal/Documents/CVPR 2026 Workshop/frames_full/Test/5100341003.jpg,ok
5100341004.avi,Test,510034,3,/Users/amangoyal/Documents/CVPR 2026 Workshop/frames_full/Test/5100341004.jpg,ok
5100341005.avi,Test,510034,2,/Users/amangoyal/Documents/CVPR 2026 Workshop/frames_full/Test/5100341005.jpg,ok
5100341006.avi,Test,510034,2,/Users/amangoyal/Documents/CVPR 2026 Workshop/frames_full/Test/5100341006.jpg,ok
5100341008.avi,Test,510034,2,/Users/amangoyal/Documents/CVPR 2026 Workshop/frames_full/Test/5100341008.jpg,ok
5100341009.avi,Test,510034,2,/Users/amangoyal/Documents/CVPR 2026 Workshop/frames_full/Test/5100341009.jpg,ok
5100341010.avi,Test,510034,2,/Users/amangoyal/Documents/CVPR 2026 Workshop/frames_full/Test/5100341010.jpg,ok
5100341012.avi,Test,510034,3,/Users/amangoyal/Documents/CVPR 2026 Workshop/frames_full/Test/5100341012.jpg,ok
5100341013.avi,Test,510034,2,/Users/amangoyal/Documents/CVPR 2026 Workshop/frames_full/Test/5100341013.jpg,ok
5100341014.avi,Test,510034,3,/Users/amangoyal/Documents/CVPR 2026 Workshop/frames_full/Test/5100341014.jpg,ok
5100341015.avi,Test,510034,2,/Users/amangoyal/Documents/CVPR 2026 Workshop/frames_full/Test/5100341015.jpg,ok
5100341016.avi,Test,510034,2,/Users/amangoyal/Documents/CVPR 2026 Workshop/frames_full/Test/5100341016.jpg,ok
5100341017.avi,Test,510034,2,/Users/amangoyal/Documents/CVPR 2026 Workshop/frames_full/Test/5100341017.jpg,ok
5100341019.avi,Test,510034,2,/Users/amangoyal/Documents/CVPR 2026 Workshop/frames_full/Test/5100341019.jpg,ok
5100341020.avi,Test,510034,3,/Users/amangoyal/Documents/CVPR 2026 Workshop/frames_full/Test/5100341020.jpg,ok
5100341021.avi,Test,510034,3,/Users/amangoyal/Documents/CVPR 2026 Workshop/frames_full/Test/5100341021.jpg,ok
5100341022.avi,Test,510034,2,/Users/amangoyal/Documents/CVPR 2026 Workshop/frames_full/Test/5100341022.jpg,ok
5100341023.avi,Test,510034,2,/Users/amangoyal/Documents/CVPR 2026 Workshop/frames_full/Test/5100341023.jpg,ok
5100341024.avi,Test,510034,3,/Users/amangoyal/Documents/CVPR 2026 Workshop/frames_full/Test/5100341024.jpg,ok
5100341025.avi,Test,510034,2,/Users/amangoyal/Documents/CVPR 2026 Workshop/frames_full/Test/5100341025.jpg,ok
5100341026.avi,Test,510034,3,/Users/amangoyal/Documents/CVPR 2026 Workshop/frames_full/Test/5100341026.jpg,ok
5100341027.avi,Test,510034,3,/Users/amangoyal/Documents/CVPR 2026 Workshop/frames_full/Test/5100341027.jpg,ok
5100341028.avi,Test,510034,2,/Users/amangoyal/Documents/CVPR 2026 Workshop/frames_full/Test/5100341028.jpg,ok
5100341030.avi,Test,510034,2,/Users/amangoyal/Documents/CVPR 2026 Workshop/frames_full/Test/5100341030.jpg,ok
5100341031.avi,Test,510034,3,/Users/amangoyal/Documents/CVPR 2026 Workshop/frames_full/Test/5100341031.jpg,ok
5100341032.avi,Test,510034,2,/Users/amangoyal/Documents/CVPR 2026 Workshop/frames_full/Test/5100341032.jpg,ok
5100341033.avi,Test,510034,2,/Users/amangoyal/Documents/CVPR 2026 Workshop/frames_full/Test/5100341033.jpg,ok
5100341034.avi,Test,510034,3,/Users/amangoyal/Documents/CVPR 2026 Workshop/frames_full/Test/5100341034.jpg,ok
5100341035.avi,Test,510034,2,/Users/amangoyal/Documents/CVPR 2026 Workshop/frames_full/Test/5100341035.jpg,ok
5100341037.avi,Test,510034,2,/Users/amangoyal/Documents/CVPR 2026 Workshop/frames_full/Test/5100341037.jpg,ok
5100341038.avi,Test,510034,2,/Users/amangoyal/Documents/CVPR 2026 Workshop/frames_full/Test/5100341038.jpg,ok
5100341039.avi,Test,510034,3,/Users/amangoyal/Documents/CVPR 2026 Workshop/frames_full/Test/5100341039.jpg,ok
5100341042.avi,Test,510034,2,/Users/amangoyal/Documents/CVPR 2026 Workshop/frames_full/Test/5100341042.jpg,ok
5100341043.avi,Test,510034,1,/Users/amangoyal/Documents/CVPR 2026 Workshop/frames_full/Test/5100341043.jpg,ok
5100341046.avi,Test,510034,2,/Users/amangoyal/Documents/CVPR 2026 Workshop/frames_full/Test/5100341046.jpg,ok
5100341048.avi,Test,510034,3,/Users/amangoyal/Documents/CVPR 2026 Workshop/frames_full/Test/5100341048.jpg,ok
5100341050.avi,Test,510034,3,/Users/amangoyal/Documents/CVPR 2026 Workshop/frames_full/Test/5100341050.jpg,ok
5100341052.avi,Test,510034,3,/Users/amangoyal/Documents/CVPR 2026 Workshop/frames_full/Test/5100341052.jpg,ok
5100341054.avi,Test,510034,3,/Users/amangoyal/Documents/CVPR 2026 Workshop/frames_full/Test/5100341054.jpg,ok
5100341055.avi,Test,510034,3,/Users/amangoyal/Documents/CVPR 2026 Workshop/frames_full/Test/5100341055.jpg,ok
5100341056.avi,Test,510034,2,/Users/amangoyal/Documents/CVPR 2026 Workshop/frames_full/Test/5100341056.jpg,ok
5100341057.avi,Test,510034,2,/Users/amangoyal/Documents/CVPR 2026 Workshop/frames_full/Test/5100341057.jpg,ok
5100341058.avi,Test,510034,3,/Users/amangoyal/Documents/CVPR 2026 Workshop/frames_full/Test/5100341058.jpg,ok
5100341061.avi,Test,510034,2,/Users/amangoyal/Documents/CVPR 2026 Workshop/frames_full/Test/5100341061.jpg,ok
5100341062.avi,Test,510034,3,/Users/amangoyal/Documents/CVPR 2026 Workshop/frames_full/Test/5100341062.jpg,ok
5100341065.avi,Test,510034,3,/Users/amangoyal/Documents/CVPR 2026 Workshop/frames_full/Test/5100341065.jpg,ok
5100341067.avi,Test,510034,3,/Users/amangoyal/Documents/CVPR 2026 Workshop/frames_full/Test/5100341067.jpg,ok
5100341068.avi,Test,510034,3,/Users/amangoyal/Documents/CVPR 2026 Workshop/frames_full/Test/5100341068.jpg,ok
5100341070.avi,Test,510034,3,/Users/amangoyal/Documents/CVPR 2026 Workshop/frames_full/Test/5100341070.jpg,ok
5100341071.avi,Test,510034,3,/Users/amangoyal/Documents/CVPR 2026 Workshop/frames_full/Test/5100341071.jpg,ok
5100341072.avi,Test,510034,3,/Users/amangoyal/Documents/CVPR 2026 Workshop/frames_full/Test/5100341072.jpg,ok
5100341074.avi,Test,510034,1,/Users/amangoyal/Documents/CVPR 2026 Workshop/frames_full/Test/5100341074.jpg,ok
5100341075.avi,Test,510034,3,/Users/amangoyal/Documents/CVPR 2026 Workshop/frames_full/Test/5100341075.jpg,ok
5100341076.avi,Test,510034,3,/Users/amangoyal/Documents/CVPR 2026 Workshop/frames_full/Test/5100341076.jpg,ok
5100341077.avi,Test,510034,2,/Users/amangoyal/Documents/CVPR 2026 Workshop/frames_full/Test/5100341077.jpg,ok
5100341078.avi,Test,510034,3,/Users/amangoyal/Documents/CVPR 2026 Workshop/frames_full/Test/5100341078.jpg,ok
5100341079.avi,Test,510034,3,/Users/amangoyal/Documents/CVPR 2026 Workshop/frames_full/Test/5100341079.jpg,ok
5100342002.avi,Test,510034,3,/Users/amangoyal/Documents/CVPR 2026 Workshop/frames_full/Test/5100342002.jpg,ok
5100342003.avi,Test,510034,2,/Users/amangoyal/Documents/CVPR 2026 Workshop/frames_full/Test/5100342003.jpg,ok
5100342007.avi,Test,510034,3,/Users/amangoyal/Documents/CVPR 2026 Workshop/frames_full/Test/5100342007.jpg,ok
5100342008.avi,Test,510034,2,/Users/amangoyal/Documents/CVPR 2026 Workshop/frames_full/Test/5100342008.jpg,ok
5100342009.avi,Test,510034,2,/Users/amangoyal/Documents/CVPR 2026 Workshop/frames_full/Test/5100342009.jpg,ok
5100342012.avi,Test,510034,2,/Users/amangoyal/Documents/CVPR 2026 Workshop/frames_full/Test/5100342012.jpg,ok
5100342016.avi,Test,510034,2,/Users/amangoyal/Documents/CVPR 2026 Workshop/frames_full/Test/5100342016.jpg,ok
5100342017.avi,Test,510034,3,/Users/amangoyal/Documents/CVPR 2026 Workshop/frames_full/Test/5100342017.jpg,ok
5100342018.avi,Test,510034,2,/Users/amangoyal/Documents/CVPR 2026 Workshop/frames_full/Test/5100342018.jpg,ok
5100342020.avi,Test,510034,3,/Users/amangoyal/Documents/CVPR 2026 Workshop/frames_full/Test/5100342020.jpg,ok
5100342022.avi,Test,510034,0,/Users/amangoyal/Documents/CVPR 2026 Workshop/frames_full/Test/5100342022.jpg,ok
5100342023.avi,Test,510034,1,/Users/amangoyal/Documents/CVPR 2026 Workshop/frames_full/Test/5100342023.jpg,ok
5100342024.avi,Test,510034,1,/Users/amangoyal/Documents/CVPR 2026 Workshop/frames_full/Test/5100342024.jpg,ok
5100342025.avi,Test,510034,2,/Users/amangoyal/Documents/CVPR 2026 Workshop/frames_full/Test/5100342025.jpg,ok
5100342028.avi,Test,510034,1,/Users/amangoyal/Documents/CVPR 2026 Workshop/frames_full/Test/5100342028.jpg,ok
5100342030.avi,Test,510034,2,/Users/amangoyal/Documents/CVPR 2026 Workshop/frames_full/Test/5100342030.jpg,ok
5100342031.avi,Test,510034,2,/Users/amangoyal/Documents/CVPR 2026 Workshop/frames_full/Test/5100342031.jpg,ok
5100342034.avi,Test,510034,2,/Users/amangoyal/Documents/CVPR 2026 Workshop/frames_full/Test/5100342034.jpg,ok
5100342036.avi,Test,510034,1,/Users/amangoyal/Documents/CVPR 2026 Workshop/frames_full/Test/5100342036.jpg,ok
5100342042.avi,Test,510034,2,/Users/amangoyal/Documents/CVPR 2026 Workshop/frames_full/Test/5100342042.jpg,ok
5100342043.avi,Test,510034,2,/Users/amangoyal/Documents/CVPR 2026 Workshop/frames_full/Test/5100342043.jpg,ok
5100342045.avi,Test,510034,2,/Users/amangoyal/Documents/CVPR 2026 Workshop/frames_full/Test/5100342045.jpg,ok
5100342048.avi,Test,510034,1,/Users/amangoyal/Documents/CVPR 2026 Workshop/frames_full/Test/5100342048.jpg,ok
5100351001.avi,Test,510035,1,/Users/amangoyal/Documents/CVPR 2026 Workshop/frames_full/Test/5100351001.jpg,ok
5100351002.avi,Test,510035,1,/Users/amangoyal/Documents/CVPR 2026 Workshop/frames_full/Test/5100351002.jpg,ok
5100351004.avi,Test,510035,2,/Users/amangoyal/Documents/CVPR 2026 Workshop/frames_full/Test/5100351004.jpg,ok
5100351005.avi,Test,510035,2,/Users/amangoyal/Documents/CVPR 2026 Workshop/frames_full/Test/5100351005.jpg,ok
5100351007.avi,Test,510035,2,/Users/amangoyal/Documents/CVPR 2026 Workshop/frames_full/Test/5100351007.jpg,ok
5100351009.avi,Test,510035,2,/Users/amangoyal/Documents/CVPR 2026 Workshop/frames_full/Test/5100351009.jpg,ok
5100351010.avi,Test,510035,2,/Users/amangoyal/Documents/CVPR 2026 Workshop/frames_full/Test/5100351010.jpg,ok
5100351012.avi,Test,510035,3,/Users/amangoyal/Documents/CVPR 2026 Workshop/frames_full/Test/5100351012.jpg,ok
5100351013.avi,Test,510035,1,/Users/amangoyal/Documents/CVPR 2026 Workshop/frames_full/Test/5100351013.jpg,ok
5100351015.avi,Test,510035,2,/Users/amangoyal/Documents/CVPR 2026 Workshop/frames_full/Test/5100351015.jpg,ok
5100351016.avi,Test,510035,2,/Users/amangoyal/Documents/CVPR 2026 Workshop/frames_full/Test/5100351016.jpg,ok
5100351019.avi,Test,510035,2,/Users/amangoyal/Documents/CVPR 2026 Workshop/frames_full/Test/5100351019.jpg,ok
5100351020.avi,Test,510035,2,/Users/amangoyal/Documents/CVPR 2026 Workshop/frames_full/Test/5100351020.jpg,ok
5100351021.avi,Test,510035,2,/Users/amangoyal/Documents/CVPR 2026 Workshop/frames_full/Test/5100351021.jpg,ok
5100351022.avi,Test,510035,0,/Users/amangoyal/Documents/CVPR 2026 Workshop/frames_full/Test/5100351022.jpg,ok
5100351023.avi,Test,510035,2,/Users/amangoyal/Documents/CVPR 2026 Workshop/frames_full/Test/5100351023.jpg,ok
5100351024.avi,Test,510035,2,/Users/amangoyal/Documents/CVPR 2026 Workshop/frames_full/Test/5100351024.jpg,ok
5100351025.avi,Test,510035,2,/Users/amangoyal/Documents/CVPR 2026 Workshop/frames_full/Test/5100351025.jpg,ok
5100351026.avi,Test,510035,3,/Users/amangoyal/Documents/CVPR 2026 Workshop/frames_full/Test/5100351026.jpg,ok
5100351032.avi,Test,510035,3,/Users/amangoyal/Documents/CVPR 2026 Workshop/frames_full/Test/5100351032.jpg,ok
5100351034.avi,Test,510035,3,/Users/amangoyal/Documents/CVPR 2026 Workshop/frames_full/Test/5100351034.jpg,ok
5100351035.avi,Test,510035,2,/Users/amangoyal/Documents/CVPR 2026 Workshop/frames_full/Test/5100351035.jpg,ok
5100351036.avi,Test,510035,2,/Users/amangoyal/Documents/CVPR 2026 Workshop/frames_full/Test/5100351036.jpg,ok
5100351038.avi,Test,510035,2,/Users/amangoyal/Documents/CVPR 2026 Workshop/frames_full/Test/5100351038.jpg,ok
5100351039.avi,Test,510035,3,/Users/amangoyal/Documents/CVPR 2026 Workshop/frames_full/Test/5100351039.jpg,ok
5100351040.avi,Test,510035,2,/Users/amangoyal/Documents/CVPR 2026 Workshop/frames_full/Test/5100351040.jpg,ok
5100351042.avi,Test,510035,1,/Users/amangoyal/Documents/CVPR 2026 Workshop/frames_full/Test/5100351042.jpg,ok
5100351043.avi,Test,510035,3,/Users/amangoyal/Documents/CVPR 2026 Workshop/frames_full/Test/5100351043.jpg,ok
5100351044.avi,Test,510035,2,/Users/amangoyal/Documents/CVPR 2026 Workshop/frames_full/Test/5100351044.jpg,ok
5100351045.avi,Test,510035,2,/Users/amangoyal/Documents/CVPR 2026 Workshop/frames_full/Test/5100351045.jpg,ok
5100351046.avi,Test,510035,3,/Users/amangoyal/Documents/CVPR 2026 Workshop/frames_full/Test/5100351046.jpg,ok
5100351049.avi,Test,510035,3,/Users/amangoyal/Documents/CVPR 2026 Workshop/frames_full/Test/5100351049.jpg,ok
5100351051.avi,Test,510035,3,/Users/amangoyal/Documents/CVPR 2026 Workshop/frames_full/Test/5100351051.jpg,ok
5100351054.avi,Test,510035,2,/Users/amangoyal/Documents/CVPR 2026 Workshop/frames_full/Test/5100351054.jpg,ok
5100351058.avi,Test,510035,2,/Users/amangoyal/Documents/CVPR 2026 Workshop/frames_full/Test/5100351058.jpg,ok
5100352001.avi,Test,510035,2,/Users/amangoyal/Documents/CVPR 2026 Workshop/frames_full/Test/5100352001.jpg,ok
5100352002.avi,Test,510035,2,/Users/amangoyal/Documents/CVPR 2026 Workshop/frames_full/Test/5100352002.jpg,ok
5100352003.avi,Test,510035,2,/Users/amangoyal/Documents/CVPR 2026 Workshop/frames_full/Test/5100352003.jpg,ok
5100352004.avi,Test,510035,3,/Users/amangoyal/Documents/CVPR 2026 Workshop/frames_full/Test/5100352004.jpg,ok
5100352005.avi,Test,510035,2,/Users/amangoyal/Documents/CVPR 2026 Workshop/frames_full/Test/5100352005.jpg,ok
5100352006.avi,Test,510035,2,/Users/amangoyal/Documents/CVPR 2026 Workshop/frames_full/Test/5100352006.jpg,ok
5100352007.avi,Test,510035,3,/Users/amangoyal/Documents/CVPR 2026 Workshop/frames_full/Test/5100352007.jpg,ok
5100352008.avi,Test,510035,2,/Users/amangoyal/Documents/CVPR 2026 Workshop/frames_full/Test/5100352008.jpg,ok
5100352009.avi,Test,510035,3,/Users/amangoyal/Documents/CVPR 2026 Workshop/frames_full/Test/5100352009.jpg,ok
5100352011.avi,Test,510035,2,/Users/amangoyal/Documents/CVPR 2026 Workshop/frames_full/Test/5100352011.jpg,ok
5100352012.avi,Test,510035,2,/Users/amangoyal/Documents/CVPR 2026 Workshop/frames_full/Test/5100352012.jpg,ok
5100352013.avi,Test,510035,3,/Users/amangoyal/Documents/CVPR 2026 Workshop/frames_full/Test/5100352013.jpg,ok
5100352014.avi,Test,510035,2,/Users/amangoyal/Documents/CVPR 2026 Workshop/frames_full/Test/5100352014.jpg,ok
5100352015.avi,Test,510035,2,/Users/amangoyal/Documents/CVPR 2026 Workshop/frames_full/Test/5100352015.jpg,ok
5100352016.avi,Test,510035,2,/Users/amangoyal/Documents/CVPR 2026 Workshop/frames_full/Test/5100352016.jpg,ok
5100352017.avi,Test,510035,3,/Users/amangoyal/Documents/CVPR 2026 Workshop/frames_full/Test/5100352017.jpg,ok
5100352018.avi,Test,510035,2,/Users/amangoyal/Documents/CVPR 2026 Workshop/frames_full/Test/5100352018.jpg,ok
5100352020.avi,Test,510035,3,/Users/amangoyal/Documents/CVPR 2026 Workshop/frames_full/Test/5100352020.jpg,ok
5100352021.avi,Test,510035,2,/Users/amangoyal/Documents/CVPR 2026 Workshop/frames_full/Test/5100352021.jpg,ok
5100352022.avi,Test,510035,1,/Users/amangoyal/Documents/CVPR 2026 Workshop/frames_full/Test/5100352022.jpg,ok
5100352026.avi,Test,510035,3,/Users/amangoyal/Documents/CVPR 2026 Workshop/frames_full/Test/5100352026.jpg,ok
5100352027.avi,Test,510035,3,/Users/amangoyal/Documents/CVPR 2026 Workshop/frames_full/Test/5100352027.jpg,ok
5100352028.avi,Test,510035,2,/Users/amangoyal/Documents/CVPR 2026 Workshop/frames_full/Test/5100352028.jpg,ok
5100352030.avi,Test,510035,3,/Users/amangoyal/Documents/CVPR 2026 Workshop/frames_full/Test/5100352030.jpg,ok
5100352031.avi,Test,510035,3,/Users/amangoyal/Documents/CVPR 2026 Workshop/frames_full/Test/5100352031.jpg,ok
5100352032.avi,Test,510035,2,/Users/amangoyal/Documents/CVPR 2026 Workshop/frames_full/Test/5100352032.jpg,ok
5100352033.avi,Test,510035,2,/Users/amangoyal/Documents/CVPR 2026 Workshop/frames_full/Test/5100352033.jpg,ok
5100352034.avi,Test,510035,2,/Users/amangoyal/Documents/CVPR 2026 Workshop/frames_full/Test/5100352034.jpg,ok
5100352035.avi,Test,510035,2,/Users/amangoyal/Documents/CVPR 2026 Workshop/frames_full/Test/5100352035.jpg,ok
5100352037.avi,Test,510035,2,/Users/amangoyal/Documents/CVPR 2026 Workshop/frames_full/Test/5100352037.jpg,ok
5100352038.avi,Test,510035,3,/Users/amangoyal/Documents/CVPR 2026 Workshop/frames_full/Test/5100352038.jpg,ok
5100352039.avi,Test,510035,3,/Users/amangoyal/Documents/CVPR 2026 Workshop/frames_full/Test/5100352039.jpg,ok
5100352041.avi,Test,510035,2,/Users/amangoyal/Documents/CVPR 2026 Workshop/frames_full/Test/5100352041.jpg,ok
5100352042.avi,Test,510035,2,/Users/amangoyal/Documents/CVPR 2026 Workshop/frames_full/Test/5100352042.jpg,ok
5100352043.avi,Test,510035,1,/Users/amangoyal/Documents/CVPR 2026 Workshop/frames_full/Test/5100352043.jpg,ok
5100352044.avi,Test,510035,2,/Users/amangoyal/Documents/CVPR 2026 Workshop/frames_full/Test/5100352044.jpg,ok
5100352045.avi,Test,510035,3,/Users/amangoyal/Documents/CVPR 2026 Workshop/frames_full/Test/5100352045.jpg,ok
5100352046.avi,Test,510035,3,/Users/amangoyal/Documents/CVPR 2026 Workshop/frames_full/Test/5100352046.jpg,ok
5100352049.avi,Test,510035,2,/Users/amangoyal/Documents/CVPR 2026 Workshop/frames_full/Test/5100352049.jpg,ok
5100352050.avi,Test,510035,2,/Users/amangoyal/Documents/CVPR 2026 Workshop/frames_full/Test/5100352050.jpg,ok
5100352051.avi,Test,510035,2,/Users/amangoyal/Documents/CVPR 2026 Workshop/frames_full/Test/5100352051.jpg,ok
5100352052.avi,Test,510035,3,/Users/amangoyal/Documents/CVPR 2026 Workshop/frames_full/Test/5100352052.jpg,ok
5100352054.avi,Test,510035,1,/Users/amangoyal/Documents/CVPR 2026 Workshop/frames_full/Test/5100352054.jpg,ok
5100352055.avi,Test,510035,3,/Users/amangoyal/Documents/CVPR 2026 Workshop/frames_full/Test/5100352055.jpg,ok
5100352056.avi,Test,510035,2,/Users/amangoyal/Documents/CVPR 2026 Workshop/frames_full/Test/5100352056.jpg,ok
5100352057.avi,Test,510035,2,/Users/amangoyal/Documents/CVPR 2026 Workshop/frames_full/Test/5100352057.jpg,ok
5100352060.avi,Test,510035,2,/Users/amangoyal/Documents/CVPR 2026 Workshop/frames_full/Test/5100352060.jpg,ok
5100352061.avi,Test,510035,2,/Users/amangoyal/Documents/CVPR 2026 Workshop/frames_full/Test/5100352061.jpg,ok
5100352063.avi,Test,510035,2,/Users/amangoyal/Documents/CVPR 2026 Workshop/frames_full/Test/5100352063.jpg,ok
5100361009.avi,Test,510036,2,/Users/amangoyal/Documents/CVPR 2026 Workshop/frames_full/Test/5100361009.jpg,ok
5100361056.avi,Test,510036,2,/Users/amangoyal/Documents/CVPR 2026 Workshop/frames_full/Test/5100361056.jpg,ok
5100362028.avi,Test,510036,3,/Users/amangoyal/Documents/CVPR 2026 Workshop/frames_full/Test/5100362028.jpg,ok
5100362029.avi,Test,510036,2,/Users/amangoyal/Documents/CVPR 2026 Workshop/frames_full/Test/5100362029.jpg,ok
5100362030.avi,Test,510036,3,/Users/amangoyal/Documents/CVPR 2026 Workshop/frames_full/Test/5100362030.jpg,ok
5100362052.avi,Test,510036,2,/Users/amangoyal/Documents/CVPR 2026 Workshop/frames_full/Test/5100362052.jpg,ok
5100371022.avi,Test,510037,2,/Users/amangoyal/Documents/CVPR 2026 Workshop/frames_full/Test/5100371022.jpg,ok
5100371023.avi,Test,510037,3,/Users/amangoyal/Documents/CVPR 2026 Workshop/frames_full/Test/5100371023.jpg,ok
5100371024.avi,Test,510037,2,/Users/amangoyal/Documents/CVPR 2026 Workshop/frames_full/Test/5100371024.jpg,ok
5100371026.avi,Test,510037,3,/Users/amangoyal/Documents/CVPR 2026 Workshop/frames_full/Test/5100371026.jpg,ok
5100371027.avi,Test,510037,3,/Users/amangoyal/Documents/CVPR 2026 Workshop/frames_full/Test/5100371027.jpg,ok
5100371042.avi,Test,510037,3,/Users/amangoyal/Documents/CVPR 2026 Workshop/frames_full/Test/5100371042.jpg,ok
5100371055.avi,Test,510037,2,/Users/amangoyal/Documents/CVPR 2026 Workshop/frames_full/Test/5100371055.jpg,ok
5100371056.avi,Test,510037,2,/Users/amangoyal/Documents/CVPR 2026 Workshop/frames_full/Test/5100371056.jpg,ok
5100371067.avi,Test,510037,2,/Users/amangoyal/Documents/CVPR 2026 Workshop/frames_full/Test/5100371067.jpg,ok
5100371079.avi,Test,510037,2,/Users/amangoyal/Documents/CVPR 2026 Workshop/frames_full/Test/5100371079.jpg,ok
5100372001.avi,Test,510037,3,/Users/amangoyal/Documents/CVPR 2026 Workshop/frames_full/Test/5100372001.jpg,ok
5100372002.avi,Test,510037,2,/Users/amangoyal/Documents/CVPR 2026 Workshop/frames_full/Test/5100372002.jpg,ok
5100372003.avi,Test,510037,2,/Users/amangoyal/Documents/CVPR 2026 Workshop/frames_full/Test/5100372003.jpg,ok
5100372005.avi,Test,510037,2,/Users/amangoyal/Documents/CVPR 2026 Workshop/frames_full/Test/5100372005.jpg,ok
5100372006.avi,Test,510037,3,/Users/amangoyal/Documents/CVPR 2026 Workshop/frames_full/Test/5100372006.jpg,ok
5100372007.avi,Test,510037,3,/Users/amangoyal/Documents/CVPR 2026 Workshop/frames_full/Test/5100372007.jpg,ok
5100372009.avi,Test,510037,3,/Users/amangoyal/Documents/CVPR 2026 Workshop/frames_full/Test/5100372009.jpg,ok
5100372011.avi,Test,510037,3,/Users/amangoyal/Documents/CVPR 2026 Workshop/frames_full/Test/5100372011.jpg,ok
5100372015.avi,Test,510037,3,/Users/amangoyal/Documents/CVPR 2026 Workshop/frames_full/Test/5100372015.jpg,ok
5100372016.avi,Test,510037,3,/Users/amangoyal/Documents/CVPR 2026 Workshop/frames_full/Test/5100372016.jpg,ok
5100372017.avi,Test,510037,3,/Users/amangoyal/Documents/CVPR 2026 Workshop/frames_full/Test/5100372017.jpg,ok
5100372018.avi,Test,510037,3,/Users/amangoyal/Documents/CVPR 2026 Workshop/frames_full/Test/5100372018.jpg,ok
5100372019.avi,Test,510037,2,/Users/amangoyal/Documents/CVPR 2026 Workshop/frames_full/Test/5100372019.jpg,ok
5100372020.avi,Test,510037,3,/Users/amangoyal/Documents/CVPR 2026 Workshop/frames_full/Test/5100372020.jpg,ok
5100372021.avi,Test,510037,2,/Users/amangoyal/Documents/CVPR 2026 Workshop/frames_full/Test/5100372021.jpg,ok
5100372022.avi,Test,510037,3,/Users/amangoyal/Documents/CVPR 2026 Workshop/frames_full/Test/5100372022.jpg,ok
5100372023.avi,Test,510037,3,/Users/amangoyal/Documents/CVPR 2026 Workshop/frames_full/Test/5100372023.jpg,ok
5100372026.avi,Test,510037,3,/Users/amangoyal/Documents/CVPR 2026 Workshop/frames_full/Test/5100372026.jpg,ok
5100372027.avi,Test,510037,3,/Users/amangoyal/Documents/CVPR 2026 Workshop/frames_full/Test/5100372027.jpg,ok
5100372028.avi,Test,510037,2,/Users/amangoyal/Documents/CVPR 2026 Workshop/frames_full/Test/5100372028.jpg,ok
5100372069.avi,Test,510037,3,/Users/amangoyal/Documents/CVPR 2026 Workshop/frames_full/Test/5100372069.jpg,ok
5100381002.avi,Test,510038,3,/Users/amangoyal/Documents/CVPR 2026 Workshop/frames_full/Test/5100381002.jpg,ok
5100381003.avi,Test,510038,3,/Users/amangoyal/Documents/CVPR 2026 Workshop/frames_full/Test/5100381003.jpg,ok
5100381004.avi,Test,510038,2,/Users/amangoyal/Documents/CVPR 2026 Workshop/frames_full/Test/5100381004.jpg,ok
5100381005.avi,Test,510038,2,/Users/amangoyal/Documents/CVPR 2026 Workshop/frames_full/Test/5100381005.jpg,ok
5100381006.avi,Test,510038,2,/Users/amangoyal/Documents/CVPR 2026 Workshop/frames_full/Test/5100381006.jpg,ok
5100381007.avi,Test,510038,2,/Users/amangoyal/Documents/CVPR 2026 Workshop/frames_full/Test/5100381007.jpg,ok
5100381008.avi,Test,510038,2,/Users/amangoyal/Documents/CVPR 2026 Workshop/frames_full/Test/5100381008.jpg,ok
5100381009.avi,Test,510038,2,/Users/amangoyal/Documents/CVPR 2026 Workshop/frames_full/Test/5100381009.jpg,ok
5100381010.avi,Test,510038,2,/Users/amangoyal/Documents/CVPR 2026 Workshop/frames_full/Test/5100381010.jpg,ok
5100381011.avi,Test,510038,3,/Users/amangoyal/Documents/CVPR 2026 Workshop/frames_full/Test/5100381011.jpg,ok
5100381012.avi,Test,510038,3,/Users/amangoyal/Documents/CVPR 2026 Workshop/frames_full/Test/5100381012.jpg,ok
5100381015.avi,Test,510038,3,/Users/amangoyal/Documents/CVPR 2026 Workshop/frames_full/Test/5100381015.jpg,ok
5100381016.avi,Test,510038,3,/Users/amangoyal/Documents/CVPR 2026 Workshop/frames_full/Test/5100381016.jpg,ok
5100381017.avi,Test,510038,2,/Users/amangoyal/Documents/CVPR 2026 Workshop/frames_full/Test/5100381017.jpg,ok
5100381018.avi,Test,510038,2,/Users/amangoyal/Documents/CVPR 2026 Workshop/frames_full/Test/5100381018.jpg,ok
5100381019.avi,Test,510038,3,/Users/amangoyal/Documents/CVPR 2026 Workshop/frames_full/Test/5100381019.jpg,ok
5100381020.avi,Test,510038,2,/Users/amangoyal/Documents/CVPR 2026 Workshop/frames_full/Test/5100381020.jpg,ok
5100381021.avi,Test,510038,2,/Users/amangoyal/Documents/CVPR 2026 Workshop/frames_full/Test/5100381021.jpg,ok
5100381022.avi,Test,510038,2,/Users/amangoyal/Documents/CVPR 2026 Workshop/frames_full/Test/5100381022.jpg,ok
5100381023.avi,Test,510038,3,/Users/amangoyal/Documents/CVPR 2026 Workshop/frames_full/Test/5100381023.jpg,ok
5100381024.avi,Test,510038,3,/Users/amangoyal/Documents/CVPR 2026 Workshop/frames_full/Test/5100381024.jpg,ok
5100381026.avi,Test,510038,2,/Users/amangoyal/Documents/CVPR 2026 Workshop/frames_full/Test/5100381026.jpg,ok
5100381027.avi,Test,510038,3,/Users/amangoyal/Documents/CVPR 2026 Workshop/frames_full/Test/5100381027.jpg,ok
5100381028.avi,Test,510038,3,/Users/amangoyal/Documents/CVPR 2026 Workshop/frames_full/Test/5100381028.jpg,ok
5100381029.avi,Test,510038,3,/Users/amangoyal/Documents/CVPR 2026 Workshop/frames_full/Test/5100381029.jpg,ok
5100381031.avi,Test,510038,2,/Users/amangoyal/Documents/CVPR 2026 Workshop/frames_full/Test/5100381031.jpg,ok
5100381032.avi,Test,510038,2,/Users/amangoyal/Documents/CVPR 2026 Workshop/frames_full/Test/5100381032.jpg,ok
5100381034.avi,Test,510038,3,/Users/amangoyal/Documents/CVPR 2026 Workshop/frames_full/Test/5100381034.jpg,ok
5100381035.avi,Test,510038,2,/Users/amangoyal/Documents/CVPR 2026 Workshop/frames_full/Test/5100381035.jpg,ok
5100381037.avi,Test,510038,2,/Users/amangoyal/Documents/CVPR 2026 Workshop/frames_full/Test/5100381037.jpg,ok
5100381038.avi,Test,510038,2,/Users/amangoyal/Documents/CVPR 2026 Workshop/frames_full/Test/5100381038.jpg,ok
5100381039.avi,Test,510038,2,/Users/amangoyal/Documents/CVPR 2026 Workshop/frames_full/Test/5100381039.jpg,ok
5100381040.avi,Test,510038,3,/Users/amangoyal/Documents/CVPR 2026 Workshop/frames_full/Test/5100381040.jpg,ok
5100381041.avi,Test,510038,3,/Users/amangoyal/Documents/CVPR 2026 Workshop/frames_full/Test/5100381041.jpg,ok
5100381042.avi,Test,510038,2,/Users/amangoyal/Documents/CVPR 2026 Workshop/frames_full/Test/5100381042.jpg,ok
5100381043.avi,Test,510038,2,/Users/amangoyal/Documents/CVPR 2026 Workshop/frames_full/Test/5100381043.jpg,ok
5100381044.avi,Test,510038,2,/Users/amangoyal/Documents/CVPR 2026 Workshop/frames_full/Test/5100381044.jpg,ok
5100381045.avi,Test,510038,3,/Users/amangoyal/Documents/CVPR 2026 Workshop/frames_full/Test/5100381045.jpg,ok
5100381046.avi,Test,510038,3,/Users/amangoyal/Documents/CVPR 2026 Workshop/frames_full/Test/5100381046.jpg,ok
5100381047.avi,Test,510038,3,/Users/amangoyal/Documents/CVPR 2026 Workshop/frames_full/Test/5100381047.jpg,ok
5100381048.avi,Test,510038,3,/Users/amangoyal/Documents/CVPR 2026 Workshop/frames_full/Test/5100381048.jpg,ok
5100381049.avi,Test,510038,2,/Users/amangoyal/Documents/CVPR 2026 Workshop/frames_full/Test/5100381049.jpg,ok
5100381050.avi,Test,510038,3,/Users/amangoyal/Documents/CVPR 2026 Workshop/frames_full/Test/5100381050.jpg,ok
5100381051.avi,Test,510038,2,/Users/amangoyal/Documents/CVPR 2026 Workshop/frames_full/Test/5100381051.jpg,ok
5100381052.avi,Test,510038,3,/Users/amangoyal/Documents/CVPR 2026 Workshop/frames_full/Test/5100381052.jpg,ok
5100381053.avi,Test,510038,3,/Users/amangoyal/Documents/CVPR 2026 Workshop/frames_full/Test/5100381053.jpg,ok
5100381054.avi,Test,510038,2,/Users/amangoyal/Documents/CVPR 2026 Workshop/frames_full/Test/5100381054.jpg,ok
5100381055.avi,Test,510038,2,/Users/amangoyal/Documents/CVPR 2026 Workshop/frames_full/Test/5100381055.jpg,ok
5100381056.avi,Test,510038,3,/Users/amangoyal/Documents/CVPR 2026 Workshop/frames_full/Test/5100381056.jpg,ok
5100381058.avi,Test,510038,2,/Users/amangoyal/Documents/CVPR 2026 Workshop/frames_full/Test/5100381058.jpg,ok
5100381059.avi,Test,510038,3,/Users/amangoyal/Documents/CVPR 2026 Workshop/frames_full/Test/5100381059.jpg,ok
5100381060.avi,Test,510038,2,/Users/amangoyal/Documents/CVPR 2026 Workshop/frames_full/Test/5100381060.jpg,ok
5100381061.avi,Test,510038,2,/Users/amangoyal/Documents/CVPR 2026 Workshop/frames_full/Test/5100381061.jpg,ok
5100381063.avi,Test,510038,2,/Users/amangoyal/Documents/CVPR 2026 Workshop/frames_full/Test/5100381063.jpg,ok
5100381065.avi,Test,510038,2,/Users/amangoyal/Documents/CVPR 2026 Workshop/frames_full/Test/5100381065.jpg,ok
5100381066.avi,Test,510038,2,/Users/amangoyal/Documents/CVPR 2026 Workshop/frames_full/Test/5100381066.jpg,ok
5100381067.avi,Test,510038,2,/Users/amangoyal/Documents/CVPR 2026 Workshop/frames_full/Test/5100381067.jpg,ok
5100381069.avi,Test,510038,2,/Users/amangoyal/Documents/CVPR 2026 Workshop/frames_full/Test/5100381069.jpg,ok
5100382001.avi,Test,510038,2,/Users/amangoyal/Documents/CVPR 2026 Workshop/frames_full/Test/5100382001.jpg,ok
5100382003.avi,Test,510038,3,/Users/amangoyal/Documents/CVPR 2026 Workshop/frames_full/Test/5100382003.jpg,ok
5100382007.avi,Test,510038,2,/Users/amangoyal/Documents/CVPR 2026 Workshop/frames_full/Test/5100382007.jpg,ok
5100382008.avi,Test,510038,2,/Users/amangoyal/Documents/CVPR 2026 Workshop/frames_full/Test/5100382008.jpg,ok
5100382010.avi,Test,510038,3,/Users/amangoyal/Documents/CVPR 2026 Workshop/frames_full/Test/5100382010.jpg,ok
5100382011.avi,Test,510038,3,/Users/amangoyal/Documents/CVPR 2026 Workshop/frames_full/Test/5100382011.jpg,ok
5100382012.avi,Test,510038,3,/Users/amangoyal/Documents/CVPR 2026 Workshop/frames_full/Test/5100382012.jpg,ok
5100382013.avi,Test,510038,3,/Users/amangoyal/Documents/CVPR 2026 Workshop/frames_full/Test/5100382013.jpg,ok
5100382014.avi,Test,510038,3,/Users/amangoyal/Documents/CVPR 2026 Workshop/frames_full/Test/5100382014.jpg,ok
5100382015.avi,Test,510038,2,/Users/amangoyal/Documents/CVPR 2026 Workshop/frames_full/Test/5100382015.jpg,ok
5100382016.avi,Test,510038,3,/Users/amangoyal/Documents/CVPR 2026 Workshop/frames_full/Test/5100382016.jpg,ok
5100382018.avi,Test,510038,3,/Users/amangoyal/Documents/CVPR 2026 Workshop/frames_full/Test/5100382018.jpg,ok
5100382019.avi,Test,510038,3,/Users/amangoyal/Documents/CVPR 2026 Workshop/frames_full/Test/5100382019.jpg,ok
5100382020.avi,Test,510038,2,/Users/amangoyal/Documents/CVPR 2026 Workshop/frames_full/Test/5100382020.jpg,ok
5100382021.avi,Test,510038,3,/Users/amangoyal/Documents/CVPR 2026 Workshop/frames_full/Test/5100382021.jpg,ok
5100382022.avi,Test,510038,3,/Users/amangoyal/Documents/CVPR 2026 Workshop/frames_full/Test/5100382022.jpg,ok
5100382023.avi,Test,510038,3,/Users/amangoyal/Documents/CVPR 2026 Workshop/frames_full/Test/5100382023.jpg,ok
5100382025.avi,Test,510038,3,/Users/amangoyal/Documents/CVPR 2026 Workshop/frames_full/Test/5100382025.jpg,ok
5100382026.avi,Test,510038,3,/Users/amangoyal/Documents/CVPR 2026 Workshop/frames_full/Test/5100382026.jpg,ok
5100382027.avi,Test,510038,3,/Users/amangoyal/Documents/CVPR 2026 Workshop/frames_full/Test/5100382027.jpg,ok
5100382028.avi,Test,510038,2,/Users/amangoyal/Documents/CVPR 2026 Workshop/frames_full/Test/5100382028.jpg,ok
5100382029.avi,Test,510038,3,/Users/amangoyal/Documents/CVPR 2026 Workshop/frames_full/Test/5100382029.jpg,ok
5100382030.avi,Test,510038,3,/Users/amangoyal/Documents/CVPR 2026 Workshop/frames_full/Test/5100382030.jpg,ok
5100382031.avi,Test,510038,2,/Users/amangoyal/Documents/CVPR 2026 Workshop/frames_full/Test/5100382031.jpg,ok
5100382032.avi,Test,510038,2,/Users/amangoyal/Documents/CVPR 2026 Workshop/frames_full/Test/5100382032.jpg,ok
5100382033.avi,Test,510038,3,/Users/amangoyal/Documents/CVPR 2026 Workshop/frames_full/Test/5100382033.jpg,ok
5100382034.avi,Test,510038,2,/Users/amangoyal/Documents/CVPR 2026 Workshop/frames_full/Test/5100382034.jpg,ok
5100382035.avi,Test,510038,2,/Users/amangoyal/Documents/CVPR 2026 Workshop/frames_full/Test/5100382035.jpg,ok
5100382036.avi,Test,510038,3,/Users/amangoyal/Documents/CVPR 2026 Workshop/frames_full/Test/5100382036.jpg,ok
5100382037.avi,Test,510038,2,/Users/amangoyal/Documents/CVPR 2026 Workshop/frames_full/Test/5100382037.jpg,ok
5100382038.avi,Test,510038,3,/Users/amangoyal/Documents/CVPR 2026 Workshop/frames_full/Test/5100382038.jpg,ok
5100382039.avi,Test,510038,3,/Users/amangoyal/Documents/CVPR 2026 Workshop/frames_full/Test/5100382039.jpg,ok
5100382040.avi,Test,510038,2,/Users/amangoyal/Documents/CVPR 2026 Workshop/frames_full/Test/5100382040.jpg,ok
5100382042.avi,Test,510038,3,/Users/amangoyal/Documents/CVPR 2026 Workshop/frames_full/Test/5100382042.jpg,ok
5100382045.avi,Test,510038,3,/Users/amangoyal/Documents/CVPR 2026 Workshop/frames_full/Test/5100382045.jpg,ok
5100382046.avi,Test,510038,2,/Users/amangoyal/Documents/CVPR 2026 Workshop/frames_full/Test/5100382046.jpg,ok
5100382048.avi,Test,510038,2,/Users/amangoyal/Documents/CVPR 2026 Workshop/frames_full/Test/5100382048.jpg,ok
5100382050.avi,Test,510038,3,/Users/amangoyal/Documents/CVPR 2026 Workshop/frames_full/Test/5100382050.jpg,ok
5100382051.avi,Test,510038,2,/Users/amangoyal/Documents/CVPR 2026 Workshop/frames_full/Test/5100382051.jpg,ok
5100382052.avi,Test,510038,3,/Users/amangoyal/Documents/CVPR 2026 Workshop/frames_full/Test/5100382052.jpg,ok
5100382053.avi,Test,510038,3,/Users/amangoyal/Documents/CVPR 2026 Workshop/frames_full/Test/5100382053.jpg,ok
5100382054.avi,Test,510038,2,/Users/amangoyal/Documents/CVPR 2026 Workshop/frames_full/Test/5100382054.jpg,ok
5100382055.avi,Test,510038,3,/Users/amangoyal/Documents/CVPR 2026 Workshop/frames_full/Test/5100382055.jpg,ok
5100382056.avi,Test,510038,3,/Users/amangoyal/Documents/CVPR 2026 Workshop/frames_full/Test/5100382056.jpg,ok
5100382057.avi,Test,510038,3,/Users/amangoyal/Documents/CVPR 2026 Workshop/frames_full/Test/5100382057.jpg,ok
5100382058.avi,Test,510038,2,/Users/amangoyal/Documents/CVPR 2026 Workshop/frames_full/Test/5100382058.jpg,ok
5100382059.avi,Test,510038,2,/Users/amangoyal/Documents/CVPR 2026 Workshop/frames_full/Test/5100382059.jpg,ok
5100382060.avi,Test,510038,3,/Users/amangoyal/Documents/CVPR 2026 Workshop/frames_full/Test/5100382060.jpg,ok
5100382061.avi,Test,510038,3,/Users/amangoyal/Documents/CVPR 2026 Workshop/frames_full/Test/5100382061.jpg,ok
5100382062.avi,Test,510038,3,/Users/amangoyal/Documents/CVPR 2026 Workshop/frames_full/Test/5100382062.jpg,ok
5100382063.avi,Test,510038,3,/Users/amangoyal/Documents/CVPR 2026 Workshop/frames_full/Test/5100382063.jpg,ok
5100382064.avi,Test,510038,3,/Users/amangoyal/Documents/CVPR 2026 Workshop/frames_full/Test/5100382064.jpg,ok
5100382065.avi,Test,510038,3,/Users/amangoyal/Documents/CVPR 2026 Workshop/frames_full/Test/5100382065.jpg,ok
5100382066.avi,Test,510038,2,/Users/amangoyal/Documents/CVPR 2026 Workshop/frames_full/Test/5100382066.jpg,ok
5100382067.avi,Test,510038,2,/Users/amangoyal/Documents/CVPR 2026 Workshop/frames_full/Test/5100382067.jpg,ok
5100382068.avi,Test,510038,3,/Users/amangoyal/Documents/CVPR 2026 Workshop/frames_full/Test/5100382068.jpg,ok
5100382069.avi,Test,510038,2,/Users/amangoyal/Documents/CVPR 2026 Workshop/frames_full/Test/5100382069.jpg,ok
5100382070.avi,Test,510038,3,/Users/amangoyal/Documents/CVPR 2026 Workshop/frames_full/Test/5100382070.jpg,ok
5100382071.avi,Test,510038,3,/Users/amangoyal/Documents/CVPR 2026 Workshop/frames_full/Test/5100382071.jpg,ok
5100382072.avi,Test,510038,3,/Users/amangoyal/Documents/CVPR 2026 Workshop/frames_full/Test/5100382072.jpg,ok
5100382073.avi,Test,510038,2,/Users/amangoyal/Documents/CVPR 2026 Workshop/frames_full/Test/5100382073.jpg,ok
5100382075.avi,Test,510038,2,/Users/amangoyal/Documents/CVPR 2026 Workshop/frames_full/Test/5100382075.jpg,ok
5100382076.avi,Test,510038,2,/Users/amangoyal/Documents/CVPR 2026 Workshop/frames_full/Test/5100382076.jpg,ok
5100382077.avi,Test,510038,2,/Users/amangoyal/Documents/CVPR 2026 Workshop/frames_full/Test/5100382077.jpg,ok
5100382078.avi,Test,510038,2,/Users/amangoyal/Documents/CVPR 2026 Workshop/frames_full/Test/5100382078.jpg,ok
5100382079.avi,Test,510038,2,/Users/amangoyal/Documents/CVPR 2026 Workshop/frames_full/Test/5100382079.jpg,ok
5100401001.avi,Test,510040,2,/Users/amangoyal/Documents/CVPR 2026 Workshop/frames_full/Test/5100401001.jpg,ok
5100401003.avi,Test,510040,2,/Users/amangoyal/Documents/CVPR 2026 Workshop/frames_full/Test/5100401003.jpg,ok
5100401005.avi,Test,510040,2,/Users/amangoyal/Documents/CVPR 2026 Workshop/frames_full/Test/5100401005.jpg,ok
5100401006.avi,Test,510040,2,/Users/amangoyal/Documents/CVPR 2026 Workshop/frames_full/Test/5100401006.jpg,ok
5100401007.avi,Test,510040,3,/Users/amangoyal/Documents/CVPR 2026 Workshop/frames_full/Test/5100401007.jpg,ok
5100401008.avi,Test,510040,3,/Users/amangoyal/Documents/CVPR 2026 Workshop/frames_full/Test/5100401008.jpg,ok
5100401010.avi,Test,510040,2,/Users/amangoyal/Documents/CVPR 2026 Workshop/frames_full/Test/5100401010.jpg,ok
5100401011.avi,Test,510040,2,/Users/amangoyal/Documents/CVPR 2026 Workshop/frames_full/Test/5100401011.jpg,ok
5100401012.avi,Test,510040,2,/Users/amangoyal/Documents/CVPR 2026 Workshop/frames_full/Test/5100401012.jpg,ok
5100401014.avi,Test,510040,3,/Users/amangoyal/Documents/CVPR 2026 Workshop/frames_full/Test/5100401014.jpg,ok
5100401015.avi,Test,510040,2,/Users/amangoyal/Documents/CVPR 2026 Workshop/frames_full/Test/5100401015.jpg,ok
5100401016.avi,Test,510040,2,/Users/amangoyal/Documents/CVPR 2026 Workshop/frames_full/Test/5100401016.jpg,ok
5100401018.avi,Test,510040,2,/Users/amangoyal/Documents/CVPR 2026 Workshop/frames_full/Test/5100401018.jpg,ok
5100401021.avi,Test,510040,3,/Users/amangoyal/Documents/CVPR 2026 Workshop/frames_full/Test/5100401021.jpg,ok
5100401022.avi,Test,510040,3,/Users/amangoyal/Documents/CVPR 2026 Workshop/frames_full/Test/5100401022.jpg,ok
5100401023.avi,Test,510040,1,/Users/amangoyal/Documents/CVPR 2026 Workshop/frames_full/Test/5100401023.jpg,ok
5100401025.avi,Test,510040,3,/Users/amangoyal/Documents/CVPR 2026 Workshop/frames_full/Test/5100401025.jpg,ok
5100401026.avi,Test,510040,3,/Users/amangoyal/Documents/CVPR 2026 Workshop/frames_full/Test/5100401026.jpg,ok
5100401028.avi,Test,510040,2,/Users/amangoyal/Documents/CVPR 2026 Workshop/frames_full/Test/5100401028.jpg,ok
5100401029.avi,Test,510040,2,/Users/amangoyal/Documents/CVPR 2026 Workshop/frames_full/Test/5100401029.jpg,ok
5100401030.avi,Test,510040,3,/Users/amangoyal/Documents/CVPR 2026 Workshop/frames_full/Test/5100401030.jpg,ok
5100401031.avi,Test,510040,2,/Users/amangoyal/Documents/CVPR 2026 Workshop/frames_full/Test/5100401031.jpg,ok
5100401032.avi,Test,510040,2,/Users/amangoyal/Documents/CVPR 2026 Workshop/frames_full/Test/5100401032.jpg,ok
5100401033.avi,Test,510040,2,/Users/amangoyal/Documents/CVPR 2026 Workshop/frames_full/Test/5100401033.jpg,ok
5100401034.avi,Test,510040,1,/Users/amangoyal/Documents/CVPR 2026 Workshop/frames_full/Test/5100401034.jpg,ok
5100401035.avi,Test,510040,2,/Users/amangoyal/Documents/CVPR 2026 Workshop/frames_full/Test/5100401035.jpg,ok
5100401036.avi,Test,510040,2,/Users/amangoyal/Documents/CVPR 2026 Workshop/frames_full/Test/5100401036.jpg,ok
5100401038.avi,Test,510040,3,/Users/amangoyal/Documents/CVPR 2026 Workshop/frames_full/Test/5100401038.jpg,ok
5100401039.avi,Test,510040,2,/Users/amangoyal/Documents/CVPR 2026 Workshop/frames_full/Test/5100401039.jpg,ok
5100401040.avi,Test,510040,2,/Users/amangoyal/Documents/CVPR 2026 Workshop/frames_full/Test/5100401040.jpg,ok
5100401042.avi,Test,510040,2,/Users/amangoyal/Documents/CVPR 2026 Workshop/frames_full/Test/5100401042.jpg,ok
5100401043.avi,Test,510040,1,/Users/amangoyal/Documents/CVPR 2026 Workshop/frames_full/Test/5100401043.jpg,ok
5100401044.avi,Test,510040,3,/Users/amangoyal/Documents/CVPR 2026 Workshop/frames_full/Test/5100401044.jpg,ok
5100401045.avi,Test,510040,3,/Users/amangoyal/Documents/CVPR 2026 Workshop/frames_full/Test/5100401045.jpg,ok
5100401046.avi,Test,510040,2,/Users/amangoyal/Documents/CVPR 2026 Workshop/frames_full/Test/5100401046.jpg,ok
5100401047.avi,Test,510040,2,/Users/amangoyal/Documents/CVPR 2026 Workshop/frames_full/Test/5100401047.jpg,ok
5100401048.avi,Test,510040,2,/Users/amangoyal/Documents/CVPR 2026 Workshop/frames_full/Test/5100401048.jpg,ok
5100401049.avi,Test,510040,2,/Users/amangoyal/Documents/CVPR 2026 Workshop/frames_full/Test/5100401049.jpg,ok
5100401050.avi,Test,510040,2,/Users/amangoyal/Documents/CVPR 2026 Workshop/frames_full/Test/5100401050.jpg,ok
5100401051.avi,Test,510040,2,/Users/amangoyal/Documents/CVPR 2026 Workshop/frames_full/Test/5100401051.jpg,ok
5100401053.avi,Test,510040,3,/Users/amangoyal/Documents/CVPR 2026 Workshop/frames_full/Test/5100401053.jpg,ok
5100401054.avi,Test,510040,2,/Users/amangoyal/Documents/CVPR 2026 Workshop/frames_full/Test/5100401054.jpg,ok
5100401055.avi,Test,510040,2,/Users/amangoyal/Documents/CVPR 2026 Workshop/frames_full/Test/5100401055.jpg,ok
5100401056.avi,Test,510040,3,/Users/amangoyal/Documents/CVPR 2026 Workshop/frames_full/Test/5100401056.jpg,ok
5100401057.avi,Test,510040,3,/Users/amangoyal/Documents/CVPR 2026 Workshop/frames_full/Test/5100401057.jpg,ok
5100401059.avi,Test,510040,2,/Users/amangoyal/Documents/CVPR 2026 Workshop/frames_full/Test/5100401059.jpg,ok
5100401060.avi,Test,510040,2,/Users/amangoyal/Documents/CVPR 2026 Workshop/frames_full/Test/5100401060.jpg,ok
5100401061.avi,Test,510040,2,/Users/amangoyal/Documents/CVPR 2026 Workshop/frames_full/Test/5100401061.jpg,ok
5100401062.avi,Test,510040,3,/Users/amangoyal/Documents/CVPR 2026 Workshop/frames_full/Test/5100401062.jpg,ok
5100401063.avi,Test,510040,2,/Users/amangoyal/Documents/CVPR 2026 Workshop/frames_full/Test/5100401063.jpg,ok
5100401064.avi,Test,510040,2,/Users/amangoyal/Documents/CVPR 2026 Workshop/frames_full/Test/5100401064.jpg,ok
5100401065.avi,Test,510040,1,/Users/amangoyal/Documents/CVPR 2026 Workshop/frames_full/Test/5100401065.jpg,ok
5100401066.avi,Test,510040,3,/Users/amangoyal/Documents/CVPR 2026 Workshop/frames_full/Test/5100401066.jpg,ok
5100401067.avi,Test,510040,2,/Users/amangoyal/Documents/CVPR 2026 Workshop/frames_full/Test/5100401067.jpg,ok
5100401069.avi,Test,510040,3,/Users/amangoyal/Documents/CVPR 2026 Workshop/frames_full/Test/5100401069.jpg,ok
5100401070.avi,Test,510040,2,/Users/amangoyal/Documents/CVPR 2026 Workshop/frames_full/Test/5100401070.jpg,ok
5100401071.avi,Test,510040,2,/Users/amangoyal/Documents/CVPR 2026 Workshop/frames_full/Test/5100401071.jpg,ok
5100401072.avi,Test,510040,3,/Users/amangoyal/Documents/CVPR 2026 Workshop/frames_full/Test/5100401072.jpg,ok
5100401073.avi,Test,510040,2,/Users/amangoyal/Documents/CVPR 2026 Workshop/frames_full/Test/5100401073.jpg,ok
5100401074.avi,Test,510040,3,/Users/amangoyal/Documents/CVPR 2026 Workshop/frames_full/Test/5100401074.jpg,ok
5100401075.avi,Test,510040,2,/Users/amangoyal/Documents/CVPR 2026 Workshop/frames_full/Test/5100401075.jpg,ok
5100401076.avi,Test,510040,2,/Users/amangoyal/Documents/CVPR 2026 Workshop/frames_full/Test/5100401076.jpg,ok
5100401077.avi,Test,510040,2,/Users/amangoyal/Documents/CVPR 2026 Workshop/frames_full/Test/5100401077.jpg,ok
5100401078.avi,Test,510040,2,/Users/amangoyal/Documents/CVPR 2026 Workshop/frames_full/Test/5100401078.jpg,ok
5100402001.avi,Test,510040,1,/Users/amangoyal/Documents/CVPR 2026 Workshop/frames_full/Test/5100402001.jpg,ok
5100402002.avi,Test,510040,2,/Users/amangoyal/Documents/CVPR 2026 Workshop/frames_full/Test/5100402002.jpg,ok
5100402004.avi,Test,510040,3,/Users/amangoyal/Documents/CVPR 2026 Workshop/frames_full/Test/5100402004.jpg,ok
5100402005.avi,Test,510040,3,/Users/amangoyal/Documents/CVPR 2026 Workshop/frames_full/Test/5100402005.jpg,ok
5100402007.avi,Test,510040,2,/Users/amangoyal/Documents/CVPR 2026 Workshop/frames_full/Test/5100402007.jpg,ok
5100402008.avi,Test,510040,3,/Users/amangoyal/Documents/CVPR 2026 Workshop/frames_full/Test/5100402008.jpg,ok
5100402009.avi,Test,510040,2,/Users/amangoyal/Documents/CVPR 2026 Workshop/frames_full/Test/5100402009.jpg,ok
5100402011.avi,Test,510040,2,/Users/amangoyal/Documents/CVPR 2026 Workshop/frames_full/Test/5100402011.jpg,ok
5100402012.avi,Test,510040,2,/Users/amangoyal/Documents/CVPR 2026 Workshop/frames_full/Test/5100402012.jpg,ok
5100402015.avi,Test,510040,2,/Users/amangoyal/Documents/CVPR 2026 Workshop/frames_full/Test/5100402015.jpg,ok
5100402016.avi,Test,510040,2,/Users/amangoyal/Documents/CVPR 2026 Workshop/frames_full/Test/5100402016.jpg,ok
5100402017.avi,Test,510040,2,/Users/amangoyal/Documents/CVPR 2026 Workshop/frames_full/Test/5100402017.jpg,ok
5100402019.avi,Test,510040,3,/Users/amangoyal/Documents/CVPR 2026 Workshop/frames_full/Test/5100402019.jpg,ok
5100402020.avi,Test,510040,2,/Users/amangoyal/Documents/CVPR 2026 Workshop/frames_full/Test/5100402020.jpg,ok
5100402023.avi,Test,510040,3,/Users/amangoyal/Documents/CVPR 2026 Workshop/frames_full/Test/5100402023.jpg,ok
5100402024.avi,Test,510040,3,/Users/amangoyal/Documents/CVPR 2026 Workshop/frames_full/Test/5100402024.jpg,ok
5100402028.avi,Test,510040,2,/Users/amangoyal/Documents/CVPR 2026 Workshop/frames_full/Test/5100402028.jpg,ok
5100402029.avi,Test,510040,2,/Users/amangoyal/Documents/CVPR 2026 Workshop/frames_full/Test/5100402029.jpg,ok
5100402031.avi,Test,510040,2,/Users/amangoyal/Documents/CVPR 2026 Workshop/frames_full/Test/5100402031.jpg,ok
5100402032.avi,Test,510040,3,/Users/amangoyal/Documents/CVPR 2026 Workshop/frames_full/Test/5100402032.jpg,ok
5100402033.avi,Test,510040,2,/Users/amangoyal/Documents/CVPR 2026 Workshop/frames_full/Test/5100402033.jpg,ok
5100402034.avi,Test,510040,2,/Users/amangoyal/Documents/CVPR 2026 Workshop/frames_full/Test/5100402034.jpg,ok
5100402035.avi,Test,510040,3,/Users/amangoyal/Documents/CVPR 2026 Workshop/frames_full/Test/5100402035.jpg,ok
5100402036.avi,Test,510040,2,/Users/amangoyal/Documents/CVPR 2026 Workshop/frames_full/Test/5100402036.jpg,ok
5100402037.avi,Test,510040,2,/Users/amangoyal/Documents/CVPR 2026 Workshop/frames_full/Test/5100402037.jpg,ok
5100402038.avi,Test,510040,3,/Users/amangoyal/Documents/CVPR 2026 Workshop/frames_full/Test/5100402038.jpg,ok
5100402039.avi,Test,510040,2,/Users/amangoyal/Documents/CVPR 2026 Workshop/frames_full/Test/5100402039.jpg,ok
5100402040.avi,Test,510040,3,/Users/amangoyal/Documents/CVPR 2026 Workshop/frames_full/Test/5100402040.jpg,ok
5100402046.avi,Test,510040,2,/Users/amangoyal/Documents/CVPR 2026 Workshop/frames_full/Test/5100402046.jpg,ok
5100402047.avi,Test,510040,2,/Users/amangoyal/Documents/CVPR 2026 Workshop/frames_full/Test/5100402047.jpg,ok
5100402048.avi,Test,510040,2,/Users/amangoyal/Documents/CVPR 2026 Workshop/frames_full/Test/5100402048.jpg,ok
5100402049.avi,Test,510040,3,/Users/amangoyal/Documents/CVPR 2026 Workshop/frames_full/Test/5100402049.jpg,ok
5100402050.avi,Test,510040,2,/Users/amangoyal/Documents/CVPR 2026 Workshop/frames_full/Test/5100402050.jpg,ok
5100402051.avi,Test,510040,2,/Users/amangoyal/Documents/CVPR 2026 Workshop/frames_full/Test/5100402051.jpg,ok
5100402052.avi,Test,510040,2,/Users/amangoyal/Documents/CVPR 2026 Workshop/frames_full/Test/5100402052.jpg,ok
5100402053.avi,Test,510040,2,/Users/amangoyal/Documents/CVPR 2026 Workshop/frames_full/Test/5100402053.jpg,ok
5100402054.avi,Test,510040,2,/Users/amangoyal/Documents/CVPR 2026 Workshop/frames_full/Test/5100402054.jpg,ok
5100402055.avi,Test,510040,2,/Users/amangoyal/Documents/CVPR 2026 Workshop/frames_full/Test/5100402055.jpg,ok
5100402057.avi,Test,510040,2,/Users/amangoyal/Documents/CVPR 2026 Workshop/frames_full/Test/5100402057.jpg,ok
5100402058.avi,Test,510040,2,/Users/amangoyal/Documents/CVPR 2026 Workshop/frames_full/Test/5100402058.jpg,ok
5100402059.avi,Test,510040,2,/Users/amangoyal/Documents/CVPR 2026 Workshop/frames_full/Test/5100402059.jpg,ok
5100402062.avi,Test,510040,1,/Users/amangoyal/Documents/CVPR 2026 Workshop/frames_full/Test/5100402062.jpg,ok
5100402063.avi,Test,510040,1,/Users/amangoyal/Documents/CVPR 2026 Workshop/frames_full/Test/5100402063.jpg,ok
5100402065.avi,Test,510040,3,/Users/amangoyal/Documents/CVPR 2026 Workshop/frames_full/Test/5100402065.jpg,ok
5100402066.avi,Test,510040,2,/Users/amangoyal/Documents/CVPR 2026 Workshop/frames_full/Test/5100402066.jpg,ok
5100402067.avi,Test,510040,2,/Users/amangoyal/Documents/CVPR 2026 Workshop/frames_full/Test/5100402067.jpg,ok
5100402068.avi,Test,510040,2,/Users/amangoyal/Documents/CVPR 2026 Workshop/frames_full/Test/5100402068.jpg,ok
5100402069.avi,Test,510040,2,/Users/amangoyal/Documents/CVPR 2026 Workshop/frames_full/Test/5100402069.jpg,ok
5100421001.avi,Test,510042,3,/Users/amangoyal/Documents/CVPR 2026 Workshop/frames_full/Test/5100421001.jpg,ok
5100421002.avi,Test,510042,2,/Users/amangoyal/Documents/CVPR 2026 Workshop/frames_full/Test/5100421002.jpg,ok
5100421003.avi,Test,510042,3,/Users/amangoyal/Documents/CVPR 2026 Workshop/frames_full/Test/5100421003.jpg,ok
5100421005.avi,Test,510042,3,/Users/amangoyal/Documents/CVPR 2026 Workshop/frames_full/Test/5100421005.jpg,ok
5100421007.avi,Test,510042,2,/Users/amangoyal/Documents/CVPR 2026 Workshop/frames_full/Test/5100421007.jpg,ok
5100421009.avi,Test,510042,2,/Users/amangoyal/Documents/CVPR 2026 Workshop/frames_full/Test/5100421009.jpg,ok
5100421011.avi,Test,510042,2,/Users/amangoyal/Documents/CVPR 2026 Workshop/frames_full/Test/5100421011.jpg,ok
5100421012.avi,Test,510042,3,/Users/amangoyal/Documents/CVPR 2026 Workshop/frames_full/Test/5100421012.jpg,ok
5100421013.avi,Test,510042,2,/Users/amangoyal/Documents/CVPR 2026 Workshop/frames_full/Test/5100421013.jpg,ok
5100421015.avi,Test,510042,3,/Users/amangoyal/Documents/CVPR 2026 Workshop/frames_full/Test/5100421015.jpg,ok
5100421016.avi,Test,510042,3,/Users/amangoyal/Documents/CVPR 2026 Workshop/frames_full/Test/5100421016.jpg,ok
5100421017.avi,Test,510042,2,/Users/amangoyal/Documents/CVPR 2026 Workshop/frames_full/Test/5100421017.jpg,ok
5100421018.avi,Test,510042,2,/Users/amangoyal/Documents/CVPR 2026 Workshop/frames_full/Test/5100421018.jpg,ok
5100421019.avi,Test,510042,3,/Users/amangoyal/Documents/CVPR 2026 Workshop/frames_full/Test/5100421019.jpg,ok
5100421020.avi,Test,510042,2,/Users/amangoyal/Documents/CVPR 2026 Workshop/frames_full/Test/5100421020.jpg,ok
5100421021.avi,Test,510042,3,/Users/amangoyal/Documents/CVPR 2026 Workshop/frames_full/Test/5100421021.jpg,ok
5100421024.avi,Test,510042,3,/Users/amangoyal/Documents/CVPR 2026 Workshop/frames_full/Test/5100421024.jpg,ok
5100421025.avi,Test,510042,2,/Users/amangoyal/Documents/CVPR 2026 Workshop/frames_full/Test/5100421025.jpg,ok
5100421026.avi,Test,510042,3,/Users/amangoyal/Documents/CVPR 2026 Workshop/frames_full/Test/5100421026.jpg,ok
5100421027.avi,Test,510042,2,/Users/amangoyal/Documents/CVPR 2026 Workshop/frames_full/Test/5100421027.jpg,ok
5100421029.avi,Test,510042,3,/Users/amangoyal/Documents/CVPR 2026 Workshop/frames_full/Test/5100421029.jpg,ok
5100421032.avi,Test,510042,3,/Users/amangoyal/Documents/CVPR 2026 Workshop/frames_full/Test/5100421032.jpg,ok
5100421033.avi,Test,510042,3,/Users/amangoyal/Documents/CVPR 2026 Workshop/frames_full/Test/5100421033.jpg,ok
5100421034.avi,Test,510042,3,/Users/amangoyal/Documents/CVPR 2026 Workshop/frames_full/Test/5100421034.jpg,ok
5100421038.avi,Test,510042,2,/Users/amangoyal/Documents/CVPR 2026 Workshop/frames_full/Test/5100421038.jpg,ok
5100421039.avi,Test,510042,3,/Users/amangoyal/Documents/CVPR 2026 Workshop/frames_full/Test/5100421039.jpg,ok
5100421040.avi,Test,510042,2,/Users/amangoyal/Documents/CVPR 2026 Workshop/frames_full/Test/5100421040.jpg,ok
5100421041.avi,Test,510042,2,/Users/amangoyal/Documents/CVPR 2026 Workshop/frames_full/Test/5100421041.jpg,ok
5100421043.avi,Test,510042,2,/Users/amangoyal/Documents/CVPR 2026 Workshop/frames_full/Test/5100421043.jpg,ok
5100421045.avi,Test,510042,2,/Users/amangoyal/Documents/CVPR 2026 Workshop/frames_full/Test/5100421045.jpg,ok
5100421047.avi,Test,510042,2,/Users/amangoyal/Documents/CVPR 2026 Workshop/frames_full/Test/5100421047.jpg,ok
5100421048.avi,Test,510042,3,/Users/amangoyal/Documents/CVPR 2026 Workshop/frames_full/Test/5100421048.jpg,ok
5100421049.avi,Test,510042,3,/Users/amangoyal/Documents/CVPR 2026 Workshop/frames_full/Test/5100421049.jpg,ok
5100421050.avi,Test,510042,2,/Users/amangoyal/Documents/CVPR 2026 Workshop/frames_full/Test/5100421050.jpg,ok
5100421051.avi,Test,510042,2,/Users/amangoyal/Documents/CVPR 2026 Workshop/frames_full/Test/5100421051.jpg,ok
5100421052.avi,Test,510042,2,/Users/amangoyal/Documents/CVPR 2026 Workshop/frames_full/Test/5100421052.jpg,ok
5100421053.avi,Test,510042,3,/Users/amangoyal/Documents/CVPR 2026 Workshop/frames_full/Test/5100421053.jpg,ok
5100421054.avi,Test,510042,2,/Users/amangoyal/Documents/CVPR 2026 Workshop/frames_full/Test/5100421054.jpg,ok
5100421056.avi,Test,510042,3,/Users/amangoyal/Documents/CVPR 2026 Workshop/frames_full/Test/5100421056.jpg,ok
5100421057.avi,Test,510042,3,/Users/amangoyal/Documents/CVPR 2026 Workshop/frames_full/Test/5100421057.jpg,ok
5100421058.avi,Test,510042,2,/Users/amangoyal/Documents/CVPR 2026 Workshop/frames_full/Test/5100421058.jpg,ok
5100421059.avi,Test,510042,2,/Users/amangoyal/Documents/CVPR 2026 Workshop/frames_full/Test/5100421059.jpg,ok
5100421060.avi,Test,510042,2,/Users/amangoyal/Documents/CVPR 2026 Workshop/frames_full/Test/5100421060.jpg,ok
5100421061.avi,Test,510042,2,/Users/amangoyal/Documents/CVPR 2026 Workshop/frames_full/Test/5100421061.jpg,ok
5100421062.avi,Test,510042,3,/Users/amangoyal/Documents/CVPR 2026 Workshop/frames_full/Test/5100421062.jpg,ok
5100421063.avi,Test,510042,2,/Users/amangoyal/Documents/CVPR 2026 Workshop/frames_full/Test/5100421063.jpg,ok
5100421064.avi,Test,510042,3,/Users/amangoyal/Documents/CVPR 2026 Workshop/frames_full/Test/5100421064.jpg,ok
5100421065.avi,Test,510042,3,/Users/amangoyal/Documents/CVPR 2026 Workshop/frames_full/Test/5100421065.jpg,ok
5100421067.avi,Test,510042,2,/Users/amangoyal/Documents/CVPR 2026 Workshop/frames_full/Test/5100421067.jpg,ok
5100421068.avi,Test,510042,3,/Users/amangoyal/Documents/CVPR 2026 Workshop/frames_full/Test/5100421068.jpg,ok
5100421069.avi,Test,510042,2,/Users/amangoyal/Documents/CVPR 2026 Workshop/frames_full/Test/5100421069.jpg,ok
5100421070.avi,Test,510042,3,/Users/amangoyal/Documents/CVPR 2026 Workshop/frames_full/Test/5100421070.jpg,ok
5100421071.avi,Test,510042,2,/Users/amangoyal/Documents/CVPR 2026 Workshop/frames_full/Test/5100421071.jpg,ok
5100421072.avi,Test,510042,2,/Users/amangoyal/Documents/CVPR 2026 Workshop/frames_full/Test/5100421072.jpg,ok
5100421073.avi,Test,510042,3,/Users/amangoyal/Documents/CVPR 2026 Workshop/frames_full/Test/5100421073.jpg,ok
5100421074.avi,Test,510042,2,/Users/amangoyal/Documents/CVPR 2026 Workshop/frames_full/Test/5100421074.jpg,ok
5100421076.avi,Test,510042,3,/Users/amangoyal/Documents/CVPR 2026 Workshop/frames_full/Test/5100421076.jpg,ok
5100421078.avi,Test,510042,3,/Users/amangoyal/Documents/CVPR 2026 Workshop/frames_full/Test/5100421078.jpg,ok
5100421079.avi,Test,510042,3,/Users/amangoyal/Documents/CVPR 2026 Workshop/frames_full/Test/5100421079.jpg,ok
5100421080.avi,Test,510042,3,/Users/amangoyal/Documents/CVPR 2026 Workshop/frames_full/Test/5100421080.jpg,ok
5100421081.avi,Test,510042,3,/Users/amangoyal/Documents/CVPR 2026 Workshop/frames_full/Test/5100421081.jpg,ok
5100422002.avi,Test,510042,2,/Users/amangoyal/Documents/CVPR 2026 Workshop/frames_full/Test/5100422002.jpg,ok
5100422003.avi,Test,510042,2,/Users/amangoyal/Documents/CVPR 2026 Workshop/frames_full/Test/5100422003.jpg,ok
5100422004.avi,Test,510042,3,/Users/amangoyal/Documents/CVPR 2026 Workshop/frames_full/Test/5100422004.jpg,ok
5100422005.avi,Test,510042,2,/Users/amangoyal/Documents/CVPR 2026 Workshop/frames_full/Test/5100422005.jpg,ok
5100422006.avi,Test,510042,3,/Users/amangoyal/Documents/CVPR 2026 Workshop/frames_full/Test/5100422006.jpg,ok
5100422007.avi,Test,510042,2,/Users/amangoyal/Documents/CVPR 2026 Workshop/frames_full/Test/5100422007.jpg,ok
5100422008.avi,Test,510042,2,/Users/amangoyal/Documents/CVPR 2026 Workshop/frames_full/Test/5100422008.jpg,ok
5100422009.avi,Test,510042,2,/Users/amangoyal/Documents/CVPR 2026 Workshop/frames_full/Test/5100422009.jpg,ok
5100422011.avi,Test,510042,2,/Users/amangoyal/Documents/CVPR 2026 Workshop/frames_full/Test/5100422011.jpg,ok
5100422012.avi,Test,510042,3,/Users/amangoyal/Documents/CVPR 2026 Workshop/frames_full/Test/5100422012.jpg,ok
5100422013.avi,Test,510042,2,/Users/amangoyal/Documents/CVPR 2026 Workshop/frames_full/Test/5100422013.jpg,ok
5100422014.avi,Test,510042,2,/Users/amangoyal/Documents/CVPR 2026 Workshop/frames_full/Test/5100422014.jpg,ok
5100422016.avi,Test,510042,2,/Users/amangoyal/Documents/CVPR 2026 Workshop/frames_full/Test/5100422016.jpg,ok
5100422017.avi,Test,510042,3,/Users/amangoyal/Documents/CVPR 2026 Workshop/frames_full/Test/5100422017.jpg,ok
5100422018.avi,Test,510042,2,/Users/amangoyal/Documents/CVPR 2026 Workshop/frames_full/Test/5100422018.jpg,ok
5100422019.avi,Test,510042,3,/Users/amangoyal/Documents/CVPR 2026 Workshop/frames_full/Test/5100422019.jpg,ok
5100422022.avi,Test,510042,2,/Users/amangoyal/Documents/CVPR 2026 Workshop/frames_full/Test/5100422022.jpg,ok
5100422023.avi,Test,510042,2,/Users/amangoyal/Documents/CVPR 2026 Workshop/frames_full/Test/5100422023.jpg,ok
5100422024.avi,Test,510042,2,/Users/amangoyal/Documents/CVPR 2026 Workshop/frames_full/Test/5100422024.jpg,ok
5100422025.avi,Test,510042,3,/Users/amangoyal/Documents/CVPR 2026 Workshop/frames_full/Test/5100422025.jpg,ok
5100422026.avi,Test,510042,3,/Users/amangoyal/Documents/CVPR 2026 Workshop/frames_full/Test/5100422026.jpg,ok
5100422027.avi,Test,510042,2,/Users/amangoyal/Documents/CVPR 2026 Workshop/frames_full/Test/5100422027.jpg,ok
5100422028.avi,Test,510042,3,/Users/amangoyal/Documents/CVPR 2026 Workshop/frames_full/Test/5100422028.jpg,ok
5100422029.avi,Test,510042,2,/Users/amangoyal/Documents/CVPR 2026 Workshop/frames_full/Test/5100422029.jpg,ok
5100422030.avi,Test,510042,2,/Users/amangoyal/Documents/CVPR 2026 Workshop/frames_full/Test/5100422030.jpg,ok
5100422033.avi,Test,510042,2,/Users/amangoyal/Documents/CVPR 2026 Workshop/frames_full/Test/5100422033.jpg,ok
5100422034.avi,Test,510042,2,/Users/amangoyal/Documents/CVPR 2026 Workshop/frames_full/Test/5100422034.jpg,ok
5100422035.avi,Test,510042,2,/Users/amangoyal/Documents/CVPR 2026 Workshop/frames_full/Test/5100422035.jpg,ok
5100422036.avi,Test,510042,3,/Users/amangoyal/Documents/CVPR 2026 Workshop/frames_full/Test/5100422036.jpg,ok
5100422037.avi,Test,510042,2,/Users/amangoyal/Documents/CVPR 2026 Workshop/frames_full/Test/5100422037.jpg,ok
5100422038.avi,Test,510042,3,/Users/amangoyal/Documents/CVPR 2026 Workshop/frames_full/Test/5100422038.jpg,ok
5100422039.avi,Test,510042,3,/Users/amangoyal/Documents/CVPR 2026 Workshop/frames_full/Test/5100422039.jpg,ok
5100422041.avi,Test,510042,2,/Users/amangoyal/Documents/CVPR 2026 Workshop/frames_full/Test/5100422041.jpg,ok
5100422042.avi,Test,510042,3,/Users/amangoyal/Documents/CVPR 2026 Workshop/frames_full/Test/5100422042.jpg,ok
5100422044.avi,Test,510042,2,/Users/amangoyal/Documents/CVPR 2026 Workshop/frames_full/Test/5100422044.jpg,ok
5100422045.avi,Test,510042,2,/Users/amangoyal/Documents/CVPR 2026 Workshop/frames_full/Test/5100422045.jpg,ok
5100422046.avi,Test,510042,3,/Users/amangoyal/Documents/CVPR 2026 Workshop/frames_full/Test/5100422046.jpg,ok
5100422047.avi,Test,510042,2,/Users/amangoyal/Documents/CVPR 2026 Workshop/frames_full/Test/5100422047.jpg,ok
5100422049.avi,Test,510042,2,/Users/amangoyal/Documents/CVPR 2026 Workshop/frames_full/Test/5100422049.jpg,ok
5100422050.avi,Test,510042,3,/Users/amangoyal/Documents/CVPR 2026 Workshop/frames_full/Test/5100422050.jpg,ok
5100422051.avi,Test,510042,2,/Users/amangoyal/Documents/CVPR 2026 Workshop/frames_full/Test/5100422051.jpg,ok
5100422052.avi,Test,510042,2,/Users/amangoyal/Documents/CVPR 2026 Workshop/frames_full/Test/5100422052.jpg,ok
5100422055.avi,Test,510042,3,/Users/amangoyal/Documents/CVPR 2026 Workshop/frames_full/Test/5100422055.jpg,ok
5100422056.avi,Test,510042,3,/Users/amangoyal/Documents/CVPR 2026 Workshop/frames_full/Test/5100422056.jpg,ok
5100422057.avi,Test,510042,2,/Users/amangoyal/Documents/CVPR 2026 Workshop/frames_full/Test/5100422057.jpg,ok
5100422058.avi,Test,510042,2,/Users/amangoyal/Documents/CVPR 2026 Workshop/frames_full/Test/5100422058.jpg,ok
5100422059.avi,Test,510042,3,/Users/amangoyal/Documents/CVPR 2026 Workshop/frames_full/Test/5100422059.jpg,ok
5100422060.avi,Test,510042,2,/Users/amangoyal/Documents/CVPR 2026 Workshop/frames_full/Test/5100422060.jpg,ok
5100422061.avi,Test,510042,3,/Users/amangoyal/Documents/CVPR 2026 Workshop/frames_full/Test/5100422061.jpg,ok
5100422062.avi,Test,510042,2,/Users/amangoyal/Documents/CVPR 2026 Workshop/frames_full/Test/5100422062.jpg,ok
5100422063.avi,Test,510042,3,/Users/amangoyal/Documents/CVPR 2026 Workshop/frames_full/Test/5100422063.jpg,ok
5100422065.avi,Test,510042,3,/Users/amangoyal/Documents/CVPR 2026 Workshop/frames_full/Test/5100422065.jpg,ok
5100422066.avi,Test,510042,2,/Users/amangoyal/Documents/CVPR 2026 Workshop/frames_full/Test/5100422066.jpg,ok
5100422067.avi,Test,510042,2,/Users/amangoyal/Documents/CVPR 2026 Workshop/frames_full/Test/5100422067.jpg,ok
5100422068.avi,Test,510042,2,/Users/amangoyal/Documents/CVPR 2026 Workshop/frames_full/Test/5100422068.jpg,ok
5100422069.avi,Test,510042,2,/Users/amangoyal/Documents/CVPR 2026 Workshop/frames_full/Test/5100422069.jpg,ok
5100422071.avi,Test,510042,3,/Users/amangoyal/Documents/CVPR 2026 Workshop/frames_full/Test/5100422071.jpg,ok
5100422072.avi,Test,510042,2,/Users/amangoyal/Documents/CVPR 2026 Workshop/frames_full/Test/5100422072.jpg,ok
5100422073.avi,Test,510042,2,/Users/amangoyal/Documents/CVPR 2026 Workshop/frames_full/Test/5100422073.jpg,ok
5100422074.avi,Test,510042,2,/Users/amangoyal/Documents/CVPR 2026 Workshop/frames_full/Test/5100422074.jpg,ok
5100422075.avi,Test,510042,3,/Users/amangoyal/Documents/CVPR 2026 Workshop/frames_full/Test/5100422075.jpg,ok
5100422077.avi,Test,510042,2,/Users/amangoyal/Documents/CVPR 2026 Workshop/frames_full/Test/5100422077.jpg,ok
5100422078.avi,Test,510042,2,/Users/amangoyal/Documents/CVPR 2026 Workshop/frames_full/Test/5100422078.jpg,ok
5100422079.avi,Test,510042,3,/Users/amangoyal/Documents/CVPR 2026 Workshop/frames_full/Test/5100422079.jpg,ok
5100422080.avi,Test,510042,2,/Users/amangoyal/Documents/CVPR 2026 Workshop/frames_full/Test/5100422080.jpg,ok
5100422081.avi,Test,510042,2,/Users/amangoyal/Documents/CVPR 2026 Workshop/frames_full/Test/5100422081.jpg,ok
5100422084.avi,Test,510042,2,/Users/amangoyal/Documents/CVPR 2026 Workshop/frames_full/Test/5100422084.jpg,ok
5100422085.avi,Test,510042,2,/Users/amangoyal/Documents/CVPR 2026 Workshop/frames_full/Test/5100422085.jpg,ok
5100451001.avi,Test,510045,2,/Users/amangoyal/Documents/CVPR 2026 Workshop/frames_full/Test/5100451001.jpg,ok
5100451003.avi,Test,510045,3,/Users/amangoyal/Documents/CVPR 2026 Workshop/frames_full/Test/5100451003.jpg,ok
5100451004.avi,Test,510045,3,/Users/amangoyal/Documents/CVPR 2026 Workshop/frames_full/Test/5100451004.jpg,ok
5100451006.avi,Test,510045,3,/Users/amangoyal/Documents/CVPR 2026 Workshop/frames_full/Test/5100451006.jpg,ok
5100451007.avi,Test,510045,3,/Users/amangoyal/Documents/CVPR 2026 Workshop/frames_full/Test/5100451007.jpg,ok
5100451012.avi,Test,510045,3,/Users/amangoyal/Documents/CVPR 2026 Workshop/frames_full/Test/5100451012.jpg,ok
5100451013.avi,Test,510045,3,/Users/amangoyal/Documents/CVPR 2026 Workshop/frames_full/Test/5100451013.jpg,ok
5100451015.avi,Test,510045,3,/Users/amangoyal/Documents/CVPR 2026 Workshop/frames_full/Test/5100451015.jpg,ok
5100451016.avi,Test,510045,3,/Users/amangoyal/Documents/CVPR 2026 Workshop/frames_full/Test/5100451016.jpg,ok
5100451017.avi,Test,510045,2,/Users/amangoyal/Documents/CVPR 2026 Workshop/frames_full/Test/5100451017.jpg,ok
5100451018.avi,Test,510045,3,/Users/amangoyal/Documents/CVPR 2026 Workshop/frames_full/Test/5100451018.jpg,ok
5100451019.avi,Test,510045,3,/Users/amangoyal/Documents/CVPR 2026 Workshop/frames_full/Test/5100451019.jpg,ok
5100451020.avi,Test,510045,2,/Users/amangoyal/Documents/CVPR 2026 Workshop/frames_full/Test/5100451020.jpg,ok
5100451024.avi,Test,510045,3,/Users/amangoyal/Documents/CVPR 2026 Workshop/frames_full/Test/5100451024.jpg,ok
5100451026.avi,Test,510045,3,/Users/amangoyal/Documents/CVPR 2026 Workshop/frames_full/Test/5100451026.jpg,ok
5100451027.avi,Test,510045,3,/Users/amangoyal/Documents/CVPR 2026 Workshop/frames_full/Test/5100451027.jpg,ok
5100451033.avi,Test,510045,2,/Users/amangoyal/Documents/CVPR 2026 Workshop/frames_full/Test/5100451033.jpg,ok
5100451034.avi,Test,510045,3,/Users/amangoyal/Documents/CVPR 2026 Workshop/frames_full/Test/5100451034.jpg,ok
5100451035.avi,Test,510045,3,/Users/amangoyal/Documents/CVPR 2026 Workshop/frames_full/Test/5100451035.jpg,ok
5100451036.avi,Test,510045,2,/Users/amangoyal/Documents/CVPR 2026 Workshop/frames_full/Test/5100451036.jpg,ok
5100451038.avi,Test,510045,2,/Users/amangoyal/Documents/CVPR 2026 Workshop/frames_full/Test/5100451038.jpg,ok
5100451041.avi,Test,510045,3,/Users/amangoyal/Documents/CVPR 2026 Workshop/frames_full/Test/5100451041.jpg,ok
5100451043.avi,Test,510045,2,/Users/amangoyal/Documents/CVPR 2026 Workshop/frames_full/Test/5100451043.jpg,ok
5100451044.avi,Test,510045,3,/Users/amangoyal/Documents/CVPR 2026 Workshop/frames_full/Test/5100451044.jpg,ok
5100451045.avi,Test,510045,2,/Users/amangoyal/Documents/CVPR 2026 Workshop/frames_full/Test/5100451045.jpg,ok
5100451049.avi,Test,510045,3,/Users/amangoyal/Documents/CVPR 2026 Workshop/frames_full/Test/5100451049.jpg,ok
5100451050.avi,Test,510045,3,/Users/amangoyal/Documents/CVPR 2026 Workshop/frames_full/Test/5100451050.jpg,ok
5100451051.avi,Test,510045,2,/Users/amangoyal/Documents/CVPR 2026 Workshop/frames_full/Test/5100451051.jpg,ok
5100451052.avi,Test,510045,3,/Users/amangoyal/Documents/CVPR 2026 Workshop/frames_full/Test/5100451052.jpg,ok
5100451055.avi,Test,510045,2,/Users/amangoyal/Documents/CVPR 2026 Workshop/frames_full/Test/5100451055.jpg,ok
5100451056.avi,Test,510045,3,/Users/amangoyal/Documents/CVPR 2026 Workshop/frames_full/Test/5100451056.jpg,ok
5100451059.avi,Test,510045,3,/Users/amangoyal/Documents/CVPR 2026 Workshop/frames_full/Test/5100451059.jpg,ok
5100451060.avi,Test,510045,3,/Users/amangoyal/Documents/CVPR 2026 Workshop/frames_full/Test/5100451060.jpg,ok
5100451061.avi,Test,510045,3,/Users/amangoyal/Documents/CVPR 2026 Workshop/frames_full/Test/5100451061.jpg,ok
5100451064.avi,Test,510045,2,/Users/amangoyal/Documents/CVPR 2026 Workshop/frames_full/Test/5100451064.jpg,ok
5100451065.avi,Test,510045,3,/Users/amangoyal/Documents/CVPR 2026 Workshop/frames_full/Test/5100451065.jpg,ok
5100451066.avi,Test,510045,2,/Users/amangoyal/Documents/CVPR 2026 Workshop/frames_full/Test/5100451066.jpg,ok
5100451067.avi,Test,510045,3,/Users/amangoyal/Documents/CVPR 2026 Workshop/frames_full/Test/5100451067.jpg,ok
5100451070.avi,Test,510045,3,/Users/amangoyal/Documents/CVPR 2026 Workshop/frames_full/Test/5100451070.jpg,ok
5100451071.avi,Test,510045,3,/Users/amangoyal/Documents/CVPR 2026 Workshop/frames_full/Test/5100451071.jpg,ok
5100452002.avi,Test,510045,2,/Users/amangoyal/Documents/CVPR 2026 Workshop/frames_full/Test/5100452002.jpg,ok
5100452004.avi,Test,510045,3,/Users/amangoyal/Documents/CVPR 2026 Workshop/frames_full/Test/5100452004.jpg,ok
5100452005.avi,Test,510045,2,/Users/amangoyal/Documents/CVPR 2026 Workshop/frames_full/Test/5100452005.jpg,ok
5100452006.avi,Test,510045,3,/Users/amangoyal/Documents/CVPR 2026 Workshop/frames_full/Test/5100452006.jpg,ok
5100452007.avi,Test,510045,2,/Users/amangoyal/Documents/CVPR 2026 Workshop/frames_full/Test/5100452007.jpg,ok
5100452008.avi,Test,510045,3,/Users/amangoyal/Documents/CVPR 2026 Workshop/frames_full/Test/5100452008.jpg,ok
5100452009.avi,Test,510045,3,/Users/amangoyal/Documents/CVPR 2026 Workshop/frames_full/Test/5100452009.jpg,ok
5100452010.avi,Test,510045,2,/Users/amangoyal/Documents/CVPR 2026 Workshop/frames_full/Test/5100452010.jpg,ok
5100452011.avi,Test,510045,2,/Users/amangoyal/Documents/CVPR 2026 Workshop/frames_full/Test/5100452011.jpg,ok
5100452012.avi,Test,510045,3,/Users/amangoyal/Documents/CVPR 2026 Workshop/frames_full/Test/5100452012.jpg,ok
5100452013.avi,Test,510045,3,/Users/amangoyal/Documents/CVPR 2026 Workshop/frames_full/Test/5100452013.jpg,ok
5100452014.avi,Test,510045,3,/Users/amangoyal/Documents/CVPR 2026 Workshop/frames_full/Test/5100452014.jpg,ok
5100452016.avi,Test,510045,1,/Users/amangoyal/Documents/CVPR 2026 Workshop/frames_full/Test/5100452016.jpg,ok
5100452017.avi,Test,510045,3,/Users/amangoyal/Documents/CVPR 2026 Workshop/frames_full/Test/5100452017.jpg,ok
5100452018.avi,Test,510045,3,/Users/amangoyal/Documents/CVPR 2026 Workshop/frames_full/Test/5100452018.jpg,ok
5100452021.avi,Test,510045,2,/Users/amangoyal/Documents/CVPR 2026 Workshop/frames_full/Test/5100452021.jpg,ok
5100452023.avi,Test,510045,2,/Users/amangoyal/Documents/CVPR 2026 Workshop/frames_full/Test/5100452023.jpg,ok
5100452025.avi,Test,510045,2,/Users/amangoyal/Documents/CVPR 2026 Workshop/frames_full/Test/5100452025.jpg,ok
5100452027.avi,Test,510045,2,/Users/amangoyal/Documents/CVPR 2026 Workshop/frames_full/Test/5100452027.jpg,ok
5100452028.avi,Test,510045,3,/Users/amangoyal/Documents/CVPR 2026 Workshop/frames_full/Test/5100452028.jpg,ok
5100452030.avi,Test,510045,3,/Users/amangoyal/Documents/CVPR 2026 Workshop/frames_full/Test/5100452030.jpg,ok
5100452031.avi,Test,510045,3,/Users/amangoyal/Documents/CVPR 2026 Workshop/frames_full/Test/5100452031.jpg,ok
5100452032.avi,Test,510045,2,/Users/amangoyal/Documents/CVPR 2026 Workshop/frames_full/Test/5100452032.jpg,ok
5100452033.avi,Test,510045,2,/Users/amangoyal/Documents/CVPR 2026 Workshop/frames_full/Test/5100452033.jpg,ok
5100452034.avi,Test,510045,3,/Users/amangoyal/Documents/CVPR 2026 Workshop/frames_full/Test/5100452034.jpg,ok
5100452035.avi,Test,510045,2,/Users/amangoyal/Documents/CVPR 2026 Workshop/frames_full/Test/5100452035.jpg,ok
5100452036.avi,Test,510045,3,/Users/amangoyal/Documents/CVPR 2026 Workshop/frames_full/Test/5100452036.jpg,ok
5100452037.avi,Test,510045,3,/Users/amangoyal/Documents/CVPR 2026 Workshop/frames_full/Test/5100452037.jpg,ok
5100452038.avi,Test,510045,3,/Users/amangoyal/Documents/CVPR 2026 Workshop/frames_full/Test/5100452038.jpg,ok
5100452039.avi,Test,510045,2,/Users/amangoyal/Documents/CVPR 2026 Workshop/frames_full/Test/5100452039.jpg,ok
5100452040.avi,Test,510045,2,/Users/amangoyal/Documents/CVPR 2026 Workshop/frames_full/Test/5100452040.jpg,ok
5100452047.avi,Test,510045,3,/Users/amangoyal/Documents/CVPR 2026 Workshop/frames_full/Test/5100452047.jpg,ok
5100452049.avi,Test,510045,3,/Users/amangoyal/Documents/CVPR 2026 Workshop/frames_full/Test/5100452049.jpg,ok
5100452050.avi,Test,510045,3,/Users/amangoyal/Documents/CVPR 2026 Workshop/frames_full/Test/5100452050.jpg,ok
5100452053.avi,Test,510045,2,/Users/amangoyal/Documents/CVPR 2026 Workshop/frames_full/Test/5100452053.jpg,ok
5100452054.avi,Test,510045,3,/Users/amangoyal/Documents/CVPR 2026 Workshop/frames_full/Test/5100452054.jpg,ok
5100452055.avi,Test,510045,2,/Users/amangoyal/Documents/CVPR 2026 Workshop/frames_full/Test/5100452055.jpg,ok
5100452059.avi,Test,510045,3,/Users/amangoyal/Documents/CVPR 2026 Workshop/frames_full/Test/5100452059.jpg,ok
5100452060.avi,Test,510045,3,/Users/amangoyal/Documents/CVPR 2026 Workshop/frames_full/Test/5100452060.jpg,ok
5100452061.avi,Test,510045,2,/Users/amangoyal/Documents/CVPR 2026 Workshop/frames_full/Test/5100452061.jpg,ok
5100452065.avi,Test,510045,3,/Users/amangoyal/Documents/CVPR 2026 Workshop/frames_full/Test/5100452065.jpg,ok
5100452066.avi,Test,510045,3,/Users/amangoyal/Documents/CVPR 2026 Workshop/frames_full/Test/5100452066.jpg,ok
5100452067.avi,Test,510045,3,/Users/amangoyal/Documents/CVPR 2026 Workshop/frames_full/Test/5100452067.jpg,ok
5100452076.avi,Test,510045,3,/Users/amangoyal/Documents/CVPR 2026 Workshop/frames_full/Test/5100452076.jpg,ok
5100452078.avi,Test,510045,3,/Users/amangoyal/Documents/CVPR 2026 Workshop/frames_full/Test/5100452078.jpg,ok
5100452079.avi,Test,510045,3,/Users/amangoyal/Documents/CVPR 2026 Workshop/frames_full/Test/5100452079.jpg,ok
5100452080.avi,Test,510045,3,/Users/amangoyal/Documents/CVPR 2026 Workshop/frames_full/Test/5100452080.jpg,ok
5100452081.avi,Test,510045,2,/Users/amangoyal/Documents/CVPR 2026 Workshop/frames_full/Test/5100452081.jpg,ok
5100461004.avi,Test,510046,2,/Users/amangoyal/Documents/CVPR 2026 Workshop/frames_full/Test/5100461004.jpg,ok
5100461005.avi,Test,510046,2,/Users/amangoyal/Documents/CVPR 2026 Workshop/frames_full/Test/5100461005.jpg,ok
5100461006.avi,Test,510046,2,/Users/amangoyal/Documents/CVPR 2026 Workshop/frames_full/Test/5100461006.jpg,ok
5100461007.avi,Test,510046,1,/Users/amangoyal/Documents/CVPR 2026 Workshop/frames_full/Test/5100461007.jpg,ok
5100461008.avi,Test,510046,2,/Users/amangoyal/Documents/CVPR 2026 Workshop/frames_full/Test/5100461008.jpg,ok
5100461009.avi,Test,510046,3,/Users/amangoyal/Documents/CVPR 2026 Workshop/frames_full/Test/5100461009.jpg,ok
5100461010.avi,Test,510046,2,/Users/amangoyal/Documents/CVPR 2026 Workshop/frames_full/Test/5100461010.jpg,ok
5100461011.avi,Test,510046,2,/Users/amangoyal/Documents/CVPR 2026 Workshop/frames_full/Test/5100461011.jpg,ok
5100461014.avi,Test,510046,2,/Users/amangoyal/Documents/CVPR 2026 Workshop/frames_full/Test/5100461014.jpg,ok
5100461015.avi,Test,510046,3,/Users/amangoyal/Documents/CVPR 2026 Workshop/frames_full/Test/5100461015.jpg,ok
5100461016.avi,Test,510046,2,/Users/amangoyal/Documents/CVPR 2026 Workshop/frames_full/Test/5100461016.jpg,ok
5100461017.avi,Test,510046,3,/Users/amangoyal/Documents/CVPR 2026 Workshop/frames_full/Test/5100461017.jpg,ok
5100461018.avi,Test,510046,2,/Users/amangoyal/Documents/CVPR 2026 Workshop/frames_full/Test/5100461018.jpg,ok
5100461020.avi,Test,510046,2,/Users/amangoyal/Documents/CVPR 2026 Workshop/frames_full/Test/5100461020.jpg,ok
5100461021.avi,Test,510046,2,/Users/amangoyal/Documents/CVPR 2026 Workshop/frames_full/Test/5100461021.jpg,ok
5100461022.avi,Test,510046,3,/Users/amangoyal/Documents/CVPR 2026 Workshop/frames_full/Test/5100461022.jpg,ok
5100461023.avi,Test,510046,3,/Users/amangoyal/Documents/CVPR 2026 Workshop/frames_full/Test/5100461023.jpg,ok
5100461025.avi,Test,510046,2,/Users/amangoyal/Documents/CVPR 2026 Workshop/frames_full/Test/5100461025.jpg,ok
5100461029.avi,Test,510046,2,/Users/amangoyal/Documents/CVPR 2026 Workshop/frames_full/Test/5100461029.jpg,ok
5100461030.avi,Test,510046,3,/Users/amangoyal/Documents/CVPR 2026 Workshop/frames_full/Test/5100461030.jpg,ok
5100461031.avi,Test,510046,2,/Users/amangoyal/Documents/CVPR 2026 Workshop/frames_full/Test/5100461031.jpg,ok
5100461032.avi,Test,510046,2,/Users/amangoyal/Documents/CVPR 2026 Workshop/frames_full/Test/5100461032.jpg,ok
5100461033.avi,Test,510046,2,/Users/amangoyal/Documents/CVPR 2026 Workshop/frames_full/Test/5100461033.jpg,ok
5100461034.avi,Test,510046,2,/Users/amangoyal/Documents/CVPR 2026 Workshop/frames_full/Test/5100461034.jpg,ok
5100461035.avi,Test,510046,2,/Users/amangoyal/Documents/CVPR 2026 Workshop/frames_full/Test/5100461035.jpg,ok
5100461036.avi,Test,510046,2,/Users/amangoyal/Documents/CVPR 2026 Workshop/frames_full/Test/5100461036.jpg,ok
5100461037.avi,Test,510046,2,/Users/amangoyal/Documents/CVPR 2026 Workshop/frames_full/Test/5100461037.jpg,ok
5100461038.avi,Test,510046,2,/Users/amangoyal/Documents/CVPR 2026 Workshop/frames_full/Test/5100461038.jpg,ok
5100461039.avi,Test,510046,3,/Users/amangoyal/Documents/CVPR 2026 Workshop/frames_full/Test/5100461039.jpg,ok
5100461040.avi,Test,510046,2,/Users/amangoyal/Documents/CVPR 2026 Workshop/frames_full/Test/5100461040.jpg,ok
5100461042.avi,Test,510046,3,/Users/amangoyal/Documents/CVPR 2026 Workshop/frames_full/Test/5100461042.jpg,ok
5100461043.avi,Test,510046,2,/Users/amangoyal/Documents/CVPR 2026 Workshop/frames_full/Test/5100461043.jpg,ok
5100461044.avi,Test,510046,3,/Users/amangoyal/Documents/CVPR 2026 Workshop/frames_full/Test/5100461044.jpg,ok
5100461046.avi,Test,510046,2,/Users/amangoyal/Documents/CVPR 2026 Workshop/frames_full/Test/5100461046.jpg,ok
5100461047.avi,Test,510046,2,/Users/amangoyal/Documents/CVPR 2026 Workshop/frames_full/Test/5100461047.jpg,ok
5100461048.avi,Test,510046,2,/Users/amangoyal/Documents/CVPR 2026 Workshop/frames_full/Test/5100461048.jpg,ok
5100461049.avi,Test,510046,2,/Users/amangoyal/Documents/CVPR 2026 Workshop/frames_full/Test/5100461049.jpg,ok
5100461050.avi,Test,510046,2,/Users/amangoyal/Documents/CVPR 2026 Workshop/frames_full/Test/5100461050.jpg,ok
5100461051.avi,Test,510046,3,/Users/amangoyal/Documents/CVPR 2026 Workshop/frames_full/Test/5100461051.jpg,ok
5100461052.avi,Test,510046,2,/Users/amangoyal/Documents/CVPR 2026 Workshop/frames_full/Test/5100461052.jpg,ok
5100461053.avi,Test,510046,3,/Users/amangoyal/Documents/CVPR 2026 Workshop/frames_full/Test/5100461053.jpg,ok
5100461054.avi,Test,510046,2,/Users/amangoyal/Documents/CVPR 2026 Workshop/frames_full/Test/5100461054.jpg,ok
5100461055.avi,Test,510046,3,/Users/amangoyal/Documents/CVPR 2026 Workshop/frames_full/Test/5100461055.jpg,ok
5100461056.avi,Test,510046,3,/Users/amangoyal/Documents/CVPR 2026 Workshop/frames_full/Test/5100461056.jpg,ok
5100461057.avi,Test,510046,2,/Users/amangoyal/Documents/CVPR 2026 Workshop/frames_full/Test/5100461057.jpg,ok
5100461058.avi,Test,510046,2,/Users/amangoyal/Documents/CVPR 2026 Workshop/frames_full/Test/5100461058.jpg,ok
5100461061.avi,Test,510046,3,/Users/amangoyal/Documents/CVPR 2026 Workshop/frames_full/Test/5100461061.jpg,ok
5100461062.avi,Test,510046,2,/Users/amangoyal/Documents/CVPR 2026 Workshop/frames_full/Test/5100461062.jpg,ok
5100461063.avi,Test,510046,2,/Users/amangoyal/Documents/CVPR 2026 Workshop/frames_full/Test/5100461063.jpg,ok
5100461064.avi,Test,510046,3,/Users/amangoyal/Documents/CVPR 2026 Workshop/frames_full/Test/5100461064.jpg,ok
5100461065.avi,Test,510046,3,/Users/amangoyal/Documents/CVPR 2026 Workshop/frames_full/Test/5100461065.jpg,ok
5100461066.avi,Test,510046,3,/Users/amangoyal/Documents/CVPR 2026 Workshop/frames_full/Test/5100461066.jpg,ok
5100461067.avi,Test,510046,2,/Users/amangoyal/Documents/CVPR 2026 Workshop/frames_full/Test/5100461067.jpg,ok
5100461068.avi,Test,510046,2,/Users/amangoyal/Documents/CVPR 2026 Workshop/frames_full/Test/5100461068.jpg,ok
5100461069.avi,Test,510046,3,/Users/amangoyal/Documents/CVPR 2026 Workshop/frames_full/Test/5100461069.jpg,ok
5100462001.avi,Test,510046,2,/Users/amangoyal/Documents/CVPR 2026 Workshop/frames_full/Test/5100462001.jpg,ok
5100462002.avi,Test,510046,2,/Users/amangoyal/Documents/CVPR 2026 Workshop/frames_full/Test/5100462002.jpg,ok
5100462003.avi,Test,510046,1,/Users/amangoyal/Documents/CVPR 2026 Workshop/frames_full/Test/5100462003.jpg,ok
5100462005.avi,Test,510046,2,/Users/amangoyal/Documents/CVPR 2026 Workshop/frames_full/Test/5100462005.jpg,ok
5100462009.avi,Test,510046,2,/Users/amangoyal/Documents/CVPR 2026 Workshop/frames_full/Test/5100462009.jpg,ok
5100462010.avi,Test,510046,3,/Users/amangoyal/Documents/CVPR 2026 Workshop/frames_full/Test/5100462010.jpg,ok
5100462011.avi,Test,510046,3,/Users/amangoyal/Documents/CVPR 2026 Workshop/frames_full/Test/5100462011.jpg,ok
5100462012.avi,Test,510046,2,/Users/amangoyal/Documents/CVPR 2026 Workshop/frames_full/Test/5100462012.jpg,ok
5100462014.avi,Test,510046,3,/Users/amangoyal/Documents/CVPR 2026 Workshop/frames_full/Test/5100462014.jpg,ok
5100462015.avi,Test,510046,2,/Users/amangoyal/Documents/CVPR 2026 Workshop/frames_full/Test/5100462015.jpg,ok
5100462016.avi,Test,510046,2,/Users/amangoyal/Documents/CVPR 2026 Workshop/frames_full/Test/5100462016.jpg,ok
5100462017.avi,Test,510046,2,/Users/amangoyal/Documents/CVPR 2026 Workshop/frames_full/Test/5100462017.jpg,ok
5100462018.avi,Test,510046,2,/Users/amangoyal/Documents/CVPR 2026 Workshop/frames_full/Test/5100462018.jpg,ok
5100462019.avi,Test,510046,2,/Users/amangoyal/Documents/CVPR 2026 Workshop/frames_full/Test/5100462019.jpg,ok
5100462021.avi,Test,510046,3,/Users/amangoyal/Documents/CVPR 2026 Workshop/frames_full/Test/5100462021.jpg,ok
5100462022.avi,Test,510046,2,/Users/amangoyal/Documents/CVPR 2026 Workshop/frames_full/Test/5100462022.jpg,ok
5100462023.avi,Test,510046,2,/Users/amangoyal/Documents/CVPR 2026 Workshop/frames_full/Test/5100462023.jpg,ok
5100462024.avi,Test,510046,2,/Users/amangoyal/Documents/CVPR 2026 Workshop/frames_full/Test/5100462024.jpg,ok
5100462025.avi,Test,510046,2,/Users/amangoyal/Documents/CVPR 2026 Workshop/frames_full/Test/5100462025.jpg,ok
5100462026.avi,Test,510046,3,/Users/amangoyal/Documents/CVPR 2026 Workshop/frames_full/Test/5100462026.jpg,ok
5100462027.avi,Test,510046,2,/Users/amangoyal/Documents/CVPR 2026 Workshop/frames_full/Test/5100462027.jpg,ok
5100462028.avi,Test,510046,3,/Users/amangoyal/Documents/CVPR 2026 Workshop/frames_full/Test/5100462028.jpg,ok
5100462029.avi,Test,510046,3,/Users/amangoyal/Documents/CVPR 2026 Workshop/frames_full/Test/5100462029.jpg,ok
5100462031.avi,Test,510046,2,/Users/amangoyal/Documents/CVPR 2026 Workshop/frames_full/Test/5100462031.jpg,ok
5100462032.avi,Test,510046,2,/Users/amangoyal/Documents/CVPR 2026 Workshop/frames_full/Test/5100462032.jpg,ok
5100462033.avi,Test,510046,2,/Users/amangoyal/Documents/CVPR 2026 Workshop/frames_full/Test/5100462033.jpg,ok
5100462035.avi,Test,510046,3,/Users/amangoyal/Documents/CVPR 2026 Workshop/frames_full/Test/5100462035.jpg,ok
5100462037.avi,Test,510046,3,/Users/amangoyal/Documents/CVPR 2026 Workshop/frames_full/Test/5100462037.jpg,ok
5100462038.avi,Test,510046,2,/Users/amangoyal/Documents/CVPR 2026 Workshop/frames_full/Test/5100462038.jpg,ok
5100462039.avi,Test,510046,2,/Users/amangoyal/Documents/CVPR 2026 Workshop/frames_full/Test/5100462039.jpg,ok
5100462040.avi,Test,510046,2,/Users/amangoyal/Documents/CVPR 2026 Workshop/frames_full/Test/5100462040.jpg,ok
5100462041.avi,Test,510046,3,/Users/amangoyal/Documents/CVPR 2026 Workshop/frames_full/Test/5100462041.jpg,ok
5100462042.avi,Test,510046,2,/Users/amangoyal/Documents/CVPR 2026 Workshop/frames_full/Test/5100462042.jpg,ok
5100462043.avi,Test,510046,2,/Users/amangoyal/Documents/CVPR 2026 Workshop/frames_full/Test/5100462043.jpg,ok
5100462044.avi,Test,510046,2,/Users/amangoyal/Documents/CVPR 2026 Workshop/frames_full/Test/5100462044.jpg,ok
5100462045.avi,Test,510046,2,/Users/amangoyal/Documents/CVPR 2026 Workshop/frames_full/Test/5100462045.jpg,ok
5100462046.avi,Test,510046,2,/Users/amangoyal/Documents/CVPR 2026 Workshop/frames_full/Test/5100462046.jpg,ok
5100462047.avi,Test,510046,3,/Users/amangoyal/Documents/CVPR 2026 Workshop/frames_full/Test/5100462047.jpg,ok
5100462048.avi,Test,510046,2,/Users/amangoyal/Documents/CVPR 2026 Workshop/frames_full/Test/5100462048.jpg,ok
5100462050.avi,Test,510046,2,/Users/amangoyal/Documents/CVPR 2026 Workshop/frames_full/Test/5100462050.jpg,ok
5100462051.avi,Test,510046,2,/Users/amangoyal/Documents/CVPR 2026 Workshop/frames_full/Test/5100462051.jpg,ok
5100462052.avi,Test,510046,2,/Users/amangoyal/Documents/CVPR 2026 Workshop/frames_full/Test/5100462052.jpg,ok
5100462053.avi,Test,510046,3,/Users/amangoyal/Documents/CVPR 2026 Workshop/frames_full/Test/5100462053.jpg,ok
5100462054.avi,Test,510046,2,/Users/amangoyal/Documents/CVPR 2026 Workshop/frames_full/Test/5100462054.jpg,ok
5100462055.avi,Test,510046,3,/Users/amangoyal/Documents/CVPR 2026 Workshop/frames_full/Test/5100462055.jpg,ok
5100462057.avi,Test,510046,2,/Users/amangoyal/Documents/CVPR 2026 Workshop/frames_full/Test/5100462057.jpg,ok
5100462058.avi,Test,510046,3,/Users/amangoyal/Documents/CVPR 2026 Workshop/frames_full/Test/5100462058.jpg,ok
5100462059.avi,Test,510046,2,/Users/amangoyal/Documents/CVPR 2026 Workshop/frames_full/Test/5100462059.jpg,ok
5100462061.avi,Test,510046,2,/Users/amangoyal/Documents/CVPR 2026 Workshop/frames_full/Test/5100462061.jpg,ok
5100462062.avi,Test,510046,2,/Users/amangoyal/Documents/CVPR 2026 Workshop/frames_full/Test/5100462062.jpg,ok
5100462063.avi,Test,510046,3,/Users/amangoyal/Documents/CVPR 2026 Workshop/frames_full/Test/5100462063.jpg,ok
5100462064.avi,Test,510046,3,/Users/amangoyal/Documents/CVPR 2026 Workshop/frames_full/Test/5100462064.jpg,ok
5100462066.avi,Test,510046,2,/Users/amangoyal/Documents/CVPR 2026 Workshop/frames_full/Test/5100462066.jpg,ok
5100462067.avi,Test,510046,2,/Users/amangoyal/Documents/CVPR 2026 Workshop/frames_full/Test/5100462067.jpg,ok
5100462068.avi,Test,510046,2,/Users/amangoyal/Documents/CVPR 2026 Workshop/frames_full/Test/5100462068.jpg,ok
5100462069.avi,Test,510046,3,/Users/amangoyal/Documents/CVPR 2026 Workshop/frames_full/Test/5100462069.jpg,ok
5100462070.avi,Test,510046,3,/Users/amangoyal/Documents/CVPR 2026 Workshop/frames_full/Test/5100462070.jpg,ok
5100462071.avi,Test,510046,2,/Users/amangoyal/Documents/CVPR 2026 Workshop/frames_full/Test/5100462071.jpg,ok
5100462072.avi,Test,510046,3,/Users/amangoyal/Documents/CVPR 2026 Workshop/frames_full/Test/5100462072.jpg,ok
5100462074.avi,Test,510046,2,/Users/amangoyal/Documents/CVPR 2026 Workshop/frames_full/Test/5100462074.jpg,ok
5100462075.avi,Test,510046,3,/Users/amangoyal/Documents/CVPR 2026 Workshop/frames_full/Test/5100462075.jpg,ok
5100462077.avi,Test,510046,3,/Users/amangoyal/Documents/CVPR 2026 Workshop/frames_full/Test/5100462077.jpg,ok
5100462078.avi,Test,510046,2,/Users/amangoyal/Documents/CVPR 2026 Workshop/frames_full/Test/5100462078.jpg,ok
5100462079.avi,Test,510046,2,/Users/amangoyal/Documents/CVPR 2026 Workshop/frames_full/Test/5100462079.jpg,ok
5100462080.avi,Test,510046,2,/Users/amangoyal/Documents/CVPR 2026 Workshop/frames_full/Test/5100462080.jpg,ok
5100462081.avi,Test,510046,2,/Users/amangoyal/Documents/CVPR 2026 Workshop/frames_full/Test/5100462081.jpg,ok
5100462082.avi,Test,510046,2,/Users/amangoyal/Documents/CVPR 2026 Workshop/frames_full/Test/5100462082.jpg,ok
5100471001.avi,Test,510047,2,/Users/amangoyal/Documents/CVPR 2026 Workshop/frames_full/Test/5100471001.jpg,ok
5100471002.avi,Test,510047,3,/Users/amangoyal/Documents/CVPR 2026 Workshop/frames_full/Test/5100471002.jpg,ok
5100471003.avi,Test,510047,3,/Users/amangoyal/Documents/CVPR 2026 Workshop/frames_full/Test/5100471003.jpg,ok
5100471011.avi,Test,510047,2,/Users/amangoyal/Documents/CVPR 2026 Workshop/frames_full/Test/5100471011.jpg,ok
5100471012.avi,Test,510047,2,/Users/amangoyal/Documents/CVPR 2026 Workshop/frames_full/Test/5100471012.jpg,ok
5100471013.avi,Test,510047,2,/Users/amangoyal/Documents/CVPR 2026 Workshop/frames_full/Test/5100471013.jpg,ok
5100471015.avi,Test,510047,2,/Users/amangoyal/Documents/CVPR 2026 Workshop/frames_full/Test/5100471015.jpg,ok
5100471016.avi,Test,510047,3,/Users/amangoyal/Documents/CVPR 2026 Workshop/frames_full/Test/5100471016.jpg,ok
5100471018.avi,Test,510047,2,/Users/amangoyal/Documents/CVPR 2026 Workshop/frames_full/Test/5100471018.jpg,ok
5100471019.avi,Test,510047,3,/Users/amangoyal/Documents/CVPR 2026 Workshop/frames_full/Test/5100471019.jpg,ok
5100471020.avi,Test,510047,2,/Users/amangoyal/Documents/CVPR 2026 Workshop/frames_full/Test/5100471020.jpg,ok
5100471021.avi,Test,510047,2,/Users/amangoyal/Documents/CVPR 2026 Workshop/frames_full/Test/5100471021.jpg,ok
5100471023.avi,Test,510047,2,/Users/amangoyal/Documents/CVPR 2026 Workshop/frames_full/Test/5100471023.jpg,ok
5100471026.avi,Test,510047,3,/Users/amangoyal/Documents/CVPR 2026 Workshop/frames_full/Test/5100471026.jpg,ok
5100471027.avi,Test,510047,2,/Users/amangoyal/Documents/CVPR 2026 Workshop/frames_full/Test/5100471027.jpg,ok
5100471028.avi,Test,510047,3,/Users/amangoyal/Documents/CVPR 2026 Workshop/frames_full/Test/5100471028.jpg,ok
5100471029.avi,Test,510047,2,/Users/amangoyal/Documents/CVPR 2026 Workshop/frames_full/Test/5100471029.jpg,ok
5100471030.avi,Test,510047,3,/Users/amangoyal/Documents/CVPR 2026 Workshop/frames_full/Test/5100471030.jpg,ok
5100471031.avi,Test,510047,2,/Users/amangoyal/Documents/CVPR 2026 Workshop/frames_full/Test/5100471031.jpg,ok
5100471034.avi,Test,510047,2,/Users/amangoyal/Documents/CVPR 2026 Workshop/frames_full/Test/5100471034.jpg,ok
5100471037.avi,Test,510047,3,/Users/amangoyal/Documents/CVPR 2026 Workshop/frames_full/Test/5100471037.jpg,ok
5100471038.avi,Test,510047,3,/Users/amangoyal/Documents/CVPR 2026 Workshop/frames_full/Test/5100471038.jpg,ok
5100471039.avi,Test,510047,3,/Users/amangoyal/Documents/CVPR 2026 Workshop/frames_full/Test/5100471039.jpg,ok
5100471041.avi,Test,510047,3,/Users/amangoyal/Documents/CVPR 2026 Workshop/frames_full/Test/5100471041.jpg,ok
5100471042.avi,Test,510047,2,/Users/amangoyal/Documents/CVPR 2026 Workshop/frames_full/Test/5100471042.jpg,ok
5100471044.avi,Test,510047,2,/Users/amangoyal/Documents/CVPR 2026 Workshop/frames_full/Test/5100471044.jpg,ok
5100471045.avi,Test,510047,2,/Users/amangoyal/Documents/CVPR 2026 Workshop/frames_full/Test/5100471045.jpg,ok
5100471047.avi,Test,510047,3,/Users/amangoyal/Documents/CVPR 2026 Workshop/frames_full/Test/5100471047.jpg,ok
5100471049.avi,Test,510047,2,/Users/amangoyal/Documents/CVPR 2026 Workshop/frames_full/Test/5100471049.jpg,ok
5100471050.avi,Test,510047,3,/Users/amangoyal/Documents/CVPR 2026 Workshop/frames_full/Test/5100471050.jpg,ok
5100471051.avi,Test,510047,2,/Users/amangoyal/Documents/CVPR 2026 Workshop/frames_full/Test/5100471051.jpg,ok
5100471052.avi,Test,510047,2,/Users/amangoyal/Documents/CVPR 2026 Workshop/frames_full/Test/5100471052.jpg,ok
5100471054.avi,Test,510047,2,/Users/amangoyal/Documents/CVPR 2026 Workshop/frames_full/Test/5100471054.jpg,ok
5100471056.avi,Test,510047,2,/Users/amangoyal/Documents/CVPR 2026 Workshop/frames_full/Test/5100471056.jpg,ok
5100471057.avi,Test,510047,3,/Users/amangoyal/Documents/CVPR 2026 Workshop/frames_full/Test/5100471057.jpg,ok
5100471058.avi,Test,510047,2,/Users/amangoyal/Documents/CVPR 2026 Workshop/frames_full/Test/5100471058.jpg,ok
5100471059.avi,Test,510047,2,/Users/amangoyal/Documents/CVPR 2026 Workshop/frames_full/Test/5100471059.jpg,ok
5100471060.avi,Test,510047,2,/Users/amangoyal/Documents/CVPR 2026 Workshop/frames_full/Test/5100471060.jpg,ok
5100471062.avi,Test,510047,3,/Users/amangoyal/Documents/CVPR 2026 Workshop/frames_full/Test/5100471062.jpg,ok
5100471063.avi,Test,510047,3,/Users/amangoyal/Documents/CVPR 2026 Workshop/frames_full/Test/5100471063.jpg,ok
5100471065.avi,Test,510047,2,/Users/amangoyal/Documents/CVPR 2026 Workshop/frames_full/Test/5100471065.jpg,ok
5100471068.avi,Test,510047,2,/Users/amangoyal/Documents/CVPR 2026 Workshop/frames_full/Test/5100471068.jpg,ok
5100471069.avi,Test,510047,3,/Users/amangoyal/Documents/CVPR 2026 Workshop/frames_full/Test/5100471069.jpg,ok
5100471070.avi,Test,510047,2,/Users/amangoyal/Documents/CVPR 2026 Workshop/frames_full/Test/5100471070.jpg,ok
5100471072.avi,Test,510047,2,/Users/amangoyal/Documents/CVPR 2026 Workshop/frames_full/Test/5100471072.jpg,ok
5100471074.avi,Test,510047,2,/Users/amangoyal/Documents/CVPR 2026 Workshop/frames_full/Test/5100471074.jpg,ok
5100471075.avi,Test,510047,2,/Users/amangoyal/Documents/CVPR 2026 Workshop/frames_full/Test/5100471075.jpg,ok
5100471080.avi,Test,510047,2,/Users/amangoyal/Documents/CVPR 2026 Workshop/frames_full/Test/5100471080.jpg,ok
5100471081.avi,Test,510047,2,/Users/amangoyal/Documents/CVPR 2026 Workshop/frames_full/Test/5100471081.jpg,ok
5100472001.avi,Test,510047,1,/Users/amangoyal/Documents/CVPR 2026 Workshop/frames_full/Test/5100472001.jpg,ok
5100472002.avi,Test,510047,2,/Users/amangoyal/Documents/CVPR 2026 Workshop/frames_full/Test/5100472002.jpg,ok
5100472003.avi,Test,510047,2,/Users/amangoyal/Documents/CVPR 2026 Workshop/frames_full/Test/5100472003.jpg,ok
5100472004.avi,Test,510047,3,/Users/amangoyal/Documents/CVPR 2026 Workshop/frames_full/Test/5100472004.jpg,ok
5100472005.avi,Test,510047,2,/Users/amangoyal/Documents/CVPR 2026 Workshop/frames_full/Test/5100472005.jpg,ok
5100472007.avi,Test,510047,3,/Users/amangoyal/Documents/CVPR 2026 Workshop/frames_full/Test/5100472007.jpg,ok
5100472009.avi,Test,510047,3,/Users/amangoyal/Documents/CVPR 2026 Workshop/frames_full/Test/5100472009.jpg,ok
5100472010.avi,Test,510047,3,/Users/amangoyal/Documents/CVPR 2026 Workshop/frames_full/Test/5100472010.jpg,ok
5100472011.avi,Test,510047,2,/Users/amangoyal/Documents/CVPR 2026 Workshop/frames_full/Test/5100472011.jpg,ok
5100472012.avi,Test,510047,2,/Users/amangoyal/Documents/CVPR 2026 Workshop/frames_full/Test/5100472012.jpg,ok
5100472014.avi,Test,510047,2,/Users/amangoyal/Documents/CVPR 2026 Workshop/frames_full/Test/5100472014.jpg,ok
5100472019.avi,Test,510047,2,/Users/amangoyal/Documents/CVPR 2026 Workshop/frames_full/Test/5100472019.jpg,ok
5100472020.avi,Test,510047,3,/Users/amangoyal/Documents/CVPR 2026 Workshop/frames_full/Test/5100472020.jpg,ok
5100472021.avi,Test,510047,3,/Users/amangoyal/Documents/CVPR 2026 Workshop/frames_full/Test/5100472021.jpg,ok
5100472027.avi,Test,510047,3,/Users/amangoyal/Documents/CVPR 2026 Workshop/frames_full/Test/5100472027.jpg,ok
5100472030.avi,Test,510047,2,/Users/amangoyal/Documents/CVPR 2026 Workshop/frames_full/Test/5100472030.jpg,ok
5100472031.avi,Test,510047,2,/Users/amangoyal/Documents/CVPR 2026 Workshop/frames_full/Test/5100472031.jpg,ok
5100472032.avi,Test,510047,3,/Users/amangoyal/Documents/CVPR 2026 Workshop/frames_full/Test/5100472032.jpg,ok
5100472035.avi,Test,510047,2,/Users/amangoyal/Documents/CVPR 2026 Workshop/frames_full/Test/5100472035.jpg,ok
5100472039.avi,Test,510047,2,/Users/amangoyal/Documents/CVPR 2026 Workshop/frames_full/Test/5100472039.jpg,ok
5100472040.avi,Test,510047,2,/Users/amangoyal/Documents/CVPR 2026 Workshop/frames_full/Test/5100472040.jpg,ok
5100472041.avi,Test,510047,3,/Users/amangoyal/Documents/CVPR 2026 Workshop/frames_full/Test/5100472041.jpg,ok
5100472042.avi,Test,510047,2,/Users/amangoyal/Documents/CVPR 2026 Workshop/frames_full/Test/5100472042.jpg,ok
5100472044.avi,Test,510047,2,/Users/amangoyal/Documents/CVPR 2026 Workshop/frames_full/Test/5100472044.jpg,ok
5100472045.avi,Test,510047,3,/Users/amangoyal/Documents/CVPR 2026 Workshop/frames_full/Test/5100472045.jpg,ok
5100472047.avi,Test,510047,2,/Users/amangoyal/Documents/CVPR 2026 Workshop/frames_full/Test/5100472047.jpg,ok
5100472050.avi,Test,510047,2,/Users/amangoyal/Documents/CVPR 2026 Workshop/frames_full/Test/5100472050.jpg,ok
5100472052.avi,Test,510047,3,/Users/amangoyal/Documents/CVPR 2026 Workshop/frames_full/Test/5100472052.jpg,ok
5100472053.avi,Test,510047,2,/Users/amangoyal/Documents/CVPR 2026 Workshop/frames_full/Test/5100472053.jpg,ok
5100472054.avi,Test,510047,2,/Users/amangoyal/Documents/CVPR 2026 Workshop/frames_full/Test/5100472054.jpg,ok
5100472058.avi,Test,510047,1,/Users/amangoyal/Documents/CVPR 2026 Workshop/frames_full/Test/5100472058.jpg,ok
5100472060.avi,Test,510047,2,/Users/amangoyal/Documents/CVPR 2026 Workshop/frames_full/Test/5100472060.jpg,ok
5100472063.avi,Test,510047,2,/Users/amangoyal/Documents/CVPR 2026 Workshop/frames_full/Test/5100472063.jpg,ok
5100472064.avi,Test,510047,2,/Users/amangoyal/Documents/CVPR 2026 Workshop/frames_full/Test/5100472064.jpg,ok
5564630110.avi,Validation,556463,2,/Users/amangoyal/Documents/CVPR 2026 Workshop/frames_full/Validation/5564630110.jpg,ok
5564630112.avi,Validation,556463,2,/Users/amangoyal/Documents/CVPR 2026 Workshop/frames_full/Validation/5564630112.jpg,ok
5564630115.avi,Validation,556463,2,/Users/amangoyal/Documents/CVPR 2026 Workshop/frames_full/Validation/5564630115.jpg,ok
5564630117.avi,Validation,556463,3,/Users/amangoyal/Documents/CVPR 2026 Workshop/frames_full/Validation/5564630117.jpg,ok
556463012.avi,Validation,556463,3,/Users/amangoyal/Documents/CVPR 2026 Workshop/frames_full/Validation/556463012.jpg,ok
5564630121.avi,Validation,556463,3,/Users/amangoyal/Documents/CVPR 2026 Workshop/frames_full/Validation/5564630121.jpg,ok
5564630122.avi,Validation,556463,2,/Users/amangoyal/Documents/CVPR 2026 Workshop/frames_full/Validation/5564630122.jpg,ok
5564630123.avi,Validation,556463,3,/Users/amangoyal/Documents/CVPR 2026 Workshop/frames_full/Validation/5564630123.jpg,ok
5564630126.avi,Validation,556463,0,/Users/amangoyal/Documents/CVPR 2026 Workshop/frames_full/Validation/5564630126.jpg,ok
5564630127.avi,Validation,556463,3,/Users/amangoyal/Documents/CVPR 2026 Workshop/frames_full/Validation/5564630127.jpg,ok
5564630128.avi,Validation,556463,3,/Users/amangoyal/Documents/CVPR 2026 Workshop/frames_full/Validation/5564630128.jpg,ok
5564630129.avi,Validation,556463,3,/Users/amangoyal/Documents/CVPR 2026 Workshop/frames_full/Validation/5564630129.jpg,ok
556463013.avi,Validation,556463,3,/Users/amangoyal/Documents/CVPR 2026 Workshop/frames_full/Validation/556463013.jpg,ok
5564630130.avi,Validation,556463,2,/Users/amangoyal/Documents/CVPR 2026 Workshop/frames_full/Validation/5564630130.jpg,ok
5564630132.avi,Validation,556463,1,/Users/amangoyal/Documents/CVPR 2026 Workshop/frames_full/Validation/5564630132.jpg,ok
5564630133.avi,Validation,556463,2,/Users/amangoyal/Documents/CVPR 2026 Workshop/frames_full/Validation/5564630133.jpg,ok
5564630134.avi,Validation,556463,2,/Users/amangoyal/Documents/CVPR 2026 Workshop/frames_full/Validation/5564630134.jpg,ok
5564630135.avi,Validation,556463,3,/Users/amangoyal/Documents/CVPR 2026 Workshop/frames_full/Validation/5564630135.jpg,ok
5564630137.avi,Validation,556463,1,/Users/amangoyal/Documents/CVPR 2026 Workshop/frames_full/Validation/5564630137.jpg,ok
5564630138.avi,Validation,556463,1,/Users/amangoyal/Documents/CVPR 2026 Workshop/frames_full/Validation/5564630138.jpg,ok
5564630139.avi,Validation,556463,2,/Users/amangoyal/Documents/CVPR 2026 Workshop/frames_full/Validation/5564630139.jpg,ok
556463014.avi,Validation,556463,1,/Users/amangoyal/Documents/CVPR 2026 Workshop/frames_full/Validation/556463014.jpg,ok
5564630140.avi,Validation,556463,2,/Users/amangoyal/Documents/CVPR 2026 Workshop/frames_full/Validation/5564630140.jpg,ok
5564630141.avi,Validation,556463,1,/Users/amangoyal/Documents/CVPR 2026 Workshop/frames_full/Validation/5564630141.jpg,ok
5564630142.avi,Validation,556463,2,/Users/amangoyal/Documents/CVPR 2026 Workshop/frames_full/Validation/5564630142.jpg,ok
5564630143.avi,Validation,556463,2,/Users/amangoyal/Documents/CVPR 2026 Workshop/frames_full/Validation/5564630143.jpg,ok
5564630145.avi,Validation,556463,3,/Users/amangoyal/Documents/CVPR 2026 Workshop/frames_full/Validation/5564630145.jpg,ok
5564630147.avi,Validation,556463,2,/Users/amangoyal/Documents/CVPR 2026 Workshop/frames_full/Validation/5564630147.jpg,ok
5564630148.avi,Validation,556463,3,/Users/amangoyal/Documents/CVPR 2026 Workshop/frames_full/Validation/5564630148.jpg,ok
5564630149.avi,Validation,556463,2,/Users/amangoyal/Documents/CVPR 2026 Workshop/frames_full/Validation/5564630149.jpg,ok
5564630150.avi,Validation,556463,2,/Users/amangoyal/Documents/CVPR 2026 Workshop/frames_full/Validation/5564630150.jpg,ok
5564630152.avi,Validation,556463,2,/Users/amangoyal/Documents/CVPR 2026 Workshop/frames_full/Validation/5564630152.jpg,ok
5564630153.avi,Validation,556463,3,/Users/amangoyal/Documents/CVPR 2026 Workshop/frames_full/Validation/5564630153.jpg,ok
5564630154.avi,Validation,556463,1,/Users/amangoyal/Documents/CVPR 2026 Workshop/frames_full/Validation/5564630154.jpg,ok
5564630156.avi,Validation,556463,1,/Users/amangoyal/Documents/CVPR 2026 Workshop/frames_full/Validation/5564630156.jpg,ok
5564630157.avi,Validation,556463,3,/Users/amangoyal/Documents/CVPR 2026 Workshop/frames_full/Validation/5564630157.jpg,ok
5564630158.avi,Validation,556463,3,/Users/amangoyal/Documents/CVPR 2026 Workshop/frames_full/Validation/5564630158.jpg,ok
556463016.avi,Validation,556463,3,/Users/amangoyal/Documents/CVPR 2026 Workshop/frames_full/Validation/556463016.jpg,ok
5564630160.avi,Validation,556463,2,/Users/amangoyal/Documents/CVPR 2026 Workshop/frames_full/Validation/5564630160.jpg,ok
5564630161.avi,Validation,556463,2,/Users/amangoyal/Documents/CVPR 2026 Workshop/frames_full/Validation/5564630161.jpg,ok
5564630162.avi,Validation,556463,3,/Users/amangoyal/Documents/CVPR 2026 Workshop/frames_full/Validation/5564630162.jpg,ok
5564630163.avi,Validation,556463,3,/Users/amangoyal/Documents/CVPR 2026 Workshop/frames_full/Validation/5564630163.jpg,ok
5564630165.avi,Validation,556463,2,/Users/amangoyal/Documents/CVPR 2026 Workshop/frames_full/Validation/5564630165.jpg,ok
5564630166.avi,Validation,556463,2,/Users/amangoyal/Documents/CVPR 2026 Workshop/frames_full/Validation/5564630166.jpg,ok
5564630167.avi,Validation,556463,3,/Users/amangoyal/Documents/CVPR 2026 Workshop/frames_full/Validation/5564630167.jpg,ok
5564630168.avi,Validation,556463,1,/Users/amangoyal/Documents/CVPR 2026 Workshop/frames_full/Validation/5564630168.jpg,ok
556463018.avi,Validation,556463,3,/Users/amangoyal/Documents/CVPR 2026 Workshop/frames_full/Validation/556463018.jpg,ok
556463019.avi,Validation,556463,2,/Users/amangoyal/Documents/CVPR 2026 Workshop/frames_full/Validation/556463019.jpg,ok
5564630211.avi,Validation,556463,1,/Users/amangoyal/Documents/CVPR 2026 Workshop/frames_full/Validation/5564630211.jpg,ok
5564630212.avi,Validation,556463,2,/Users/amangoyal/Documents/CVPR 2026 Workshop/frames_full/Validation/5564630212.jpg,ok
5564630213.avi,Validation,556463,3,/Users/amangoyal/Documents/CVPR 2026 Workshop/frames_full/Validation/5564630213.jpg,ok
5564630215.avi,Validation,556463,2,/Users/amangoyal/Documents/CVPR 2026 Workshop/frames_full/Validation/5564630215.jpg,ok
5564630216.avi,Validation,556463,3,/Users/amangoyal/Documents/CVPR 2026 Workshop/frames_full/Validation/5564630216.jpg,ok
5564630217.avi,Validation,556463,3,/Users/amangoyal/Documents/CVPR 2026 Workshop/frames_full/Validation/5564630217.jpg,ok
5564630218.avi,Validation,556463,2,/Users/amangoyal/Documents/CVPR 2026 Workshop/frames_full/Validation/5564630218.jpg,ok
5564630219.avi,Validation,556463,2,/Users/amangoyal/Documents/CVPR 2026 Workshop/frames_full/Validation/5564630219.jpg,ok
556463022.avi,Validation,556463,1,/Users/amangoyal/Documents/CVPR 2026 Workshop/frames_full/Validation/556463022.jpg,ok
5564630221.avi,Validation,556463,3,/Users/amangoyal/Documents/CVPR 2026 Workshop/frames_full/Validation/5564630221.jpg,ok
5564630222.avi,Validation,556463,3,/Users/amangoyal/Documents/CVPR 2026 Workshop/frames_full/Validation/5564630222.jpg,ok
5564630226.avi,Validation,556463,1,/Users/amangoyal/Documents/CVPR 2026 Workshop/frames_full/Validation/5564630226.jpg,ok
5564630228.avi,Validation,556463,3,/Users/amangoyal/Documents/CVPR 2026 Workshop/frames_full/Validation/5564630228.jpg,ok
5564630229.avi,Validation,556463,3,/Users/amangoyal/Documents/CVPR 2026 Workshop/frames_full/Validation/5564630229.jpg,ok
5564630230.avi,Validation,556463,3,/Users/amangoyal/Documents/CVPR 2026 Workshop/frames_full/Validation/5564630230.jpg,ok
5564630232.avi,Validation,556463,2,/Users/amangoyal/Documents/CVPR 2026 Workshop/frames_full/Validation/5564630232.jpg,ok
5564630233.avi,Validation,556463,2,/Users/amangoyal/Documents/CVPR 2026 Workshop/frames_full/Validation/5564630233.jpg,ok
5564630234.avi,Validation,556463,3,/Users/amangoyal/Documents/CVPR 2026 Workshop/frames_full/Validation/5564630234.jpg,ok
5564630235.avi,Validation,556463,2,/Users/amangoyal/Documents/CVPR 2026 Workshop/frames_full/Validation/5564630235.jpg,ok
5564630236.avi,Validation,556463,3,/Users/amangoyal/Documents/CVPR 2026 Workshop/frames_full/Validation/5564630236.jpg,ok
5564630237.avi,Validation,556463,3,/Users/amangoyal/Documents/CVPR 2026 Workshop/frames_full/Validation/5564630237.jpg,ok
5564630238.avi,Validation,556463,1,/Users/amangoyal/Documents/CVPR 2026 Workshop/frames_full/Validation/5564630238.jpg,ok
556463024.avi,Validation,556463,3,/Users/amangoyal/Documents/CVPR 2026 Workshop/frames_full/Validation/556463024.jpg,ok
5564630240.avi,Validation,556463,2,/Users/amangoyal/Documents/CVPR 2026 Workshop/frames_full/Validation/5564630240.jpg,ok
5564630241.avi,Validation,556463,3,/Users/amangoyal/Documents/CVPR 2026 Workshop/frames_full/Validation/5564630241.jpg,ok
5564630247.avi,Validation,556463,3,/Users/amangoyal/Documents/CVPR 2026 Workshop/frames_full/Validation/5564630247.jpg,ok
5564630249.avi,Validation,556463,3,/Users/amangoyal/Documents/CVPR 2026 Workshop/frames_full/Validation/5564630249.jpg,ok
556463025.avi,Validation,556463,1,/Users/amangoyal/Documents/CVPR 2026 Workshop/frames_full/Validation/556463025.jpg,ok
5564630252.avi,Validation,556463,2,/Users/amangoyal/Documents/CVPR 2026 Workshop/frames_full/Validation/5564630252.jpg,ok
5564630253.avi,Validation,556463,3,/Users/amangoyal/Documents/CVPR 2026 Workshop/frames_full/Validation/5564630253.jpg,ok
5564630254.avi,Validation,556463,3,/Users/amangoyal/Documents/CVPR 2026 Workshop/frames_full/Validation/5564630254.jpg,ok
5564630256.avi,Validation,556463,2,/Users/amangoyal/Documents/CVPR 2026 Workshop/frames_full/Validation/5564630256.jpg,ok
5564630257.avi,Validation,556463,1,/Users/amangoyal/Documents/CVPR 2026 Workshop/frames_full/Validation/5564630257.jpg,ok
5564630258.avi,Validation,556463,3,/Users/amangoyal/Documents/CVPR 2026 Workshop/frames_full/Validation/5564630258.jpg,ok
556463026.avi,Validation,556463,2,/Users/amangoyal/Documents/CVPR 2026 Workshop/frames_full/Validation/556463026.jpg,ok
5564630261.avi,Validation,556463,3,/Users/amangoyal/Documents/CVPR 2026 Workshop/frames_full/Validation/5564630261.jpg,ok
5564630262.avi,Validation,556463,3,/Users/amangoyal/Documents/CVPR 2026 Workshop/frames_full/Validation/5564630262.jpg,ok
5564630264.avi,Validation,556463,2,/Users/amangoyal/Documents/CVPR 2026 Workshop/frames_full/Validation/5564630264.jpg,ok
5564630265.avi,Validation,556463,3,/Users/amangoyal/Documents/CVPR 2026 Workshop/frames_full/Validation/5564630265.jpg,ok
5564630269.avi,Validation,556463,2,/Users/amangoyal/Documents/CVPR 2026 Workshop/frames_full/Validation/5564630269.jpg,ok
556463027.avi,Validation,556463,3,/Users/amangoyal/Documents/CVPR 2026 Workshop/frames_full/Validation/556463027.jpg,ok
5564630273.avi,Validation,556463,2,/Users/amangoyal/Documents/CVPR 2026 Workshop/frames_full/Validation/5564630273.jpg,ok
5564630275.avi,Validation,556463,2,/Users/amangoyal/Documents/CVPR 2026 Workshop/frames_full/Validation/5564630275.jpg,ok
5564630276.avi,Validation,556463,3,/Users/amangoyal/Documents/CVPR 2026 Workshop/frames_full/Validation/5564630276.jpg,ok
556463028.avi,Validation,556463,2,/Users/amangoyal/Documents/CVPR 2026 Workshop/frames_full/Validation/556463028.jpg,ok
5564630281.avi,Validation,556463,3,/Users/amangoyal/Documents/CVPR 2026 Workshop/frames_full/Validation/5564630281.jpg,ok
556463029.avi,Validation,556463,2,/Users/amangoyal/Documents/CVPR 2026 Workshop/frames_full/Validation/556463029.jpg,ok
567496011.avi,Validation,567496,3,/Users/amangoyal/Documents/CVPR 2026 Workshop/frames_full/Validation/567496011.jpg,ok
5674960111.avi,Validation,567496,2,/Users/amangoyal/Documents/CVPR 2026 Workshop/frames_full/Validation/5674960111.jpg,ok
5674960114.avi,Validation,567496,3,/Users/amangoyal/Documents/CVPR 2026 Workshop/frames_full/Validation/5674960114.jpg,ok
5674960115.avi,Validation,567496,2,/Users/amangoyal/Documents/CVPR 2026 Workshop/frames_full/Validation/5674960115.jpg,ok
5674960116.avi,Validation,567496,3,/Users/amangoyal/Documents/CVPR 2026 Workshop/frames_full/Validation/5674960116.jpg,ok
5674960117.avi,Validation,567496,2,/Users/amangoyal/Documents/CVPR 2026 Workshop/frames_full/Validation/5674960117.jpg,ok
5674960118.avi,Validation,567496,2,/Users/amangoyal/Documents/CVPR 2026 Workshop/frames_full/Validation/5674960118.jpg,ok
5674960121.avi,Validation,567496,3,/Users/amangoyal/Documents/CVPR 2026 Workshop/frames_full/Validation/5674960121.jpg,ok
5674960123.avi,Validation,567496,3,/Users/amangoyal/Documents/CVPR 2026 Workshop/frames_full/Validation/5674960123.jpg,ok
5674960124.avi,Validation,567496,2,/Users/amangoyal/Documents/CVPR 2026 Workshop/frames_full/Validation/5674960124.jpg,ok
5674960125.avi,Validation,567496,3,/Users/amangoyal/Documents/CVPR 2026 Workshop/frames_full/Validation/5674960125.jpg,ok
5674960126.avi,Validation,567496,3,/Users/amangoyal/Documents/CVPR 2026 Workshop/frames_full/Validation/5674960126.jpg,ok
567496013.avi,Validation,567496,2,/Users/amangoyal/Documents/CVPR 2026 Workshop/frames_full/Validation/567496013.jpg,ok
5674960131.avi,Validation,567496,2,/Users/amangoyal/Documents/CVPR 2026 Workshop/frames_full/Validation/5674960131.jpg,ok
5674960132.avi,Validation,567496,3,/Users/amangoyal/Documents/CVPR 2026 Workshop/frames_full/Validation/5674960132.jpg,ok
5674960134.avi,Validation,567496,3,/Users/amangoyal/Documents/CVPR 2026 Workshop/frames_full/Validation/5674960134.jpg,ok
5674960136.avi,Validation,567496,2,/Users/amangoyal/Documents/CVPR 2026 Workshop/frames_full/Validation/5674960136.jpg,ok
5674960138.avi,Validation,567496,2,/Users/amangoyal/Documents/CVPR 2026 Workshop/frames_full/Validation/5674960138.jpg,ok
567496014.avi,Validation,567496,3,/Users/amangoyal/Documents/CVPR 2026 Workshop/frames_full/Validation/567496014.jpg,ok
5674960142.avi,Validation,567496,2,/Users/amangoyal/Documents/CVPR 2026 Workshop/frames_full/Validation/5674960142.jpg,ok
5674960144.avi,Validation,567496,3,/Users/amangoyal/Documents/CVPR 2026 Workshop/frames_full/Validation/5674960144.jpg,ok
5674960145.avi,Validation,567496,3,/Users/amangoyal/Documents/CVPR 2026 Workshop/frames_full/Validation/5674960145.jpg,ok
5674960146.avi,Validation,567496,3,/Users/amangoyal/Documents/CVPR 2026 Workshop/frames_full/Validation/5674960146.jpg,ok
5674960148.avi,Validation,567496,3,/Users/amangoyal/Documents/CVPR 2026 Workshop/frames_full/Validation/5674960148.jpg,ok
5674960151.avi,Validation,567496,3,/Users/amangoyal/Documents/CVPR 2026 Workshop/frames_full/Validation/5674960151.jpg,ok
5674960153.avi,Validation,567496,3,/Users/amangoyal/Documents/CVPR 2026 Workshop/frames_full/Validation/5674960153.jpg,ok
5674960154.avi,Validation,567496,3,/Users/amangoyal/Documents/CVPR 2026 Workshop/frames_full/Validation/5674960154.jpg,ok
5674960155.avi,Validation,567496,1,/Users/amangoyal/Documents/CVPR 2026 Workshop/frames_full/Validation/5674960155.jpg,ok
5674960156.avi,Validation,567496,2,/Users/amangoyal/Documents/CVPR 2026 Workshop/frames_full/Validation/5674960156.jpg,ok
5674960157.avi,Validation,567496,2,/Users/amangoyal/Documents/CVPR 2026 Workshop/frames_full/Validation/5674960157.jpg,ok
5674960158.avi,Validation,567496,2,/Users/amangoyal/Documents/CVPR 2026 Workshop/frames_full/Validation/5674960158.jpg,ok
5674960160.avi,Validation,567496,3,/Users/amangoyal/Documents/CVPR 2026 Workshop/frames_full/Validation/5674960160.jpg,ok
5674960161.avi,Validation,567496,2,/Users/amangoyal/Documents/CVPR 2026 Workshop/frames_full/Validation/5674960161.jpg,ok
5674960166.avi,Validation,567496,3,/Users/amangoyal/Documents/CVPR 2026 Workshop/frames_full/Validation/5674960166.jpg,ok
567496017.avi,Validation,567496,2,/Users/amangoyal/Documents/CVPR 2026 Workshop/frames_full/Validation/567496017.jpg,ok
5674960170.avi,Validation,567496,3,/Users/amangoyal/Documents/CVPR 2026 Workshop/frames_full/Validation/5674960170.jpg,ok
567496018.avi,Validation,567496,2,/Users/amangoyal/Documents/CVPR 2026 Workshop/frames_full/Validation/567496018.jpg,ok
567496019.avi,Validation,567496,3,/Users/amangoyal/Documents/CVPR 2026 Workshop/frames_full/Validation/567496019.jpg,ok
567496021.avi,Validation,567496,1,/Users/amangoyal/Documents/CVPR 2026 Workshop/frames_full/Validation/567496021.jpg,ok
5674960211.avi,Validation,567496,2,/Users/amangoyal/Documents/CVPR 2026 Workshop/frames_full/Validation/5674960211.jpg,ok
5674960215.avi,Validation,567496,3,/Users/amangoyal/Documents/CVPR 2026 Workshop/frames_full/Validation/5674960215.jpg,ok
5674960216.avi,Validation,567496,3,/Users/amangoyal/Documents/CVPR 2026 Workshop/frames_full/Validation/5674960216.jpg,ok
5674960219.avi,Validation,567496,3,/Users/amangoyal/Documents/CVPR 2026 Workshop/frames_full/Validation/5674960219.jpg,ok
567496022.avi,Validation,567496,1,/Users/amangoyal/Documents/CVPR 2026 Workshop/frames_full/Validation/567496022.jpg,ok
5674960220.avi,Validation,567496,3,/Users/amangoyal/Documents/CVPR 2026 Workshop/frames_full/Validation/5674960220.jpg,ok
5674960221.avi,Validation,567496,3,/Users/amangoyal/Documents/CVPR 2026 Workshop/frames_full/Validation/5674960221.jpg,ok
5674960222.avi,Validation,567496,1,/Users/amangoyal/Documents/CVPR 2026 Workshop/frames_full/Validation/5674960222.jpg,ok
5674960224.avi,Validation,567496,3,/Users/amangoyal/Documents/CVPR 2026 Workshop/frames_full/Validation/5674960224.jpg,ok
5674960225.avi,Validation,567496,0,/Users/amangoyal/Documents/CVPR 2026 Workshop/frames_full/Validation/5674960225.jpg,ok
5674960227.avi,Validation,567496,3,/Users/amangoyal/Documents/CVPR 2026 Workshop/frames_full/Validation/5674960227.jpg,ok
5674960228.avi,Validation,567496,3,/Users/amangoyal/Documents/CVPR 2026 Workshop/frames_full/Validation/5674960228.jpg,ok
5674960229.avi,Validation,567496,2,/Users/amangoyal/Documents/CVPR 2026 Workshop/frames_full/Validation/5674960229.jpg,ok
5674960230.avi,Validation,567496,3,/Users/amangoyal/Documents/CVPR 2026 Workshop/frames_full/Validation/5674960230.jpg,ok
5674960234.avi,Validation,567496,2,/Users/amangoyal/Documents/CVPR 2026 Workshop/frames_full/Validation/5674960234.jpg,ok
5674960235.avi,Validation,567496,2,/Users/amangoyal/Documents/CVPR 2026 Workshop/frames_full/Validation/5674960235.jpg,ok
567496024.avi,Validation,567496,2,/Users/amangoyal/Documents/CVPR 2026 Workshop/frames_full/Validation/567496024.jpg,ok
5674960242.avi,Validation,567496,2,/Users/amangoyal/Documents/CVPR 2026 Workshop/frames_full/Validation/5674960242.jpg,ok
5674960246.avi,Validation,567496,3,/Users/amangoyal/Documents/CVPR 2026 Workshop/frames_full/Validation/5674960246.jpg,ok
5674960249.avi,Validation,567496,2,/Users/amangoyal/Documents/CVPR 2026 Workshop/frames_full/Validation/5674960249.jpg,ok
5674960251.avi,Validation,567496,3,/Users/amangoyal/Documents/CVPR 2026 Workshop/frames_full/Validation/5674960251.jpg,ok
5674960252.avi,Validation,567496,2,/Users/amangoyal/Documents/CVPR 2026 Workshop/frames_full/Validation/5674960252.jpg,ok
5674960255.avi,Validation,567496,2,/Users/amangoyal/Documents/CVPR 2026 Workshop/frames_full/Validation/5674960255.jpg,ok
5674960257.avi,Validation,567496,2,/Users/amangoyal/Documents/CVPR 2026 Workshop/frames_full/Validation/5674960257.jpg,ok
567496026.avi,Validation,567496,3,/Users/amangoyal/Documents/CVPR 2026 Workshop/frames_full/Validation/567496026.jpg,ok
5674960261.avi,Validation,567496,2,/Users/amangoyal/Documents/CVPR 2026 Workshop/frames_full/Validation/5674960261.jpg,ok
5674960264.avi,Validation,567496,3,/Users/amangoyal/Documents/CVPR 2026 Workshop/frames_full/Validation/5674960264.jpg,ok
5674960268.avi,Validation,567496,3,/Users/amangoyal/Documents/CVPR 2026 Workshop/frames_full/Validation/5674960268.jpg,ok
5674960272.avi,Validation,567496,3,/Users/amangoyal/Documents/CVPR 2026 Workshop/frames_full/Validation/5674960272.jpg,ok
5674960273.avi,Validation,567496,2,/Users/amangoyal/Documents/CVPR 2026 Workshop/frames_full/Validation/5674960273.jpg,ok
5674960274.avi,Validation,567496,3,/Users/amangoyal/Documents/CVPR 2026 Workshop/frames_full/Validation/5674960274.jpg,ok
5674960275.avi,Validation,567496,3,/Users/amangoyal/Documents/CVPR 2026 Workshop/frames_full/Validation/5674960275.jpg,ok
5674960276.avi,Validation,567496,3,/Users/amangoyal/Documents/CVPR 2026 Workshop/frames_full/Validation/5674960276.jpg,ok
5674960277.avi,Validation,567496,3,/Users/amangoyal/Documents/CVPR 2026 Workshop/frames_full/Validation/5674960277.jpg,ok
5674960278.avi,Validation,567496,3,/Users/amangoyal/Documents/CVPR 2026 Workshop/frames_full/Validation/5674960278.jpg,ok
5674960279.avi,Validation,567496,3,/Users/amangoyal/Documents/CVPR 2026 Workshop/frames_full/Validation/5674960279.jpg,ok
567496028.avi,Validation,567496,2,/Users/amangoyal/Documents/CVPR 2026 Workshop/frames_full/Validation/567496028.jpg,ok
5674960281.avi,Validation,567496,3,/Users/amangoyal/Documents/CVPR 2026 Workshop/frames_full/Validation/5674960281.jpg,ok
5674960282.avi,Validation,567496,3,/Users/amangoyal/Documents/CVPR 2026 Workshop/frames_full/Validation/5674960282.jpg,ok
5674960283.avi,Validation,567496,0,/Users/amangoyal/Documents/CVPR 2026 Workshop/frames_full/Validation/5674960283.jpg,ok
567496029.avi,Validation,567496,3,/Users/amangoyal/Documents/CVPR 2026 Workshop/frames_full/Validation/567496029.jpg,ok
5912920111.avi,Validation,591292,2,/Users/amangoyal/Documents/CVPR 2026 Workshop/frames_full/Validation/5912920111.jpg,ok
5912920112.avi,Validation,591292,3,/Users/amangoyal/Documents/CVPR 2026 Workshop/frames_full/Validation/5912920112.jpg,ok
5912920113.avi,Validation,591292,3,/Users/amangoyal/Documents/CVPR 2026 Workshop/frames_full/Validation/5912920113.jpg,ok
5912920114.avi,Validation,591292,2,/Users/amangoyal/Documents/CVPR 2026 Workshop/frames_full/Validation/5912920114.jpg,ok
5912920119.avi,Validation,591292,3,/Users/amangoyal/Documents/CVPR 2026 Workshop/frames_full/Validation/5912920119.jpg,ok
5912920121.avi,Validation,591292,3,/Users/amangoyal/Documents/CVPR 2026 Workshop/frames_full/Validation/5912920121.jpg,ok
5912920123.avi,Validation,591292,3,/Users/amangoyal/Documents/CVPR 2026 Workshop/frames_full/Validation/5912920123.jpg,ok
5912920124.avi,Validation,591292,2,/Users/amangoyal/Documents/CVPR 2026 Workshop/frames_full/Validation/5912920124.jpg,ok
5912920125.avi,Validation,591292,2,/Users/amangoyal/Documents/CVPR 2026 Workshop/frames_full/Validation/5912920125.jpg,ok
5912920126.avi,Validation,591292,3,/Users/amangoyal/Documents/CVPR 2026 Workshop/frames_full/Validation/5912920126.jpg,ok
5912920127.avi,Validation,591292,3,/Users/amangoyal/Documents/CVPR 2026 Workshop/frames_full/Validation/5912920127.jpg,ok
5912920128.avi,Validation,591292,1,/Users/amangoyal/Documents/CVPR 2026 Workshop/frames_full/Validation/5912920128.jpg,ok
5912920129.avi,Validation,591292,2,/Users/amangoyal/Documents/CVPR 2026 Workshop/frames_full/Validation/5912920129.jpg,ok
5912920131.avi,Validation,591292,3,/Users/amangoyal/Documents/CVPR 2026 Workshop/frames_full/Validation/5912920131.jpg,ok
5912920133.avi,Validation,591292,2,/Users/amangoyal/Documents/CVPR 2026 Workshop/frames_full/Validation/5912920133.jpg,ok
5912920135.avi,Validation,591292,3,/Users/amangoyal/Documents/CVPR 2026 Workshop/frames_full/Validation/5912920135.jpg,ok
5912920137.avi,Validation,591292,3,/Users/amangoyal/Documents/CVPR 2026 Workshop/frames_full/Validation/5912920137.jpg,ok
5912920140.avi,Validation,591292,3,/Users/amangoyal/Documents/CVPR 2026 Workshop/frames_full/Validation/5912920140.jpg,ok
5912920142.avi,Validation,591292,3,/Users/amangoyal/Documents/CVPR 2026 Workshop/frames_full/Validation/5912920142.jpg,ok
5912920143.avi,Validation,591292,2,/Users/amangoyal/Documents/CVPR 2026 Workshop/frames_full/Validation/5912920143.jpg,ok
5912920145.avi,Validation,591292,2,/Users/amangoyal/Documents/CVPR 2026 Workshop/frames_full/Validation/5912920145.jpg,ok
5912920146.avi,Validation,591292,2,/Users/amangoyal/Documents/CVPR 2026 Workshop/frames_full/Validation/5912920146.jpg,ok
5912920147.avi,Validation,591292,3,/Users/amangoyal/Documents/CVPR 2026 Workshop/frames_full/Validation/5912920147.jpg,ok
5912920148.avi,Validation,591292,3,/Users/amangoyal/Documents/CVPR 2026 Workshop/frames_full/Validation/5912920148.jpg,ok
5912920149.avi,Validation,591292,2,/Users/amangoyal/Documents/CVPR 2026 Workshop/frames_full/Validation/5912920149.jpg,ok
591292015.avi,Validation,591292,3,/Users/amangoyal/Documents/CVPR 2026 Workshop/frames_full/Validation/591292015.jpg,ok
5912920151.avi,Validation,591292,3,/Users/amangoyal/Documents/CVPR 2026 Workshop/frames_full/Validation/5912920151.jpg,ok
5912920152.avi,Validation,591292,3,/Users/amangoyal/Documents/CVPR 2026 Workshop/frames_full/Validation/5912920152.jpg,ok
5912920154.avi,Validation,591292,3,/Users/amangoyal/Documents/CVPR 2026 Workshop/frames_full/Validation/5912920154.jpg,ok
5912920156.avi,Validation,591292,3,/Users/amangoyal/Documents/CVPR 2026 Workshop/frames_full/Validation/5912920156.jpg,ok
5912920158.avi,Validation,591292,3,/Users/amangoyal/Documents/CVPR 2026 Workshop/frames_full/Validation/5912920158.jpg,ok
5912920159.avi,Validation,591292,3,/Users/amangoyal/Documents/CVPR 2026 Workshop/frames_full/Validation/5912920159.jpg,ok
5912920160.avi,Validation,591292,3,/Users/amangoyal/Documents/CVPR 2026 Workshop/frames_full/Validation/5912920160.jpg,ok
5912920163.avi,Validation,591292,2,/Users/amangoyal/Documents/CVPR 2026 Workshop/frames_full/Validation/5912920163.jpg,ok
5912920167.avi,Validation,591292,2,/Users/amangoyal/Documents/CVPR 2026 Workshop/frames_full/Validation/5912920167.jpg,ok
5912920168.avi,Validation,591292,3,/Users/amangoyal/Documents/CVPR 2026 Workshop/frames_full/Validation/5912920168.jpg,ok
5912920169.avi,Validation,591292,2,/Users/amangoyal/Documents/CVPR 2026 Workshop/frames_full/Validation/5912920169.jpg,ok
5912920170.avi,Validation,591292,3,/Users/amangoyal/Documents/CVPR 2026 Workshop/frames_full/Validation/5912920170.jpg,ok
5912920171.avi,Validation,591292,3,/Users/amangoyal/Documents/CVPR 2026 Workshop/frames_full/Validation/5912920171.jpg,ok
5912920172.avi,Validation,591292,3,/Users/amangoyal/Documents/CVPR 2026 Workshop/frames_full/Validation/5912920172.jpg,ok
591292019.avi,Validation,591292,3,/Users/amangoyal/Documents/CVPR 2026 Workshop/frames_full/Validation/591292019.jpg,ok
591292021.avi,Validation,591292,3,/Users/amangoyal/Documents/CVPR 2026 Workshop/frames_full/Validation/591292021.jpg,ok
5912920211.avi,Validation,591292,3,/Users/amangoyal/Documents/CVPR 2026 Workshop/frames_full/Validation/5912920211.jpg,ok
5912920212.avi,Validation,591292,3,/Users/amangoyal/Documents/CVPR 2026 Workshop/frames_full/Validation/5912920212.jpg,ok
5912920213.avi,Validation,591292,3,/Users/amangoyal/Documents/CVPR 2026 Workshop/frames_full/Validation/5912920213.jpg,ok
5912920216.avi,Validation,591292,3,/Users/amangoyal/Documents/CVPR 2026 Workshop/frames_full/Validation/5912920216.jpg,ok
5912920217.avi,Validation,591292,2,/Users/amangoyal/Documents/CVPR 2026 Workshop/frames_full/Validation/5912920217.jpg,ok
5912920220.avi,Validation,591292,2,/Users/amangoyal/Documents/CVPR 2026 Workshop/frames_full/Validation/5912920220.jpg,ok
5912920222.avi,Validation,591292,3,/Users/amangoyal/Documents/CVPR 2026 Workshop/frames_full/Validation/5912920222.jpg,ok
5912920223.avi,Validation,591292,2,/Users/amangoyal/Documents/CVPR 2026 Workshop/frames_full/Validation/5912920223.jpg,ok
5912920225.avi,Validation,591292,3,/Users/amangoyal/Documents/CVPR 2026 Workshop/frames_full/Validation/5912920225.jpg,ok
5912920227.avi,Validation,591292,3,/Users/amangoyal/Documents/CVPR 2026 Workshop/frames_full/Validation/5912920227.jpg,ok
5912920228.avi,Validation,591292,2,/Users/amangoyal/Documents/CVPR 2026 Workshop/frames_full/Validation/5912920228.jpg,ok
5912920230.avi,Validation,591292,3,/Users/amangoyal/Documents/CVPR 2026 Workshop/frames_full/Validation/5912920230.jpg,ok
5912920231.avi,Validation,591292,3,/Users/amangoyal/Documents/CVPR 2026 Workshop/frames_full/Validation/5912920231.jpg,ok
5912920233.avi,Validation,591292,3,/Users/amangoyal/Documents/CVPR 2026 Workshop/frames_full/Validation/5912920233.jpg,ok
5912920234.avi,Validation,591292,2,/Users/amangoyal/Documents/CVPR 2026 Workshop/frames_full/Validation/5912920234.jpg,ok
5912920235.avi,Validation,591292,3,/Users/amangoyal/Documents/CVPR 2026 Workshop/frames_full/Validation/5912920235.jpg,ok
5912920236.avi,Validation,591292,3,/Users/amangoyal/Documents/CVPR 2026 Workshop/frames_full/Validation/5912920236.jpg,ok
5912920239.avi,Validation,591292,2,/Users/amangoyal/Documents/CVPR 2026 Workshop/frames_full/Validation/5912920239.jpg,ok
591292024.avi,Validation,591292,3,/Users/amangoyal/Documents/CVPR 2026 Workshop/frames_full/Validation/591292024.jpg,ok
5912920240.avi,Validation,591292,3,/Users/amangoyal/Documents/CVPR 2026 Workshop/frames_full/Validation/5912920240.jpg,ok
5912920241.avi,Validation,591292,3,/Users/amangoyal/Documents/CVPR 2026 Workshop/frames_full/Validation/5912920241.jpg,ok
5912920242.avi,Validation,591292,2,/Users/amangoyal/Documents/CVPR 2026 Workshop/frames_full/Validation/5912920242.jpg,ok
5912920243.avi,Validation,591292,2,/Users/amangoyal/Documents/CVPR 2026 Workshop/frames_full/Validation/5912920243.jpg,ok
5912920244.avi,Validation,591292,2,/Users/amangoyal/Documents/CVPR 2026 Workshop/frames_full/Validation/5912920244.jpg,ok
826412010.avi,Test,826412,3,/Users/amangoyal/Documents/CVPR 2026 Workshop/frames_full/Test/826412010.jpg,ok
8264120110.avi,Test,826412,2,/Users/amangoyal/Documents/CVPR 2026 Workshop/frames_full/Test/8264120110.jpg,ok
8264120111.avi,Test,826412,2,/Users/amangoyal/Documents/CVPR 2026 Workshop/frames_full/Test/8264120111.jpg,ok
8264120112.avi,Test,826412,2,/Users/amangoyal/Documents/CVPR 2026 Workshop/frames_full/Test/8264120112.jpg,ok
8264120113.avi,Test,826412,3,/Users/amangoyal/Documents/CVPR 2026 Workshop/frames_full/Test/8264120113.jpg,ok
8264120116.avi,Test,826412,1,/Users/amangoyal/Documents/CVPR 2026 Workshop/frames_full/Test/8264120116.jpg,ok
8264120117.avi,Test,826412,3,/Users/amangoyal/Documents/CVPR 2026 Workshop/frames_full/Test/8264120117.jpg,ok
8264120119.avi,Test,826412,3,/Users/amangoyal/Documents/CVPR 2026 Workshop/frames_full/Test/8264120119.jpg,ok
8264120120.avi,Test,826412,1,/Users/amangoyal/Documents/CVPR 2026 Workshop/frames_full/Test/8264120120.jpg,ok
8264120121.avi,Test,826412,2,/Users/amangoyal/Documents/CVPR 2026 Workshop/frames_full/Test/8264120121.jpg,ok
8264120122.avi,Test,826412,2,/Users/amangoyal/Documents/CVPR 2026 Workshop/frames_full/Test/8264120122.jpg,ok
8264120123.avi,Test,826412,1,/Users/amangoyal/Documents/CVPR 2026 Workshop/frames_full/Test/8264120123.jpg,ok
8264120124.avi,Test,826412,2,/Users/amangoyal/Documents/CVPR 2026 Workshop/frames_full/Test/8264120124.jpg,ok
8264120125.avi,Test,826412,2,/Users/amangoyal/Documents/CVPR 2026 Workshop/frames_full/Test/8264120125.jpg,ok
8264120126.avi,Test,826412,2,/Users/amangoyal/Documents/CVPR 2026 Workshop/frames_full/Test/8264120126.jpg,ok
8264120127.avi,Test,826412,1,/Users/amangoyal/Documents/CVPR 2026 Workshop/frames_full/Test/8264120127.jpg,ok
826412013.avi,Test,826412,1,/Users/amangoyal/Documents/CVPR 2026 Workshop/frames_full/Test/826412013.jpg,ok
8264120131.avi,Test,826412,2,/Users/amangoyal/Documents/CVPR 2026 Workshop/frames_full/Test/8264120131.jpg,ok
8264120132.avi,Test,826412,2,/Users/amangoyal/Documents/CVPR 2026 Workshop/frames_full/Test/8264120132.jpg,ok
8264120136.avi,Test,826412,2,/Users/amangoyal/Documents/CVPR 2026 Workshop/frames_full/Test/8264120136.jpg,ok
8264120139.avi,Test,826412,3,/Users/amangoyal/Documents/CVPR 2026 Workshop/frames_full/Test/8264120139.jpg,ok
8264120141.avi,Test,826412,2,/Users/amangoyal/Documents/CVPR 2026 Workshop/frames_full/Test/8264120141.jpg,ok
8264120144.avi,Test,826412,3,/Users/amangoyal/Documents/CVPR 2026 Workshop/frames_full/Test/8264120144.jpg,ok
8264120145.avi,Test,826412,3,/Users/amangoyal/Documents/CVPR 2026 Workshop/frames_full/Test/8264120145.jpg,ok
8264120146.avi,Test,826412,3,/Users/amangoyal/Documents/CVPR 2026 Workshop/frames_full/Test/8264120146.jpg,ok
8264120149.avi,Test,826412,2,/Users/amangoyal/Documents/CVPR 2026 Workshop/frames_full/Test/8264120149.jpg,ok
8264120150.avi,Test,826412,1,/Users/amangoyal/Documents/CVPR 2026 Workshop/frames_full/Test/8264120150.jpg,ok
8264120156.avi,Test,826412,1,/Users/amangoyal/Documents/CVPR 2026 Workshop/frames_full/Test/8264120156.jpg,ok
8264120157.avi,Test,826412,2,/Users/amangoyal/Documents/CVPR 2026 Workshop/frames_full/Test/8264120157.jpg,ok
8264120159.avi,Test,826412,2,/Users/amangoyal/Documents/CVPR 2026 Workshop/frames_full/Test/8264120159.jpg,ok
8264120165.avi,Test,826412,3,/Users/amangoyal/Documents/CVPR 2026 Workshop/frames_full/Test/8264120165.jpg,ok
8264120166.avi,Test,826412,3,/Users/amangoyal/Documents/CVPR 2026 Workshop/frames_full/Test/8264120166.jpg,ok
8264120169.avi,Test,826412,1,/Users/amangoyal/Documents/CVPR 2026 Workshop/frames_full/Test/8264120169.jpg,ok
826412017.avi,Test,826412,2,/Users/amangoyal/Documents/CVPR 2026 Workshop/frames_full/Test/826412017.jpg,ok
826412018.avi,Test,826412,2,/Users/amangoyal/Documents/CVPR 2026 Workshop/frames_full/Test/826412018.jpg,ok
826412019.avi,Test,826412,2,/Users/amangoyal/Documents/CVPR 2026 Workshop/frames_full/Test/826412019.jpg,ok
8264120210.avi,Test,826412,2,/Users/amangoyal/Documents/CVPR 2026 Workshop/frames_full/Test/8264120210.jpg,ok
8264120211.avi,Test,826412,1,/Users/amangoyal/Documents/CVPR 2026 Workshop/frames_full/Test/8264120211.jpg,ok
8264120213.avi,Test,826412,3,/Users/amangoyal/Documents/CVPR 2026 Workshop/frames_full/Test/8264120213.jpg,ok
8264120215.avi,Test,826412,3,/Users/amangoyal/Documents/CVPR 2026 Workshop/frames_full/Test/8264120215.jpg,ok
8264120216.avi,Test,826412,3,/Users/amangoyal/Documents/CVPR 2026 Workshop/frames_full/Test/8264120216.jpg,ok
8264120218.avi,Test,826412,3,/Users/amangoyal/Documents/CVPR 2026 Workshop/frames_full/Test/8264120218.jpg,ok
8264120219.avi,Test,826412,3,/Users/amangoyal/Documents/CVPR 2026 Workshop/frames_full/Test/8264120219.jpg,ok
8264120220.avi,Test,826412,2,/Users/amangoyal/Documents/CVPR 2026 Workshop/frames_full/Test/8264120220.jpg,ok
8264120221.avi,Test,826412,3,/Users/amangoyal/Documents/CVPR 2026 Workshop/frames_full/Test/8264120221.jpg,ok
8264120223.avi,Test,826412,2,/Users/amangoyal/Documents/CVPR 2026 Workshop/frames_full/Test/8264120223.jpg,ok
8264120224.avi,Test,826412,3,/Users/amangoyal/Documents/CVPR 2026 Workshop/frames_full/Test/8264120224.jpg,ok
8264120227.avi,Test,826412,3,/Users/amangoyal/Documents/CVPR 2026 Workshop/frames_full/Test/8264120227.jpg,ok
8264120228.avi,Test,826412,3,/Users/amangoyal/Documents/CVPR 2026 Workshop/frames_full/Test/8264120228.jpg,ok
8264120229.avi,Test,826412,2,/Users/amangoyal/Documents/CVPR 2026 Workshop/frames_full/Test/8264120229.jpg,ok
826412023.avi,Test,826412,3,/Users/amangoyal/Documents/CVPR 2026 Workshop/frames_full/Test/826412023.jpg,ok
8264120231.avi,Test,826412,1,/Users/amangoyal/Documents/CVPR 2026 Workshop/frames_full/Test/8264120231.jpg,ok
8264120232.avi,Test,826412,2,/Users/amangoyal/Documents/CVPR 2026 Workshop/frames_full/Test/8264120232.jpg,ok
8264120233.avi,Test,826412,3,/Users/amangoyal/Documents/CVPR 2026 Workshop/frames_full/Test/8264120233.jpg,ok
8264120234.avi,Test,826412,2,/Users/amangoyal/Documents/CVPR 2026 Workshop/frames_full/Test/8264120234.jpg,ok
8264120239.avi,Test,826412,1,/Users/amangoyal/Documents/CVPR 2026 Workshop/frames_full/Test/8264120239.jpg,ok
826412024.avi,Test,826412,3,/Users/amangoyal/Documents/CVPR 2026 Workshop/frames_full/Test/826412024.jpg,ok
8264120240.avi,Test,826412,0,/Users/amangoyal/Documents/CVPR 2026 Workshop/frames_full/Test/8264120240.jpg,ok
8264120241.avi,Test,826412,2,/Users/amangoyal/Documents/CVPR 2026 Workshop/frames_full/Test/8264120241.jpg,ok
8264120242.avi,Test,826412,2,/Users/amangoyal/Documents/CVPR 2026 Workshop/frames_full/Test/8264120242.jpg,ok
8264120243.avi,Test,826412,1,/Users/amangoyal/Documents/CVPR 2026 Workshop/frames_full/Test/8264120243.jpg,ok
8264120245.avi,Test,826412,2,/Users/amangoyal/Documents/CVPR 2026 Workshop/frames_full/Test/8264120245.jpg,ok
8264120247.avi,Test,826412,3,/Users/amangoyal/Documents/CVPR 2026 Workshop/frames_full/Test/8264120247.jpg,ok
8264120248.avi,Test,826412,2,/Users/amangoyal/Documents/CVPR 2026 Workshop/frames_full/Test/8264120248.jpg,ok
8264120249.avi,Test,826412,1,/Users/amangoyal/Documents/CVPR 2026 Workshop/frames_full/Test/8264120249.jpg,ok
826412025.avi,Test,826412,2,/Users/amangoyal/Documents/CVPR 2026 Workshop/frames_full/Test/826412025.jpg,ok
8264120254.avi,Test,826412,1,/Users/amangoyal/Documents/CVPR 2026 Workshop/frames_full/Test/8264120254.jpg,ok
8264120256.avi,Test,826412,1,/Users/amangoyal/Documents/CVPR 2026 Workshop/frames_full/Test/8264120256.jpg,ok
8264120257.avi,Test,826412,3,/Users/amangoyal/Documents/CVPR 2026 Workshop/frames_full/Test/8264120257.jpg,ok
8264120258.avi,Test,826412,2,/Users/amangoyal/Documents/CVPR 2026 Workshop/frames_full/Test/8264120258.jpg,ok
8264120261.avi,Test,826412,1,/Users/amangoyal/Documents/CVPR 2026 Workshop/frames_full/Test/8264120261.jpg,ok
8264120262.avi,Test,826412,1,/Users/amangoyal/Documents/CVPR 2026 Workshop/frames_full/Test/8264120262.jpg,ok
8264120263.avi,Test,826412,1,/Users/amangoyal/Documents/CVPR 2026 Workshop/frames_full/Test/8264120263.jpg,ok
8264120265.avi,Test,826412,1,/Users/amangoyal/Documents/CVPR 2026 Workshop/frames_full/Test/8264120265.jpg,ok
8264120266.avi,Test,826412,1,/Users/amangoyal/Documents/CVPR 2026 Workshop/frames_full/Test/8264120266.jpg,ok
8264120268.avi,Test,826412,3,/Users/amangoyal/Documents/CVPR 2026 Workshop/frames_full/Test/8264120268.jpg,ok
8264120269.avi,Test,826412,1,/Users/amangoyal/Documents/CVPR 2026 Workshop/frames_full/Test/8264120269.jpg,ok
826412027.avi,Test,826412,2,/Users/amangoyal/Documents/CVPR 2026 Workshop/frames_full/Test/826412027.jpg,ok
8264120274.avi,Test,826412,3,/Users/amangoyal/Documents/CVPR 2026 Workshop/frames_full/Test/8264120274.jpg,ok
8264120275.avi,Test,826412,3,/Users/amangoyal/Documents/CVPR 2026 Workshop/frames_full/Test/8264120275.jpg,ok
8264120279.avi,Test,826412,1,/Users/amangoyal/Documents/CVPR 2026 Workshop/frames_full/Test/8264120279.jpg,ok
8264120280.avi,Test,826412,2,/Users/amangoyal/Documents/CVPR 2026 Workshop/frames_full/Test/8264120280.jpg,ok
8264120282.avi,Test,826412,1,/Users/amangoyal/Documents/CVPR 2026 Workshop/frames_full/Test/8264120282.jpg,ok
8264120284.avi,Test,826412,1,/Users/amangoyal/Documents/CVPR 2026 Workshop/frames_full/Test/8264120284.jpg,ok
88265401100.mp4,Test,882654,3,/Users/amangoyal/Documents/CVPR 2026 Workshop/frames_full/Test/88265401100.jpg,ok
88265401130.mp4,Test,882654,3,/Users/amangoyal/Documents/CVPR 2026 Workshop/frames_full/Test/88265401130.jpg,ok
88265401140.mp4,Test,882654,3,/Users/amangoyal/Documents/CVPR 2026 Workshop/frames_full/Test/88265401140.jpg,ok
88265401150.mp4,Test,882654,3,/Users/amangoyal/Documents/CVPR 2026 Workshop/frames_full/Test/88265401150.jpg,ok
88265401160.mp4,Test,882654,3,/Users/amangoyal/Documents/CVPR 2026 Workshop/frames_full/Test/88265401160.jpg,ok
88265401170.mp4,Test,882654,2,/Users/amangoyal/Documents/CVPR 2026 Workshop/frames_full/Test/88265401170.jpg,ok
88265401190.mp4,Test,882654,3,/Users/amangoyal/Documents/CVPR 2026 Workshop/frames_full/Test/88265401190.jpg,ok
8826540120.mp4,Test,882654,3,/Users/amangoyal/Documents/CVPR 2026 Workshop/frames_full/Test/8826540120.jpg,ok
88265401200.mp4,Test,882654,2,/Users/amangoyal/Documents/CVPR 2026 Workshop/frames_full/Test/88265401200.jpg,ok
88265401240.mp4,Test,882654,3,/Users/amangoyal/Documents/CVPR 2026 Workshop/frames_full/Test/88265401240.jpg,ok
88265401260.mp4,Test,882654,3,/Users/amangoyal/Documents/CVPR 2026 Workshop/frames_full/Test/88265401260.jpg,ok
88265401270.mp4,Test,882654,3,/Users/amangoyal/Documents/CVPR 2026 Workshop/frames_full/Test/88265401270.jpg,ok
88265401280.mp4,Test,882654,3,/Users/amangoyal/Documents/CVPR 2026 Workshop/frames_full/Test/88265401280.jpg,ok
88265401300.mp4,Test,882654,3,/Users/amangoyal/Documents/CVPR 2026 Workshop/frames_full/Test/88265401300.jpg,ok
88265401320.mp4,Test,882654,3,/Users/amangoyal/Documents/CVPR 2026 Workshop/frames_full/Test/88265401320.jpg,ok
88265401350.mp4,Test,882654,3,/Users/amangoyal/Documents/CVPR 2026 Workshop/frames_full/Test/88265401350.jpg,ok
88265401360.mp4,Test,882654,3,/Users/amangoyal/Documents/CVPR 2026 Workshop/frames_full/Test/88265401360.jpg,ok
88265401380.mp4,Test,882654,3,/Users/amangoyal/Documents/CVPR 2026 Workshop/frames_full/Test/88265401380.jpg,ok
88265401390.mp4,Test,882654,3,/Users/amangoyal/Documents/CVPR 2026 Workshop/frames_full/Test/88265401390.jpg,ok
88265401400.mp4,Test,882654,3,/Users/amangoyal/Documents/CVPR 2026 Workshop/frames_full/Test/88265401400.jpg,ok
88265401410.mp4,Test,882654,3,/Users/amangoyal/Documents/CVPR 2026 Workshop/frames_full/Test/88265401410.jpg,ok
88265401420.mp4,Test,882654,2,/Users/amangoyal/Documents/CVPR 2026 Workshop/frames_full/Test/88265401420.jpg,ok
88265401430.mp4,Test,882654,3,/Users/amangoyal/Documents/CVPR 2026 Workshop/frames_full/Test/88265401430.jpg,ok
88265401450.mp4,Test,882654,3,/Users/amangoyal/Documents/CVPR 2026 Workshop/frames_full/Test/88265401450.jpg,ok
88265401470.mp4,Test,882654,2,/Users/amangoyal/Documents/CVPR 2026 Workshop/frames_full/Test/88265401470.jpg,ok
88265401480.mp4,Test,882654,3,/Users/amangoyal/Documents/CVPR 2026 Workshop/frames_full/Test/88265401480.jpg,ok
88265401490.mp4,Test,882654,3,/Users/amangoyal/Documents/CVPR 2026 Workshop/frames_full/Test/88265401490.jpg,ok
8826540150.mp4,Test,882654,3,/Users/amangoyal/Documents/CVPR 2026 Workshop/frames_full/Test/8826540150.jpg,ok
88265401520.mp4,Test,882654,3,/Users/amangoyal/Documents/CVPR 2026 Workshop/frames_full/Test/88265401520.jpg,ok
88265401550.mp4,Test,882654,3,/Users/amangoyal/Documents/CVPR 2026 Workshop/frames_full/Test/88265401550.jpg,ok
88265401630.mp4,Test,882654,2,/Users/amangoyal/Documents/CVPR 2026 Workshop/frames_full/Test/88265401630.jpg,ok
88265401640.mp4,Test,882654,2,/Users/amangoyal/Documents/CVPR 2026 Workshop/frames_full/Test/88265401640.jpg,ok
88265401660.mp4,Test,882654,3,/Users/amangoyal/Documents/CVPR 2026 Workshop/frames_full/Test/88265401660.jpg,ok
88265401690.mp4,Test,882654,3,/Users/amangoyal/Documents/CVPR 2026 Workshop/frames_full/Test/88265401690.jpg,ok
8826540170.mp4,Test,882654,3,/Users/amangoyal/Documents/CVPR 2026 Workshop/frames_full/Test/8826540170.jpg,ok
88265401730.mp4,Test,882654,3,/Users/amangoyal/Documents/CVPR 2026 Workshop/frames_full/Test/88265401730.jpg,ok
88265401740.mp4,Test,882654,3,/Users/amangoyal/Documents/CVPR 2026 Workshop/frames_full/Test/88265401740.jpg,ok
88265401750.mp4,Test,882654,1,/Users/amangoyal/Documents/CVPR 2026 Workshop/frames_full/Test/88265401750.jpg,ok
8826540180.mp4,Test,882654,3,/Users/amangoyal/Documents/CVPR 2026 Workshop/frames_full/Test/8826540180.jpg,ok
88265402120.mp4,Test,882654,3,/Users/amangoyal/Documents/CVPR 2026 Workshop/frames_full/Test/88265402120.jpg,ok
88265402150.mp4,Test,882654,3,/Users/amangoyal/Documents/CVPR 2026 Workshop/frames_full/Test/88265402150.jpg,ok
88265402160.mp4,Test,882654,2,/Users/amangoyal/Documents/CVPR 2026 Workshop/frames_full/Test/88265402160.jpg,ok
88265402170.mp4,Test,882654,3,/Users/amangoyal/Documents/CVPR 2026 Workshop/frames_full/Test/88265402170.jpg,ok
88265402180.mp4,Test,882654,2,/Users/amangoyal/Documents/CVPR 2026 Workshop/frames_full/Test/88265402180.jpg,ok
88265402190.mp4,Test,882654,3,/Users/amangoyal/Documents/CVPR 2026 Workshop/frames_full/Test/88265402190.jpg,ok
88265402200.mp4,Test,882654,3,/Users/amangoyal/Documents/CVPR 2026 Workshop/frames_full/Test/88265402200.jpg,ok
88265402230.mp4,Test,882654,2,/Users/amangoyal/Documents/CVPR 2026 Workshop/frames_full/Test/88265402230.jpg,ok
88265402240.mp4,Test,882654,2,/Users/amangoyal/Documents/CVPR 2026 Workshop/frames_full/Test/88265402240.jpg,ok
88265402270.mp4,Test,882654,2,/Users/amangoyal/Documents/CVPR 2026 Workshop/frames_full/Test/88265402270.jpg,ok
8826540230.mp4,Test,882654,3,/Users/amangoyal/Documents/CVPR 2026 Workshop/frames_full/Test/8826540230.jpg,ok
88265402300.mp4,Test,882654,3,/Users/amangoyal/Documents/CVPR 2026 Workshop/frames_full/Test/88265402300.jpg,ok
88265402310.mp4,Test,882654,3,/Users/amangoyal/Documents/CVPR 2026 Workshop/frames_full/Test/88265402310.jpg,ok
88265402320.mp4,Test,882654,2,/Users/amangoyal/Documents/CVPR 2026 Workshop/frames_full/Test/88265402320.jpg,ok
88265402330.mp4,Test,882654,3,/Users/amangoyal/Documents/CVPR 2026 Workshop/frames_full/Test/88265402330.jpg,ok
88265402340.mp4,Test,882654,2,/Users/amangoyal/Documents/CVPR 2026 Workshop/frames_full/Test/88265402340.jpg,ok
88265402350.mp4,Test,882654,3,/Users/amangoyal/Documents/CVPR 2026 Workshop/frames_full/Test/88265402350.jpg,ok
88265402370.mp4,Test,882654,3,/Users/amangoyal/Documents/CVPR 2026 Workshop/frames_full/Test/88265402370.jpg,ok
88265402380.mp4,Test,882654,3,/Users/amangoyal/Documents/CVPR 2026 Workshop/frames_full/Test/88265402380.jpg,ok
8826540240.mp4,Test,882654,3,/Users/amangoyal/Documents/CVPR 2026 Workshop/frames_full/Test/8826540240.jpg,ok
88265402400.mp4,Test,882654,2,/Users/amangoyal/Documents/CVPR 2026 Workshop/frames_full/Test/88265402400.jpg,ok
88265402420.mp4,Test,882654,3,/Users/amangoyal/Documents/CVPR 2026 Workshop/frames_full/Test/88265402420.jpg,ok
88265402440.mp4,Test,882654,2,/Users/amangoyal/Documents/CVPR 2026 Workshop/frames_full/Test/88265402440.jpg,ok
88265402450.mp4,Test,882654,3,/Users/amangoyal/Documents/CVPR 2026 Workshop/frames_full/Test/88265402450.jpg,ok
88265402480.mp4,Test,882654,2,/Users/amangoyal/Documents/CVPR 2026 Workshop/frames_full/Test/88265402480.jpg,ok
88265402490.mp4,Test,882654,3,/Users/amangoyal/Documents/CVPR 2026 Workshop/frames_full/Test/88265402490.jpg,ok
88265402500.mp4,Test,882654,3,/Users/amangoyal/Documents/CVPR 2026 Workshop/frames_full/Test/88265402500.jpg,ok
88265402520.mp4,Test,882654,3,/Users/amangoyal/Documents/CVPR 2026 Workshop/frames_full/Test/88265402520.jpg,ok
88265402540.mp4,Test,882654,2,/Users/amangoyal/Documents/CVPR 2026 Workshop/frames_full/Test/88265402540.jpg,ok
88265402570.mp4,Test,882654,2,/Users/amangoyal/Documents/CVPR 2026 Workshop/frames_full/Test/88265402570.jpg,ok
88265402580.mp4,Test,882654,3,/Users/amangoyal/Documents/CVPR 2026 Workshop/frames_full/Test/88265402580.jpg,ok
88265402590.mp4,Test,882654,3,/Users/amangoyal/Documents/CVPR 2026 Workshop/frames_full/Test/88265402590.jpg,ok
8826540260.mp4,Test,882654,2,/Users/amangoyal/Documents/CVPR 2026 Workshop/frames_full/Test/8826540260.jpg,ok
88265402600.mp4,Test,882654,2,/Users/amangoyal/Documents/CVPR 2026 Workshop/frames_full/Test/88265402600.jpg,ok
88265402630.mp4,Test,882654,3,/Users/amangoyal/Documents/CVPR 2026 Workshop/frames_full/Test/88265402630.jpg,ok
88265402660.mp4,Test,882654,3,/Users/amangoyal/Documents/CVPR 2026 Workshop/frames_full/Test/88265402660.jpg,ok
88265402690.mp4,Test,882654,3,/Users/amangoyal/Documents/CVPR 2026 Workshop/frames_full/Test/88265402690.jpg,ok
8826540270.mp4,Test,882654,3,/Users/amangoyal/Documents/CVPR 2026 Workshop/frames_full/Test/8826540270.jpg,ok
88265402700.mp4,Test,882654,3,/Users/amangoyal/Documents/CVPR 2026 Workshop/frames_full/Test/88265402700.jpg,ok
88265402770.mp4,Test,882654,3,/Users/amangoyal/Documents/CVPR 2026 Workshop/frames_full/Test/88265402770.jpg,ok
88265402780.mp4,Test,882654,3,/Users/amangoyal/Documents/CVPR 2026 Workshop/frames_full/Test/88265402780.jpg,ok
88265402790.mp4,Test,882654,2,/Users/amangoyal/Documents/CVPR 2026 Workshop/frames_full/Test/88265402790.jpg,ok
8826540280.mp4,Test,882654,2,/Users/amangoyal/Documents/CVPR 2026 Workshop/frames_full/Test/8826540280.jpg,ok
88265402800.mp4,Test,882654,3,/Users/amangoyal/Documents/CVPR 2026 Workshop/frames_full/Test/88265402800.jpg,ok
88265402810.mp4,Test,882654,3,/Users/amangoyal/Documents/CVPR 2026 Workshop/frames_full/Test/88265402810.jpg,ok
88265402820.mp4,Test,882654,3,/Users/amangoyal/Documents/CVPR 2026 Workshop/frames_full/Test/88265402820.jpg,ok
88265402840.mp4,Test,882654,3,/Users/amangoyal/Documents/CVPR 2026 Workshop/frames_full/Test/88265402840.jpg,ok
88265402850.mp4,Test,882654,3,/Users/amangoyal/Documents/CVPR 2026 Workshop/frames_full/Test/88265402850.jpg,ok
88265402880.mp4,Test,882654,2,/Users/amangoyal/Documents/CVPR 2026 Workshop/frames_full/Test/88265402880.jpg,ok
88265402890.mp4,Test,882654,3,/Users/amangoyal/Documents/CVPR 2026 Workshop/frames_full/Test/88265402890.jpg,ok
8826540290.mp4,Test,882654,3,/Users/amangoyal/Documents/CVPR 2026 Workshop/frames_full/Test/8826540290.jpg,ok
88265402900.mp4,Test,882654,3,/Users/amangoyal/Documents/CVPR 2026 Workshop/frames_full/Test/88265402900.jpg,ok
907001100.mp4,Test,907001,3,/Users/amangoyal/Documents/CVPR 2026 Workshop/frames_full/Test/907001100.jpg,ok
9070011010.mp4,Test,907001,2,/Users/amangoyal/Documents/CVPR 2026 Workshop/frames_full/Test/9070011010.jpg,ok
9070011020.mp4,Test,907001,3,/Users/amangoyal/Documents/CVPR 2026 Workshop/frames_full/Test/9070011020.jpg,ok
9070011060.mp4,Test,907001,3,/Users/amangoyal/Documents/CVPR 2026 Workshop/frames_full/Test/9070011060.jpg,ok
9070011090.mp4,Test,907001,2,/Users/amangoyal/Documents/CVPR 2026 Workshop/frames_full/Test/9070011090.jpg,ok
907001110.mp4,Test,907001,3,/Users/amangoyal/Documents/CVPR 2026 Workshop/frames_full/Test/907001110.jpg,ok
9070011110.mp4,Test,907001,3,/Users/amangoyal/Documents/CVPR 2026 Workshop/frames_full/Test/9070011110.jpg,ok
907001120.mp4,Test,907001,2,/Users/amangoyal/Documents/CVPR 2026 Workshop/frames_full/Test/907001120.jpg,ok
907001150.mp4,Test,907001,3,/Users/amangoyal/Documents/CVPR 2026 Workshop/frames_full/Test/907001150.jpg,ok
907001160.mp4,Test,907001,2,/Users/amangoyal/Documents/CVPR 2026 Workshop/frames_full/Test/907001160.jpg,ok
907001170.mp4,Test,907001,3,/Users/amangoyal/Documents/CVPR 2026 Workshop/frames_full/Test/907001170.jpg,ok
907001180.mp4,Test,907001,3,/Users/amangoyal/Documents/CVPR 2026 Workshop/frames_full/Test/907001180.jpg,ok
907001210.mp4,Test,907001,3,/Users/amangoyal/Documents/CVPR 2026 Workshop/frames_full/Test/907001210.jpg,ok
907001220.mp4,Test,907001,3,/Users/amangoyal/Documents/CVPR 2026 Workshop/frames_full/Test/907001220.jpg,ok
907001240.mp4,Test,907001,3,/Users/amangoyal/Documents/CVPR 2026 Workshop/frames_full/Test/907001240.jpg,ok
907001270.mp4,Test,907001,2,/Users/amangoyal/Documents/CVPR 2026 Workshop/frames_full/Test/907001270.jpg,ok
907001280.mp4,Test,907001,3,/Users/amangoyal/Documents/CVPR 2026 Workshop/frames_full/Test/907001280.jpg,ok
907001310.mp4,Test,907001,3,/Users/amangoyal/Documents/CVPR 2026 Workshop/frames_full/Test/907001310.jpg,ok
907001340.mp4,Test,907001,3,/Users/amangoyal/Documents/CVPR 2026 Workshop/frames_full/Test/907001340.jpg,ok
907001350.mp4,Test,907001,3,/Users/amangoyal/Documents/CVPR 2026 Workshop/frames_full/Test/907001350.jpg,ok
907001360.mp4,Test,907001,3,/Users/amangoyal/Documents/CVPR 2026 Workshop/frames_full/Test/907001360.jpg,ok
907001370.mp4,Test,907001,3,/Users/amangoyal/Documents/CVPR 2026 Workshop/frames_full/Test/907001370.jpg,ok
907001400.mp4,Test,907001,3,/Users/amangoyal/Documents/CVPR 2026 Workshop/frames_full/Test/907001400.jpg,ok
907001430.mp4,Test,907001,2,/Users/amangoyal/Documents/CVPR 2026 Workshop/frames_full/Test/907001430.jpg,ok
907001450.mp4,Test,907001,3,/Users/amangoyal/Documents/CVPR 2026 Workshop/frames_full/Test/907001450.jpg,ok
907001480.mp4,Test,907001,1,/Users/amangoyal/Documents/CVPR 2026 Workshop/frames_full/Test/907001480.jpg,ok
907001490.mp4,Test,907001,3,/Users/amangoyal/Documents/CVPR 2026 Workshop/frames_full/Test/907001490.jpg,ok
90700150.mp4,Test,907001,3,/Users/amangoyal/Documents/CVPR 2026 Workshop/frames_full/Test/90700150.jpg,ok
907001500.mp4,Test,907001,3,/Users/amangoyal/Documents/CVPR 2026 Workshop/frames_full/Test/907001500.jpg,ok
907001520.mp4,Test,907001,3,/Users/amangoyal/Documents/CVPR 2026 Workshop/frames_full/Test/907001520.jpg,ok
907001550.mp4,Test,907001,3,/Users/amangoyal/Documents/CVPR 2026 Workshop/frames_full/Test/907001550.jpg,ok
907001560.mp4,Test,907001,2,/Users/amangoyal/Documents/CVPR 2026 Workshop/frames_full/Test/907001560.jpg,ok
907001570.mp4,Test,907001,3,/Users/amangoyal/Documents/CVPR 2026 Workshop/frames_full/Test/907001570.jpg,ok
907001580.mp4,Test,907001,3,/Users/amangoyal/Documents/CVPR 2026 Workshop/frames_full/Test/907001580.jpg,ok
90700160.mp4,Test,907001,3,/Users/amangoyal/Documents/CVPR 2026 Workshop/frames_full/Test/90700160.jpg,ok
907001600.mp4,Test,907001,3,/Users/amangoyal/Documents/CVPR 2026 Workshop/frames_full/Test/907001600.jpg,ok
907001620.mp4,Test,907001,3,/Users/amangoyal/Documents/CVPR 2026 Workshop/frames_full/Test/907001620.jpg,ok
907001650.mp4,Test,907001,2,/Users/amangoyal/Documents/CVPR 2026 Workshop/frames_full/Test/907001650.jpg,ok
907001670.mp4,Test,907001,3,/Users/amangoyal/Documents/CVPR 2026 Workshop/frames_full/Test/907001670.jpg,ok
907001680.mp4,Test,907001,3,/Users/amangoyal/Documents/CVPR 2026 Workshop/frames_full/Test/907001680.jpg,ok
90700170.mp4,Test,907001,3,/Users/amangoyal/Documents/CVPR 2026 Workshop/frames_full/Test/90700170.jpg,ok
907001730.mp4,Test,907001,3,/Users/amangoyal/Documents/CVPR 2026 Workshop/frames_full/Test/907001730.jpg,ok
907001740.mp4,Test,907001,2,/Users/amangoyal/Documents/CVPR 2026 Workshop/frames_full/Test/907001740.jpg,ok
907001780.mp4,Test,907001,3,/Users/amangoyal/Documents/CVPR 2026 Workshop/frames_full/Test/907001780.jpg,ok
907001790.mp4,Test,907001,3,/Users/amangoyal/Documents/CVPR 2026 Workshop/frames_full/Test/907001790.jpg,ok
90700180.mp4,Test,907001,3,/Users/amangoyal/Documents/CVPR 2026 Workshop/frames_full/Test/90700180.jpg,ok
907001820.mp4,Test,907001,3,/Users/amangoyal/Documents/CVPR 2026 Workshop/frames_full/Test/907001820.jpg,ok
907001840.mp4,Test,907001,3,/Users/amangoyal/Documents/CVPR 2026 Workshop/frames_full/Test/907001840.jpg,ok
907001850.mp4,Test,907001,3,/Users/amangoyal/Documents/CVPR 2026 Workshop/frames_full/Test/907001850.jpg,ok
907001860.mp4,Test,907001,3,/Users/amangoyal/Documents/CVPR 2026 Workshop/frames_full/Test/907001860.jpg,ok
90700190.mp4,Test,907001,3,/Users/amangoyal/Documents/CVPR 2026 Workshop/frames_full/Test/90700190.jpg,ok
907001910.mp4,Test,907001,2,/Users/amangoyal/Documents/CVPR 2026 Workshop/frames_full/Test/907001910.jpg,ok
907001940.mp4,Test,907001,3,/Users/amangoyal/Documents/CVPR 2026 Workshop/frames_full/Test/907001940.jpg,ok
907001950.mp4,Test,907001,1,/Users/amangoyal/Documents/CVPR 2026 Workshop/frames_full/Test/907001950.jpg,ok
907001970.mp4,Test,907001,3,/Users/amangoyal/Documents/CVPR 2026 Workshop/frames_full/Test/907001970.jpg,ok
9289010111.avi,Test,928901,2,/Users/amangoyal/Documents/CVPR 2026 Workshop/frames_full/Test/9289010111.jpg,ok
9289010112.avi,Test,928901,2,/Users/amangoyal/Documents/CVPR 2026 Workshop/frames_full/Test/9289010112.jpg,ok
9289010113.avi,Test,928901,2,/Users/amangoyal/Documents/CVPR 2026 Workshop/frames_full/Test/9289010113.jpg,ok
9289010114.avi,Test,928901,1,/Users/amangoyal/Documents/CVPR 2026 Workshop/frames_full/Test/9289010114.jpg,ok
9289010115.avi,Test,928901,3,/Users/amangoyal/Documents/CVPR 2026 Workshop/frames_full/Test/9289010115.jpg,ok
9289010117.avi,Test,928901,3,/Users/amangoyal/Documents/CVPR 2026 Workshop/frames_full/Test/9289010117.jpg,ok
9289010118.avi,Test,928901,3,/Users/amangoyal/Documents/CVPR 2026 Workshop/frames_full/Test/9289010118.jpg,ok
9289010119.avi,Test,928901,3,/Users/amangoyal/Documents/CVPR 2026 Workshop/frames_full/Test/9289010119.jpg,ok
9289010120.avi,Test,928901,2,/Users/amangoyal/Documents/CVPR 2026 Workshop/frames_full/Test/9289010120.jpg,ok
9289010121.avi,Test,928901,2,/Users/amangoyal/Documents/CVPR 2026 Workshop/frames_full/Test/9289010121.jpg,ok
9289010127.avi,Test,928901,2,/Users/amangoyal/Documents/CVPR 2026 Workshop/frames_full/Test/9289010127.jpg,ok
928901013.avi,Test,928901,3,/Users/amangoyal/Documents/CVPR 2026 Workshop/frames_full/Test/928901013.jpg,ok
9289010131.avi,Test,928901,2,/Users/amangoyal/Documents/CVPR 2026 Workshop/frames_full/Test/9289010131.jpg,ok
9289010132.avi,Test,928901,2,/Users/amangoyal/Documents/CVPR 2026 Workshop/frames_full/Test/9289010132.jpg,ok
9289010133.avi,Test,928901,3,/Users/amangoyal/Documents/CVPR 2026 Workshop/frames_full/Test/9289010133.jpg,ok
9289010134.avi,Test,928901,3,/Users/amangoyal/Documents/CVPR 2026 Workshop/frames_full/Test/9289010134.jpg,ok
9289010138.avi,Test,928901,2,/Users/amangoyal/Documents/CVPR 2026 Workshop/frames_full/Test/9289010138.jpg,ok
9289010139.avi,Test,928901,2,/Users/amangoyal/Documents/CVPR 2026 Workshop/frames_full/Test/9289010139.jpg,ok
928901014.avi,Test,928901,1,/Users/amangoyal/Documents/CVPR 2026 Workshop/frames_full/Test/928901014.jpg,ok
9289010143.avi,Test,928901,2,/Users/amangoyal/Documents/CVPR 2026 Workshop/frames_full/Test/9289010143.jpg,ok
9289010144.avi,Test,928901,2,/Users/amangoyal/Documents/CVPR 2026 Workshop/frames_full/Test/9289010144.jpg,ok
9289010145.avi,Test,928901,1,/Users/amangoyal/Documents/CVPR 2026 Workshop/frames_full/Test/9289010145.jpg,ok
9289010147.avi,Test,928901,2,/Users/amangoyal/Documents/CVPR 2026 Workshop/frames_full/Test/9289010147.jpg,ok
9289010149.avi,Test,928901,3,/Users/amangoyal/Documents/CVPR 2026 Workshop/frames_full/Test/9289010149.jpg,ok
9289010150.avi,Test,928901,3,/Users/amangoyal/Documents/CVPR 2026 Workshop/frames_full/Test/9289010150.jpg,ok
9289010151.avi,Test,928901,3,/Users/amangoyal/Documents/CVPR 2026 Workshop/frames_full/Test/9289010151.jpg,ok
9289010152.avi,Test,928901,1,/Users/amangoyal/Documents/CVPR 2026 Workshop/frames_full/Test/9289010152.jpg,ok
9289010153.avi,Test,928901,2,/Users/amangoyal/Documents/CVPR 2026 Workshop/frames_full/Test/9289010153.jpg,ok
9289010154.avi,Test,928901,2,/Users/amangoyal/Documents/CVPR 2026 Workshop/frames_full/Test/9289010154.jpg,ok
9289010155.avi,Test,928901,3,/Users/amangoyal/Documents/CVPR 2026 Workshop/frames_full/Test/9289010155.jpg,ok
9289010157.avi,Test,928901,3,/Users/amangoyal/Documents/CVPR 2026 Workshop/frames_full/Test/9289010157.jpg,ok
9289010158.avi,Test,928901,3,/Users/amangoyal/Documents/CVPR 2026 Workshop/frames_full/Test/9289010158.jpg,ok
928901016.avi,Test,928901,2,/Users/amangoyal/Documents/CVPR 2026 Workshop/frames_full/Test/928901016.jpg,ok
9289010160.avi,Test,928901,3,/Users/amangoyal/Documents/CVPR 2026 Workshop/frames_full/Test/9289010160.jpg,ok
9289010161.avi,Test,928901,2,/Users/amangoyal/Documents/CVPR 2026 Workshop/frames_full/Test/9289010161.jpg,ok
9289010163.avi,Test,928901,3,/Users/amangoyal/Documents/CVPR 2026 Workshop/frames_full/Test/9289010163.jpg,ok
9289010166.avi,Test,928901,2,/Users/amangoyal/Documents/CVPR 2026 Workshop/frames_full/Test/9289010166.jpg,ok
9289010167.avi,Test,928901,3,/Users/amangoyal/Documents/CVPR 2026 Workshop/frames_full/Test/9289010167.jpg,ok
928901018.avi,Test,928901,3,/Users/amangoyal/Documents/CVPR 2026 Workshop/frames_full/Test/928901018.jpg,ok
9289010210.avi,Test,928901,3,/Users/amangoyal/Documents/CVPR 2026 Workshop/frames_full/Test/9289010210.jpg,ok
9289010211.avi,Test,928901,2,/Users/amangoyal/Documents/CVPR 2026 Workshop/frames_full/Test/9289010211.jpg,ok
9289010216.avi,Test,928901,3,/Users/amangoyal/Documents/CVPR 2026 Workshop/frames_full/Test/9289010216.jpg,ok
9289010221.avi,Test,928901,3,/Users/amangoyal/Documents/CVPR 2026 Workshop/frames_full/Test/9289010221.jpg,ok
9289010222.avi,Test,928901,3,/Users/amangoyal/Documents/CVPR 2026 Workshop/frames_full/Test/9289010222.jpg,ok
9289010223.avi,Test,928901,3,/Users/amangoyal/Documents/CVPR 2026 Workshop/frames_full/Test/9289010223.jpg,ok
9289010227.avi,Test,928901,3,/Users/amangoyal/Documents/CVPR 2026 Workshop/frames_full/Test/9289010227.jpg,ok
9289010229.avi,Test,928901,3,/Users/amangoyal/Documents/CVPR 2026 Workshop/frames_full/Test/9289010229.jpg,ok
928901023.avi,Test,928901,3,/Users/amangoyal/Documents/CVPR 2026 Workshop/frames_full/Test/928901023.jpg,ok
9289010230.avi,Test,928901,3,/Users/amangoyal/Documents/CVPR 2026 Workshop/frames_full/Test/9289010230.jpg,ok
9289010231.avi,Test,928901,2,/Users/amangoyal/Documents/CVPR 2026 Workshop/frames_full/Test/9289010231.jpg,ok
9289010232.avi,Test,928901,3,/Users/amangoyal/Documents/CVPR 2026 Workshop/frames_full/Test/9289010232.jpg,ok
9289010233.avi,Test,928901,3,/Users/amangoyal/Documents/CVPR 2026 Workshop/frames_full/Test/9289010233.jpg,ok
9289010235.avi,Test,928901,3,/Users/amangoyal/Documents/CVPR 2026 Workshop/frames_full/Test/9289010235.jpg,ok
9289010242.avi,Test,928901,3,/Users/amangoyal/Documents/CVPR 2026 Workshop/frames_full/Test/9289010242.jpg,ok
9289010243.avi,Test,928901,3,/Users/amangoyal/Documents/CVPR 2026 Workshop/frames_full/Test/9289010243.jpg,ok
9289010244.avi,Test,928901,3,/Users/amangoyal/Documents/CVPR 2026 Workshop/frames_full/Test/9289010244.jpg,ok
9289010245.avi,Test,928901,3,/Users/amangoyal/Documents/CVPR 2026 Workshop/frames_full/Test/9289010245.jpg,ok
9289010248.avi,Test,928901,3,/Users/amangoyal/Documents/CVPR 2026 Workshop/frames_full/Test/9289010248.jpg,ok
9289010249.avi,Test,928901,3,/Users/amangoyal/Documents/CVPR 2026 Workshop/frames_full/Test/9289010249.jpg,ok
928901025.avi,Test,928901,3,/Users/amangoyal/Documents/CVPR 2026 Workshop/frames_full/Test/928901025.jpg,ok
9289010250.avi,Test,928901,2,/Users/amangoyal/Documents/CVPR 2026 Workshop/frames_full/Test/9289010250.jpg,ok
9289010251.avi,Test,928901,3,/Users/amangoyal/Documents/CVPR 2026 Workshop/frames_full/Test/9289010251.jpg,ok
9289010253.avi,Test,928901,3,/Users/amangoyal/Documents/CVPR 2026 Workshop/frames_full/Test/9289010253.jpg,ok
9289010254.avi,Test,928901,2,/Users/amangoyal/Documents/CVPR 2026 Workshop/frames_full/Test/9289010254.jpg,ok
9289010257.avi,Test,928901,3,/Users/amangoyal/Documents/CVPR 2026 Workshop/frames_full/Test/9289010257.jpg,ok
9289010259.avi,Test,928901,3,/Users/amangoyal/Documents/CVPR 2026 Workshop/frames_full/Test/9289010259.jpg,ok
928901026.avi,Test,928901,3,/Users/amangoyal/Documents/CVPR 2026 Workshop/frames_full/Test/928901026.jpg,ok
9289010261.avi,Test,928901,3,/Users/amangoyal/Documents/CVPR 2026 Workshop/frames_full/Test/9289010261.jpg,ok
9289010262.avi,Test,928901,3,/Users/amangoyal/Documents/CVPR 2026 Workshop/frames_full/Test/9289010262.jpg,ok
9289010263.avi,Test,928901,2,/Users/amangoyal/Documents/CVPR 2026 Workshop/frames_full/Test/9289010263.jpg,ok
9289010265.avi,Test,928901,3,/Users/amangoyal/Documents/CVPR 2026 Workshop/frames_full/Test/9289010265.jpg,ok
9289010266.avi,Test,928901,3,/Users/amangoyal/Documents/CVPR 2026 Workshop/frames_full/Test/9289010266.jpg,ok
9289010267.avi,Test,928901,3,/Users/amangoyal/Documents/CVPR 2026 Workshop/frames_full/Test/9289010267.jpg,ok
9289010268.avi,Test,928901,3,/Users/amangoyal/Documents/CVPR 2026 Workshop/frames_full/Test/9289010268.jpg,ok
9289010269.avi,Test,928901,3,/Users/amangoyal/Documents/CVPR 2026 Workshop/frames_full/Test/9289010269.jpg,ok
9289010270.avi,Test,928901,3,/Users/amangoyal/Documents/CVPR 2026 Workshop/frames_full/Test/9289010270.jpg,ok
9289010271.avi,Test,928901,2,/Users/amangoyal/Documents/CVPR 2026 Workshop/frames_full/Test/9289010271.jpg,ok
9289010273.avi,Test,928901,3,/Users/amangoyal/Documents/CVPR 2026 Workshop/frames_full/Test/9289010273.jpg,ok
9289010274.avi,Test,928901,3,/Users/amangoyal/Documents/CVPR 2026 Workshop/frames_full/Test/9289010274.jpg,ok
9289010275.avi,Test,928901,3,/Users/amangoyal/Documents/CVPR 2026 Workshop/frames_full/Test/9289010275.jpg,ok
9289010276.avi,Test,928901,1,/Users/amangoyal/Documents/CVPR 2026 Workshop/frames_full/Test/9289010276.jpg,ok
9289010278.avi,Test,928901,3,/Users/amangoyal/Documents/CVPR 2026 Workshop/frames_full/Test/9289010278.jpg,ok
928901028.avi,Test,928901,3,/Users/amangoyal/Documents/CVPR 2026 Workshop/frames_full/Test/928901028.jpg,ok
928901029.avi,Test,928901,3,/Users/amangoyal/Documents/CVPR 2026 Workshop/frames_full/Test/928901029.jpg,ok
940328011.avi,Test,940328,3,/Users/amangoyal/Documents/CVPR 2026 Workshop/frames_full/Test/940328011.jpg,ok
9403280110.avi,Test,940328,3,/Users/amangoyal/Documents/CVPR 2026 Workshop/frames_full/Test/9403280110.jpg,ok
9403280112.avi,Test,940328,3,/Users/amangoyal/Documents/CVPR 2026 Workshop/frames_full/Test/9403280112.jpg,ok
9403280114.avi,Test,940328,3,/Users/amangoyal/Documents/CVPR 2026 Workshop/frames_full/Test/9403280114.jpg,ok
9403280115.avi,Test,940328,2,/Users/amangoyal/Documents/CVPR 2026 Workshop/frames_full/Test/9403280115.jpg,ok
9403280116.avi,Test,940328,3,/Users/amangoyal/Documents/CVPR 2026 Workshop/frames_full/Test/9403280116.jpg,ok
9403280117.avi,Test,940328,3,/Users/amangoyal/Documents/CVPR 2026 Workshop/frames_full/Test/9403280117.jpg,ok
940328012.avi,Test,940328,3,/Users/amangoyal/Documents/CVPR 2026 Workshop/frames_full/Test/940328012.jpg,ok
9403280126.avi,Test,940328,3,/Users/amangoyal/Documents/CVPR 2026 Workshop/frames_full/Test/9403280126.jpg,ok
9403280129.avi,Test,940328,3,/Users/amangoyal/Documents/CVPR 2026 Workshop/frames_full/Test/9403280129.jpg,ok
9403280132.avi,Test,940328,3,/Users/amangoyal/Documents/CVPR 2026 Workshop/frames_full/Test/9403280132.jpg,ok
9403280134.avi,Test,940328,2,/Users/amangoyal/Documents/CVPR 2026 Workshop/frames_full/Test/9403280134.jpg,ok
9403280136.avi,Test,940328,3,/Users/amangoyal/Documents/CVPR 2026 Workshop/frames_full/Test/9403280136.jpg,ok
9403280138.avi,Test,940328,2,/Users/amangoyal/Documents/CVPR 2026 Workshop/frames_full/Test/9403280138.jpg,ok
940328014.avi,Test,940328,3,/Users/amangoyal/Documents/CVPR 2026 Workshop/frames_full/Test/940328014.jpg,ok
9403280140.avi,Test,940328,2,/Users/amangoyal/Documents/CVPR 2026 Workshop/frames_full/Test/9403280140.jpg,ok
9403280143.avi,Test,940328,2,/Users/amangoyal/Documents/CVPR 2026 Workshop/frames_full/Test/9403280143.jpg,ok
9403280145.avi,Test,940328,2,/Users/amangoyal/Documents/CVPR 2026 Workshop/frames_full/Test/9403280145.jpg,ok
9403280146.avi,Test,940328,2,/Users/amangoyal/Documents/CVPR 2026 Workshop/frames_full/Test/9403280146.jpg,ok
9403280147.avi,Test,940328,3,/Users/amangoyal/Documents/CVPR 2026 Workshop/frames_full/Test/9403280147.jpg,ok
9403280149.avi,Test,940328,3,/Users/amangoyal/Documents/CVPR 2026 Workshop/frames_full/Test/9403280149.jpg,ok
9403280150.avi,Test,940328,3,/Users/amangoyal/Documents/CVPR 2026 Workshop/frames_full/Test/9403280150.jpg,ok
9403280151.avi,Test,940328,2,/Users/amangoyal/Documents/CVPR 2026 Workshop/frames_full/Test/9403280151.jpg,ok
9403280152.avi,Test,940328,2,/Users/amangoyal/Documents/CVPR 2026 Workshop/frames_full/Test/9403280152.jpg,ok
9403280155.avi,Test,940328,3,/Users/amangoyal/Documents/CVPR 2026 Workshop/frames_full/Test/9403280155.jpg,ok
9403280156.avi,Test,940328,3,/Users/amangoyal/Documents/CVPR 2026 Workshop/frames_full/Test/9403280156.jpg,ok
9403280157.avi,Test,940328,2,/Users/amangoyal/Documents/CVPR 2026 Workshop/frames_full/Test/9403280157.jpg,ok
9403280159.avi,Test,940328,3,/Users/amangoyal/Documents/CVPR 2026 Workshop/frames_full/Test/9403280159.jpg,ok
940328016.avi,Test,940328,3,/Users/amangoyal/Documents/CVPR 2026 Workshop/frames_full/Test/940328016.jpg,ok
9403280164.avi,Test,940328,3,/Users/amangoyal/Documents/CVPR 2026 Workshop/frames_full/Test/9403280164.jpg,ok
9403280165.avi,Test,940328,2,/Users/amangoyal/Documents/CVPR 2026 Workshop/frames_full/Test/9403280165.jpg,ok
9403280167.avi,Test,940328,3,/Users/amangoyal/Documents/CVPR 2026 Workshop/frames_full/Test/9403280167.jpg,ok
940328017.avi,Test,940328,3,/Users/amangoyal/Documents/CVPR 2026 Workshop/frames_full/Test/940328017.jpg,ok
940328018.avi,Test,940328,3,/Users/amangoyal/Documents/CVPR 2026 Workshop/frames_full/Test/940328018.jpg,ok
9403280212.avi,Test,940328,3,/Users/amangoyal/Documents/CVPR 2026 Workshop/frames_full/Test/9403280212.jpg,ok
9403280213.avi,Test,940328,2,/Users/amangoyal/Documents/CVPR 2026 Workshop/frames_full/Test/9403280213.jpg,ok
9403280217.avi,Test,940328,2,/Users/amangoyal/Documents/CVPR 2026 Workshop/frames_full/Test/9403280217.jpg,ok
9403280218.avi,Test,940328,2,/Users/amangoyal/Documents/CVPR 2026 Workshop/frames_full/Test/9403280218.jpg,ok
9403280219.avi,Test,940328,2,/Users/amangoyal/Documents/CVPR 2026 Workshop/frames_full/Test/9403280219.jpg,ok
940328022.avi,Test,940328,3,/Users/amangoyal/Documents/CVPR 2026 Workshop/frames_full/Test/940328022.jpg,ok
9403280227.avi,Test,940328,2,/Users/amangoyal/Documents/CVPR 2026 Workshop/frames_full/Test/9403280227.jpg,ok
9403280229.avi,Test,940328,3,/Users/amangoyal/Documents/CVPR 2026 Workshop/frames_full/Test/9403280229.jpg,ok
9403280234.avi,Test,940328,3,/Users/amangoyal/Documents/CVPR 2026 Workshop/frames_full/Test/9403280234.jpg,ok
9403280235.avi,Test,940328,2,/Users/amangoyal/Documents/CVPR 2026 Workshop/frames_full/Test/9403280235.jpg,ok
9403280236.avi,Test,940328,2,/Users/amangoyal/Documents/CVPR 2026 Workshop/frames_full/Test/9403280236.jpg,ok
9403280238.avi,Test,940328,2,/Users/amangoyal/Documents/CVPR 2026 Workshop/frames_full/Test/9403280238.jpg,ok
9403280241.avi,Test,940328,3,/Users/amangoyal/Documents/CVPR 2026 Workshop/frames_full/Test/9403280241.jpg,ok
9403280243.avi,Test,940328,3,/Users/amangoyal/Documents/CVPR 2026 Workshop/frames_full/Test/9403280243.jpg,ok
9403280245.avi,Test,940328,3,/Users/amangoyal/Documents/CVPR 2026 Workshop/frames_full/Test/9403280245.jpg,ok
9403280246.avi,Test,940328,3,/Users/amangoyal/Documents/CVPR 2026 Workshop/frames_full/Test/9403280246.jpg,ok
9403280247.avi,Test,940328,2,/Users/amangoyal/Documents/CVPR 2026 Workshop/frames_full/Test/9403280247.jpg,ok
9403280249.avi,Test,940328,3,/Users/amangoyal/Documents/CVPR 2026 Workshop/frames_full/Test/9403280249.jpg,ok
9403280250.avi,Test,940328,2,/Users/amangoyal/Documents/CVPR 2026 Workshop/frames_full/Test/9403280250.jpg,ok
9403280251.avi,Test,940328,2,/Users/amangoyal/Documents/CVPR 2026 Workshop/frames_full/Test/9403280251.jpg,ok
9403280254.avi,Test,940328,3,/Users/amangoyal/Documents/CVPR 2026 Workshop/frames_full/Test/9403280254.jpg,ok
9403280255.avi,Test,940328,3,/Users/amangoyal/Documents/CVPR 2026 Workshop/frames_full/Test/9403280255.jpg,ok
9403280256.avi,Test,940328,3,/Users/amangoyal/Documents/CVPR 2026 Workshop/frames_full/Test/9403280256.jpg,ok
9403280259.avi,Test,940328,3,/Users/amangoyal/Documents/CVPR 2026 Workshop/frames_full/Test/9403280259.jpg,ok
9403280260.avi,Test,940328,3,/Users/amangoyal/Documents/CVPR 2026 Workshop/frames_full/Test/9403280260.jpg,ok
9403280262.avi,Test,940328,3,/Users/amangoyal/Documents/CVPR 2026 Workshop/frames_full/Test/9403280262.jpg,ok
9403280265.avi,Test,940328,3,/Users/amangoyal/Documents/CVPR 2026 Workshop/frames_full/Test/9403280265.jpg,ok
9403280266.avi,Test,940328,3,/Users/amangoyal/Documents/CVPR 2026 Workshop/frames_full/Test/9403280266.jpg,ok
9403280271.avi,Test,940328,1,/Users/amangoyal/Documents/CVPR 2026 Workshop/frames_full/Test/9403280271.jpg,ok
9403280272.avi,Test,940328,3,/Users/amangoyal/Documents/CVPR 2026 Workshop/frames_full/Test/9403280272.jpg,ok
9403280273.avi,Test,940328,2,/Users/amangoyal/Documents/CVPR 2026 Workshop/frames_full/Test/9403280273.jpg,ok
9403280277.avi,Test,940328,3,/Users/amangoyal/Documents/CVPR 2026 Workshop/frames_full/Test/9403280277.jpg,ok
9403280279.avi,Test,940328,3,/Users/amangoyal/Documents/CVPR 2026 Workshop/frames_full/Test/9403280279.jpg,ok
9877360111.avi,Test,987736,3,/Users/amangoyal/Documents/CVPR 2026 Workshop/frames_full/Test/9877360111.jpg,ok
9877360113.avi,Test,987736,2,/Users/amangoyal/Documents/CVPR 2026 Workshop/frames_full/Test/9877360113.jpg,ok
9877360114.avi,Test,987736,3,/Users/amangoyal/Documents/CVPR 2026 Workshop/frames_full/Test/9877360114.jpg,ok
9877360115.avi,Test,987736,3,/Users/amangoyal/Documents/CVPR 2026 Workshop/frames_full/Test/9877360115.jpg,ok
9877360116.avi,Test,987736,2,/Users/amangoyal/Documents/CVPR 2026 Workshop/frames_full/Test/9877360116.jpg,ok
9877360117.avi,Test,987736,2,/Users/amangoyal/Documents/CVPR 2026 Workshop/frames_full/Test/9877360117.jpg,ok
9877360120.avi,Test,987736,1,/Users/amangoyal/Documents/CVPR 2026 Workshop/frames_full/Test/9877360120.jpg,ok
9877360121.avi,Test,987736,2,/Users/amangoyal/Documents/CVPR 2026 Workshop/frames_full/Test/9877360121.jpg,ok
9877360124.avi,Test,987736,3,/Users/amangoyal/Documents/CVPR 2026 Workshop/frames_full/Test/9877360124.jpg,ok
9877360125.avi,Test,987736,3,/Users/amangoyal/Documents/CVPR 2026 Workshop/frames_full/Test/9877360125.jpg,ok
9877360126.avi,Test,987736,3,/Users/amangoyal/Documents/CVPR 2026 Workshop/frames_full/Test/9877360126.jpg,ok
9877360127.avi,Test,987736,2,/Users/amangoyal/Documents/CVPR 2026 Workshop/frames_full/Test/9877360127.jpg,ok
9877360128.avi,Test,987736,3,/Users/amangoyal/Documents/CVPR 2026 Workshop/frames_full/Test/9877360128.jpg,ok
9877360130.avi,Test,987736,2,/Users/amangoyal/Documents/CVPR 2026 Workshop/frames_full/Test/9877360130.jpg,ok
9877360131.avi,Test,987736,3,/Users/amangoyal/Documents/CVPR 2026 Workshop/frames_full/Test/9877360131.jpg,ok
9877360132.avi,Test,987736,2,/Users/amangoyal/Documents/CVPR 2026 Workshop/frames_full/Test/9877360132.jpg,ok
9877360133.avi,Test,987736,0,/Users/amangoyal/Documents/CVPR 2026 Workshop/frames_full/Test/9877360133.jpg,ok
9877360134.avi,Test,987736,3,/Users/amangoyal/Documents/CVPR 2026 Workshop/frames_full/Test/9877360134.jpg,ok
9877360135.avi,Test,987736,2,/Users/amangoyal/Documents/CVPR 2026 Workshop/frames_full/Test/9877360135.jpg,ok
9877360138.avi,Test,987736,2,/Users/amangoyal/Documents/CVPR 2026 Workshop/frames_full/Test/9877360138.jpg,ok
987736014.avi,Test,987736,3,/Users/amangoyal/Documents/CVPR 2026 Workshop/frames_full/Test/987736014.jpg,ok
9877360140.avi,Test,987736,3,/Users/amangoyal/Documents/CVPR 2026 Workshop/frames_full/Test/9877360140.jpg,ok
9877360141.avi,Test,987736,3,/Users/amangoyal/Documents/CVPR 2026 Workshop/frames_full/Test/9877360141.jpg,ok
9877360143.avi,Test,987736,3,/Users/amangoyal/Documents/CVPR 2026 Workshop/frames_full/Test/9877360143.jpg,ok
9877360147.avi,Test,987736,3,/Users/amangoyal/Documents/CVPR 2026 Workshop/frames_full/Test/9877360147.jpg,ok
9877360149.avi,Test,987736,3,/Users/amangoyal/Documents/CVPR 2026 Workshop/frames_full/Test/9877360149.jpg,ok
987736015.avi,Test,987736,2,/Users/amangoyal/Documents/CVPR 2026 Workshop/frames_full/Test/987736015.jpg,ok
9877360151.avi,Test,987736,3,/Users/amangoyal/Documents/CVPR 2026 Workshop/frames_full/Test/9877360151.jpg,ok
9877360152.avi,Test,987736,3,/Users/amangoyal/Documents/CVPR 2026 Workshop/frames_full/Test/9877360152.jpg,ok
9877360154.avi,Test,987736,2,/Users/amangoyal/Documents/CVPR 2026 Workshop/frames_full/Test/9877360154.jpg,ok
9877360156.avi,Test,987736,3,/Users/amangoyal/Documents/CVPR 2026 Workshop/frames_full/Test/9877360156.jpg,ok
9877360157.avi,Test,987736,1,/Users/amangoyal/Documents/CVPR 2026 Workshop/frames_full/Test/9877360157.jpg,ok
9877360158.avi,Test,987736,3,/Users/amangoyal/Documents/CVPR 2026 Workshop/frames_full/Test/9877360158.jpg,ok
9877360159.avi,Test,987736,3,/Users/amangoyal/Documents/CVPR 2026 Workshop/frames_full/Test/9877360159.jpg,ok
987736016.avi,Test,987736,3,/Users/amangoyal/Documents/CVPR 2026 Workshop/frames_full/Test/987736016.jpg,ok
9877360163.avi,Test,987736,2,/Users/amangoyal/Documents/CVPR 2026 Workshop/frames_full/Test/9877360163.jpg,ok
9877360164.avi,Test,987736,3,/Users/amangoyal/Documents/CVPR 2026 Workshop/frames_full/Test/9877360164.jpg,ok
9877360165.avi,Test,987736,3,/Users/amangoyal/Documents/CVPR 2026 Workshop/frames_full/Test/9877360165.jpg,ok
9877360166.avi,Test,987736,3,/Users/amangoyal/Documents/CVPR 2026 Workshop/frames_full/Test/9877360166.jpg,ok
9877360168.avi,Test,987736,3,/Users/amangoyal/Documents/CVPR 2026 Workshop/frames_full/Test/9877360168.jpg,ok
9877360169.avi,Test,987736,1,/Users/amangoyal/Documents/CVPR 2026 Workshop/frames_full/Test/9877360169.jpg,ok
987736017.avi,Test,987736,2,/Users/amangoyal/Documents/CVPR 2026 Workshop/frames_full/Test/987736017.jpg,ok
9877360170.avi,Test,987736,3,/Users/amangoyal/Documents/CVPR 2026 Workshop/frames_full/Test/9877360170.jpg,ok
9877360172.avi,Test,987736,1,/Users/amangoyal/Documents/CVPR 2026 Workshop/frames_full/Test/9877360172.jpg,ok
9877360173.avi,Test,987736,2,/Users/amangoyal/Documents/CVPR 2026 Workshop/frames_full/Test/9877360173.jpg,ok
9877360174.avi,Test,987736,3,/Users/amangoyal/Documents/CVPR 2026 Workshop/frames_full/Test/9877360174.jpg,ok
9877360175.avi,Test,987736,2,/Users/amangoyal/Documents/CVPR 2026 Workshop/frames_full/Test/9877360175.jpg,ok
9877360177.avi,Test,987736,3,/Users/amangoyal/Documents/CVPR 2026 Workshop/frames_full/Test/9877360177.jpg,ok
987736018.avi,Test,987736,2,/Users/amangoyal/Documents/CVPR 2026 Workshop/frames_full/Test/987736018.jpg,ok
9877360180.avi,Test,987736,3,/Users/amangoyal/Documents/CVPR 2026 Workshop/frames_full/Test/9877360180.jpg,ok
9877360181.avi,Test,987736,3,/Users/amangoyal/Documents/CVPR 2026 Workshop/frames_full/Test/9877360181.jpg,ok
9877360182.avi,Test,987736,2,/Users/amangoyal/Documents/CVPR 2026 Workshop/frames_full/Test/9877360182.jpg,ok
9877360183.avi,Test,987736,3,/Users/amangoyal/Documents/CVPR 2026 Workshop/frames_full/Test/9877360183.jpg,ok
9877360184.avi,Test,987736,3,/Users/amangoyal/Documents/CVPR 2026 Workshop/frames_full/Test/9877360184.jpg,ok
9877360185.avi,Test,987736,2,/Users/amangoyal/Documents/CVPR 2026 Workshop/frames_full/Test/9877360185.jpg,ok
9877360210.avi,Test,987736,3,/Users/amangoyal/Documents/CVPR 2026 Workshop/frames_full/Test/9877360210.jpg,ok
9877360212.avi,Test,987736,3,/Users/amangoyal/Documents/CVPR 2026 Workshop/frames_full/Test/9877360212.jpg,ok
9877360213.avi,Test,987736,2,/Users/amangoyal/Documents/CVPR 2026 Workshop/frames_full/Test/9877360213.jpg,ok
9877360215.avi,Test,987736,3,/Users/amangoyal/Documents/CVPR 2026 Workshop/frames_full/Test/9877360215.jpg,ok
9877360217.avi,Test,987736,2,/Users/amangoyal/Documents/CVPR 2026 Workshop/frames_full/Test/9877360217.jpg,ok
987736022.avi,Test,987736,2,/Users/amangoyal/Documents/CVPR 2026 Workshop/frames_full/Test/987736022.jpg,ok
9877360221.avi,Test,987736,3,/Users/amangoyal/Documents/CVPR 2026 Workshop/frames_full/Test/9877360221.jpg,ok
9877360223.avi,Test,987736,3,/Users/amangoyal/Documents/CVPR 2026 Workshop/frames_full/Test/9877360223.jpg,ok
9877360225.avi,Test,987736,3,/Users/amangoyal/Documents/CVPR 2026 Workshop/frames_full/Test/9877360225.jpg,ok
9877360226.avi,Test,987736,3,/Users/amangoyal/Documents/CVPR 2026 Workshop/frames_full/Test/9877360226.jpg,ok
9877360227.avi,Test,987736,3,/Users/amangoyal/Documents/CVPR 2026 Workshop/frames_full/Test/9877360227.jpg,ok
9877360228.avi,Test,987736,2,/Users/amangoyal/Documents/CVPR 2026 Workshop/frames_full/Test/9877360228.jpg,ok
9877360229.avi,Test,987736,2,/Users/amangoyal/Documents/CVPR 2026 Workshop/frames_full/Test/9877360229.jpg,ok
9877360231.avi,Test,987736,3,/Users/amangoyal/Documents/CVPR 2026 Workshop/frames_full/Test/9877360231.jpg,ok
9877360232.avi,Test,987736,3,/Users/amangoyal/Documents/CVPR 2026 Workshop/frames_full/Test/9877360232.jpg,ok
9877360234.avi,Test,987736,3,/Users/amangoyal/Documents/CVPR 2026 Workshop/frames_full/Test/9877360234.jpg,ok
9877360238.avi,Test,987736,3,/Users/amangoyal/Documents/CVPR 2026 Workshop/frames_full/Test/9877360238.jpg,ok
9877360239.avi,Test,987736,3,/Users/amangoyal/Documents/CVPR 2026 Workshop/frames_full/Test/9877360239.jpg,ok
987736024.avi,Test,987736,2,/Users/amangoyal/Documents/CVPR 2026 Workshop/frames_full/Test/987736024.jpg,ok
9877360240.avi,Test,987736,3,/Users/amangoyal/Documents/CVPR 2026 Workshop/frames_full/Test/9877360240.jpg,ok
9877360241.avi,Test,987736,3,/Users/amangoyal/Documents/CVPR 2026 Workshop/frames_full/Test/9877360241.jpg,ok
9877360242.avi,Test,987736,2,/Users/amangoyal/Documents/CVPR 2026 Workshop/frames_full/Test/9877360242.jpg,ok
9877360247.avi,Test,987736,3,/Users/amangoyal/Documents/CVPR 2026 Workshop/frames_full/Test/9877360247.jpg,ok
9877360248.avi,Test,987736,3,/Users/amangoyal/Documents/CVPR 2026 Workshop/frames_full/Test/9877360248.jpg,ok
987736025.avi,Test,987736,3,/Users/amangoyal/Documents/CVPR 2026 Workshop/frames_full/Test/987736025.jpg,ok
9877360250.avi,Test,987736,2,/Users/amangoyal/Documents/CVPR 2026 Workshop/frames_full/Test/9877360250.jpg,ok
9877360252.avi,Test,987736,2,/Users/amangoyal/Documents/CVPR 2026 Workshop/frames_full/Test/9877360252.jpg,ok
9877360253.avi,Test,987736,3,/Users/amangoyal/Documents/CVPR 2026 Workshop/frames_full/Test/9877360253.jpg,ok
9877360254.avi,Test,987736,3,/Users/amangoyal/Documents/CVPR 2026 Workshop/frames_full/Test/9877360254.jpg,ok
9877360256.avi,Test,987736,1,/Users/amangoyal/Documents/CVPR 2026 Workshop/frames_full/Test/9877360256.jpg,ok
9877360258.avi,Test,987736,2,/Users/amangoyal/Documents/CVPR 2026 Workshop/frames_full/Test/9877360258.jpg,ok
9877360259.avi,Test,987736,2,/Users/amangoyal/Documents/CVPR 2026 Workshop/frames_full/Test/9877360259.jpg,ok
9877360261.avi,Test,987736,3,/Users/amangoyal/Documents/CVPR 2026 Workshop/frames_full/Test/9877360261.jpg,ok
9877360262.avi,Test,987736,3,/Users/amangoyal/Documents/CVPR 2026 Workshop/frames_full/Test/9877360262.jpg,ok
9877360264.avi,Test,987736,3,/Users/amangoyal/Documents/CVPR 2026 Workshop/frames_full/Test/9877360264.jpg,ok
987736027.avi,Test,987736,3,/Users/amangoyal/Documents/CVPR 2026 Workshop/frames_full/Test/987736027.jpg,ok
9877360270.avi,Test,987736,1,/Users/amangoyal/Documents/CVPR 2026 Workshop/frames_full/Test/9877360270.jpg,ok
9877360271.avi,Test,987736,2,/Users/amangoyal/Documents/CVPR 2026 Workshop/frames_full/Test/9877360271.jpg,ok
9877360273.avi,Test,987736,3,/Users/amangoyal/Documents/CVPR 2026 Workshop/frames_full/Test/9877360273.jpg,ok
9877360279.avi,Test,987736,2,/Users/amangoyal/Documents/CVPR 2026 Workshop/frames_full/Test/9877360279.jpg,ok
987736028.avi,Test,987736,2,/Users/amangoyal/Documents/CVPR 2026 Workshop/frames_full/Test/987736028.jpg,ok
9877360281.avi,Test,987736,3,/Users/amangoyal/Documents/CVPR 2026 Workshop/frames_full/Test/9877360281.jpg,ok
987736029.avi,Test,987736,3,/Users/amangoyal/Documents/CVPR 2026 Workshop/frames_full/Test/987736029.jpg,ok
998826011.avi,Test,998826,3,/Users/amangoyal/Documents/CVPR 2026 Workshop/frames_full/Test/998826011.jpg,ok
9988260112.avi,Test,998826,3,/Users/amangoyal/Documents/CVPR 2026 Workshop/frames_full/Test/9988260112.jpg,ok
9988260115.avi,Test,998826,3,/Users/amangoyal/Documents/CVPR 2026 Workshop/frames_full/Test/9988260115.jpg,ok
9988260119.avi,Test,998826,2,/Users/amangoyal/Documents/CVPR 2026 Workshop/frames_full/Test/9988260119.jpg,ok
