image_id,image_path,ground_truth,predicted,raw_answer,stderr,returncode
40010001.png,/home/ubuntu/SCB-05-Dataset/5k_HRW_Dataset_combined/images/val/40010001.png,1,2,2,,0
40010011.png,/home/ubuntu/SCB-05-Dataset/5k_HRW_Dataset_combined/images/val/40010011.png,1,2,2,,0
40010021.png,/home/ubuntu/SCB-05-Dataset/5k_HRW_Dataset_combined/images/val/40010021.png,1,2,2,,0
40010029.png,/home/ubuntu/SCB-05-Dataset/5k_HRW_Dataset_combined/images/val/40010029.png,1,2,2,,0
40010036.png,/home/ubuntu/SCB-05-Dataset/5k_HRW_Dataset_combined/images/val/40010036.png,1,2,2,,0
40010037.png,/home/ubuntu/SCB-05-Dataset/5k_HRW_Dataset_combined/images/val/40010037.png,1,2,2,,0
40010042.png,/home/ubuntu/SCB-05-Dataset/5k_HRW_Dataset_combined/images/val/40010042.png,1,2,2,,0
40010049.png,/home/ubuntu/SCB-05-Dataset/5k_HRW_Dataset_combined/images/val/40010049.png,1,2,2,,0
40010044.png,/home/ubuntu/SCB-05-Dataset/5k_HRW_Dataset_combined/images/val/40010044.png,1,2,2,,0
40010054.png,/home/ubuntu/SCB-05-Dataset/5k_HRW_Dataset_combined/images/val/40010054.png,1,2,2,,0
40010058.png,/home/ubuntu/SCB-05-Dataset/5k_HRW_Dataset_combined/images/val/40010058.png,1,2,2,,0
40010064.png,/home/ubuntu/SCB-05-Dataset/5k_HRW_Dataset_combined/images/val/40010064.png,1,2,2,,0
40010067.png,/home/ubuntu/SCB-05-Dataset/5k_HRW_Dataset_combined/images/val/40010067.png,1,2,2,,0
40010084.png,/home/ubuntu/SCB-05-Dataset/5k_HRW_Dataset_combined/images/val/40010084.png,1,2,2,,0
40010082.png,/home/ubuntu/SCB-05-Dataset/5k_HRW_Dataset_combined/images/val/40010082.png,1,2,2,,0
40010089.png,/home/ubuntu/SCB-05-Dataset/5k_HRW_Dataset_combined/images/val/40010089.png,1,2,2,,0
40010095.png,/home/ubuntu/SCB-05-Dataset/5k_HRW_Dataset_combined/images/val/40010095.png,1,2,2,,0
40010098.png,/home/ubuntu/SCB-05-Dataset/5k_HRW_Dataset_combined/images/val/40010098.png,1,2,2,,0
40010099.png,/home/ubuntu/SCB-05-Dataset/5k_HRW_Dataset_combined/images/val/40010099.png,1,2,2,,0
40010105.png,/home/ubuntu/SCB-05-Dataset/5k_HRW_Dataset_combined/images/val/40010105.png,1,2,2,,0
40010107.png,/home/ubuntu/SCB-05-Dataset/5k_HRW_Dataset_combined/images/val/40010107.png,1,2,2,,0
40010106.png,/home/ubuntu/SCB-05-Dataset/5k_HRW_Dataset_combined/images/val/40010106.png,1,2,2,,0
40010110.png,/home/ubuntu/SCB-05-Dataset/5k_HRW_Dataset_combined/images/val/40010110.png,1,2,2,,0
40010114.png,/home/ubuntu/SCB-05-Dataset/5k_HRW_Dataset_combined/images/val/40010114.png,1,2,2,,0
40010120.png,/home/ubuntu/SCB-05-Dataset/5k_HRW_Dataset_combined/images/val/40010120.png,1,2,2,,0
40010123.png,/home/ubuntu/SCB-05-Dataset/5k_HRW_Dataset_combined/images/val/40010123.png,1,2,2,,0
40010135.png,/home/ubuntu/SCB-05-Dataset/5k_HRW_Dataset_combined/images/val/40010135.png,1,2,2,,0
40020002.png,/home/ubuntu/SCB-05-Dataset/5k_HRW_Dataset_combined/images/val/40020002.png,1,2,2,,0
40020003.png,/home/ubuntu/SCB-05-Dataset/5k_HRW_Dataset_combined/images/val/40020003.png,1,2,2,,0
40020019.png,/home/ubuntu/SCB-05-Dataset/5k_HRW_Dataset_combined/images/val/40020019.png,1,2,2,,0
40020021.png,/home/ubuntu/SCB-05-Dataset/5k_HRW_Dataset_combined/images/val/40020021.png,1,2,2,,0
40020022.png,/home/ubuntu/SCB-05-Dataset/5k_HRW_Dataset_combined/images/val/40020022.png,1,2,2,,0
40020026.png,/home/ubuntu/SCB-05-Dataset/5k_HRW_Dataset_combined/images/val/40020026.png,1,2,2,,0
40020034.png,/home/ubuntu/SCB-05-Dataset/5k_HRW_Dataset_combined/images/val/40020034.png,1,2,2,,0
40020044.png,/home/ubuntu/SCB-05-Dataset/5k_HRW_Dataset_combined/images/val/40020044.png,1,2,2,,0
40020045.png,/home/ubuntu/SCB-05-Dataset/5k_HRW_Dataset_combined/images/val/40020045.png,1,2,2,,0
40020046.png,/home/ubuntu/SCB-05-Dataset/5k_HRW_Dataset_combined/images/val/40020046.png,1,2,2,,0
40020049.png,/home/ubuntu/SCB-05-Dataset/5k_HRW_Dataset_combined/images/val/40020049.png,1,2,2,,0
40020050.png,/home/ubuntu/SCB-05-Dataset/5k_HRW_Dataset_combined/images/val/40020050.png,0,2,2,,0
40020058.png,/home/ubuntu/SCB-05-Dataset/5k_HRW_Dataset_combined/images/val/40020058.png,1,2,2,,0
40020077.png,/home/ubuntu/SCB-05-Dataset/5k_HRW_Dataset_combined/images/val/40020077.png,0,2,2,,0
40020078.png,/home/ubuntu/SCB-05-Dataset/5k_HRW_Dataset_combined/images/val/40020078.png,0,2,2,,0
40020083.png,/home/ubuntu/SCB-05-Dataset/5k_HRW_Dataset_combined/images/val/40020083.png,0,2,2,,0
40020073.png,/home/ubuntu/SCB-05-Dataset/5k_HRW_Dataset_combined/images/val/40020073.png,0,2,2,,0
40020097.png,/home/ubuntu/SCB-05-Dataset/5k_HRW_Dataset_combined/images/val/40020097.png,0,2,2,,0
40020086.png,/home/ubuntu/SCB-05-Dataset/5k_HRW_Dataset_combined/images/val/40020086.png,0,2,2,,0
40020103.png,/home/ubuntu/SCB-05-Dataset/5k_HRW_Dataset_combined/images/val/40020103.png,0,2,2,,0
40020105.png,/home/ubuntu/SCB-05-Dataset/5k_HRW_Dataset_combined/images/val/40020105.png,0,2,2,,0
40020110.png,/home/ubuntu/SCB-05-Dataset/5k_HRW_Dataset_combined/images/val/40020110.png,0,2,2,,0
40020122.png,/home/ubuntu/SCB-05-Dataset/5k_HRW_Dataset_combined/images/val/40020122.png,1,2,2,,0
40020141.png,/home/ubuntu/SCB-05-Dataset/5k_HRW_Dataset_combined/images/val/40020141.png,1,2,2,,0
40020148.png,/home/ubuntu/SCB-05-Dataset/5k_HRW_Dataset_combined/images/val/40020148.png,1,2,2,,0
40020150.png,/home/ubuntu/SCB-05-Dataset/5k_HRW_Dataset_combined/images/val/40020150.png,1,2,2,,0
40020119.png,/home/ubuntu/SCB-05-Dataset/5k_HRW_Dataset_combined/images/val/40020119.png,1,2,2,,0
40020144.png,/home/ubuntu/SCB-05-Dataset/5k_HRW_Dataset_combined/images/val/40020144.png,1,2,2,,0
40020153.png,/home/ubuntu/SCB-05-Dataset/5k_HRW_Dataset_combined/images/val/40020153.png,1,2,2,,0
40020061.png,/home/ubuntu/SCB-05-Dataset/5k_HRW_Dataset_combined/images/val/40020061.png,1,2,2,,0
40020167.png,/home/ubuntu/SCB-05-Dataset/5k_HRW_Dataset_combined/images/val/40020167.png,0,2,2,,0
40020168.png,/home/ubuntu/SCB-05-Dataset/5k_HRW_Dataset_combined/images/val/40020168.png,1,2,2,,0
40020174.png,/home/ubuntu/SCB-05-Dataset/5k_HRW_Dataset_combined/images/val/40020174.png,0,2,2,,0
40020170.png,/home/ubuntu/SCB-05-Dataset/5k_HRW_Dataset_combined/images/val/40020170.png,1,2,2,,0
40020182.png,/home/ubuntu/SCB-05-Dataset/5k_HRW_Dataset_combined/images/val/40020182.png,1,2,2,,0
40020156.png,/home/ubuntu/SCB-05-Dataset/5k_HRW_Dataset_combined/images/val/40020156.png,1,2,2,,0
40020164.png,/home/ubuntu/SCB-05-Dataset/5k_HRW_Dataset_combined/images/val/40020164.png,1,2,2,,0
40020177.png,/home/ubuntu/SCB-05-Dataset/5k_HRW_Dataset_combined/images/val/40020177.png,0,2,2,,0
40020202.png,/home/ubuntu/SCB-05-Dataset/5k_HRW_Dataset_combined/images/val/40020202.png,0,2,2,,0
40020194.png,/home/ubuntu/SCB-05-Dataset/5k_HRW_Dataset_combined/images/val/40020194.png,0,2,2,,0
40020203.png,/home/ubuntu/SCB-05-Dataset/5k_HRW_Dataset_combined/images/val/40020203.png,0,2,2,,0
40020210.png,/home/ubuntu/SCB-05-Dataset/5k_HRW_Dataset_combined/images/val/40020210.png,0,2,2,,0
40020215.png,/home/ubuntu/SCB-05-Dataset/5k_HRW_Dataset_combined/images/val/40020215.png,1,2,2,,0
40020216.png,/home/ubuntu/SCB-05-Dataset/5k_HRW_Dataset_combined/images/val/40020216.png,0,2,2,,0
40020218.png,/home/ubuntu/SCB-05-Dataset/5k_HRW_Dataset_combined/images/val/40020218.png,0,2,2,,0
40030006.png,/home/ubuntu/SCB-05-Dataset/5k_HRW_Dataset_combined/images/val/40030006.png,1,2,2,,0
40020160.png,/home/ubuntu/SCB-05-Dataset/5k_HRW_Dataset_combined/images/val/40020160.png,1,2,2,,0
40020208.png,/home/ubuntu/SCB-05-Dataset/5k_HRW_Dataset_combined/images/val/40020208.png,0,2,2,,0
40020217.png,/home/ubuntu/SCB-05-Dataset/5k_HRW_Dataset_combined/images/val/40020217.png,0,2,2,,0
40020221.png,/home/ubuntu/SCB-05-Dataset/5k_HRW_Dataset_combined/images/val/40020221.png,0,2,2,,0
40020158.png,/home/ubuntu/SCB-05-Dataset/5k_HRW_Dataset_combined/images/val/40020158.png,1,2,2,,0
40030020.png,/home/ubuntu/SCB-05-Dataset/5k_HRW_Dataset_combined/images/val/40030020.png,1,2,2,,0
40030024.png,/home/ubuntu/SCB-05-Dataset/5k_HRW_Dataset_combined/images/val/40030024.png,1,2,2,,0
40030028.png,/home/ubuntu/SCB-05-Dataset/5k_HRW_Dataset_combined/images/val/40030028.png,1,2,2,,0
40030030.png,/home/ubuntu/SCB-05-Dataset/5k_HRW_Dataset_combined/images/val/40030030.png,1,2,2,,0
40030037.png,/home/ubuntu/SCB-05-Dataset/5k_HRW_Dataset_combined/images/val/40030037.png,1,2,2,,0
40020126.png,/home/ubuntu/SCB-05-Dataset/5k_HRW_Dataset_combined/images/val/40020126.png,1,2,2,,0
40030033.png,/home/ubuntu/SCB-05-Dataset/5k_HRW_Dataset_combined/images/val/40030033.png,1,2,2,,0
40030002.png,/home/ubuntu/SCB-05-Dataset/5k_HRW_Dataset_combined/images/val/40030002.png,1,2,2,,0
40030048.png,/home/ubuntu/SCB-05-Dataset/5k_HRW_Dataset_combined/images/val/40030048.png,1,2,2,,0
40030042.png,/home/ubuntu/SCB-05-Dataset/5k_HRW_Dataset_combined/images/val/40030042.png,1,2,2,,0
40030050.png,/home/ubuntu/SCB-05-Dataset/5k_HRW_Dataset_combined/images/val/40030050.png,1,2,2,,0
40030052.png,/home/ubuntu/SCB-05-Dataset/5k_HRW_Dataset_combined/images/val/40030052.png,1,2,2,,0
40030059.png,/home/ubuntu/SCB-05-Dataset/5k_HRW_Dataset_combined/images/val/40030059.png,1,2,2,,0
40030069.png,/home/ubuntu/SCB-05-Dataset/5k_HRW_Dataset_combined/images/val/40030069.png,1,2,2,,0
40030070.png,/home/ubuntu/SCB-05-Dataset/5k_HRW_Dataset_combined/images/val/40030070.png,1,2,2,,0
40030072.png,/home/ubuntu/SCB-05-Dataset/5k_HRW_Dataset_combined/images/val/40030072.png,1,2,2,,0
40030088.png,/home/ubuntu/SCB-05-Dataset/5k_HRW_Dataset_combined/images/val/40030088.png,1,2,2,,0
40030092.png,/home/ubuntu/SCB-05-Dataset/5k_HRW_Dataset_combined/images/val/40030092.png,1,2,2,,0
40030100.png,/home/ubuntu/SCB-05-Dataset/5k_HRW_Dataset_combined/images/val/40030100.png,1,2,2,,0
40030108.png,/home/ubuntu/SCB-05-Dataset/5k_HRW_Dataset_combined/images/val/40030108.png,1,2,2,,0
40030111.png,/home/ubuntu/SCB-05-Dataset/5k_HRW_Dataset_combined/images/val/40030111.png,1,2,2,,0
40030113.png,/home/ubuntu/SCB-05-Dataset/5k_HRW_Dataset_combined/images/val/40030113.png,1,2,2,,0
40030114.png,/home/ubuntu/SCB-05-Dataset/5k_HRW_Dataset_combined/images/val/40030114.png,1,2,2,,0
40030116.png,/home/ubuntu/SCB-05-Dataset/5k_HRW_Dataset_combined/images/val/40030116.png,1,2,2,,0
40030130.png,/home/ubuntu/SCB-05-Dataset/5k_HRW_Dataset_combined/images/val/40030130.png,1,2,2,,0
40030131.png,/home/ubuntu/SCB-05-Dataset/5k_HRW_Dataset_combined/images/val/40030131.png,1,2,2,,0
40030142.png,/home/ubuntu/SCB-05-Dataset/5k_HRW_Dataset_combined/images/val/40030142.png,1,2,2,,0
40030144.png,/home/ubuntu/SCB-05-Dataset/5k_HRW_Dataset_combined/images/val/40030144.png,1,2,2,,0
40030148.png,/home/ubuntu/SCB-05-Dataset/5k_HRW_Dataset_combined/images/val/40030148.png,1,2,2,,0
40030150.png,/home/ubuntu/SCB-05-Dataset/5k_HRW_Dataset_combined/images/val/40030150.png,1,2,2,,0
40030160.png,/home/ubuntu/SCB-05-Dataset/5k_HRW_Dataset_combined/images/val/40030160.png,1,2,2,,0
40030162.png,/home/ubuntu/SCB-05-Dataset/5k_HRW_Dataset_combined/images/val/40030162.png,1,2,2,,0
40030157.png,/home/ubuntu/SCB-05-Dataset/5k_HRW_Dataset_combined/images/val/40030157.png,1,2,2,,0
40030165.png,/home/ubuntu/SCB-05-Dataset/5k_HRW_Dataset_combined/images/val/40030165.png,1,2,2,,0
40030169.png,/home/ubuntu/SCB-05-Dataset/5k_HRW_Dataset_combined/images/val/40030169.png,1,2,2,,0
40030172.png,/home/ubuntu/SCB-05-Dataset/5k_HRW_Dataset_combined/images/val/40030172.png,1,2,2,,0
40030168.png,/home/ubuntu/SCB-05-Dataset/5k_HRW_Dataset_combined/images/val/40030168.png,1,2,2,,0
40030177.png,/home/ubuntu/SCB-05-Dataset/5k_HRW_Dataset_combined/images/val/40030177.png,1,2,2,,0
40030176.png,/home/ubuntu/SCB-05-Dataset/5k_HRW_Dataset_combined/images/val/40030176.png,1,2,2,,0
40030184.png,/home/ubuntu/SCB-05-Dataset/5k_HRW_Dataset_combined/images/val/40030184.png,2,2,2,,0
40030185.png,/home/ubuntu/SCB-05-Dataset/5k_HRW_Dataset_combined/images/val/40030185.png,2,2,2,,0
40030187.png,/home/ubuntu/SCB-05-Dataset/5k_HRW_Dataset_combined/images/val/40030187.png,1,2,2,,0
40030193.png,/home/ubuntu/SCB-05-Dataset/5k_HRW_Dataset_combined/images/val/40030193.png,1,2,2,,0
40030200.png,/home/ubuntu/SCB-05-Dataset/5k_HRW_Dataset_combined/images/val/40030200.png,1,2,2,,0
40030202.png,/home/ubuntu/SCB-05-Dataset/5k_HRW_Dataset_combined/images/val/40030202.png,1,2,2,,0
40030209.png,/home/ubuntu/SCB-05-Dataset/5k_HRW_Dataset_combined/images/val/40030209.png,1,2,2,,0
40030212.png,/home/ubuntu/SCB-05-Dataset/5k_HRW_Dataset_combined/images/val/40030212.png,1,2,2,,0
40030217.png,/home/ubuntu/SCB-05-Dataset/5k_HRW_Dataset_combined/images/val/40030217.png,1,2,2,,0
40030222.png,/home/ubuntu/SCB-05-Dataset/5k_HRW_Dataset_combined/images/val/40030222.png,1,2,2,,0
40030233.png,/home/ubuntu/SCB-05-Dataset/5k_HRW_Dataset_combined/images/val/40030233.png,1,2,2,,0
40030239.png,/home/ubuntu/SCB-05-Dataset/5k_HRW_Dataset_combined/images/val/40030239.png,1,2,2,,0
40030245.png,/home/ubuntu/SCB-05-Dataset/5k_HRW_Dataset_combined/images/val/40030245.png,1,2,2,,0
40030246.png,/home/ubuntu/SCB-05-Dataset/5k_HRW_Dataset_combined/images/val/40030246.png,1,2,2,,0
40030254.png,/home/ubuntu/SCB-05-Dataset/5k_HRW_Dataset_combined/images/val/40030254.png,1,2,2,,0
40030255.png,/home/ubuntu/SCB-05-Dataset/5k_HRW_Dataset_combined/images/val/40030255.png,1,2,2,,0
40030256.png,/home/ubuntu/SCB-05-Dataset/5k_HRW_Dataset_combined/images/val/40030256.png,1,2,2,,0
40030259.png,/home/ubuntu/SCB-05-Dataset/5k_HRW_Dataset_combined/images/val/40030259.png,1,2,2,,0
40030257.png,/home/ubuntu/SCB-05-Dataset/5k_HRW_Dataset_combined/images/val/40030257.png,1,2,2,,0
40030268.png,/home/ubuntu/SCB-05-Dataset/5k_HRW_Dataset_combined/images/val/40030268.png,1,2,2,,0
40030274.png,/home/ubuntu/SCB-05-Dataset/5k_HRW_Dataset_combined/images/val/40030274.png,1,2,2,,0
40030283.png,/home/ubuntu/SCB-05-Dataset/5k_HRW_Dataset_combined/images/val/40030283.png,1,2,2,,0
40030289.png,/home/ubuntu/SCB-05-Dataset/5k_HRW_Dataset_combined/images/val/40030289.png,1,2,2,,0
40030291.png,/home/ubuntu/SCB-05-Dataset/5k_HRW_Dataset_combined/images/val/40030291.png,1,2,2,,0
40030295.png,/home/ubuntu/SCB-05-Dataset/5k_HRW_Dataset_combined/images/val/40030295.png,1,2,2,,0
0001001.png,/home/ubuntu/SCB-05-Dataset/5k_HRW_Dataset_combined/images/val/0001001.png,3,2,2,,0
0001002.png,/home/ubuntu/SCB-05-Dataset/5k_HRW_Dataset_combined/images/val/0001002.png,3,2,2,,0
0001007.png,/home/ubuntu/SCB-05-Dataset/5k_HRW_Dataset_combined/images/val/0001007.png,3,2,2,,0
0001009.png,/home/ubuntu/SCB-05-Dataset/5k_HRW_Dataset_combined/images/val/0001009.png,3,2,2,,0
0001027.png,/home/ubuntu/SCB-05-Dataset/5k_HRW_Dataset_combined/images/val/0001027.png,3,2,4,,0
0001028.png,/home/ubuntu/SCB-05-Dataset/5k_HRW_Dataset_combined/images/val/0001028.png,3,2,2,,0
0001030.png,/home/ubuntu/SCB-05-Dataset/5k_HRW_Dataset_combined/images/val/0001030.png,3,2,4,,0
0001040.png,/home/ubuntu/SCB-05-Dataset/5k_HRW_Dataset_combined/images/val/0001040.png,3,2,2,,0
0001031.png,/home/ubuntu/SCB-05-Dataset/5k_HRW_Dataset_combined/images/val/0001031.png,3,2,2,,0
0001048.png,/home/ubuntu/SCB-05-Dataset/5k_HRW_Dataset_combined/images/val/0001048.png,3,2,4,,0
0001041.png,/home/ubuntu/SCB-05-Dataset/5k_HRW_Dataset_combined/images/val/0001041.png,3,2,2,,0
0001052.png,/home/ubuntu/SCB-05-Dataset/5k_HRW_Dataset_combined/images/val/0001052.png,2,2,2,,0
0001058.png,/home/ubuntu/SCB-05-Dataset/5k_HRW_Dataset_combined/images/val/0001058.png,3,2,2,,0
0001060.png,/home/ubuntu/SCB-05-Dataset/5k_HRW_Dataset_combined/images/val/0001060.png,3,2,4,,0
0001059.png,/home/ubuntu/SCB-05-Dataset/5k_HRW_Dataset_combined/images/val/0001059.png,2,2,4,,0
0001063.png,/home/ubuntu/SCB-05-Dataset/5k_HRW_Dataset_combined/images/val/0001063.png,3,2,4,,0
0001066.png,/home/ubuntu/SCB-05-Dataset/5k_HRW_Dataset_combined/images/val/0001066.png,2,2,2,,0
0001068.png,/home/ubuntu/SCB-05-Dataset/5k_HRW_Dataset_combined/images/val/0001068.png,3,2,2,,0
0001069.png,/home/ubuntu/SCB-05-Dataset/5k_HRW_Dataset_combined/images/val/0001069.png,3,2,2,,0
0001078.png,/home/ubuntu/SCB-05-Dataset/5k_HRW_Dataset_combined/images/val/0001078.png,3,2,2,,0
0001086.png,/home/ubuntu/SCB-05-Dataset/5k_HRW_Dataset_combined/images/val/0001086.png,3,2,2,,0
0001087.png,/home/ubuntu/SCB-05-Dataset/5k_HRW_Dataset_combined/images/val/0001087.png,3,2,4,,0
0002007.png,/home/ubuntu/SCB-05-Dataset/5k_HRW_Dataset_combined/images/val/0002007.png,3,2,2,,0
0002009.png,/home/ubuntu/SCB-05-Dataset/5k_HRW_Dataset_combined/images/val/0002009.png,3,2,2,,0
0002017.png,/home/ubuntu/SCB-05-Dataset/5k_HRW_Dataset_combined/images/val/0002017.png,3,2,2,,0
0002022.png,/home/ubuntu/SCB-05-Dataset/5k_HRW_Dataset_combined/images/val/0002022.png,3,2,2,,0
0002018.png,/home/ubuntu/SCB-05-Dataset/5k_HRW_Dataset_combined/images/val/0002018.png,3,2,2,,0
0002025.png,/home/ubuntu/SCB-05-Dataset/5k_HRW_Dataset_combined/images/val/0002025.png,2,2,2,,0
0002029.png,/home/ubuntu/SCB-05-Dataset/5k_HRW_Dataset_combined/images/val/0002029.png,3,2,4,,0
0002034.png,/home/ubuntu/SCB-05-Dataset/5k_HRW_Dataset_combined/images/val/0002034.png,3,2,2,,0
0002036.png,/home/ubuntu/SCB-05-Dataset/5k_HRW_Dataset_combined/images/val/0002036.png,3,2,2,,0
0002041.png,/home/ubuntu/SCB-05-Dataset/5k_HRW_Dataset_combined/images/val/0002041.png,3,2,2,,0
0002043.png,/home/ubuntu/SCB-05-Dataset/5k_HRW_Dataset_combined/images/val/0002043.png,3,2,2,,0
0002044.png,/home/ubuntu/SCB-05-Dataset/5k_HRW_Dataset_combined/images/val/0002044.png,3,2,2,,0
0002045.png,/home/ubuntu/SCB-05-Dataset/5k_HRW_Dataset_combined/images/val/0002045.png,2,2,2,,0
0002052.png,/home/ubuntu/SCB-05-Dataset/5k_HRW_Dataset_combined/images/val/0002052.png,3,2,2,,0
0002053.png,/home/ubuntu/SCB-05-Dataset/5k_HRW_Dataset_combined/images/val/0002053.png,3,2,2,,0
0002059.png,/home/ubuntu/SCB-05-Dataset/5k_HRW_Dataset_combined/images/val/0002059.png,3,2,4,,0
0002075.png,/home/ubuntu/SCB-05-Dataset/5k_HRW_Dataset_combined/images/val/0002075.png,3,2,2,,0
0002074.png,/home/ubuntu/SCB-05-Dataset/5k_HRW_Dataset_combined/images/val/0002074.png,3,2,4,,0
00030001.png,/home/ubuntu/SCB-05-Dataset/5k_HRW_Dataset_combined/images/val/00030001.png,2,2,2,,0
00030005.png,/home/ubuntu/SCB-05-Dataset/5k_HRW_Dataset_combined/images/val/00030005.png,3,2,2,,0
00030010.png,/home/ubuntu/SCB-05-Dataset/5k_HRW_Dataset_combined/images/val/00030010.png,3,2,2,,0
00030018.png,/home/ubuntu/SCB-05-Dataset/5k_HRW_Dataset_combined/images/val/00030018.png,3,2,2,,0
00030014.png,/home/ubuntu/SCB-05-Dataset/5k_HRW_Dataset_combined/images/val/00030014.png,3,2,2,,0
00030019.png,/home/ubuntu/SCB-05-Dataset/5k_HRW_Dataset_combined/images/val/00030019.png,3,2,2,,0
00030020.png,/home/ubuntu/SCB-05-Dataset/5k_HRW_Dataset_combined/images/val/00030020.png,2,2,2,,0
0006003.png,/home/ubuntu/SCB-05-Dataset/5k_HRW_Dataset_combined/images/val/0006003.png,3,2,2,,0
0006011.png,/home/ubuntu/SCB-05-Dataset/5k_HRW_Dataset_combined/images/val/0006011.png,3,2,2,,0
0006015.png,/home/ubuntu/SCB-05-Dataset/5k_HRW_Dataset_combined/images/val/0006015.png,3,2,2,,0
0006019.png,/home/ubuntu/SCB-05-Dataset/5k_HRW_Dataset_combined/images/val/0006019.png,3,2,2,,0
0006021.png,/home/ubuntu/SCB-05-Dataset/5k_HRW_Dataset_combined/images/val/0006021.png,3,2,2,,0
0008005.png,/home/ubuntu/SCB-05-Dataset/5k_HRW_Dataset_combined/images/val/0008005.png,2,2,4,,0
0008007.png,/home/ubuntu/SCB-05-Dataset/5k_HRW_Dataset_combined/images/val/0008007.png,3,2,2,,0
0008009.png,/home/ubuntu/SCB-05-Dataset/5k_HRW_Dataset_combined/images/val/0008009.png,3,2,2,,0
0008019.png,/home/ubuntu/SCB-05-Dataset/5k_HRW_Dataset_combined/images/val/0008019.png,3,2,2,,0
0008022.png,/home/ubuntu/SCB-05-Dataset/5k_HRW_Dataset_combined/images/val/0008022.png,3,2,4,,0
0008033.png,/home/ubuntu/SCB-05-Dataset/5k_HRW_Dataset_combined/images/val/0008033.png,3,2,2,,0
0008034.png,/home/ubuntu/SCB-05-Dataset/5k_HRW_Dataset_combined/images/val/0008034.png,3,2,2,,0
0009008.png,/home/ubuntu/SCB-05-Dataset/5k_HRW_Dataset_combined/images/val/0009008.png,2,2,2,,0
0009005.png,/home/ubuntu/SCB-05-Dataset/5k_HRW_Dataset_combined/images/val/0009005.png,2,2,2,,0
0009012.png,/home/ubuntu/SCB-05-Dataset/5k_HRW_Dataset_combined/images/val/0009012.png,2,2,2,,0
0009013.png,/home/ubuntu/SCB-05-Dataset/5k_HRW_Dataset_combined/images/val/0009013.png,2,2,2,,0
0009014.png,/home/ubuntu/SCB-05-Dataset/5k_HRW_Dataset_combined/images/val/0009014.png,2,2,2,,0
0009022.png,/home/ubuntu/SCB-05-Dataset/5k_HRW_Dataset_combined/images/val/0009022.png,2,2,2,,0
0009031.png,/home/ubuntu/SCB-05-Dataset/5k_HRW_Dataset_combined/images/val/0009031.png,2,2,2,,0
0009036.png,/home/ubuntu/SCB-05-Dataset/5k_HRW_Dataset_combined/images/val/0009036.png,2,2,2,,0
0009040.png,/home/ubuntu/SCB-05-Dataset/5k_HRW_Dataset_combined/images/val/0009040.png,2,2,2,,0
0009047.png,/home/ubuntu/SCB-05-Dataset/5k_HRW_Dataset_combined/images/val/0009047.png,2,2,2,,0
0009048.png,/home/ubuntu/SCB-05-Dataset/5k_HRW_Dataset_combined/images/val/0009048.png,2,2,2,,0
0011006.png,/home/ubuntu/SCB-05-Dataset/5k_HRW_Dataset_combined/images/val/0011006.png,2,2,2,,0
0011008.png,/home/ubuntu/SCB-05-Dataset/5k_HRW_Dataset_combined/images/val/0011008.png,3,2,2,,0
0011032.png,/home/ubuntu/SCB-05-Dataset/5k_HRW_Dataset_combined/images/val/0011032.png,2,2,2,,0
0011026.png,/home/ubuntu/SCB-05-Dataset/5k_HRW_Dataset_combined/images/val/0011026.png,2,2,2,,0
0011033.png,/home/ubuntu/SCB-05-Dataset/5k_HRW_Dataset_combined/images/val/0011033.png,2,2,2,,0
0012001.png,/home/ubuntu/SCB-05-Dataset/5k_HRW_Dataset_combined/images/val/0012001.png,2,2,4,,0
0012004.png,/home/ubuntu/SCB-05-Dataset/5k_HRW_Dataset_combined/images/val/0012004.png,2,2,4,,0
0012014.png,/home/ubuntu/SCB-05-Dataset/5k_HRW_Dataset_combined/images/val/0012014.png,2,2,2,,0
0013006.png,/home/ubuntu/SCB-05-Dataset/5k_HRW_Dataset_combined/images/val/0013006.png,2,2,2,,0
0013008.png,/home/ubuntu/SCB-05-Dataset/5k_HRW_Dataset_combined/images/val/0013008.png,2,2,2,,0
0013016.png,/home/ubuntu/SCB-05-Dataset/5k_HRW_Dataset_combined/images/val/0013016.png,2,2,2,,0
0014010.png,/home/ubuntu/SCB-05-Dataset/5k_HRW_Dataset_combined/images/val/0014010.png,2,2,4,,0
0014013.png,/home/ubuntu/SCB-05-Dataset/5k_HRW_Dataset_combined/images/val/0014013.png,2,2,2,,0
0014019.png,/home/ubuntu/SCB-05-Dataset/5k_HRW_Dataset_combined/images/val/0014019.png,2,2,2,,0
0014018.png,/home/ubuntu/SCB-05-Dataset/5k_HRW_Dataset_combined/images/val/0014018.png,2,2,2,,0
0015012.png,/home/ubuntu/SCB-05-Dataset/5k_HRW_Dataset_combined/images/val/0015012.png,3,2,2,,0
0015013.png,/home/ubuntu/SCB-05-Dataset/5k_HRW_Dataset_combined/images/val/0015013.png,3,2,2,,0
0015016.png,/home/ubuntu/SCB-05-Dataset/5k_HRW_Dataset_combined/images/val/0015016.png,2,2,2,,0
0014012.png,/home/ubuntu/SCB-05-Dataset/5k_HRW_Dataset_combined/images/val/0014012.png,2,2,2,,0
0015018.png,/home/ubuntu/SCB-05-Dataset/5k_HRW_Dataset_combined/images/val/0015018.png,2,2,2,,0
0016004.png,/home/ubuntu/SCB-05-Dataset/5k_HRW_Dataset_combined/images/val/0016004.png,2,2,2,,0
0016006.png,/home/ubuntu/SCB-05-Dataset/5k_HRW_Dataset_combined/images/val/0016006.png,2,2,2,,0
0016007.png,/home/ubuntu/SCB-05-Dataset/5k_HRW_Dataset_combined/images/val/0016007.png,2,2,2,,0
0016014.png,/home/ubuntu/SCB-05-Dataset/5k_HRW_Dataset_combined/images/val/0016014.png,2,2,4,,0
0016021.png,/home/ubuntu/SCB-05-Dataset/5k_HRW_Dataset_combined/images/val/0016021.png,2,2,2,,0
0016026.png,/home/ubuntu/SCB-05-Dataset/5k_HRW_Dataset_combined/images/val/0016026.png,2,2,2,,0
0016028.png,/home/ubuntu/SCB-05-Dataset/5k_HRW_Dataset_combined/images/val/0016028.png,2,2,2,,0
0020003.png,/home/ubuntu/SCB-05-Dataset/5k_HRW_Dataset_combined/images/val/0020003.png,2,2,2,,0
0020006.png,/home/ubuntu/SCB-05-Dataset/5k_HRW_Dataset_combined/images/val/0020006.png,2,2,2,,0
0022003.png,/home/ubuntu/SCB-05-Dataset/5k_HRW_Dataset_combined/images/val/0022003.png,2,2,2,,0
0022005.png,/home/ubuntu/SCB-05-Dataset/5k_HRW_Dataset_combined/images/val/0022005.png,2,2,2,,0
0022009.png,/home/ubuntu/SCB-05-Dataset/5k_HRW_Dataset_combined/images/val/0022009.png,2,2,2,,0
0023007.png,/home/ubuntu/SCB-05-Dataset/5k_HRW_Dataset_combined/images/val/0023007.png,2,2,2,,0
0023013.png,/home/ubuntu/SCB-05-Dataset/5k_HRW_Dataset_combined/images/val/0023013.png,2,2,2,,0
0023025.png,/home/ubuntu/SCB-05-Dataset/5k_HRW_Dataset_combined/images/val/0023025.png,2,2,2,,0
0023030.png,/home/ubuntu/SCB-05-Dataset/5k_HRW_Dataset_combined/images/val/0023030.png,2,2,2,,0
0023033.png,/home/ubuntu/SCB-05-Dataset/5k_HRW_Dataset_combined/images/val/0023033.png,2,2,2,,0
0024004.png,/home/ubuntu/SCB-05-Dataset/5k_HRW_Dataset_combined/images/val/0024004.png,2,2,2,,0
0024008.png,/home/ubuntu/SCB-05-Dataset/5k_HRW_Dataset_combined/images/val/0024008.png,2,2,2,,0
0024009.png,/home/ubuntu/SCB-05-Dataset/5k_HRW_Dataset_combined/images/val/0024009.png,2,2,2,,0
0024012.png,/home/ubuntu/SCB-05-Dataset/5k_HRW_Dataset_combined/images/val/0024012.png,2,2,2,,0
0024022.png,/home/ubuntu/SCB-05-Dataset/5k_HRW_Dataset_combined/images/val/0024022.png,2,2,2,,0
0024037.png,/home/ubuntu/SCB-05-Dataset/5k_HRW_Dataset_combined/images/val/0024037.png,2,2,2,,0
0024038.png,/home/ubuntu/SCB-05-Dataset/5k_HRW_Dataset_combined/images/val/0024038.png,2,2,2,,0
0024054.png,/home/ubuntu/SCB-05-Dataset/5k_HRW_Dataset_combined/images/val/0024054.png,2,2,2,,0
0024070.png,/home/ubuntu/SCB-05-Dataset/5k_HRW_Dataset_combined/images/val/0024070.png,2,2,2,,0
0025002.png,/home/ubuntu/SCB-05-Dataset/5k_HRW_Dataset_combined/images/val/0025002.png,2,2,2,,0
0025003.png,/home/ubuntu/SCB-05-Dataset/5k_HRW_Dataset_combined/images/val/0025003.png,2,2,2,,0
0025004.png,/home/ubuntu/SCB-05-Dataset/5k_HRW_Dataset_combined/images/val/0025004.png,2,2,2,,0
0025012.png,/home/ubuntu/SCB-05-Dataset/5k_HRW_Dataset_combined/images/val/0025012.png,2,2,2,,0
0025009.png,/home/ubuntu/SCB-05-Dataset/5k_HRW_Dataset_combined/images/val/0025009.png,2,2,2,,0
0025018.png,/home/ubuntu/SCB-05-Dataset/5k_HRW_Dataset_combined/images/val/0025018.png,2,2,2,,0
0025021.png,/home/ubuntu/SCB-05-Dataset/5k_HRW_Dataset_combined/images/val/0025021.png,2,2,2,,0
0025022.png,/home/ubuntu/SCB-05-Dataset/5k_HRW_Dataset_combined/images/val/0025022.png,2,2,2,,0
0026012.png,/home/ubuntu/SCB-05-Dataset/5k_HRW_Dataset_combined/images/val/0026012.png,2,2,2,,0
0026013.png,/home/ubuntu/SCB-05-Dataset/5k_HRW_Dataset_combined/images/val/0026013.png,2,2,2,,0
0025069.png,/home/ubuntu/SCB-05-Dataset/5k_HRW_Dataset_combined/images/val/0025069.png,2,2,2,,0
0026015.png,/home/ubuntu/SCB-05-Dataset/5k_HRW_Dataset_combined/images/val/0026015.png,2,2,2,,0
0026017.png,/home/ubuntu/SCB-05-Dataset/5k_HRW_Dataset_combined/images/val/0026017.png,2,2,2,,0
0100012.png,/home/ubuntu/SCB-05-Dataset/5k_HRW_Dataset_combined/images/val/0100012.png,3,2,2,,0
0100017.png,/home/ubuntu/SCB-05-Dataset/5k_HRW_Dataset_combined/images/val/0100017.png,3,2,2,,0
0100019.png,/home/ubuntu/SCB-05-Dataset/5k_HRW_Dataset_combined/images/val/0100019.png,3,2,2,,0
0100029.png,/home/ubuntu/SCB-05-Dataset/5k_HRW_Dataset_combined/images/val/0100029.png,3,2,2,,0
0100034.png,/home/ubuntu/SCB-05-Dataset/5k_HRW_Dataset_combined/images/val/0100034.png,3,2,2,,0
0100057.png,/home/ubuntu/SCB-05-Dataset/5k_HRW_Dataset_combined/images/val/0100057.png,3,2,2,,0
0100056.png,/home/ubuntu/SCB-05-Dataset/5k_HRW_Dataset_combined/images/val/0100056.png,3,2,2,,0
0100067.png,/home/ubuntu/SCB-05-Dataset/5k_HRW_Dataset_combined/images/val/0100067.png,3,2,2,,0
0101007.png,/home/ubuntu/SCB-05-Dataset/5k_HRW_Dataset_combined/images/val/0101007.png,3,2,2,,0
0101004.png,/home/ubuntu/SCB-05-Dataset/5k_HRW_Dataset_combined/images/val/0101004.png,3,2,2,,0
0101008.png,/home/ubuntu/SCB-05-Dataset/5k_HRW_Dataset_combined/images/val/0101008.png,3,2,2,,0
0101011.png,/home/ubuntu/SCB-05-Dataset/5k_HRW_Dataset_combined/images/val/0101011.png,3,2,2,,0
0101012.png,/home/ubuntu/SCB-05-Dataset/5k_HRW_Dataset_combined/images/val/0101012.png,3,2,2,,0
0101016.png,/home/ubuntu/SCB-05-Dataset/5k_HRW_Dataset_combined/images/val/0101016.png,3,2,2,,0
0101018.png,/home/ubuntu/SCB-05-Dataset/5k_HRW_Dataset_combined/images/val/0101018.png,3,2,2,,0
0101019.png,/home/ubuntu/SCB-05-Dataset/5k_HRW_Dataset_combined/images/val/0101019.png,3,2,4,,0
0101028.png,/home/ubuntu/SCB-05-Dataset/5k_HRW_Dataset_combined/images/val/0101028.png,3,2,2,,0
0101041.png,/home/ubuntu/SCB-05-Dataset/5k_HRW_Dataset_combined/images/val/0101041.png,3,2,2,,0
0101046.png,/home/ubuntu/SCB-05-Dataset/5k_HRW_Dataset_combined/images/val/0101046.png,3,2,4,,0
0101048.png,/home/ubuntu/SCB-05-Dataset/5k_HRW_Dataset_combined/images/val/0101048.png,3,2,2,,0
0101051.png,/home/ubuntu/SCB-05-Dataset/5k_HRW_Dataset_combined/images/val/0101051.png,3,2,2,,0
0101053.png,/home/ubuntu/SCB-05-Dataset/5k_HRW_Dataset_combined/images/val/0101053.png,3,2,2,,0
0101054.png,/home/ubuntu/SCB-05-Dataset/5k_HRW_Dataset_combined/images/val/0101054.png,3,2,2,,0
0101056.png,/home/ubuntu/SCB-05-Dataset/5k_HRW_Dataset_combined/images/val/0101056.png,3,2,2,,0
0101065.png,/home/ubuntu/SCB-05-Dataset/5k_HRW_Dataset_combined/images/val/0101065.png,3,2,2,,0
0101066.png,/home/ubuntu/SCB-05-Dataset/5k_HRW_Dataset_combined/images/val/0101066.png,3,2,2,,0
0101080.png,/home/ubuntu/SCB-05-Dataset/5k_HRW_Dataset_combined/images/val/0101080.png,3,2,2,,0
0102002.png,/home/ubuntu/SCB-05-Dataset/5k_HRW_Dataset_combined/images/val/0102002.png,3,2,2,,0
0102016.png,/home/ubuntu/SCB-05-Dataset/5k_HRW_Dataset_combined/images/val/0102016.png,3,2,2,,0
0102014.png,/home/ubuntu/SCB-05-Dataset/5k_HRW_Dataset_combined/images/val/0102014.png,2,2,2,,0
0102024.png,/home/ubuntu/SCB-05-Dataset/5k_HRW_Dataset_combined/images/val/0102024.png,3,2,4,,0
0102045.png,/home/ubuntu/SCB-05-Dataset/5k_HRW_Dataset_combined/images/val/0102045.png,3,2,4,,0
0102048.png,/home/ubuntu/SCB-05-Dataset/5k_HRW_Dataset_combined/images/val/0102048.png,3,2,4,,0
0102050.png,/home/ubuntu/SCB-05-Dataset/5k_HRW_Dataset_combined/images/val/0102050.png,3,2,2,,0
0103002.png,/home/ubuntu/SCB-05-Dataset/5k_HRW_Dataset_combined/images/val/0103002.png,2,2,2,,0
0103014.png,/home/ubuntu/SCB-05-Dataset/5k_HRW_Dataset_combined/images/val/0103014.png,3,2,2,,0
0103017.png,/home/ubuntu/SCB-05-Dataset/5k_HRW_Dataset_combined/images/val/0103017.png,3,2,2,,0
0103022.png,/home/ubuntu/SCB-05-Dataset/5k_HRW_Dataset_combined/images/val/0103022.png,3,2,4,,0
0103030.png,/home/ubuntu/SCB-05-Dataset/5k_HRW_Dataset_combined/images/val/0103030.png,3,2,4,,0
0103044.png,/home/ubuntu/SCB-05-Dataset/5k_HRW_Dataset_combined/images/val/0103044.png,3,2,2,,0
0104005.png,/home/ubuntu/SCB-05-Dataset/5k_HRW_Dataset_combined/images/val/0104005.png,2,2,2,,0
0104011.png,/home/ubuntu/SCB-05-Dataset/5k_HRW_Dataset_combined/images/val/0104011.png,3,2,2,,0
0104007.png,/home/ubuntu/SCB-05-Dataset/5k_HRW_Dataset_combined/images/val/0104007.png,3,2,4,,0
0104029.png,/home/ubuntu/SCB-05-Dataset/5k_HRW_Dataset_combined/images/val/0104029.png,3,2,2,,0
0104040.png,/home/ubuntu/SCB-05-Dataset/5k_HRW_Dataset_combined/images/val/0104040.png,3,2,2,,0
0104037.png,/home/ubuntu/SCB-05-Dataset/5k_HRW_Dataset_combined/images/val/0104037.png,2,2,2,,0
0104041.png,/home/ubuntu/SCB-05-Dataset/5k_HRW_Dataset_combined/images/val/0104041.png,3,2,2,,0
0104042.png,/home/ubuntu/SCB-05-Dataset/5k_HRW_Dataset_combined/images/val/0104042.png,3,2,4,,0
0105007.png,/home/ubuntu/SCB-05-Dataset/5k_HRW_Dataset_combined/images/val/0105007.png,2,2,2,,0
0105012.png,/home/ubuntu/SCB-05-Dataset/5k_HRW_Dataset_combined/images/val/0105012.png,3,2,2,,0
0105014.png,/home/ubuntu/SCB-05-Dataset/5k_HRW_Dataset_combined/images/val/0105014.png,3,2,2,,0
0105013.png,/home/ubuntu/SCB-05-Dataset/5k_HRW_Dataset_combined/images/val/0105013.png,3,2,2,,0
0105016.png,/home/ubuntu/SCB-05-Dataset/5k_HRW_Dataset_combined/images/val/0105016.png,3,2,2,,0
0105026.png,/home/ubuntu/SCB-05-Dataset/5k_HRW_Dataset_combined/images/val/0105026.png,2,2,2,,0
0105035.png,/home/ubuntu/SCB-05-Dataset/5k_HRW_Dataset_combined/images/val/0105035.png,3,2,2,,0
0105020.png,/home/ubuntu/SCB-05-Dataset/5k_HRW_Dataset_combined/images/val/0105020.png,3,2,4,,0
0105037.png,/home/ubuntu/SCB-05-Dataset/5k_HRW_Dataset_combined/images/val/0105037.png,2,2,2,,0
0106003.png,/home/ubuntu/SCB-05-Dataset/5k_HRW_Dataset_combined/images/val/0106003.png,2,2,2,,0
0106008.png,/home/ubuntu/SCB-05-Dataset/5k_HRW_Dataset_combined/images/val/0106008.png,2,2,2,,0
0106006.png,/home/ubuntu/SCB-05-Dataset/5k_HRW_Dataset_combined/images/val/0106006.png,3,2,4,,0
0106026.png,/home/ubuntu/SCB-05-Dataset/5k_HRW_Dataset_combined/images/val/0106026.png,3,2,4,,0
0106035.png,/home/ubuntu/SCB-05-Dataset/5k_HRW_Dataset_combined/images/val/0106035.png,3,2,2,,0
0106038.png,/home/ubuntu/SCB-05-Dataset/5k_HRW_Dataset_combined/images/val/0106038.png,3,2,2,,0
0106041.png,/home/ubuntu/SCB-05-Dataset/5k_HRW_Dataset_combined/images/val/0106041.png,3,2,2,,0
0107009.png,/home/ubuntu/SCB-05-Dataset/5k_HRW_Dataset_combined/images/val/0107009.png,3,2,2,,0
0107012.png,/home/ubuntu/SCB-05-Dataset/5k_HRW_Dataset_combined/images/val/0107012.png,3,2,2,,0
0107010.png,/home/ubuntu/SCB-05-Dataset/5k_HRW_Dataset_combined/images/val/0107010.png,3,2,2,,0
0107013.png,/home/ubuntu/SCB-05-Dataset/5k_HRW_Dataset_combined/images/val/0107013.png,3,2,4,,0
0107024.png,/home/ubuntu/SCB-05-Dataset/5k_HRW_Dataset_combined/images/val/0107024.png,3,2,4,,0
0107026.png,/home/ubuntu/SCB-05-Dataset/5k_HRW_Dataset_combined/images/val/0107026.png,3,2,2,,0
0107030.png,/home/ubuntu/SCB-05-Dataset/5k_HRW_Dataset_combined/images/val/0107030.png,3,2,4,,0
0107027.png,/home/ubuntu/SCB-05-Dataset/5k_HRW_Dataset_combined/images/val/0107027.png,3,2,2,,0
0107037.png,/home/ubuntu/SCB-05-Dataset/5k_HRW_Dataset_combined/images/val/0107037.png,3,2,4,,0
0107041.png,/home/ubuntu/SCB-05-Dataset/5k_HRW_Dataset_combined/images/val/0107041.png,3,2,2,,0
0107042.png,/home/ubuntu/SCB-05-Dataset/5k_HRW_Dataset_combined/images/val/0107042.png,3,2,2,,0
0108015.png,/home/ubuntu/SCB-05-Dataset/5k_HRW_Dataset_combined/images/val/0108015.png,3,2,2,,0
0108031.png,/home/ubuntu/SCB-05-Dataset/5k_HRW_Dataset_combined/images/val/0108031.png,3,2,2,,0
0108020.png,/home/ubuntu/SCB-05-Dataset/5k_HRW_Dataset_combined/images/val/0108020.png,3,2,2,,0
0108032.png,/home/ubuntu/SCB-05-Dataset/5k_HRW_Dataset_combined/images/val/0108032.png,3,2,2,,0
0108035.png,/home/ubuntu/SCB-05-Dataset/5k_HRW_Dataset_combined/images/val/0108035.png,3,2,2,,0
0108040.png,/home/ubuntu/SCB-05-Dataset/5k_HRW_Dataset_combined/images/val/0108040.png,3,2,4,,0
0108046.png,/home/ubuntu/SCB-05-Dataset/5k_HRW_Dataset_combined/images/val/0108046.png,3,2,4,,0
0200008.png,/home/ubuntu/SCB-05-Dataset/5k_HRW_Dataset_combined/images/val/0200008.png,3,2,4,,0
0200014.png,/home/ubuntu/SCB-05-Dataset/5k_HRW_Dataset_combined/images/val/0200014.png,3,2,2,,0
0200021.png,/home/ubuntu/SCB-05-Dataset/5k_HRW_Dataset_combined/images/val/0200021.png,3,2,4,,0
0200025.png,/home/ubuntu/SCB-05-Dataset/5k_HRW_Dataset_combined/images/val/0200025.png,3,2,2,,0
0200034.png,/home/ubuntu/SCB-05-Dataset/5k_HRW_Dataset_combined/images/val/0200034.png,3,2,2,,0
0202002.png,/home/ubuntu/SCB-05-Dataset/5k_HRW_Dataset_combined/images/val/0202002.png,3,2,2,,0
0202004.png,/home/ubuntu/SCB-05-Dataset/5k_HRW_Dataset_combined/images/val/0202004.png,3,2,2,,0
0202007.png,/home/ubuntu/SCB-05-Dataset/5k_HRW_Dataset_combined/images/val/0202007.png,3,2,2,,0
0202025.png,/home/ubuntu/SCB-05-Dataset/5k_HRW_Dataset_combined/images/val/0202025.png,3,2,2,,0
0203003.png,/home/ubuntu/SCB-05-Dataset/5k_HRW_Dataset_combined/images/val/0203003.png,3,2,2,,0
0203004.png,/home/ubuntu/SCB-05-Dataset/5k_HRW_Dataset_combined/images/val/0203004.png,3,2,2,,0
0203008.png,/home/ubuntu/SCB-05-Dataset/5k_HRW_Dataset_combined/images/val/0203008.png,3,2,2,,0
0203016.png,/home/ubuntu/SCB-05-Dataset/5k_HRW_Dataset_combined/images/val/0203016.png,3,2,2,,0
0204003.png,/home/ubuntu/SCB-05-Dataset/5k_HRW_Dataset_combined/images/val/0204003.png,3,2,4,,0
0205007.png,/home/ubuntu/SCB-05-Dataset/5k_HRW_Dataset_combined/images/val/0205007.png,3,2,2,,0
0400002.png,/home/ubuntu/SCB-05-Dataset/5k_HRW_Dataset_combined/images/val/0400002.png,3,2,2,,0
0400003.png,/home/ubuntu/SCB-05-Dataset/5k_HRW_Dataset_combined/images/val/0400003.png,3,2,2,,0
0400012.png,/home/ubuntu/SCB-05-Dataset/5k_HRW_Dataset_combined/images/val/0400012.png,3,2,4,,0
0400021.png,/home/ubuntu/SCB-05-Dataset/5k_HRW_Dataset_combined/images/val/0400021.png,3,2,2,,0
0400022.png,/home/ubuntu/SCB-05-Dataset/5k_HRW_Dataset_combined/images/val/0400022.png,3,2,2,,0
0400024.png,/home/ubuntu/SCB-05-Dataset/5k_HRW_Dataset_combined/images/val/0400024.png,3,2,4,,0
0400027.png,/home/ubuntu/SCB-05-Dataset/5k_HRW_Dataset_combined/images/val/0400027.png,3,2,2,,0
0400026.png,/home/ubuntu/SCB-05-Dataset/5k_HRW_Dataset_combined/images/val/0400026.png,3,2,2,,0
0401001.png,/home/ubuntu/SCB-05-Dataset/5k_HRW_Dataset_combined/images/val/0401001.png,3,2,4,,0
0400034.png,/home/ubuntu/SCB-05-Dataset/5k_HRW_Dataset_combined/images/val/0400034.png,3,2,2,,0
0401009.png,/home/ubuntu/SCB-05-Dataset/5k_HRW_Dataset_combined/images/val/0401009.png,3,2,2,,0
0401005.png,/home/ubuntu/SCB-05-Dataset/5k_HRW_Dataset_combined/images/val/0401005.png,2,2,4,,0
0401019.png,/home/ubuntu/SCB-05-Dataset/5k_HRW_Dataset_combined/images/val/0401019.png,3,2,2,,0
0401026.png,/home/ubuntu/SCB-05-Dataset/5k_HRW_Dataset_combined/images/val/0401026.png,3,2,2,,0
0401027.png,/home/ubuntu/SCB-05-Dataset/5k_HRW_Dataset_combined/images/val/0401027.png,3,2,2,,0
0401021.png,/home/ubuntu/SCB-05-Dataset/5k_HRW_Dataset_combined/images/val/0401021.png,3,2,2,,0
0401028.png,/home/ubuntu/SCB-05-Dataset/5k_HRW_Dataset_combined/images/val/0401028.png,3,2,2,,0
0401049.png,/home/ubuntu/SCB-05-Dataset/5k_HRW_Dataset_combined/images/val/0401049.png,2,2,2,,0
0401040.png,/home/ubuntu/SCB-05-Dataset/5k_HRW_Dataset_combined/images/val/0401040.png,3,2,2,,0
0401054.png,/home/ubuntu/SCB-05-Dataset/5k_HRW_Dataset_combined/images/val/0401054.png,3,2,2,,0
0401055.png,/home/ubuntu/SCB-05-Dataset/5k_HRW_Dataset_combined/images/val/0401055.png,3,2,2,,0
0401070.png,/home/ubuntu/SCB-05-Dataset/5k_HRW_Dataset_combined/images/val/0401070.png,3,2,2,,0
0401074.png,/home/ubuntu/SCB-05-Dataset/5k_HRW_Dataset_combined/images/val/0401074.png,3,2,4,,0
0402012.png,/home/ubuntu/SCB-05-Dataset/5k_HRW_Dataset_combined/images/val/0402012.png,3,2,2,,0
0402013.png,/home/ubuntu/SCB-05-Dataset/5k_HRW_Dataset_combined/images/val/0402013.png,2,2,2,,0
0402017.png,/home/ubuntu/SCB-05-Dataset/5k_HRW_Dataset_combined/images/val/0402017.png,3,2,2,,0
0402022.png,/home/ubuntu/SCB-05-Dataset/5k_HRW_Dataset_combined/images/val/0402022.png,3,2,4,,0
0402025.png,/home/ubuntu/SCB-05-Dataset/5k_HRW_Dataset_combined/images/val/0402025.png,3,2,4,,0
0402030.png,/home/ubuntu/SCB-05-Dataset/5k_HRW_Dataset_combined/images/val/0402030.png,3,2,2,,0
0402033.png,/home/ubuntu/SCB-05-Dataset/5k_HRW_Dataset_combined/images/val/0402033.png,2,2,2,,0
0402036.png,/home/ubuntu/SCB-05-Dataset/5k_HRW_Dataset_combined/images/val/0402036.png,3,2,2,,0
0403006.png,/home/ubuntu/SCB-05-Dataset/5k_HRW_Dataset_combined/images/val/0403006.png,3,2,2,,0
0403013.png,/home/ubuntu/SCB-05-Dataset/5k_HRW_Dataset_combined/images/val/0403013.png,3,2,2,,0
0403020.png,/home/ubuntu/SCB-05-Dataset/5k_HRW_Dataset_combined/images/val/0403020.png,3,2,2,,0
0403022.png,/home/ubuntu/SCB-05-Dataset/5k_HRW_Dataset_combined/images/val/0403022.png,3,2,2,,0
0403035.png,/home/ubuntu/SCB-05-Dataset/5k_HRW_Dataset_combined/images/val/0403035.png,3,2,4,,0
0403037.png,/home/ubuntu/SCB-05-Dataset/5k_HRW_Dataset_combined/images/val/0403037.png,3,2,2,,0
0403038.png,/home/ubuntu/SCB-05-Dataset/5k_HRW_Dataset_combined/images/val/0403038.png,3,2,4,,0
0403040.png,/home/ubuntu/SCB-05-Dataset/5k_HRW_Dataset_combined/images/val/0403040.png,3,2,2,,0
0403043.png,/home/ubuntu/SCB-05-Dataset/5k_HRW_Dataset_combined/images/val/0403043.png,3,2,2,,0
0403052.png,/home/ubuntu/SCB-05-Dataset/5k_HRW_Dataset_combined/images/val/0403052.png,2,2,2,,0
0404001.png,/home/ubuntu/SCB-05-Dataset/5k_HRW_Dataset_combined/images/val/0404001.png,3,2,2,,0
0404016.png,/home/ubuntu/SCB-05-Dataset/5k_HRW_Dataset_combined/images/val/0404016.png,3,2,2,,0
0404023.png,/home/ubuntu/SCB-05-Dataset/5k_HRW_Dataset_combined/images/val/0404023.png,3,2,2,,0
0404033.png,/home/ubuntu/SCB-05-Dataset/5k_HRW_Dataset_combined/images/val/0404033.png,3,2,2,,0
0404029.png,/home/ubuntu/SCB-05-Dataset/5k_HRW_Dataset_combined/images/val/0404029.png,2,2,2,,0
0404035.png,/home/ubuntu/SCB-05-Dataset/5k_HRW_Dataset_combined/images/val/0404035.png,3,2,2,,0
0404041.png,/home/ubuntu/SCB-05-Dataset/5k_HRW_Dataset_combined/images/val/0404041.png,3,2,4,,0
0404043.png,/home/ubuntu/SCB-05-Dataset/5k_HRW_Dataset_combined/images/val/0404043.png,3,2,2,,0
0404047.png,/home/ubuntu/SCB-05-Dataset/5k_HRW_Dataset_combined/images/val/0404047.png,2,2,2,,0
0404050.png,/home/ubuntu/SCB-05-Dataset/5k_HRW_Dataset_combined/images/val/0404050.png,3,2,2,,0
06000014.png,/home/ubuntu/SCB-05-Dataset/5k_HRW_Dataset_combined/images/val/06000014.png,3,2,2,,0
06000017.png,/home/ubuntu/SCB-05-Dataset/5k_HRW_Dataset_combined/images/val/06000017.png,3,2,2,,0
06000018.png,/home/ubuntu/SCB-05-Dataset/5k_HRW_Dataset_combined/images/val/06000018.png,3,2,2,,0
06000022.png,/home/ubuntu/SCB-05-Dataset/5k_HRW_Dataset_combined/images/val/06000022.png,3,2,4,,0
06000024.png,/home/ubuntu/SCB-05-Dataset/5k_HRW_Dataset_combined/images/val/06000024.png,3,2,2,,0
06000028.png,/home/ubuntu/SCB-05-Dataset/5k_HRW_Dataset_combined/images/val/06000028.png,3,2,2,,0
06000053.png,/home/ubuntu/SCB-05-Dataset/5k_HRW_Dataset_combined/images/val/06000053.png,3,2,2,,0
06000063.png,/home/ubuntu/SCB-05-Dataset/5k_HRW_Dataset_combined/images/val/06000063.png,3,2,2,,0
06000074.png,/home/ubuntu/SCB-05-Dataset/5k_HRW_Dataset_combined/images/val/06000074.png,3,2,2,,0
06000077.png,/home/ubuntu/SCB-05-Dataset/5k_HRW_Dataset_combined/images/val/06000077.png,3,2,2,,0
06000088.png,/home/ubuntu/SCB-05-Dataset/5k_HRW_Dataset_combined/images/val/06000088.png,3,2,2,,0
06010025.png,/home/ubuntu/SCB-05-Dataset/5k_HRW_Dataset_combined/images/val/06010025.png,3,2,2,,0
06010028.png,/home/ubuntu/SCB-05-Dataset/5k_HRW_Dataset_combined/images/val/06010028.png,3,2,2,,0
06010030.png,/home/ubuntu/SCB-05-Dataset/5k_HRW_Dataset_combined/images/val/06010030.png,3,2,2,,0
06010032.png,/home/ubuntu/SCB-05-Dataset/5k_HRW_Dataset_combined/images/val/06010032.png,3,2,4,,0
06010031.png,/home/ubuntu/SCB-05-Dataset/5k_HRW_Dataset_combined/images/val/06010031.png,3,2,2,,0
06010037.png,/home/ubuntu/SCB-05-Dataset/5k_HRW_Dataset_combined/images/val/06010037.png,3,2,2,,0
0800002.png,/home/ubuntu/SCB-05-Dataset/5k_HRW_Dataset_combined/images/val/0800002.png,3,2,2,,0
0800004.png,/home/ubuntu/SCB-05-Dataset/5k_HRW_Dataset_combined/images/val/0800004.png,3,2,4,,0
0800005.png,/home/ubuntu/SCB-05-Dataset/5k_HRW_Dataset_combined/images/val/0800005.png,3,2,2,,0
0800007.png,/home/ubuntu/SCB-05-Dataset/5k_HRW_Dataset_combined/images/val/0800007.png,3,2,2,,0
0800009.png,/home/ubuntu/SCB-05-Dataset/5k_HRW_Dataset_combined/images/val/0800009.png,3,2,2,,0
0800024.png,/home/ubuntu/SCB-05-Dataset/5k_HRW_Dataset_combined/images/val/0800024.png,3,2,2,,0
0800025.png,/home/ubuntu/SCB-05-Dataset/5k_HRW_Dataset_combined/images/val/0800025.png,3,2,2,,0
0800028.png,/home/ubuntu/SCB-05-Dataset/5k_HRW_Dataset_combined/images/val/0800028.png,3,2,2,,0
0800031.png,/home/ubuntu/SCB-05-Dataset/5k_HRW_Dataset_combined/images/val/0800031.png,3,2,2,,0
0800035.png,/home/ubuntu/SCB-05-Dataset/5k_HRW_Dataset_combined/images/val/0800035.png,3,2,2,,0
0800036.png,/home/ubuntu/SCB-05-Dataset/5k_HRW_Dataset_combined/images/val/0800036.png,3,2,2,,0
1000005.png,/home/ubuntu/SCB-05-Dataset/5k_HRW_Dataset_combined/images/val/1000005.png,3,2,2,,0
1000011.png,/home/ubuntu/SCB-05-Dataset/5k_HRW_Dataset_combined/images/val/1000011.png,3,2,2,,0
1000014.png,/home/ubuntu/SCB-05-Dataset/5k_HRW_Dataset_combined/images/val/1000014.png,3,2,4,,0
1000021.png,/home/ubuntu/SCB-05-Dataset/5k_HRW_Dataset_combined/images/val/1000021.png,3,2,2,,0
1000026.png,/home/ubuntu/SCB-05-Dataset/5k_HRW_Dataset_combined/images/val/1000026.png,3,2,2,,0
1000018.png,/home/ubuntu/SCB-05-Dataset/5k_HRW_Dataset_combined/images/val/1000018.png,3,2,4,,0
1000027.png,/home/ubuntu/SCB-05-Dataset/5k_HRW_Dataset_combined/images/val/1000027.png,2,2,2,,0
1000041.png,/home/ubuntu/SCB-05-Dataset/5k_HRW_Dataset_combined/images/val/1000041.png,2,2,2,,0
1000047.png,/home/ubuntu/SCB-05-Dataset/5k_HRW_Dataset_combined/images/val/1000047.png,3,2,4,,0
1000049.png,/home/ubuntu/SCB-05-Dataset/5k_HRW_Dataset_combined/images/val/1000049.png,3,2,2,,0
1000053.png,/home/ubuntu/SCB-05-Dataset/5k_HRW_Dataset_combined/images/val/1000053.png,2,2,2,,0
1119001.png,/home/ubuntu/SCB-05-Dataset/5k_HRW_Dataset_combined/images/val/1119001.png,3,2,4,,0
1119011.png,/home/ubuntu/SCB-05-Dataset/5k_HRW_Dataset_combined/images/val/1119011.png,3,2,2,,0
1119015.png,/home/ubuntu/SCB-05-Dataset/5k_HRW_Dataset_combined/images/val/1119015.png,3,2,2,,0
1119018.png,/home/ubuntu/SCB-05-Dataset/5k_HRW_Dataset_combined/images/val/1119018.png,3,2,2,,0
1119023.png,/home/ubuntu/SCB-05-Dataset/5k_HRW_Dataset_combined/images/val/1119023.png,3,2,2,,0
1119033.png,/home/ubuntu/SCB-05-Dataset/5k_HRW_Dataset_combined/images/val/1119033.png,3,2,2,,0
1119041.png,/home/ubuntu/SCB-05-Dataset/5k_HRW_Dataset_combined/images/val/1119041.png,3,2,2,,0
1119057.png,/home/ubuntu/SCB-05-Dataset/5k_HRW_Dataset_combined/images/val/1119057.png,3,2,2,,0
1119058.png,/home/ubuntu/SCB-05-Dataset/5k_HRW_Dataset_combined/images/val/1119058.png,3,2,2,,0
1119059.png,/home/ubuntu/SCB-05-Dataset/5k_HRW_Dataset_combined/images/val/1119059.png,3,2,2,,0
1120017.png,/home/ubuntu/SCB-05-Dataset/5k_HRW_Dataset_combined/images/val/1120017.png,3,2,4,,0
1120024.png,/home/ubuntu/SCB-05-Dataset/5k_HRW_Dataset_combined/images/val/1120024.png,3,2,4,,0
1120028.png,/home/ubuntu/SCB-05-Dataset/5k_HRW_Dataset_combined/images/val/1120028.png,3,2,2,,0
1120037.png,/home/ubuntu/SCB-05-Dataset/5k_HRW_Dataset_combined/images/val/1120037.png,3,2,2,,0
1120041.png,/home/ubuntu/SCB-05-Dataset/5k_HRW_Dataset_combined/images/val/1120041.png,3,2,2,,0
1120061.png,/home/ubuntu/SCB-05-Dataset/5k_HRW_Dataset_combined/images/val/1120061.png,3,2,2,,0
1120063.png,/home/ubuntu/SCB-05-Dataset/5k_HRW_Dataset_combined/images/val/1120063.png,3,2,2,,0
1120064.png,/home/ubuntu/SCB-05-Dataset/5k_HRW_Dataset_combined/images/val/1120064.png,3,2,2,,0
1121005.png,/home/ubuntu/SCB-05-Dataset/5k_HRW_Dataset_combined/images/val/1121005.png,3,2,2,,0
1121006.png,/home/ubuntu/SCB-05-Dataset/5k_HRW_Dataset_combined/images/val/1121006.png,3,2,2,,0
1121009.png,/home/ubuntu/SCB-05-Dataset/5k_HRW_Dataset_combined/images/val/1121009.png,3,2,2,,0
1121020.png,/home/ubuntu/SCB-05-Dataset/5k_HRW_Dataset_combined/images/val/1121020.png,3,2,2,,0
1121013.png,/home/ubuntu/SCB-05-Dataset/5k_HRW_Dataset_combined/images/val/1121013.png,3,2,2,,0
1121022.png,/home/ubuntu/SCB-05-Dataset/5k_HRW_Dataset_combined/images/val/1121022.png,3,2,2,,0
1121029.png,/home/ubuntu/SCB-05-Dataset/5k_HRW_Dataset_combined/images/val/1121029.png,3,2,2,,0
1128007.png,/home/ubuntu/SCB-05-Dataset/5k_HRW_Dataset_combined/images/val/1128007.png,3,2,2,,0
1128023.png,/home/ubuntu/SCB-05-Dataset/5k_HRW_Dataset_combined/images/val/1128023.png,3,2,2,,0
1128032.png,/home/ubuntu/SCB-05-Dataset/5k_HRW_Dataset_combined/images/val/1128032.png,3,2,2,,0
1128026.png,/home/ubuntu/SCB-05-Dataset/5k_HRW_Dataset_combined/images/val/1128026.png,3,2,2,,0
1130002.png,/home/ubuntu/SCB-05-Dataset/5k_HRW_Dataset_combined/images/val/1130002.png,3,2,4,,0
1130014.png,/home/ubuntu/SCB-05-Dataset/5k_HRW_Dataset_combined/images/val/1130014.png,3,2,4,,0
1130021.png,/home/ubuntu/SCB-05-Dataset/5k_HRW_Dataset_combined/images/val/1130021.png,3,2,2,,0
1130030.png,/home/ubuntu/SCB-05-Dataset/5k_HRW_Dataset_combined/images/val/1130030.png,2,2,4,,0
1130060.png,/home/ubuntu/SCB-05-Dataset/5k_HRW_Dataset_combined/images/val/1130060.png,3,2,2,,0
1180028.png,/home/ubuntu/SCB-05-Dataset/5k_HRW_Dataset_combined/images/val/1180028.png,3,2,2,,0
1180030.png,/home/ubuntu/SCB-05-Dataset/5k_HRW_Dataset_combined/images/val/1180030.png,3,2,2,,0
1180036.png,/home/ubuntu/SCB-05-Dataset/5k_HRW_Dataset_combined/images/val/1180036.png,3,2,2,,0
1180032.png,/home/ubuntu/SCB-05-Dataset/5k_HRW_Dataset_combined/images/val/1180032.png,3,2,2,,0
1180037.png,/home/ubuntu/SCB-05-Dataset/5k_HRW_Dataset_combined/images/val/1180037.png,3,2,4,,0
1180042.png,/home/ubuntu/SCB-05-Dataset/5k_HRW_Dataset_combined/images/val/1180042.png,3,2,2,,0
1180047.png,/home/ubuntu/SCB-05-Dataset/5k_HRW_Dataset_combined/images/val/1180047.png,3,2,2,,0
1180048.png,/home/ubuntu/SCB-05-Dataset/5k_HRW_Dataset_combined/images/val/1180048.png,3,2,2,,0
1243003.png,/home/ubuntu/SCB-05-Dataset/5k_HRW_Dataset_combined/images/val/1243003.png,3,2,2,,0
1243008.png,/home/ubuntu/SCB-05-Dataset/5k_HRW_Dataset_combined/images/val/1243008.png,3,2,2,,0
1243010.png,/home/ubuntu/SCB-05-Dataset/5k_HRW_Dataset_combined/images/val/1243010.png,2,2,2,,0
1243011.png,/home/ubuntu/SCB-05-Dataset/5k_HRW_Dataset_combined/images/val/1243011.png,3,2,2,,0
1243012.png,/home/ubuntu/SCB-05-Dataset/5k_HRW_Dataset_combined/images/val/1243012.png,3,2,2,,0
1243015.png,/home/ubuntu/SCB-05-Dataset/5k_HRW_Dataset_combined/images/val/1243015.png,3,2,2,,0
1243021.png,/home/ubuntu/SCB-05-Dataset/5k_HRW_Dataset_combined/images/val/1243021.png,3,2,2,,0
1243028.png,/home/ubuntu/SCB-05-Dataset/5k_HRW_Dataset_combined/images/val/1243028.png,3,2,2,,0
1243032.png,/home/ubuntu/SCB-05-Dataset/5k_HRW_Dataset_combined/images/val/1243032.png,3,2,2,,0
1246027.png,/home/ubuntu/SCB-05-Dataset/5k_HRW_Dataset_combined/images/val/1246027.png,3,2,2,,0
1246029.png,/home/ubuntu/SCB-05-Dataset/5k_HRW_Dataset_combined/images/val/1246029.png,3,2,2,,0
1246034.png,/home/ubuntu/SCB-05-Dataset/5k_HRW_Dataset_combined/images/val/1246034.png,3,2,2,,0
1246039.png,/home/ubuntu/SCB-05-Dataset/5k_HRW_Dataset_combined/images/val/1246039.png,3,2,2,,0
1246048.png,/home/ubuntu/SCB-05-Dataset/5k_HRW_Dataset_combined/images/val/1246048.png,3,2,2,,0
1246040.png,/home/ubuntu/SCB-05-Dataset/5k_HRW_Dataset_combined/images/val/1246040.png,2,2,2,,0
1246050.png,/home/ubuntu/SCB-05-Dataset/5k_HRW_Dataset_combined/images/val/1246050.png,3,2,2,,0
1249003.png,/home/ubuntu/SCB-05-Dataset/5k_HRW_Dataset_combined/images/val/1249003.png,3,2,2,,0
1249010.png,/home/ubuntu/SCB-05-Dataset/5k_HRW_Dataset_combined/images/val/1249010.png,3,2,2,,0
1249012.png,/home/ubuntu/SCB-05-Dataset/5k_HRW_Dataset_combined/images/val/1249012.png,2,2,2,,0
1249022.png,/home/ubuntu/SCB-05-Dataset/5k_HRW_Dataset_combined/images/val/1249022.png,3,2,2,,0
1249023.png,/home/ubuntu/SCB-05-Dataset/5k_HRW_Dataset_combined/images/val/1249023.png,3,2,2,,0
1249042.png,/home/ubuntu/SCB-05-Dataset/5k_HRW_Dataset_combined/images/val/1249042.png,3,2,2,,0
1249043.png,/home/ubuntu/SCB-05-Dataset/5k_HRW_Dataset_combined/images/val/1249043.png,3,2,2,,0
1249052.png,/home/ubuntu/SCB-05-Dataset/5k_HRW_Dataset_combined/images/val/1249052.png,3,2,2,,0
1249063.png,/home/ubuntu/SCB-05-Dataset/5k_HRW_Dataset_combined/images/val/1249063.png,3,2,2,,0
1249054.png,/home/ubuntu/SCB-05-Dataset/5k_HRW_Dataset_combined/images/val/1249054.png,3,2,2,,0
1249068.png,/home/ubuntu/SCB-05-Dataset/5k_HRW_Dataset_combined/images/val/1249068.png,3,2,2,,0
1252006.png,/home/ubuntu/SCB-05-Dataset/5k_HRW_Dataset_combined/images/val/1252006.png,3,2,2,,0
1252007.png,/home/ubuntu/SCB-05-Dataset/5k_HRW_Dataset_combined/images/val/1252007.png,2,2,2,,0
1252035.png,/home/ubuntu/SCB-05-Dataset/5k_HRW_Dataset_combined/images/val/1252035.png,3,2,2,,0
1252031.png,/home/ubuntu/SCB-05-Dataset/5k_HRW_Dataset_combined/images/val/1252031.png,3,2,2,,0
1253001.png,/home/ubuntu/SCB-05-Dataset/5k_HRW_Dataset_combined/images/val/1253001.png,3,2,2,,0
1253034.png,/home/ubuntu/SCB-05-Dataset/5k_HRW_Dataset_combined/images/val/1253034.png,3,2,2,,0
1253044.png,/home/ubuntu/SCB-05-Dataset/5k_HRW_Dataset_combined/images/val/1253044.png,3,2,4,,0
1253052.png,/home/ubuntu/SCB-05-Dataset/5k_HRW_Dataset_combined/images/val/1253052.png,3,2,2,,0
1254012.png,/home/ubuntu/SCB-05-Dataset/5k_HRW_Dataset_combined/images/val/1254012.png,3,2,2,,0
1254013.png,/home/ubuntu/SCB-05-Dataset/5k_HRW_Dataset_combined/images/val/1254013.png,3,2,4,,0
1254015.png,/home/ubuntu/SCB-05-Dataset/5k_HRW_Dataset_combined/images/val/1254015.png,3,2,2,,0
1254016.png,/home/ubuntu/SCB-05-Dataset/5k_HRW_Dataset_combined/images/val/1254016.png,3,2,2,,0
1254026.png,/home/ubuntu/SCB-05-Dataset/5k_HRW_Dataset_combined/images/val/1254026.png,3,2,2,,0
1254022.png,/home/ubuntu/SCB-05-Dataset/5k_HRW_Dataset_combined/images/val/1254022.png,3,2,2,,0
1254032.png,/home/ubuntu/SCB-05-Dataset/5k_HRW_Dataset_combined/images/val/1254032.png,3,2,2,,0
1255004.png,/home/ubuntu/SCB-05-Dataset/5k_HRW_Dataset_combined/images/val/1255004.png,3,2,2,,0
1255007.png,/home/ubuntu/SCB-05-Dataset/5k_HRW_Dataset_combined/images/val/1255007.png,2,2,2,,0
1255009.png,/home/ubuntu/SCB-05-Dataset/5k_HRW_Dataset_combined/images/val/1255009.png,2,2,4,,0
1256001.png,/home/ubuntu/SCB-05-Dataset/5k_HRW_Dataset_combined/images/val/1256001.png,2,2,2,,0
1256028.png,/home/ubuntu/SCB-05-Dataset/5k_HRW_Dataset_combined/images/val/1256028.png,2,2,2,,0
1256039.png,/home/ubuntu/SCB-05-Dataset/5k_HRW_Dataset_combined/images/val/1256039.png,3,2,4,,0
1256044.png,/home/ubuntu/SCB-05-Dataset/5k_HRW_Dataset_combined/images/val/1256044.png,3,2,4,,0
1256057.png,/home/ubuntu/SCB-05-Dataset/5k_HRW_Dataset_combined/images/val/1256057.png,3,2,4,,0
1256058.png,/home/ubuntu/SCB-05-Dataset/5k_HRW_Dataset_combined/images/val/1256058.png,3,2,4,,0
1257001.png,/home/ubuntu/SCB-05-Dataset/5k_HRW_Dataset_combined/images/val/1257001.png,3,2,2,,0
1257004.png,/home/ubuntu/SCB-05-Dataset/5k_HRW_Dataset_combined/images/val/1257004.png,3,2,2,,0
1257006.png,/home/ubuntu/SCB-05-Dataset/5k_HRW_Dataset_combined/images/val/1257006.png,2,2,2,,0
1257011.png,/home/ubuntu/SCB-05-Dataset/5k_HRW_Dataset_combined/images/val/1257011.png,3,2,2,,0
1257016.png,/home/ubuntu/SCB-05-Dataset/5k_HRW_Dataset_combined/images/val/1257016.png,3,2,2,,0
1257020.png,/home/ubuntu/SCB-05-Dataset/5k_HRW_Dataset_combined/images/val/1257020.png,3,2,4,,0
1257022.png,/home/ubuntu/SCB-05-Dataset/5k_HRW_Dataset_combined/images/val/1257022.png,2,2,4,,0
1257028.png,/home/ubuntu/SCB-05-Dataset/5k_HRW_Dataset_combined/images/val/1257028.png,3,2,2,,0
1257033.png,/home/ubuntu/SCB-05-Dataset/5k_HRW_Dataset_combined/images/val/1257033.png,3,2,2,,0
1257031.png,/home/ubuntu/SCB-05-Dataset/5k_HRW_Dataset_combined/images/val/1257031.png,3,2,2,,0
1257034.png,/home/ubuntu/SCB-05-Dataset/5k_HRW_Dataset_combined/images/val/1257034.png,3,2,2,,0
1262004.png,/home/ubuntu/SCB-05-Dataset/5k_HRW_Dataset_combined/images/val/1262004.png,3,2,2,,0
1262011.png,/home/ubuntu/SCB-05-Dataset/5k_HRW_Dataset_combined/images/val/1262011.png,3,2,2,,0
1262012.png,/home/ubuntu/SCB-05-Dataset/5k_HRW_Dataset_combined/images/val/1262012.png,3,2,2,,0
1262013.png,/home/ubuntu/SCB-05-Dataset/5k_HRW_Dataset_combined/images/val/1262013.png,3,2,2,,0
1262031.png,/home/ubuntu/SCB-05-Dataset/5k_HRW_Dataset_combined/images/val/1262031.png,2,2,2,,0
1262025.png,/home/ubuntu/SCB-05-Dataset/5k_HRW_Dataset_combined/images/val/1262025.png,2,2,2,,0
1265001.png,/home/ubuntu/SCB-05-Dataset/5k_HRW_Dataset_combined/images/val/1265001.png,3,2,2,,0
1265003.png,/home/ubuntu/SCB-05-Dataset/5k_HRW_Dataset_combined/images/val/1265003.png,2,2,4,,0
1265019.png,/home/ubuntu/SCB-05-Dataset/5k_HRW_Dataset_combined/images/val/1265019.png,3,2,4,,0
1265033.png,/home/ubuntu/SCB-05-Dataset/5k_HRW_Dataset_combined/images/val/1265033.png,3,2,2,,0
1265043.png,/home/ubuntu/SCB-05-Dataset/5k_HRW_Dataset_combined/images/val/1265043.png,3,2,2,,0
1265052.png,/home/ubuntu/SCB-05-Dataset/5k_HRW_Dataset_combined/images/val/1265052.png,3,2,2,,0
1265054.png,/home/ubuntu/SCB-05-Dataset/5k_HRW_Dataset_combined/images/val/1265054.png,3,2,4,,0
1265055.png,/home/ubuntu/SCB-05-Dataset/5k_HRW_Dataset_combined/images/val/1265055.png,3,2,2,,0
1265066.png,/home/ubuntu/SCB-05-Dataset/5k_HRW_Dataset_combined/images/val/1265066.png,3,2,2,,0
1265058.png,/home/ubuntu/SCB-05-Dataset/5k_HRW_Dataset_combined/images/val/1265058.png,3,2,2,,0
1265067.png,/home/ubuntu/SCB-05-Dataset/5k_HRW_Dataset_combined/images/val/1265067.png,3,2,2,,0
1265069.png,/home/ubuntu/SCB-05-Dataset/5k_HRW_Dataset_combined/images/val/1265069.png,3,2,2,,0
1265070.png,/home/ubuntu/SCB-05-Dataset/5k_HRW_Dataset_combined/images/val/1265070.png,3,2,2,,0
1265071.png,/home/ubuntu/SCB-05-Dataset/5k_HRW_Dataset_combined/images/val/1265071.png,3,2,2,,0
1265073.png,/home/ubuntu/SCB-05-Dataset/5k_HRW_Dataset_combined/images/val/1265073.png,3,2,4,,0
1265074.png,/home/ubuntu/SCB-05-Dataset/5k_HRW_Dataset_combined/images/val/1265074.png,2,2,2,,0
1265083.png,/home/ubuntu/SCB-05-Dataset/5k_HRW_Dataset_combined/images/val/1265083.png,2,2,2,,0
1265099.png,/home/ubuntu/SCB-05-Dataset/5k_HRW_Dataset_combined/images/val/1265099.png,3,2,2,,0
1265106.png,/home/ubuntu/SCB-05-Dataset/5k_HRW_Dataset_combined/images/val/1265106.png,3,2,2,,0
1265109.png,/home/ubuntu/SCB-05-Dataset/5k_HRW_Dataset_combined/images/val/1265109.png,3,2,2,,0
1266010.png,/home/ubuntu/SCB-05-Dataset/5k_HRW_Dataset_combined/images/val/1266010.png,3,2,2,,0
1266011.png,/home/ubuntu/SCB-05-Dataset/5k_HRW_Dataset_combined/images/val/1266011.png,3,2,4,,0
1266002.png,/home/ubuntu/SCB-05-Dataset/5k_HRW_Dataset_combined/images/val/1266002.png,3,2,2,,0
1266015.png,/home/ubuntu/SCB-05-Dataset/5k_HRW_Dataset_combined/images/val/1266015.png,3,2,2,,0
1266028.png,/home/ubuntu/SCB-05-Dataset/5k_HRW_Dataset_combined/images/val/1266028.png,3,2,4,,0
1266051.png,/home/ubuntu/SCB-05-Dataset/5k_HRW_Dataset_combined/images/val/1266051.png,2,2,2,,0
1266045.png,/home/ubuntu/SCB-05-Dataset/5k_HRW_Dataset_combined/images/val/1266045.png,3,2,2,,0
1266056.png,/home/ubuntu/SCB-05-Dataset/5k_HRW_Dataset_combined/images/val/1266056.png,3,2,2,,0
1266053.png,/home/ubuntu/SCB-05-Dataset/5k_HRW_Dataset_combined/images/val/1266053.png,3,2,2,,0
1267008.png,/home/ubuntu/SCB-05-Dataset/5k_HRW_Dataset_combined/images/val/1267008.png,3,2,2,,0
1267014.png,/home/ubuntu/SCB-05-Dataset/5k_HRW_Dataset_combined/images/val/1267014.png,3,2,2,,0
1267002.png,/home/ubuntu/SCB-05-Dataset/5k_HRW_Dataset_combined/images/val/1267002.png,3,2,2,,0
1267010.png,/home/ubuntu/SCB-05-Dataset/5k_HRW_Dataset_combined/images/val/1267010.png,2,2,2,,0
1267059.png,/home/ubuntu/SCB-05-Dataset/5k_HRW_Dataset_combined/images/val/1267059.png,3,2,2,,0
1267080.png,/home/ubuntu/SCB-05-Dataset/5k_HRW_Dataset_combined/images/val/1267080.png,3,2,2,,0
1267063.png,/home/ubuntu/SCB-05-Dataset/5k_HRW_Dataset_combined/images/val/1267063.png,3,2,2,,0
1267112.png,/home/ubuntu/SCB-05-Dataset/5k_HRW_Dataset_combined/images/val/1267112.png,3,2,2,,0
1270008.png,/home/ubuntu/SCB-05-Dataset/5k_HRW_Dataset_combined/images/val/1270008.png,3,2,2,,0
1267128.png,/home/ubuntu/SCB-05-Dataset/5k_HRW_Dataset_combined/images/val/1267128.png,2,2,2,,0
1270011.png,/home/ubuntu/SCB-05-Dataset/5k_HRW_Dataset_combined/images/val/1270011.png,3,2,2,,0
1270019.png,/home/ubuntu/SCB-05-Dataset/5k_HRW_Dataset_combined/images/val/1270019.png,3,2,2,,0
1270044.png,/home/ubuntu/SCB-05-Dataset/5k_HRW_Dataset_combined/images/val/1270044.png,3,2,2,,0
1270048.png,/home/ubuntu/SCB-05-Dataset/5k_HRW_Dataset_combined/images/val/1270048.png,3,2,2,,0
1270049.png,/home/ubuntu/SCB-05-Dataset/5k_HRW_Dataset_combined/images/val/1270049.png,3,2,2,,0
1270052.png,/home/ubuntu/SCB-05-Dataset/5k_HRW_Dataset_combined/images/val/1270052.png,3,2,2,,0
1270055.png,/home/ubuntu/SCB-05-Dataset/5k_HRW_Dataset_combined/images/val/1270055.png,2,2,2,,0
1270058.png,/home/ubuntu/SCB-05-Dataset/5k_HRW_Dataset_combined/images/val/1270058.png,3,2,2,,0
1270076.png,/home/ubuntu/SCB-05-Dataset/5k_HRW_Dataset_combined/images/val/1270076.png,3,2,2,,0
1270063.png,/home/ubuntu/SCB-05-Dataset/5k_HRW_Dataset_combined/images/val/1270063.png,3,2,4,,0
1270079.png,/home/ubuntu/SCB-05-Dataset/5k_HRW_Dataset_combined/images/val/1270079.png,3,2,2,,0
1270086.png,/home/ubuntu/SCB-05-Dataset/5k_HRW_Dataset_combined/images/val/1270086.png,3,2,2,,0
1270095.png,/home/ubuntu/SCB-05-Dataset/5k_HRW_Dataset_combined/images/val/1270095.png,3,2,2,,0
1274007.png,/home/ubuntu/SCB-05-Dataset/5k_HRW_Dataset_combined/images/val/1274007.png,3,2,2,,0
1270082.png,/home/ubuntu/SCB-05-Dataset/5k_HRW_Dataset_combined/images/val/1270082.png,3,2,2,,0
1274010.png,/home/ubuntu/SCB-05-Dataset/5k_HRW_Dataset_combined/images/val/1274010.png,2,2,2,,0
1274029.png,/home/ubuntu/SCB-05-Dataset/5k_HRW_Dataset_combined/images/val/1274029.png,3,2,2,,0
1274033.png,/home/ubuntu/SCB-05-Dataset/5k_HRW_Dataset_combined/images/val/1274033.png,3,2,2,,0
1274047.png,/home/ubuntu/SCB-05-Dataset/5k_HRW_Dataset_combined/images/val/1274047.png,2,2,2,,0
1274032.png,/home/ubuntu/SCB-05-Dataset/5k_HRW_Dataset_combined/images/val/1274032.png,2,2,2,,0
1274051.png,/home/ubuntu/SCB-05-Dataset/5k_HRW_Dataset_combined/images/val/1274051.png,2,2,2,,0
1276007.png,/home/ubuntu/SCB-05-Dataset/5k_HRW_Dataset_combined/images/val/1276007.png,3,2,2,,0
1276009.png,/home/ubuntu/SCB-05-Dataset/5k_HRW_Dataset_combined/images/val/1276009.png,3,2,2,,0
1276011.png,/home/ubuntu/SCB-05-Dataset/5k_HRW_Dataset_combined/images/val/1276011.png,3,2,2,,0
1276018.png,/home/ubuntu/SCB-05-Dataset/5k_HRW_Dataset_combined/images/val/1276018.png,3,2,2,,0
1276030.png,/home/ubuntu/SCB-05-Dataset/5k_HRW_Dataset_combined/images/val/1276030.png,2,2,2,,0
1276028.png,/home/ubuntu/SCB-05-Dataset/5k_HRW_Dataset_combined/images/val/1276028.png,3,2,2,,0
1281003.png,/home/ubuntu/SCB-05-Dataset/5k_HRW_Dataset_combined/images/val/1281003.png,3,2,4,,0
1281013.png,/home/ubuntu/SCB-05-Dataset/5k_HRW_Dataset_combined/images/val/1281013.png,2,2,2,,0
1281035.png,/home/ubuntu/SCB-05-Dataset/5k_HRW_Dataset_combined/images/val/1281035.png,3,2,2,,0
1281028.png,/home/ubuntu/SCB-05-Dataset/5k_HRW_Dataset_combined/images/val/1281028.png,3,2,2,,0
1281036.png,/home/ubuntu/SCB-05-Dataset/5k_HRW_Dataset_combined/images/val/1281036.png,3,2,2,,0
1281040.png,/home/ubuntu/SCB-05-Dataset/5k_HRW_Dataset_combined/images/val/1281040.png,3,2,2,,0
1281044.png,/home/ubuntu/SCB-05-Dataset/5k_HRW_Dataset_combined/images/val/1281044.png,3,2,2,,0
1281047.png,/home/ubuntu/SCB-05-Dataset/5k_HRW_Dataset_combined/images/val/1281047.png,3,2,2,,0
1281048.png,/home/ubuntu/SCB-05-Dataset/5k_HRW_Dataset_combined/images/val/1281048.png,3,2,2,,0
1283004.png,/home/ubuntu/SCB-05-Dataset/5k_HRW_Dataset_combined/images/val/1283004.png,3,2,4,,0
1283015.png,/home/ubuntu/SCB-05-Dataset/5k_HRW_Dataset_combined/images/val/1283015.png,3,2,2,,0
1283016.png,/home/ubuntu/SCB-05-Dataset/5k_HRW_Dataset_combined/images/val/1283016.png,3,2,4,,0
1283018.png,/home/ubuntu/SCB-05-Dataset/5k_HRW_Dataset_combined/images/val/1283018.png,3,2,4,,0
1283020.png,/home/ubuntu/SCB-05-Dataset/5k_HRW_Dataset_combined/images/val/1283020.png,3,2,2,,0
1283026.png,/home/ubuntu/SCB-05-Dataset/5k_HRW_Dataset_combined/images/val/1283026.png,3,2,2,,0
1283028.png,/home/ubuntu/SCB-05-Dataset/5k_HRW_Dataset_combined/images/val/1283028.png,3,2,2,,0
1283033.png,/home/ubuntu/SCB-05-Dataset/5k_HRW_Dataset_combined/images/val/1283033.png,3,2,2,,0
1283035.png,/home/ubuntu/SCB-05-Dataset/5k_HRW_Dataset_combined/images/val/1283035.png,3,2,2,,0
1283040.png,/home/ubuntu/SCB-05-Dataset/5k_HRW_Dataset_combined/images/val/1283040.png,3,2,4,,0
1283039.png,/home/ubuntu/SCB-05-Dataset/5k_HRW_Dataset_combined/images/val/1283039.png,3,2,2,,0
1283051.png,/home/ubuntu/SCB-05-Dataset/5k_HRW_Dataset_combined/images/val/1283051.png,2,2,2,,0
1283043.png,/home/ubuntu/SCB-05-Dataset/5k_HRW_Dataset_combined/images/val/1283043.png,3,2,2,,0
1290003.png,/home/ubuntu/SCB-05-Dataset/5k_HRW_Dataset_combined/images/val/1290003.png,3,2,2,,0
1290006.png,/home/ubuntu/SCB-05-Dataset/5k_HRW_Dataset_combined/images/val/1290006.png,2,2,2,,0
1290007.png,/home/ubuntu/SCB-05-Dataset/5k_HRW_Dataset_combined/images/val/1290007.png,3,2,2,,0
1290013.png,/home/ubuntu/SCB-05-Dataset/5k_HRW_Dataset_combined/images/val/1290013.png,3,2,2,,0
1290017.png,/home/ubuntu/SCB-05-Dataset/5k_HRW_Dataset_combined/images/val/1290017.png,3,2,4,,0
1290019.png,/home/ubuntu/SCB-05-Dataset/5k_HRW_Dataset_combined/images/val/1290019.png,3,2,2,,0
1292015.png,/home/ubuntu/SCB-05-Dataset/5k_HRW_Dataset_combined/images/val/1292015.png,3,2,2,,0
1292011.png,/home/ubuntu/SCB-05-Dataset/5k_HRW_Dataset_combined/images/val/1292011.png,2,2,2,,0
1292017.png,/home/ubuntu/SCB-05-Dataset/5k_HRW_Dataset_combined/images/val/1292017.png,3,2,2,,0
1294005.png,/home/ubuntu/SCB-05-Dataset/5k_HRW_Dataset_combined/images/val/1294005.png,3,2,2,,0
1294013.png,/home/ubuntu/SCB-05-Dataset/5k_HRW_Dataset_combined/images/val/1294013.png,3,2,2,,0
1296001.png,/home/ubuntu/SCB-05-Dataset/5k_HRW_Dataset_combined/images/val/1296001.png,3,2,2,,0
1296002.png,/home/ubuntu/SCB-05-Dataset/5k_HRW_Dataset_combined/images/val/1296002.png,2,2,2,,0
1296008.png,/home/ubuntu/SCB-05-Dataset/5k_HRW_Dataset_combined/images/val/1296008.png,2,2,2,,0
1296009.png,/home/ubuntu/SCB-05-Dataset/5k_HRW_Dataset_combined/images/val/1296009.png,2,2,2,,0
1296013.png,/home/ubuntu/SCB-05-Dataset/5k_HRW_Dataset_combined/images/val/1296013.png,3,2,2,,0
1296015.png,/home/ubuntu/SCB-05-Dataset/5k_HRW_Dataset_combined/images/val/1296015.png,3,2,2,,0
1296026.png,/home/ubuntu/SCB-05-Dataset/5k_HRW_Dataset_combined/images/val/1296026.png,3,2,2,,0
1296028.png,/home/ubuntu/SCB-05-Dataset/5k_HRW_Dataset_combined/images/val/1296028.png,3,2,4,,0
1296033.png,/home/ubuntu/SCB-05-Dataset/5k_HRW_Dataset_combined/images/val/1296033.png,3,2,2,,0
1296032.png,/home/ubuntu/SCB-05-Dataset/5k_HRW_Dataset_combined/images/val/1296032.png,3,2,2,,0
1296036.png,/home/ubuntu/SCB-05-Dataset/5k_HRW_Dataset_combined/images/val/1296036.png,3,2,2,,0
1297001.png,/home/ubuntu/SCB-05-Dataset/5k_HRW_Dataset_combined/images/val/1297001.png,3,2,2,,0
1297003.png,/home/ubuntu/SCB-05-Dataset/5k_HRW_Dataset_combined/images/val/1297003.png,3,2,2,,0
1297004.png,/home/ubuntu/SCB-05-Dataset/5k_HRW_Dataset_combined/images/val/1297004.png,3,2,2,,0
1297011.png,/home/ubuntu/SCB-05-Dataset/5k_HRW_Dataset_combined/images/val/1297011.png,3,2,2,,0
1297016.png,/home/ubuntu/SCB-05-Dataset/5k_HRW_Dataset_combined/images/val/1297016.png,3,2,2,,0
1297030.png,/home/ubuntu/SCB-05-Dataset/5k_HRW_Dataset_combined/images/val/1297030.png,3,2,2,,0
1297032.png,/home/ubuntu/SCB-05-Dataset/5k_HRW_Dataset_combined/images/val/1297032.png,3,2,2,,0
1297035.png,/home/ubuntu/SCB-05-Dataset/5k_HRW_Dataset_combined/images/val/1297035.png,3,2,2,,0
1298008.png,/home/ubuntu/SCB-05-Dataset/5k_HRW_Dataset_combined/images/val/1298008.png,3,2,2,,0
1298014.png,/home/ubuntu/SCB-05-Dataset/5k_HRW_Dataset_combined/images/val/1298014.png,3,2,2,,0
1298032.png,/home/ubuntu/SCB-05-Dataset/5k_HRW_Dataset_combined/images/val/1298032.png,3,2,2,,0
1298039.png,/home/ubuntu/SCB-05-Dataset/5k_HRW_Dataset_combined/images/val/1298039.png,3,2,2,,0
1298041.png,/home/ubuntu/SCB-05-Dataset/5k_HRW_Dataset_combined/images/val/1298041.png,3,2,2,,0
1298051.png,/home/ubuntu/SCB-05-Dataset/5k_HRW_Dataset_combined/images/val/1298051.png,3,2,2,,0
1298058.png,/home/ubuntu/SCB-05-Dataset/5k_HRW_Dataset_combined/images/val/1298058.png,3,2,2,,0
1298059.png,/home/ubuntu/SCB-05-Dataset/5k_HRW_Dataset_combined/images/val/1298059.png,3,2,2,,0
1301003.png,/home/ubuntu/SCB-05-Dataset/5k_HRW_Dataset_combined/images/val/1301003.png,2,2,2,,0
1301006.png,/home/ubuntu/SCB-05-Dataset/5k_HRW_Dataset_combined/images/val/1301006.png,3,2,2,,0
1301015.png,/home/ubuntu/SCB-05-Dataset/5k_HRW_Dataset_combined/images/val/1301015.png,3,2,2,,0
1301022.png,/home/ubuntu/SCB-05-Dataset/5k_HRW_Dataset_combined/images/val/1301022.png,3,2,2,,0
1302006.png,/home/ubuntu/SCB-05-Dataset/5k_HRW_Dataset_combined/images/val/1302006.png,3,2,2,,0
1302018.png,/home/ubuntu/SCB-05-Dataset/5k_HRW_Dataset_combined/images/val/1302018.png,3,2,2,,0
1303003.png,/home/ubuntu/SCB-05-Dataset/5k_HRW_Dataset_combined/images/val/1303003.png,3,2,2,,0
1303006.png,/home/ubuntu/SCB-05-Dataset/5k_HRW_Dataset_combined/images/val/1303006.png,3,2,2,,0
1303008.png,/home/ubuntu/SCB-05-Dataset/5k_HRW_Dataset_combined/images/val/1303008.png,3,2,2,,0
1303016.png,/home/ubuntu/SCB-05-Dataset/5k_HRW_Dataset_combined/images/val/1303016.png,3,2,2,,0
1303017.png,/home/ubuntu/SCB-05-Dataset/5k_HRW_Dataset_combined/images/val/1303017.png,3,2,2,,0
1303031.png,/home/ubuntu/SCB-05-Dataset/5k_HRW_Dataset_combined/images/val/1303031.png,3,2,2,,0
1304005.png,/home/ubuntu/SCB-05-Dataset/5k_HRW_Dataset_combined/images/val/1304005.png,2,2,2,,0
1304013.png,/home/ubuntu/SCB-05-Dataset/5k_HRW_Dataset_combined/images/val/1304013.png,2,2,2,,0
1304011.png,/home/ubuntu/SCB-05-Dataset/5k_HRW_Dataset_combined/images/val/1304011.png,3,2,4,,0
1304019.png,/home/ubuntu/SCB-05-Dataset/5k_HRW_Dataset_combined/images/val/1304019.png,3,2,2,,0
1304022.png,/home/ubuntu/SCB-05-Dataset/5k_HRW_Dataset_combined/images/val/1304022.png,3,2,2,,0
1305022.png,/home/ubuntu/SCB-05-Dataset/5k_HRW_Dataset_combined/images/val/1305022.png,3,2,2,,0
1307005.png,/home/ubuntu/SCB-05-Dataset/5k_HRW_Dataset_combined/images/val/1307005.png,3,2,2,,0
1305009.png,/home/ubuntu/SCB-05-Dataset/5k_HRW_Dataset_combined/images/val/1305009.png,3,2,2,,0
1309022.png,/home/ubuntu/SCB-05-Dataset/5k_HRW_Dataset_combined/images/val/1309022.png,2,2,2,,0
1309037.png,/home/ubuntu/SCB-05-Dataset/5k_HRW_Dataset_combined/images/val/1309037.png,3,2,2,,0
1310003.png,/home/ubuntu/SCB-05-Dataset/5k_HRW_Dataset_combined/images/val/1310003.png,3,2,2,,0
1310004.png,/home/ubuntu/SCB-05-Dataset/5k_HRW_Dataset_combined/images/val/1310004.png,3,2,2,,0
1310007.png,/home/ubuntu/SCB-05-Dataset/5k_HRW_Dataset_combined/images/val/1310007.png,3,2,2,,0
1310012.png,/home/ubuntu/SCB-05-Dataset/5k_HRW_Dataset_combined/images/val/1310012.png,2,2,2,,0
1310017.png,/home/ubuntu/SCB-05-Dataset/5k_HRW_Dataset_combined/images/val/1310017.png,3,2,2,,0
1310023.png,/home/ubuntu/SCB-05-Dataset/5k_HRW_Dataset_combined/images/val/1310023.png,3,2,2,,0
1311017.png,/home/ubuntu/SCB-05-Dataset/5k_HRW_Dataset_combined/images/val/1311017.png,3,2,2,,0
1311023.png,/home/ubuntu/SCB-05-Dataset/5k_HRW_Dataset_combined/images/val/1311023.png,3,2,4,,0
1312024.png,/home/ubuntu/SCB-05-Dataset/5k_HRW_Dataset_combined/images/val/1312024.png,3,2,2,,0
1312025.png,/home/ubuntu/SCB-05-Dataset/5k_HRW_Dataset_combined/images/val/1312025.png,3,2,2,,0
1312026.png,/home/ubuntu/SCB-05-Dataset/5k_HRW_Dataset_combined/images/val/1312026.png,3,2,2,,0
1312037.png,/home/ubuntu/SCB-05-Dataset/5k_HRW_Dataset_combined/images/val/1312037.png,3,2,2,,0
1313021.png,/home/ubuntu/SCB-05-Dataset/5k_HRW_Dataset_combined/images/val/1313021.png,3,2,2,,0
1313018.png,/home/ubuntu/SCB-05-Dataset/5k_HRW_Dataset_combined/images/val/1313018.png,3,2,4,,0
1313023.png,/home/ubuntu/SCB-05-Dataset/5k_HRW_Dataset_combined/images/val/1313023.png,3,2,2,,0
1313024.png,/home/ubuntu/SCB-05-Dataset/5k_HRW_Dataset_combined/images/val/1313024.png,3,2,4,,0
1313032.png,/home/ubuntu/SCB-05-Dataset/5k_HRW_Dataset_combined/images/val/1313032.png,3,2,2,,0
1313036.png,/home/ubuntu/SCB-05-Dataset/5k_HRW_Dataset_combined/images/val/1313036.png,3,2,2,,0
1313038.png,/home/ubuntu/SCB-05-Dataset/5k_HRW_Dataset_combined/images/val/1313038.png,3,2,2,,0
1313039.png,/home/ubuntu/SCB-05-Dataset/5k_HRW_Dataset_combined/images/val/1313039.png,3,2,2,,0
1313041.png,/home/ubuntu/SCB-05-Dataset/5k_HRW_Dataset_combined/images/val/1313041.png,3,2,2,,0
1313047.png,/home/ubuntu/SCB-05-Dataset/5k_HRW_Dataset_combined/images/val/1313047.png,3,2,4,,0
1313050.png,/home/ubuntu/SCB-05-Dataset/5k_HRW_Dataset_combined/images/val/1313050.png,3,2,2,,0
1314006.png,/home/ubuntu/SCB-05-Dataset/5k_HRW_Dataset_combined/images/val/1314006.png,3,2,2,,0
1314010.png,/home/ubuntu/SCB-05-Dataset/5k_HRW_Dataset_combined/images/val/1314010.png,3,2,2,,0
1314021.png,/home/ubuntu/SCB-05-Dataset/5k_HRW_Dataset_combined/images/val/1314021.png,3,2,2,,0
1314027.png,/home/ubuntu/SCB-05-Dataset/5k_HRW_Dataset_combined/images/val/1314027.png,3,2,4,,0
1314044.png,/home/ubuntu/SCB-05-Dataset/5k_HRW_Dataset_combined/images/val/1314044.png,3,2,2,,0
1314052.png,/home/ubuntu/SCB-05-Dataset/5k_HRW_Dataset_combined/images/val/1314052.png,3,2,4,,0
1314046.png,/home/ubuntu/SCB-05-Dataset/5k_HRW_Dataset_combined/images/val/1314046.png,3,2,2,,0
1314054.png,/home/ubuntu/SCB-05-Dataset/5k_HRW_Dataset_combined/images/val/1314054.png,3,2,4,,0
1314055.png,/home/ubuntu/SCB-05-Dataset/5k_HRW_Dataset_combined/images/val/1314055.png,3,2,2,,0
1315002.png,/home/ubuntu/SCB-05-Dataset/5k_HRW_Dataset_combined/images/val/1315002.png,3,2,2,,0
13160019.png,/home/ubuntu/SCB-05-Dataset/5k_HRW_Dataset_combined/images/val/13160019.png,3,2,2,,0
13160017.png,/home/ubuntu/SCB-05-Dataset/5k_HRW_Dataset_combined/images/val/13160017.png,3,2,2,,0
13160025.png,/home/ubuntu/SCB-05-Dataset/5k_HRW_Dataset_combined/images/val/13160025.png,3,2,2,,0
13160037.png,/home/ubuntu/SCB-05-Dataset/5k_HRW_Dataset_combined/images/val/13160037.png,3,2,4,,0
13160042.png,/home/ubuntu/SCB-05-Dataset/5k_HRW_Dataset_combined/images/val/13160042.png,3,2,2,,0
1317015.png,/home/ubuntu/SCB-05-Dataset/5k_HRW_Dataset_combined/images/val/1317015.png,3,2,2,,0
1317028.png,/home/ubuntu/SCB-05-Dataset/5k_HRW_Dataset_combined/images/val/1317028.png,3,2,2,,0
1317045.png,/home/ubuntu/SCB-05-Dataset/5k_HRW_Dataset_combined/images/val/1317045.png,3,2,2,,0
1318012.png,/home/ubuntu/SCB-05-Dataset/5k_HRW_Dataset_combined/images/val/1318012.png,3,2,4,,0
1318013.png,/home/ubuntu/SCB-05-Dataset/5k_HRW_Dataset_combined/images/val/1318013.png,3,2,2,,0
1318026.png,/home/ubuntu/SCB-05-Dataset/5k_HRW_Dataset_combined/images/val/1318026.png,3,2,4,,0
1319002.png,/home/ubuntu/SCB-05-Dataset/5k_HRW_Dataset_combined/images/val/1319002.png,3,2,2,,0
1319003.png,/home/ubuntu/SCB-05-Dataset/5k_HRW_Dataset_combined/images/val/1319003.png,2,2,2,,0
1319006.png,/home/ubuntu/SCB-05-Dataset/5k_HRW_Dataset_combined/images/val/1319006.png,3,2,2,,0
1319007.png,/home/ubuntu/SCB-05-Dataset/5k_HRW_Dataset_combined/images/val/1319007.png,3,2,2,,0
1319008.png,/home/ubuntu/SCB-05-Dataset/5k_HRW_Dataset_combined/images/val/1319008.png,3,2,2,,0
1319022.png,/home/ubuntu/SCB-05-Dataset/5k_HRW_Dataset_combined/images/val/1319022.png,3,2,2,,0
1319029.png,/home/ubuntu/SCB-05-Dataset/5k_HRW_Dataset_combined/images/val/1319029.png,3,2,2,,0
1320014.png,/home/ubuntu/SCB-05-Dataset/5k_HRW_Dataset_combined/images/val/1320014.png,3,2,2,,0
1320016.png,/home/ubuntu/SCB-05-Dataset/5k_HRW_Dataset_combined/images/val/1320016.png,3,2,2,,0
1320023.png,/home/ubuntu/SCB-05-Dataset/5k_HRW_Dataset_combined/images/val/1320023.png,3,2,2,,0
1320024.png,/home/ubuntu/SCB-05-Dataset/5k_HRW_Dataset_combined/images/val/1320024.png,3,2,2,,0
1320030.png,/home/ubuntu/SCB-05-Dataset/5k_HRW_Dataset_combined/images/val/1320030.png,3,2,2,,0
1320032.png,/home/ubuntu/SCB-05-Dataset/5k_HRW_Dataset_combined/images/val/1320032.png,3,2,2,,0
1320039.png,/home/ubuntu/SCB-05-Dataset/5k_HRW_Dataset_combined/images/val/1320039.png,3,2,2,,0
1320047.png,/home/ubuntu/SCB-05-Dataset/5k_HRW_Dataset_combined/images/val/1320047.png,3,2,2,,0
1320062.png,/home/ubuntu/SCB-05-Dataset/5k_HRW_Dataset_combined/images/val/1320062.png,2,2,4,,0
13210004.png,/home/ubuntu/SCB-05-Dataset/5k_HRW_Dataset_combined/images/val/13210004.png,2,2,2,,0
13210005.png,/home/ubuntu/SCB-05-Dataset/5k_HRW_Dataset_combined/images/val/13210005.png,2,2,2,,0
13210012.png,/home/ubuntu/SCB-05-Dataset/5k_HRW_Dataset_combined/images/val/13210012.png,3,2,2,,0
13210018.png,/home/ubuntu/SCB-05-Dataset/5k_HRW_Dataset_combined/images/val/13210018.png,3,2,4,,0
13210031.png,/home/ubuntu/SCB-05-Dataset/5k_HRW_Dataset_combined/images/val/13210031.png,2,2,2,,0
13210038.png,/home/ubuntu/SCB-05-Dataset/5k_HRW_Dataset_combined/images/val/13210038.png,3,2,2,,0
13210039.png,/home/ubuntu/SCB-05-Dataset/5k_HRW_Dataset_combined/images/val/13210039.png,3,2,2,,0
13210040.png,/home/ubuntu/SCB-05-Dataset/5k_HRW_Dataset_combined/images/val/13210040.png,3,2,2,,0
1322001.png,/home/ubuntu/SCB-05-Dataset/5k_HRW_Dataset_combined/images/val/1322001.png,3,2,2,,0
1322004.png,/home/ubuntu/SCB-05-Dataset/5k_HRW_Dataset_combined/images/val/1322004.png,3,2,2,,0
1322006.png,/home/ubuntu/SCB-05-Dataset/5k_HRW_Dataset_combined/images/val/1322006.png,2,2,2,,0
1322014.png,/home/ubuntu/SCB-05-Dataset/5k_HRW_Dataset_combined/images/val/1322014.png,2,2,2,,0
1322009.png,/home/ubuntu/SCB-05-Dataset/5k_HRW_Dataset_combined/images/val/1322009.png,3,2,2,,0
1322025.png,/home/ubuntu/SCB-05-Dataset/5k_HRW_Dataset_combined/images/val/1322025.png,3,2,2,,0
1322033.png,/home/ubuntu/SCB-05-Dataset/5k_HRW_Dataset_combined/images/val/1322033.png,3,2,2,,0
1322021.png,/home/ubuntu/SCB-05-Dataset/5k_HRW_Dataset_combined/images/val/1322021.png,3,2,2,,0
1325002.png,/home/ubuntu/SCB-05-Dataset/5k_HRW_Dataset_combined/images/val/1325002.png,3,2,2,,0
1325003.png,/home/ubuntu/SCB-05-Dataset/5k_HRW_Dataset_combined/images/val/1325003.png,3,2,2,,0
1325005.png,/home/ubuntu/SCB-05-Dataset/5k_HRW_Dataset_combined/images/val/1325005.png,2,2,2,,0
1325006.png,/home/ubuntu/SCB-05-Dataset/5k_HRW_Dataset_combined/images/val/1325006.png,2,2,2,,0
1325025.png,/home/ubuntu/SCB-05-Dataset/5k_HRW_Dataset_combined/images/val/1325025.png,3,2,2,,0
1325030.png,/home/ubuntu/SCB-05-Dataset/5k_HRW_Dataset_combined/images/val/1325030.png,3,2,2,,0
1325031.png,/home/ubuntu/SCB-05-Dataset/5k_HRW_Dataset_combined/images/val/1325031.png,3,2,4,,0
1325034.png,/home/ubuntu/SCB-05-Dataset/5k_HRW_Dataset_combined/images/val/1325034.png,3,2,2,,0
1325038.png,/home/ubuntu/SCB-05-Dataset/5k_HRW_Dataset_combined/images/val/1325038.png,3,2,2,,0
1325047.png,/home/ubuntu/SCB-05-Dataset/5k_HRW_Dataset_combined/images/val/1325047.png,3,2,2,,0
1325053.png,/home/ubuntu/SCB-05-Dataset/5k_HRW_Dataset_combined/images/val/1325053.png,3,2,2,,0
1329015.png,/home/ubuntu/SCB-05-Dataset/5k_HRW_Dataset_combined/images/val/1329015.png,3,2,2,,0
1329024.png,/home/ubuntu/SCB-05-Dataset/5k_HRW_Dataset_combined/images/val/1329024.png,3,2,2,,0
1330016.png,/home/ubuntu/SCB-05-Dataset/5k_HRW_Dataset_combined/images/val/1330016.png,3,2,2,,0
1330037.png,/home/ubuntu/SCB-05-Dataset/5k_HRW_Dataset_combined/images/val/1330037.png,3,2,2,,0
1330041.png,/home/ubuntu/SCB-05-Dataset/5k_HRW_Dataset_combined/images/val/1330041.png,2,2,2,,0
1330044.png,/home/ubuntu/SCB-05-Dataset/5k_HRW_Dataset_combined/images/val/1330044.png,3,2,2,,0
1330048.png,/home/ubuntu/SCB-05-Dataset/5k_HRW_Dataset_combined/images/val/1330048.png,3,2,2,,0
1331001.png,/home/ubuntu/SCB-05-Dataset/5k_HRW_Dataset_combined/images/val/1331001.png,3,2,4,,0
1331003.png,/home/ubuntu/SCB-05-Dataset/5k_HRW_Dataset_combined/images/val/1331003.png,3,2,2,,0
1331018.png,/home/ubuntu/SCB-05-Dataset/5k_HRW_Dataset_combined/images/val/1331018.png,3,2,2,,0
1331022.png,/home/ubuntu/SCB-05-Dataset/5k_HRW_Dataset_combined/images/val/1331022.png,3,2,2,,0
1331034.png,/home/ubuntu/SCB-05-Dataset/5k_HRW_Dataset_combined/images/val/1331034.png,2,2,2,,0
1331044.png,/home/ubuntu/SCB-05-Dataset/5k_HRW_Dataset_combined/images/val/1331044.png,3,2,2,,0
1332001.png,/home/ubuntu/SCB-05-Dataset/5k_HRW_Dataset_combined/images/val/1332001.png,2,2,2,,0
1332007.png,/home/ubuntu/SCB-05-Dataset/5k_HRW_Dataset_combined/images/val/1332007.png,3,2,2,,0
1332009.png,/home/ubuntu/SCB-05-Dataset/5k_HRW_Dataset_combined/images/val/1332009.png,3,2,2,,0
1332015.png,/home/ubuntu/SCB-05-Dataset/5k_HRW_Dataset_combined/images/val/1332015.png,3,2,4,,0
1332016.png,/home/ubuntu/SCB-05-Dataset/5k_HRW_Dataset_combined/images/val/1332016.png,3,2,4,,0
1332029.png,/home/ubuntu/SCB-05-Dataset/5k_HRW_Dataset_combined/images/val/1332029.png,3,2,2,,0
1332030.png,/home/ubuntu/SCB-05-Dataset/5k_HRW_Dataset_combined/images/val/1332030.png,3,2,2,,0
1332034.png,/home/ubuntu/SCB-05-Dataset/5k_HRW_Dataset_combined/images/val/1332034.png,3,2,2,,0
1332036.png,/home/ubuntu/SCB-05-Dataset/5k_HRW_Dataset_combined/images/val/1332036.png,3,2,2,,0
1332049.png,/home/ubuntu/SCB-05-Dataset/5k_HRW_Dataset_combined/images/val/1332049.png,3,2,2,,0
1332040.png,/home/ubuntu/SCB-05-Dataset/5k_HRW_Dataset_combined/images/val/1332040.png,3,2,4,,0
1333035.png,/home/ubuntu/SCB-05-Dataset/5k_HRW_Dataset_combined/images/val/1333035.png,3,2,2,,0
1333038.png,/home/ubuntu/SCB-05-Dataset/5k_HRW_Dataset_combined/images/val/1333038.png,3,2,2,,0
1333045.png,/home/ubuntu/SCB-05-Dataset/5k_HRW_Dataset_combined/images/val/1333045.png,3,2,2,,0
1333048.png,/home/ubuntu/SCB-05-Dataset/5k_HRW_Dataset_combined/images/val/1333048.png,3,2,2,,0
1333050.png,/home/ubuntu/SCB-05-Dataset/5k_HRW_Dataset_combined/images/val/1333050.png,3,2,2,,0
1335003.png,/home/ubuntu/SCB-05-Dataset/5k_HRW_Dataset_combined/images/val/1335003.png,2,2,2,,0
1335004.png,/home/ubuntu/SCB-05-Dataset/5k_HRW_Dataset_combined/images/val/1335004.png,3,2,2,,0
1335010.png,/home/ubuntu/SCB-05-Dataset/5k_HRW_Dataset_combined/images/val/1335010.png,3,2,2,,0
1335017.png,/home/ubuntu/SCB-05-Dataset/5k_HRW_Dataset_combined/images/val/1335017.png,3,2,2,,0
1340003.png,/home/ubuntu/SCB-05-Dataset/5k_HRW_Dataset_combined/images/val/1340003.png,3,2,2,,0
1335020.png,/home/ubuntu/SCB-05-Dataset/5k_HRW_Dataset_combined/images/val/1335020.png,3,2,2,,0
1340005.png,/home/ubuntu/SCB-05-Dataset/5k_HRW_Dataset_combined/images/val/1340005.png,3,2,2,,0
1340007.png,/home/ubuntu/SCB-05-Dataset/5k_HRW_Dataset_combined/images/val/1340007.png,3,2,2,,0
1340010.png,/home/ubuntu/SCB-05-Dataset/5k_HRW_Dataset_combined/images/val/1340010.png,3,2,2,,0
1340012.png,/home/ubuntu/SCB-05-Dataset/5k_HRW_Dataset_combined/images/val/1340012.png,2,2,2,,0
1340013.png,/home/ubuntu/SCB-05-Dataset/5k_HRW_Dataset_combined/images/val/1340013.png,3,2,2,,0
1340018.png,/home/ubuntu/SCB-05-Dataset/5k_HRW_Dataset_combined/images/val/1340018.png,2,2,2,,0
1340019.png,/home/ubuntu/SCB-05-Dataset/5k_HRW_Dataset_combined/images/val/1340019.png,3,2,2,,0
1358005.png,/home/ubuntu/SCB-05-Dataset/5k_HRW_Dataset_combined/images/val/1358005.png,3,2,4,,0
1358006.png,/home/ubuntu/SCB-05-Dataset/5k_HRW_Dataset_combined/images/val/1358006.png,2,2,2,,0
1358011.png,/home/ubuntu/SCB-05-Dataset/5k_HRW_Dataset_combined/images/val/1358011.png,2,2,2,,0
1358019.png,/home/ubuntu/SCB-05-Dataset/5k_HRW_Dataset_combined/images/val/1358019.png,3,2,4,,0
1358020.png,/home/ubuntu/SCB-05-Dataset/5k_HRW_Dataset_combined/images/val/1358020.png,3,2,4,,0
1363012.png,/home/ubuntu/SCB-05-Dataset/5k_HRW_Dataset_combined/images/val/1363012.png,2,2,2,,0
1363017.png,/home/ubuntu/SCB-05-Dataset/5k_HRW_Dataset_combined/images/val/1363017.png,3,2,2,,0
1363018.png,/home/ubuntu/SCB-05-Dataset/5k_HRW_Dataset_combined/images/val/1363018.png,3,2,2,,0
1363025.png,/home/ubuntu/SCB-05-Dataset/5k_HRW_Dataset_combined/images/val/1363025.png,3,2,2,,0
1363032.png,/home/ubuntu/SCB-05-Dataset/5k_HRW_Dataset_combined/images/val/1363032.png,3,2,2,,0
1363041.png,/home/ubuntu/SCB-05-Dataset/5k_HRW_Dataset_combined/images/val/1363041.png,3,2,2,,0
1363034.png,/home/ubuntu/SCB-05-Dataset/5k_HRW_Dataset_combined/images/val/1363034.png,3,2,2,,0
1367001.png,/home/ubuntu/SCB-05-Dataset/5k_HRW_Dataset_combined/images/val/1367001.png,2,2,2,,0
1367003.png,/home/ubuntu/SCB-05-Dataset/5k_HRW_Dataset_combined/images/val/1367003.png,3,2,2,,0
1367006.png,/home/ubuntu/SCB-05-Dataset/5k_HRW_Dataset_combined/images/val/1367006.png,2,2,2,,0
1379041.png,/home/ubuntu/SCB-05-Dataset/5k_HRW_Dataset_combined/images/val/1379041.png,2,2,2,,0
1379035.png,/home/ubuntu/SCB-05-Dataset/5k_HRW_Dataset_combined/images/val/1379035.png,2,2,2,,0
1395005.png,/home/ubuntu/SCB-05-Dataset/5k_HRW_Dataset_combined/images/val/1395005.png,2,2,2,,0
1395008.png,/home/ubuntu/SCB-05-Dataset/5k_HRW_Dataset_combined/images/val/1395008.png,2,2,2,,0
1399008.png,/home/ubuntu/SCB-05-Dataset/5k_HRW_Dataset_combined/images/val/1399008.png,2,2,2,,0
1395010.png,/home/ubuntu/SCB-05-Dataset/5k_HRW_Dataset_combined/images/val/1395010.png,2,2,4,,0
1399009.png,/home/ubuntu/SCB-05-Dataset/5k_HRW_Dataset_combined/images/val/1399009.png,2,2,2,,0
1399010.png,/home/ubuntu/SCB-05-Dataset/5k_HRW_Dataset_combined/images/val/1399010.png,2,2,2,,0
1399026.png,/home/ubuntu/SCB-05-Dataset/5k_HRW_Dataset_combined/images/val/1399026.png,2,2,2,,0
1399027.png,/home/ubuntu/SCB-05-Dataset/5k_HRW_Dataset_combined/images/val/1399027.png,2,2,2,,0
1424001.png,/home/ubuntu/SCB-05-Dataset/5k_HRW_Dataset_combined/images/val/1424001.png,2,2,2,,0
1424002.png,/home/ubuntu/SCB-05-Dataset/5k_HRW_Dataset_combined/images/val/1424002.png,2,2,2,,0
1424036.png,/home/ubuntu/SCB-05-Dataset/5k_HRW_Dataset_combined/images/val/1424036.png,2,2,2,,0
1427005.png,/home/ubuntu/SCB-05-Dataset/5k_HRW_Dataset_combined/images/val/1427005.png,2,2,2,,0
1429002.png,/home/ubuntu/SCB-05-Dataset/5k_HRW_Dataset_combined/images/val/1429002.png,2,2,2,,0
1429021.png,/home/ubuntu/SCB-05-Dataset/5k_HRW_Dataset_combined/images/val/1429021.png,2,2,2,,0
1429022.png,/home/ubuntu/SCB-05-Dataset/5k_HRW_Dataset_combined/images/val/1429022.png,2,2,2,,0
1429024.png,/home/ubuntu/SCB-05-Dataset/5k_HRW_Dataset_combined/images/val/1429024.png,2,2,2,,0
1429026.png,/home/ubuntu/SCB-05-Dataset/5k_HRW_Dataset_combined/images/val/1429026.png,2,2,2,,0
1429029.png,/home/ubuntu/SCB-05-Dataset/5k_HRW_Dataset_combined/images/val/1429029.png,2,2,2,,0
1429033.png,/home/ubuntu/SCB-05-Dataset/5k_HRW_Dataset_combined/images/val/1429033.png,2,2,2,,0
1429035.png,/home/ubuntu/SCB-05-Dataset/5k_HRW_Dataset_combined/images/val/1429035.png,2,2,2,,0
1431001.png,/home/ubuntu/SCB-05-Dataset/5k_HRW_Dataset_combined/images/val/1431001.png,2,2,4,,0
1431004.png,/home/ubuntu/SCB-05-Dataset/5k_HRW_Dataset_combined/images/val/1431004.png,2,2,2,,0
1431010.png,/home/ubuntu/SCB-05-Dataset/5k_HRW_Dataset_combined/images/val/1431010.png,2,2,2,,0
1431013.png,/home/ubuntu/SCB-05-Dataset/5k_HRW_Dataset_combined/images/val/1431013.png,2,2,4,,0
1431015.png,/home/ubuntu/SCB-05-Dataset/5k_HRW_Dataset_combined/images/val/1431015.png,2,2,2,,0
1433002.png,/home/ubuntu/SCB-05-Dataset/5k_HRW_Dataset_combined/images/val/1433002.png,2,2,2,,0
1433005.png,/home/ubuntu/SCB-05-Dataset/5k_HRW_Dataset_combined/images/val/1433005.png,2,2,2,,0
1433010.png,/home/ubuntu/SCB-05-Dataset/5k_HRW_Dataset_combined/images/val/1433010.png,2,2,2,,0
1433011.png,/home/ubuntu/SCB-05-Dataset/5k_HRW_Dataset_combined/images/val/1433011.png,2,2,2,,0
1433016.png,/home/ubuntu/SCB-05-Dataset/5k_HRW_Dataset_combined/images/val/1433016.png,2,2,2,,0
2110008.png,/home/ubuntu/SCB-05-Dataset/5k_HRW_Dataset_combined/images/val/2110008.png,3,2,2,,0
2110014.png,/home/ubuntu/SCB-05-Dataset/5k_HRW_Dataset_combined/images/val/2110014.png,2,2,2,,0
2110017.png,/home/ubuntu/SCB-05-Dataset/5k_HRW_Dataset_combined/images/val/2110017.png,3,2,2,,0
2110038.png,/home/ubuntu/SCB-05-Dataset/5k_HRW_Dataset_combined/images/val/2110038.png,3,2,4,,0
3000002.png,/home/ubuntu/SCB-05-Dataset/5k_HRW_Dataset_combined/images/val/3000002.png,3,2,2,,0
3000003.png,/home/ubuntu/SCB-05-Dataset/5k_HRW_Dataset_combined/images/val/3000003.png,2,2,2,,0
3000009.png,/home/ubuntu/SCB-05-Dataset/5k_HRW_Dataset_combined/images/val/3000009.png,2,2,2,,0
3000008.png,/home/ubuntu/SCB-05-Dataset/5k_HRW_Dataset_combined/images/val/3000008.png,2,2,2,,0
3000010.png,/home/ubuntu/SCB-05-Dataset/5k_HRW_Dataset_combined/images/val/3000010.png,2,2,2,,0
3000014.png,/home/ubuntu/SCB-05-Dataset/5k_HRW_Dataset_combined/images/val/3000014.png,2,2,2,,0
3000021.png,/home/ubuntu/SCB-05-Dataset/5k_HRW_Dataset_combined/images/val/3000021.png,3,2,2,,0
3000022.png,/home/ubuntu/SCB-05-Dataset/5k_HRW_Dataset_combined/images/val/3000022.png,3,2,2,,0
3000023.png,/home/ubuntu/SCB-05-Dataset/5k_HRW_Dataset_combined/images/val/3000023.png,2,2,2,,0
3000025.png,/home/ubuntu/SCB-05-Dataset/5k_HRW_Dataset_combined/images/val/3000025.png,2,2,2,,0
3000030.png,/home/ubuntu/SCB-05-Dataset/5k_HRW_Dataset_combined/images/val/3000030.png,2,2,2,,0
3000032.png,/home/ubuntu/SCB-05-Dataset/5k_HRW_Dataset_combined/images/val/3000032.png,2,2,2,,0
3000035.png,/home/ubuntu/SCB-05-Dataset/5k_HRW_Dataset_combined/images/val/3000035.png,2,2,2,,0
3000039.png,/home/ubuntu/SCB-05-Dataset/5k_HRW_Dataset_combined/images/val/3000039.png,2,2,2,,0
3000056.png,/home/ubuntu/SCB-05-Dataset/5k_HRW_Dataset_combined/images/val/3000056.png,2,2,4,,0
3000068.png,/home/ubuntu/SCB-05-Dataset/5k_HRW_Dataset_combined/images/val/3000068.png,2,2,2,,0
3000080.png,/home/ubuntu/SCB-05-Dataset/5k_HRW_Dataset_combined/images/val/3000080.png,3,2,2,,0
3000082.png,/home/ubuntu/SCB-05-Dataset/5k_HRW_Dataset_combined/images/val/3000082.png,2,2,2,,0
3000084.png,/home/ubuntu/SCB-05-Dataset/5k_HRW_Dataset_combined/images/val/3000084.png,3,2,2,,0
3000087.png,/home/ubuntu/SCB-05-Dataset/5k_HRW_Dataset_combined/images/val/3000087.png,2,2,2,,0
3000090.png,/home/ubuntu/SCB-05-Dataset/5k_HRW_Dataset_combined/images/val/3000090.png,2,2,2,,0
3000102.png,/home/ubuntu/SCB-05-Dataset/5k_HRW_Dataset_combined/images/val/3000102.png,2,2,2,,0
3000105.png,/home/ubuntu/SCB-05-Dataset/5k_HRW_Dataset_combined/images/val/3000105.png,2,2,2,,0
3000108.png,/home/ubuntu/SCB-05-Dataset/5k_HRW_Dataset_combined/images/val/3000108.png,2,2,2,,0
3000112.png,/home/ubuntu/SCB-05-Dataset/5k_HRW_Dataset_combined/images/val/3000112.png,2,2,2,,0
3000115.png,/home/ubuntu/SCB-05-Dataset/5k_HRW_Dataset_combined/images/val/3000115.png,2,2,2,,0
3000125.png,/home/ubuntu/SCB-05-Dataset/5k_HRW_Dataset_combined/images/val/3000125.png,2,2,2,,0
3000128.png,/home/ubuntu/SCB-05-Dataset/5k_HRW_Dataset_combined/images/val/3000128.png,2,2,2,,0
3000136.png,/home/ubuntu/SCB-05-Dataset/5k_HRW_Dataset_combined/images/val/3000136.png,2,2,2,,0
3000141.png,/home/ubuntu/SCB-05-Dataset/5k_HRW_Dataset_combined/images/val/3000141.png,2,2,2,,0
3000147.png,/home/ubuntu/SCB-05-Dataset/5k_HRW_Dataset_combined/images/val/3000147.png,2,2,2,,0
3000170.png,/home/ubuntu/SCB-05-Dataset/5k_HRW_Dataset_combined/images/val/3000170.png,2,2,2,,0
3000184.png,/home/ubuntu/SCB-05-Dataset/5k_HRW_Dataset_combined/images/val/3000184.png,2,2,2,,0
3000187.png,/home/ubuntu/SCB-05-Dataset/5k_HRW_Dataset_combined/images/val/3000187.png,2,2,2,,0
3000188.png,/home/ubuntu/SCB-05-Dataset/5k_HRW_Dataset_combined/images/val/3000188.png,2,2,2,,0
3000192.png,/home/ubuntu/SCB-05-Dataset/5k_HRW_Dataset_combined/images/val/3000192.png,2,2,2,,0
3000198.png,/home/ubuntu/SCB-05-Dataset/5k_HRW_Dataset_combined/images/val/3000198.png,2,2,2,,0
3000199.png,/home/ubuntu/SCB-05-Dataset/5k_HRW_Dataset_combined/images/val/3000199.png,2,2,2,,0
3000202.png,/home/ubuntu/SCB-05-Dataset/5k_HRW_Dataset_combined/images/val/3000202.png,2,2,2,,0
3000205.png,/home/ubuntu/SCB-05-Dataset/5k_HRW_Dataset_combined/images/val/3000205.png,3,2,2,,0
3000239.png,/home/ubuntu/SCB-05-Dataset/5k_HRW_Dataset_combined/images/val/3000239.png,2,2,2,,0
3000250.png,/home/ubuntu/SCB-05-Dataset/5k_HRW_Dataset_combined/images/val/3000250.png,2,2,2,,0
3001002.png,/home/ubuntu/SCB-05-Dataset/5k_HRW_Dataset_combined/images/val/3001002.png,3,2,2,,0
3001001.png,/home/ubuntu/SCB-05-Dataset/5k_HRW_Dataset_combined/images/val/3001001.png,3,2,2,,0
3001014.png,/home/ubuntu/SCB-05-Dataset/5k_HRW_Dataset_combined/images/val/3001014.png,2,2,2,,0
3001020.png,/home/ubuntu/SCB-05-Dataset/5k_HRW_Dataset_combined/images/val/3001020.png,2,2,2,,0
3001025.png,/home/ubuntu/SCB-05-Dataset/5k_HRW_Dataset_combined/images/val/3001025.png,3,2,2,,0
3001023.png,/home/ubuntu/SCB-05-Dataset/5k_HRW_Dataset_combined/images/val/3001023.png,3,2,2,,0
3001026.png,/home/ubuntu/SCB-05-Dataset/5k_HRW_Dataset_combined/images/val/3001026.png,3,2,2,,0
3001032.png,/home/ubuntu/SCB-05-Dataset/5k_HRW_Dataset_combined/images/val/3001032.png,3,2,2,,0
3001033.png,/home/ubuntu/SCB-05-Dataset/5k_HRW_Dataset_combined/images/val/3001033.png,3,2,2,,0
3001036.png,/home/ubuntu/SCB-05-Dataset/5k_HRW_Dataset_combined/images/val/3001036.png,3,2,2,,0
3001038.png,/home/ubuntu/SCB-05-Dataset/5k_HRW_Dataset_combined/images/val/3001038.png,3,2,2,,0
3001049.png,/home/ubuntu/SCB-05-Dataset/5k_HRW_Dataset_combined/images/val/3001049.png,3,2,2,,0
3001053.png,/home/ubuntu/SCB-05-Dataset/5k_HRW_Dataset_combined/images/val/3001053.png,3,2,2,,0
3001056.png,/home/ubuntu/SCB-05-Dataset/5k_HRW_Dataset_combined/images/val/3001056.png,3,2,2,,0
3001070.png,/home/ubuntu/SCB-05-Dataset/5k_HRW_Dataset_combined/images/val/3001070.png,3,2,2,,0
3001080.png,/home/ubuntu/SCB-05-Dataset/5k_HRW_Dataset_combined/images/val/3001080.png,3,2,2,,0
3001083.png,/home/ubuntu/SCB-05-Dataset/5k_HRW_Dataset_combined/images/val/3001083.png,3,2,2,,0
3001085.png,/home/ubuntu/SCB-05-Dataset/5k_HRW_Dataset_combined/images/val/3001085.png,3,2,2,,0
3001097.png,/home/ubuntu/SCB-05-Dataset/5k_HRW_Dataset_combined/images/val/3001097.png,3,2,2,,0
3001101.png,/home/ubuntu/SCB-05-Dataset/5k_HRW_Dataset_combined/images/val/3001101.png,3,2,2,,0
3001103.png,/home/ubuntu/SCB-05-Dataset/5k_HRW_Dataset_combined/images/val/3001103.png,3,2,2,,0
3001109.png,/home/ubuntu/SCB-05-Dataset/5k_HRW_Dataset_combined/images/val/3001109.png,3,2,2,,0
3001110.png,/home/ubuntu/SCB-05-Dataset/5k_HRW_Dataset_combined/images/val/3001110.png,3,2,2,,0
3001124.png,/home/ubuntu/SCB-05-Dataset/5k_HRW_Dataset_combined/images/val/3001124.png,2,2,2,,0
3001125.png,/home/ubuntu/SCB-05-Dataset/5k_HRW_Dataset_combined/images/val/3001125.png,2,2,2,,0
3001131.png,/home/ubuntu/SCB-05-Dataset/5k_HRW_Dataset_combined/images/val/3001131.png,2,2,2,,0
3001136.png,/home/ubuntu/SCB-05-Dataset/5k_HRW_Dataset_combined/images/val/3001136.png,2,2,2,,0
3001158.png,/home/ubuntu/SCB-05-Dataset/5k_HRW_Dataset_combined/images/val/3001158.png,2,2,2,,0
3001159.png,/home/ubuntu/SCB-05-Dataset/5k_HRW_Dataset_combined/images/val/3001159.png,2,2,2,,0
3001160.png,/home/ubuntu/SCB-05-Dataset/5k_HRW_Dataset_combined/images/val/3001160.png,2,2,2,,0
3001167.png,/home/ubuntu/SCB-05-Dataset/5k_HRW_Dataset_combined/images/val/3001167.png,2,2,2,,0
3001169.png,/home/ubuntu/SCB-05-Dataset/5k_HRW_Dataset_combined/images/val/3001169.png,2,2,2,,0
3001176.png,/home/ubuntu/SCB-05-Dataset/5k_HRW_Dataset_combined/images/val/3001176.png,2,2,2,,0
3001180.png,/home/ubuntu/SCB-05-Dataset/5k_HRW_Dataset_combined/images/val/3001180.png,2,2,2,,0
3001185.png,/home/ubuntu/SCB-05-Dataset/5k_HRW_Dataset_combined/images/val/3001185.png,2,2,2,,0
3001189.png,/home/ubuntu/SCB-05-Dataset/5k_HRW_Dataset_combined/images/val/3001189.png,3,2,2,,0
3001192.png,/home/ubuntu/SCB-05-Dataset/5k_HRW_Dataset_combined/images/val/3001192.png,2,2,2,,0
3001190.png,/home/ubuntu/SCB-05-Dataset/5k_HRW_Dataset_combined/images/val/3001190.png,3,2,2,,0
3001195.png,/home/ubuntu/SCB-05-Dataset/5k_HRW_Dataset_combined/images/val/3001195.png,2,2,2,,0
3001196.png,/home/ubuntu/SCB-05-Dataset/5k_HRW_Dataset_combined/images/val/3001196.png,2,2,2,,0
3001204.png,/home/ubuntu/SCB-05-Dataset/5k_HRW_Dataset_combined/images/val/3001204.png,3,2,2,,0
3001207.png,/home/ubuntu/SCB-05-Dataset/5k_HRW_Dataset_combined/images/val/3001207.png,2,2,2,,0
3001210.png,/home/ubuntu/SCB-05-Dataset/5k_HRW_Dataset_combined/images/val/3001210.png,2,2,2,,0
3001222.png,/home/ubuntu/SCB-05-Dataset/5k_HRW_Dataset_combined/images/val/3001222.png,2,2,2,,0
3001224.png,/home/ubuntu/SCB-05-Dataset/5k_HRW_Dataset_combined/images/val/3001224.png,2,2,4,,0
3001241.png,/home/ubuntu/SCB-05-Dataset/5k_HRW_Dataset_combined/images/val/3001241.png,2,2,2,,0
3001244.png,/home/ubuntu/SCB-05-Dataset/5k_HRW_Dataset_combined/images/val/3001244.png,2,2,4,,0
3001251.png,/home/ubuntu/SCB-05-Dataset/5k_HRW_Dataset_combined/images/val/3001251.png,2,2,2,,0
3001255.png,/home/ubuntu/SCB-05-Dataset/5k_HRW_Dataset_combined/images/val/3001255.png,2,2,2,,0
3001260.png,/home/ubuntu/SCB-05-Dataset/5k_HRW_Dataset_combined/images/val/3001260.png,2,2,2,,0
3001264.png,/home/ubuntu/SCB-05-Dataset/5k_HRW_Dataset_combined/images/val/3001264.png,2,2,2,,0
3001267.png,/home/ubuntu/SCB-05-Dataset/5k_HRW_Dataset_combined/images/val/3001267.png,2,2,2,,0
3001268.png,/home/ubuntu/SCB-05-Dataset/5k_HRW_Dataset_combined/images/val/3001268.png,2,2,2,,0
3001270.png,/home/ubuntu/SCB-05-Dataset/5k_HRW_Dataset_combined/images/val/3001270.png,3,2,2,,0
3001274.png,/home/ubuntu/SCB-05-Dataset/5k_HRW_Dataset_combined/images/val/3001274.png,2,2,2,,0
3001293.png,/home/ubuntu/SCB-05-Dataset/5k_HRW_Dataset_combined/images/val/3001293.png,2,2,2,,0
3001295.png,/home/ubuntu/SCB-05-Dataset/5k_HRW_Dataset_combined/images/val/3001295.png,2,2,2,,0
3001294.png,/home/ubuntu/SCB-05-Dataset/5k_HRW_Dataset_combined/images/val/3001294.png,2,2,2,,0
3001306.png,/home/ubuntu/SCB-05-Dataset/5k_HRW_Dataset_combined/images/val/3001306.png,2,2,2,,0
3001324.png,/home/ubuntu/SCB-05-Dataset/5k_HRW_Dataset_combined/images/val/3001324.png,2,2,2,,0
3001333.png,/home/ubuntu/SCB-05-Dataset/5k_HRW_Dataset_combined/images/val/3001333.png,2,2,2,,0
3001334.png,/home/ubuntu/SCB-05-Dataset/5k_HRW_Dataset_combined/images/val/3001334.png,2,2,2,,0
3001337.png,/home/ubuntu/SCB-05-Dataset/5k_HRW_Dataset_combined/images/val/3001337.png,2,2,2,,0
3001341.png,/home/ubuntu/SCB-05-Dataset/5k_HRW_Dataset_combined/images/val/3001341.png,2,2,2,,0
3001343.png,/home/ubuntu/SCB-05-Dataset/5k_HRW_Dataset_combined/images/val/3001343.png,2,2,2,,0
3001348.png,/home/ubuntu/SCB-05-Dataset/5k_HRW_Dataset_combined/images/val/3001348.png,2,2,2,,0
3001354.png,/home/ubuntu/SCB-05-Dataset/5k_HRW_Dataset_combined/images/val/3001354.png,2,2,2,,0
3001359.png,/home/ubuntu/SCB-05-Dataset/5k_HRW_Dataset_combined/images/val/3001359.png,2,2,2,,0
3001362.png,/home/ubuntu/SCB-05-Dataset/5k_HRW_Dataset_combined/images/val/3001362.png,2,2,4,,0
3001366.png,/home/ubuntu/SCB-05-Dataset/5k_HRW_Dataset_combined/images/val/3001366.png,3,2,2,,0
3001375.png,/home/ubuntu/SCB-05-Dataset/5k_HRW_Dataset_combined/images/val/3001375.png,2,2,2,,0
3001377.png,/home/ubuntu/SCB-05-Dataset/5k_HRW_Dataset_combined/images/val/3001377.png,2,2,2,,0
3001382.png,/home/ubuntu/SCB-05-Dataset/5k_HRW_Dataset_combined/images/val/3001382.png,2,2,2,,0
3001383.png,/home/ubuntu/SCB-05-Dataset/5k_HRW_Dataset_combined/images/val/3001383.png,2,2,2,,0
3001385.png,/home/ubuntu/SCB-05-Dataset/5k_HRW_Dataset_combined/images/val/3001385.png,2,2,2,,0
3001389.png,/home/ubuntu/SCB-05-Dataset/5k_HRW_Dataset_combined/images/val/3001389.png,2,2,4,,0
3001387.png,/home/ubuntu/SCB-05-Dataset/5k_HRW_Dataset_combined/images/val/3001387.png,2,2,2,,0
3001393.png,/home/ubuntu/SCB-05-Dataset/5k_HRW_Dataset_combined/images/val/3001393.png,2,2,2,,0
3002005.png,/home/ubuntu/SCB-05-Dataset/5k_HRW_Dataset_combined/images/val/3002005.png,2,2,2,,0
3002008.png,/home/ubuntu/SCB-05-Dataset/5k_HRW_Dataset_combined/images/val/3002008.png,2,2,2,,0
3002009.png,/home/ubuntu/SCB-05-Dataset/5k_HRW_Dataset_combined/images/val/3002009.png,2,2,2,,0
3002010.png,/home/ubuntu/SCB-05-Dataset/5k_HRW_Dataset_combined/images/val/3002010.png,2,2,2,,0
3002018.png,/home/ubuntu/SCB-05-Dataset/5k_HRW_Dataset_combined/images/val/3002018.png,3,2,2,,0
3002033.png,/home/ubuntu/SCB-05-Dataset/5k_HRW_Dataset_combined/images/val/3002033.png,2,2,2,,0
3002034.png,/home/ubuntu/SCB-05-Dataset/5k_HRW_Dataset_combined/images/val/3002034.png,2,2,2,,0
3002037.png,/home/ubuntu/SCB-05-Dataset/5k_HRW_Dataset_combined/images/val/3002037.png,2,2,2,,0
3002043.png,/home/ubuntu/SCB-05-Dataset/5k_HRW_Dataset_combined/images/val/3002043.png,2,2,2,,0
3002044.png,/home/ubuntu/SCB-05-Dataset/5k_HRW_Dataset_combined/images/val/3002044.png,2,2,2,,0
3002045.png,/home/ubuntu/SCB-05-Dataset/5k_HRW_Dataset_combined/images/val/3002045.png,2,2,2,,0
3002055.png,/home/ubuntu/SCB-05-Dataset/5k_HRW_Dataset_combined/images/val/3002055.png,2,2,2,,0
3002059.png,/home/ubuntu/SCB-05-Dataset/5k_HRW_Dataset_combined/images/val/3002059.png,2,2,2,,0
3002060.png,/home/ubuntu/SCB-05-Dataset/5k_HRW_Dataset_combined/images/val/3002060.png,2,2,2,,0
3002063.png,/home/ubuntu/SCB-05-Dataset/5k_HRW_Dataset_combined/images/val/3002063.png,2,2,2,,0
3002066.png,/home/ubuntu/SCB-05-Dataset/5k_HRW_Dataset_combined/images/val/3002066.png,2,2,2,,0
3002069.png,/home/ubuntu/SCB-05-Dataset/5k_HRW_Dataset_combined/images/val/3002069.png,2,2,2,,0
3002071.png,/home/ubuntu/SCB-05-Dataset/5k_HRW_Dataset_combined/images/val/3002071.png,3,2,2,,0
3002079.png,/home/ubuntu/SCB-05-Dataset/5k_HRW_Dataset_combined/images/val/3002079.png,2,2,2,,0
3002083.png,/home/ubuntu/SCB-05-Dataset/5k_HRW_Dataset_combined/images/val/3002083.png,3,2,2,,0
3002106.png,/home/ubuntu/SCB-05-Dataset/5k_HRW_Dataset_combined/images/val/3002106.png,2,2,2,,0
3002107.png,/home/ubuntu/SCB-05-Dataset/5k_HRW_Dataset_combined/images/val/3002107.png,2,2,2,,0
3002108.png,/home/ubuntu/SCB-05-Dataset/5k_HRW_Dataset_combined/images/val/3002108.png,2,2,2,,0
3002118.png,/home/ubuntu/SCB-05-Dataset/5k_HRW_Dataset_combined/images/val/3002118.png,3,2,2,,0
3002123.png,/home/ubuntu/SCB-05-Dataset/5k_HRW_Dataset_combined/images/val/3002123.png,2,2,2,,0
3002125.png,/home/ubuntu/SCB-05-Dataset/5k_HRW_Dataset_combined/images/val/3002125.png,2,2,2,,0
3002126.png,/home/ubuntu/SCB-05-Dataset/5k_HRW_Dataset_combined/images/val/3002126.png,2,2,2,,0
3002128.png,/home/ubuntu/SCB-05-Dataset/5k_HRW_Dataset_combined/images/val/3002128.png,2,2,2,,0
3002133.png,/home/ubuntu/SCB-05-Dataset/5k_HRW_Dataset_combined/images/val/3002133.png,2,2,2,,0
3002135.png,/home/ubuntu/SCB-05-Dataset/5k_HRW_Dataset_combined/images/val/3002135.png,2,2,2,,0
3002140.png,/home/ubuntu/SCB-05-Dataset/5k_HRW_Dataset_combined/images/val/3002140.png,2,2,2,,0
3002156.png,/home/ubuntu/SCB-05-Dataset/5k_HRW_Dataset_combined/images/val/3002156.png,2,2,2,,0
3002157.png,/home/ubuntu/SCB-05-Dataset/5k_HRW_Dataset_combined/images/val/3002157.png,2,2,2,,0
3002165.png,/home/ubuntu/SCB-05-Dataset/5k_HRW_Dataset_combined/images/val/3002165.png,2,2,2,,0
3002173.png,/home/ubuntu/SCB-05-Dataset/5k_HRW_Dataset_combined/images/val/3002173.png,2,2,2,,0
3002177.png,/home/ubuntu/SCB-05-Dataset/5k_HRW_Dataset_combined/images/val/3002177.png,2,2,2,,0
3002198.png,/home/ubuntu/SCB-05-Dataset/5k_HRW_Dataset_combined/images/val/3002198.png,2,2,2,,0
3002189.png,/home/ubuntu/SCB-05-Dataset/5k_HRW_Dataset_combined/images/val/3002189.png,2,2,2,,0
3002236.png,/home/ubuntu/SCB-05-Dataset/5k_HRW_Dataset_combined/images/val/3002236.png,2,2,2,,0
3002209.png,/home/ubuntu/SCB-05-Dataset/5k_HRW_Dataset_combined/images/val/3002209.png,2,2,2,,0
3002238.png,/home/ubuntu/SCB-05-Dataset/5k_HRW_Dataset_combined/images/val/3002238.png,2,2,2,,0
3002245.png,/home/ubuntu/SCB-05-Dataset/5k_HRW_Dataset_combined/images/val/3002245.png,3,2,2,,0
3002248.png,/home/ubuntu/SCB-05-Dataset/5k_HRW_Dataset_combined/images/val/3002248.png,2,2,2,,0
3003003.png,/home/ubuntu/SCB-05-Dataset/5k_HRW_Dataset_combined/images/val/3003003.png,3,2,2,,0
3003006.png,/home/ubuntu/SCB-05-Dataset/5k_HRW_Dataset_combined/images/val/3003006.png,3,2,4,,0
3003007.png,/home/ubuntu/SCB-05-Dataset/5k_HRW_Dataset_combined/images/val/3003007.png,3,2,4,,0
3003018.png,/home/ubuntu/SCB-05-Dataset/5k_HRW_Dataset_combined/images/val/3003018.png,2,2,2,,0
3003021.png,/home/ubuntu/SCB-05-Dataset/5k_HRW_Dataset_combined/images/val/3003021.png,2,2,2,,0
3003030.png,/home/ubuntu/SCB-05-Dataset/5k_HRW_Dataset_combined/images/val/3003030.png,2,2,4,,0
3003036.png,/home/ubuntu/SCB-05-Dataset/5k_HRW_Dataset_combined/images/val/3003036.png,2,2,2,,0
3003048.png,/home/ubuntu/SCB-05-Dataset/5k_HRW_Dataset_combined/images/val/3003048.png,3,2,2,,0
3003053.png,/home/ubuntu/SCB-05-Dataset/5k_HRW_Dataset_combined/images/val/3003053.png,3,2,4,,0
3003059.png,/home/ubuntu/SCB-05-Dataset/5k_HRW_Dataset_combined/images/val/3003059.png,3,2,2,,0
3003067.png,/home/ubuntu/SCB-05-Dataset/5k_HRW_Dataset_combined/images/val/3003067.png,3,2,2,,0
3003069.png,/home/ubuntu/SCB-05-Dataset/5k_HRW_Dataset_combined/images/val/3003069.png,3,2,2,,0
3003077.png,/home/ubuntu/SCB-05-Dataset/5k_HRW_Dataset_combined/images/val/3003077.png,3,2,2,,0
3003079.png,/home/ubuntu/SCB-05-Dataset/5k_HRW_Dataset_combined/images/val/3003079.png,2,2,2,,0
3003082.png,/home/ubuntu/SCB-05-Dataset/5k_HRW_Dataset_combined/images/val/3003082.png,3,2,2,,0
3003083.png,/home/ubuntu/SCB-05-Dataset/5k_HRW_Dataset_combined/images/val/3003083.png,2,2,2,,0
3003087.png,/home/ubuntu/SCB-05-Dataset/5k_HRW_Dataset_combined/images/val/3003087.png,3,2,2,,0
3003091.png,/home/ubuntu/SCB-05-Dataset/5k_HRW_Dataset_combined/images/val/3003091.png,3,2,2,,0
3003095.png,/home/ubuntu/SCB-05-Dataset/5k_HRW_Dataset_combined/images/val/3003095.png,3,2,2,,0
3003098.png,/home/ubuntu/SCB-05-Dataset/5k_HRW_Dataset_combined/images/val/3003098.png,3,2,2,,0
3003102.png,/home/ubuntu/SCB-05-Dataset/5k_HRW_Dataset_combined/images/val/3003102.png,2,2,2,,0
3003110.png,/home/ubuntu/SCB-05-Dataset/5k_HRW_Dataset_combined/images/val/3003110.png,3,2,2,,0
3003139.png,/home/ubuntu/SCB-05-Dataset/5k_HRW_Dataset_combined/images/val/3003139.png,3,2,2,,0
3003140.png,/home/ubuntu/SCB-05-Dataset/5k_HRW_Dataset_combined/images/val/3003140.png,3,2,4,,0
3003141.png,/home/ubuntu/SCB-05-Dataset/5k_HRW_Dataset_combined/images/val/3003141.png,2,2,2,,0
3003158.png,/home/ubuntu/SCB-05-Dataset/5k_HRW_Dataset_combined/images/val/3003158.png,2,2,2,,0
3003162.png,/home/ubuntu/SCB-05-Dataset/5k_HRW_Dataset_combined/images/val/3003162.png,3,2,2,,0
3003167.png,/home/ubuntu/SCB-05-Dataset/5k_HRW_Dataset_combined/images/val/3003167.png,3,2,4,,0
3004001.png,/home/ubuntu/SCB-05-Dataset/5k_HRW_Dataset_combined/images/val/3004001.png,3,2,2,,0
3004003.png,/home/ubuntu/SCB-05-Dataset/5k_HRW_Dataset_combined/images/val/3004003.png,2,2,2,,0
3004012.png,/home/ubuntu/SCB-05-Dataset/5k_HRW_Dataset_combined/images/val/3004012.png,3,2,2,,0
3004010.png,/home/ubuntu/SCB-05-Dataset/5k_HRW_Dataset_combined/images/val/3004010.png,2,2,2,,0
3004028.png,/home/ubuntu/SCB-05-Dataset/5k_HRW_Dataset_combined/images/val/3004028.png,3,2,4,,0
3004032.png,/home/ubuntu/SCB-05-Dataset/5k_HRW_Dataset_combined/images/val/3004032.png,3,2,2,,0
3004015.png,/home/ubuntu/SCB-05-Dataset/5k_HRW_Dataset_combined/images/val/3004015.png,2,2,2,,0
3004034.png,/home/ubuntu/SCB-05-Dataset/5k_HRW_Dataset_combined/images/val/3004034.png,3,2,2,,0
3004035.png,/home/ubuntu/SCB-05-Dataset/5k_HRW_Dataset_combined/images/val/3004035.png,2,2,2,,0
3004036.png,/home/ubuntu/SCB-05-Dataset/5k_HRW_Dataset_combined/images/val/3004036.png,3,2,2,,0
3004041.png,/home/ubuntu/SCB-05-Dataset/5k_HRW_Dataset_combined/images/val/3004041.png,2,2,2,,0
3004047.png,/home/ubuntu/SCB-05-Dataset/5k_HRW_Dataset_combined/images/val/3004047.png,2,2,2,,0
3004073.png,/home/ubuntu/SCB-05-Dataset/5k_HRW_Dataset_combined/images/val/3004073.png,2,2,2,,0
3004077.png,/home/ubuntu/SCB-05-Dataset/5k_HRW_Dataset_combined/images/val/3004077.png,2,2,2,,0
3004078.png,/home/ubuntu/SCB-05-Dataset/5k_HRW_Dataset_combined/images/val/3004078.png,2,2,2,,0
3004079.png,/home/ubuntu/SCB-05-Dataset/5k_HRW_Dataset_combined/images/val/3004079.png,2,2,2,,0
3004084.png,/home/ubuntu/SCB-05-Dataset/5k_HRW_Dataset_combined/images/val/3004084.png,2,2,2,,0
3004085.png,/home/ubuntu/SCB-05-Dataset/5k_HRW_Dataset_combined/images/val/3004085.png,2,2,2,,0
3004088.png,/home/ubuntu/SCB-05-Dataset/5k_HRW_Dataset_combined/images/val/3004088.png,2,2,2,,0
3004090.png,/home/ubuntu/SCB-05-Dataset/5k_HRW_Dataset_combined/images/val/3004090.png,2,2,2,,0
3004092.png,/home/ubuntu/SCB-05-Dataset/5k_HRW_Dataset_combined/images/val/3004092.png,2,2,2,,0
3004094.png,/home/ubuntu/SCB-05-Dataset/5k_HRW_Dataset_combined/images/val/3004094.png,2,2,2,,0
3004099.png,/home/ubuntu/SCB-05-Dataset/5k_HRW_Dataset_combined/images/val/3004099.png,2,2,2,,0
3004110.png,/home/ubuntu/SCB-05-Dataset/5k_HRW_Dataset_combined/images/val/3004110.png,2,2,2,,0
3004113.png,/home/ubuntu/SCB-05-Dataset/5k_HRW_Dataset_combined/images/val/3004113.png,2,2,2,,0
3004114.png,/home/ubuntu/SCB-05-Dataset/5k_HRW_Dataset_combined/images/val/3004114.png,2,2,2,,0
3004115.png,/home/ubuntu/SCB-05-Dataset/5k_HRW_Dataset_combined/images/val/3004115.png,2,2,2,,0
3004116.png,/home/ubuntu/SCB-05-Dataset/5k_HRW_Dataset_combined/images/val/3004116.png,2,2,2,,0
3004134.png,/home/ubuntu/SCB-05-Dataset/5k_HRW_Dataset_combined/images/val/3004134.png,2,2,2,,0
3004136.png,/home/ubuntu/SCB-05-Dataset/5k_HRW_Dataset_combined/images/val/3004136.png,2,2,2,,0
3004138.png,/home/ubuntu/SCB-05-Dataset/5k_HRW_Dataset_combined/images/val/3004138.png,2,2,2,,0
3004144.png,/home/ubuntu/SCB-05-Dataset/5k_HRW_Dataset_combined/images/val/3004144.png,2,2,2,,0
3004151.png,/home/ubuntu/SCB-05-Dataset/5k_HRW_Dataset_combined/images/val/3004151.png,2,2,2,,0
3004152.png,/home/ubuntu/SCB-05-Dataset/5k_HRW_Dataset_combined/images/val/3004152.png,2,2,2,,0
3004160.png,/home/ubuntu/SCB-05-Dataset/5k_HRW_Dataset_combined/images/val/3004160.png,2,2,2,,0
3004181.png,/home/ubuntu/SCB-05-Dataset/5k_HRW_Dataset_combined/images/val/3004181.png,2,2,2,,0
3004188.png,/home/ubuntu/SCB-05-Dataset/5k_HRW_Dataset_combined/images/val/3004188.png,2,2,2,,0
3004190.png,/home/ubuntu/SCB-05-Dataset/5k_HRW_Dataset_combined/images/val/3004190.png,2,2,2,,0
3004213.png,/home/ubuntu/SCB-05-Dataset/5k_HRW_Dataset_combined/images/val/3004213.png,2,2,2,,0
3005002.png,/home/ubuntu/SCB-05-Dataset/5k_HRW_Dataset_combined/images/val/3005002.png,2,2,2,,0
3005006.png,/home/ubuntu/SCB-05-Dataset/5k_HRW_Dataset_combined/images/val/3005006.png,2,2,2,,0
3005010.png,/home/ubuntu/SCB-05-Dataset/5k_HRW_Dataset_combined/images/val/3005010.png,2,2,2,,0
3005013.png,/home/ubuntu/SCB-05-Dataset/5k_HRW_Dataset_combined/images/val/3005013.png,2,2,2,,0
3005018.png,/home/ubuntu/SCB-05-Dataset/5k_HRW_Dataset_combined/images/val/3005018.png,2,2,2,,0
3005014.png,/home/ubuntu/SCB-05-Dataset/5k_HRW_Dataset_combined/images/val/3005014.png,2,2,2,,0
3005021.png,/home/ubuntu/SCB-05-Dataset/5k_HRW_Dataset_combined/images/val/3005021.png,2,2,2,,0
3005023.png,/home/ubuntu/SCB-05-Dataset/5k_HRW_Dataset_combined/images/val/3005023.png,2,2,2,,0
3005024.png,/home/ubuntu/SCB-05-Dataset/5k_HRW_Dataset_combined/images/val/3005024.png,2,2,2,,0
3005029.png,/home/ubuntu/SCB-05-Dataset/5k_HRW_Dataset_combined/images/val/3005029.png,2,2,2,,0
3005033.png,/home/ubuntu/SCB-05-Dataset/5k_HRW_Dataset_combined/images/val/3005033.png,2,2,2,,0
3005034.png,/home/ubuntu/SCB-05-Dataset/5k_HRW_Dataset_combined/images/val/3005034.png,2,2,2,,0
3005037.png,/home/ubuntu/SCB-05-Dataset/5k_HRW_Dataset_combined/images/val/3005037.png,2,2,2,,0
3005040.png,/home/ubuntu/SCB-05-Dataset/5k_HRW_Dataset_combined/images/val/3005040.png,2,2,2,,0
3005049.png,/home/ubuntu/SCB-05-Dataset/5k_HRW_Dataset_combined/images/val/3005049.png,2,2,2,,0
3005055.png,/home/ubuntu/SCB-05-Dataset/5k_HRW_Dataset_combined/images/val/3005055.png,2,2,2,,0
3005067.png,/home/ubuntu/SCB-05-Dataset/5k_HRW_Dataset_combined/images/val/3005067.png,2,2,2,,0
3005078.png,/home/ubuntu/SCB-05-Dataset/5k_HRW_Dataset_combined/images/val/3005078.png,2,2,2,,0
3005079.png,/home/ubuntu/SCB-05-Dataset/5k_HRW_Dataset_combined/images/val/3005079.png,2,2,2,,0
3005096.png,/home/ubuntu/SCB-05-Dataset/5k_HRW_Dataset_combined/images/val/3005096.png,2,2,2,,0
3005101.png,/home/ubuntu/SCB-05-Dataset/5k_HRW_Dataset_combined/images/val/3005101.png,2,2,2,,0
3005107.png,/home/ubuntu/SCB-05-Dataset/5k_HRW_Dataset_combined/images/val/3005107.png,2,2,2,,0
3005118.png,/home/ubuntu/SCB-05-Dataset/5k_HRW_Dataset_combined/images/val/3005118.png,2,2,2,,0
3005127.png,/home/ubuntu/SCB-05-Dataset/5k_HRW_Dataset_combined/images/val/3005127.png,2,2,2,,0
3005140.png,/home/ubuntu/SCB-05-Dataset/5k_HRW_Dataset_combined/images/val/3005140.png,3,2,2,,0
3005139.png,/home/ubuntu/SCB-05-Dataset/5k_HRW_Dataset_combined/images/val/3005139.png,2,2,2,,0
3005164.png,/home/ubuntu/SCB-05-Dataset/5k_HRW_Dataset_combined/images/val/3005164.png,2,2,2,,0
3005168.png,/home/ubuntu/SCB-05-Dataset/5k_HRW_Dataset_combined/images/val/3005168.png,2,2,2,,0
3005188.png,/home/ubuntu/SCB-05-Dataset/5k_HRW_Dataset_combined/images/val/3005188.png,2,2,2,,0
3005195.png,/home/ubuntu/SCB-05-Dataset/5k_HRW_Dataset_combined/images/val/3005195.png,2,2,2,,0
3005221.png,/home/ubuntu/SCB-05-Dataset/5k_HRW_Dataset_combined/images/val/3005221.png,2,2,2,,0
3005215.png,/home/ubuntu/SCB-05-Dataset/5k_HRW_Dataset_combined/images/val/3005215.png,2,2,2,,0
3005224.png,/home/ubuntu/SCB-05-Dataset/5k_HRW_Dataset_combined/images/val/3005224.png,2,2,2,,0
3005231.png,/home/ubuntu/SCB-05-Dataset/5k_HRW_Dataset_combined/images/val/3005231.png,3,2,2,,0
3005242.png,/home/ubuntu/SCB-05-Dataset/5k_HRW_Dataset_combined/images/val/3005242.png,2,2,2,,0
3005258.png,/home/ubuntu/SCB-05-Dataset/5k_HRW_Dataset_combined/images/val/3005258.png,2,2,2,,0
3005273.png,/home/ubuntu/SCB-05-Dataset/5k_HRW_Dataset_combined/images/val/3005273.png,2,2,2,,0
3005276.png,/home/ubuntu/SCB-05-Dataset/5k_HRW_Dataset_combined/images/val/3005276.png,3,2,2,,0
3005277.png,/home/ubuntu/SCB-05-Dataset/5k_HRW_Dataset_combined/images/val/3005277.png,3,2,2,,0
3005278.png,/home/ubuntu/SCB-05-Dataset/5k_HRW_Dataset_combined/images/val/3005278.png,2,2,2,,0
3005283.png,/home/ubuntu/SCB-05-Dataset/5k_HRW_Dataset_combined/images/val/3005283.png,2,2,2,,0
3005294.png,/home/ubuntu/SCB-05-Dataset/5k_HRW_Dataset_combined/images/val/3005294.png,2,2,2,,0
