image_id,image_path,ground_truth,predicted,sim_0,sim_1,sim_2,sim_3,p_0,p_1,p_2,p_3,stderr,returncode
40010001.png,/home/ubuntu/SCB-05-Dataset/5k_HRW_Dataset_combined/images/val/40010001.png,1,1,29.665908813476562,31.234100341796875,30.49862289428711,29.935710906982422,0.10630132257938385,0.5100298523902893,0.24444535374641418,0.13922341167926788,,0
40010011.png,/home/ubuntu/SCB-05-Dataset/5k_HRW_Dataset_combined/images/val/40010011.png,1,1,30.04511070251465,31.580507278442383,30.66977882385254,30.4117431640625,0.11168617010116577,0.518577516078949,0.20858800411224365,0.161148339509964,,0
40010021.png,/home/ubuntu/SCB-05-Dataset/5k_HRW_Dataset_combined/images/val/40010021.png,1,1,30.014720916748047,31.4173641204834,30.92494010925293,30.07464027404785,0.11610960960388184,0.4720938801765442,0.28851696848869324,0.12327949702739716,,0
40010029.png,/home/ubuntu/SCB-05-Dataset/5k_HRW_Dataset_combined/images/val/40010029.png,1,1,30.20359230041504,31.585716247558594,30.955961227416992,30.18370819091797,0.12367532402276993,0.49264249205589294,0.26244163513183594,0.12124044448137283,,0
40010036.png,/home/ubuntu/SCB-05-Dataset/5k_HRW_Dataset_combined/images/val/40010036.png,1,1,30.525949478149414,31.994840621948242,31.411699295043945,30.54998016357422,0.11371985077857971,0.49404624104499817,0.2757481038570404,0.11648572236299515,,0
40010037.png,/home/ubuntu/SCB-05-Dataset/5k_HRW_Dataset_combined/images/val/40010037.png,1,1,30.372936248779297,31.836950302124023,30.992258071899414,30.56362533569336,0.11917489022016525,0.5152262449264526,0.2213873565196991,0.1442115306854248,,0
40010042.png,/home/ubuntu/SCB-05-Dataset/5k_HRW_Dataset_combined/images/val/40010042.png,1,1,29.897476196289062,31.20796012878418,30.737199783325195,29.978879928588867,0.12332731485366821,0.45729371905326843,0.28559237718582153,0.13378655910491943,,0
40010049.png,/home/ubuntu/SCB-05-Dataset/5k_HRW_Dataset_combined/images/val/40010049.png,1,1,31.06231117248535,32.409175872802734,31.79813575744629,30.846908569335938,0.12921950221061707,0.4968942701816559,0.2697072923183441,0.10417893528938293,,0
40010044.png,/home/ubuntu/SCB-05-Dataset/5k_HRW_Dataset_combined/images/val/40010044.png,1,1,30.611133575439453,31.883615493774414,31.43716812133789,30.1269588470459,0.13386613130569458,0.47786208987236023,0.3057827353477478,0.08248905092477798,,0
40010054.png,/home/ubuntu/SCB-05-Dataset/5k_HRW_Dataset_combined/images/val/40010054.png,1,1,30.488630294799805,31.784910202026367,31.068138122558594,30.1323299407959,0.14003457129001617,0.5119204521179199,0.24998407065868378,0.09806092828512192,,0
40010058.png,/home/ubuntu/SCB-05-Dataset/5k_HRW_Dataset_combined/images/val/40010058.png,1,1,30.5091552734375,32.07744216918945,31.318723678588867,30.139986038208008,0.11446011811494827,0.5492278337478638,0.25718480348587036,0.0791272446513176,,0
40010064.png,/home/ubuntu/SCB-05-Dataset/5k_HRW_Dataset_combined/images/val/40010064.png,1,1,30.65057945251465,31.7481632232666,31.398820877075195,30.34703826904297,0.1460195928812027,0.43760842084884644,0.30858033895492554,0.10779158025979996,,0
40010067.png,/home/ubuntu/SCB-05-Dataset/5k_HRW_Dataset_combined/images/val/40010067.png,1,1,30.63236427307129,31.641700744628906,31.24423599243164,30.53053092956543,0.15406326949596405,0.4227156937122345,0.2840741276741028,0.13914687931537628,,0
40010084.png,/home/ubuntu/SCB-05-Dataset/5k_HRW_Dataset_combined/images/val/40010084.png,1,1,31.305282592773438,31.909400939941406,31.478191375732422,30.716598510742188,0.21865318715572357,0.40005624294281006,0.25992563366889954,0.1213650107383728,,0
40010082.png,/home/ubuntu/SCB-05-Dataset/5k_HRW_Dataset_combined/images/val/40010082.png,1,1,30.79353904724121,32.15469741821289,31.67501449584961,30.493206024169922,0.1241350769996643,0.4842148721218109,0.2997191548347473,0.09193091094493866,,0
40010089.png,/home/ubuntu/SCB-05-Dataset/5k_HRW_Dataset_combined/images/val/40010089.png,1,1,30.9212589263916,31.786970138549805,31.518278121948242,30.284944534301758,0.17474481463432312,0.4153152406215668,0.3174580931663513,0.09248184412717819,,0
40010095.png,/home/ubuntu/SCB-05-Dataset/5k_HRW_Dataset_combined/images/val/40010095.png,1,1,30.310832977294922,31.484407424926758,30.938751220703125,29.7386474609375,0.14989073574543,0.48467621207237244,0.2808511555194855,0.08458196371793747,,0
40010098.png,/home/ubuntu/SCB-05-Dataset/5k_HRW_Dataset_combined/images/val/40010098.png,1,1,31.110998153686523,32.340274810791016,31.92080307006836,30.49053192138672,0.1388133317232132,0.4745689034461975,0.3119787573814392,0.07463905960321426,,0
40010099.png,/home/ubuntu/SCB-05-Dataset/5k_HRW_Dataset_combined/images/val/40010099.png,1,1,30.596256256103516,31.628358840942383,31.288545608520508,29.99824333190918,0.1573527306318283,0.44168299436569214,0.31443557143211365,0.08652875572443008,,0
40010105.png,/home/ubuntu/SCB-05-Dataset/5k_HRW_Dataset_combined/images/val/40010105.png,1,1,30.59687042236328,31.42632293701172,30.964601516723633,29.970121383666992,0.1897229701280594,0.4348571002483368,0.27404600381851196,0.10137392580509186,,0
40010107.png,/home/ubuntu/SCB-05-Dataset/5k_HRW_Dataset_combined/images/val/40010107.png,1,2,30.752540588378906,31.149118423461914,31.299802780151367,30.045705795288086,0.21238434314727783,0.31575778126716614,0.36710935831069946,0.10474855452775955,,0
40010106.png,/home/ubuntu/SCB-05-Dataset/5k_HRW_Dataset_combined/images/val/40010106.png,1,2,31.272300720214844,31.91317367553711,31.92031478881836,30.73506736755371,0.1853829026222229,0.3518821895122528,0.3544040024280548,0.1083308607339859,,0
40010110.png,/home/ubuntu/SCB-05-Dataset/5k_HRW_Dataset_combined/images/val/40010110.png,1,2,30.383014678955078,31.082612991333008,31.151288986206055,30.42543601989746,0.16097044944763184,0.324024498462677,0.34705910086631775,0.16794593632221222,,0
40010114.png,/home/ubuntu/SCB-05-Dataset/5k_HRW_Dataset_combined/images/val/40010114.png,1,2,29.90677261352539,30.87265396118164,30.988492965698242,30.47549819946289,0.119862861931324,0.3148919939994812,0.3535654544830322,0.2116796225309372,,0
40010120.png,/home/ubuntu/SCB-05-Dataset/5k_HRW_Dataset_combined/images/val/40010120.png,1,1,30.302568435668945,31.572776794433594,31.252666473388672,29.85348129272461,0.12843947112560272,0.457449346780777,0.3321397602558136,0.0819714218378067,,0
40010123.png,/home/ubuntu/SCB-05-Dataset/5k_HRW_Dataset_combined/images/val/40010123.png,1,1,30.266130447387695,31.047147750854492,30.673429489135742,29.931427001953125,0.1851167529821396,0.4042380750179291,0.27818483114242554,0.1324603408575058,,0
40010135.png,/home/ubuntu/SCB-05-Dataset/5k_HRW_Dataset_combined/images/val/40010135.png,1,1,31.363510131835938,32.16566467285156,31.82301139831543,30.785202026367188,0.18606479465961456,0.4149879515171051,0.2945934236049652,0.10435377806425095,,0
40020002.png,/home/ubuntu/SCB-05-Dataset/5k_HRW_Dataset_combined/images/val/40020002.png,1,1,30.377912521362305,31.829252243041992,31.027164459228516,30.023101806640625,0.12683524191379547,0.5414380431175232,0.24277640879154205,0.08895033597946167,,0
40020003.png,/home/ubuntu/SCB-05-Dataset/5k_HRW_Dataset_combined/images/val/40020003.png,1,1,31.01294708251953,32.62285614013672,31.84766387939453,30.681228637695312,0.11081305891275406,0.5543264150619507,0.2553311586380005,0.07952935248613358,,0
40020019.png,/home/ubuntu/SCB-05-Dataset/5k_HRW_Dataset_combined/images/val/40020019.png,1,1,31.279882431030273,32.539756774902344,31.79262351989746,30.554073333740234,0.14972807466983795,0.5277882814407349,0.25002527236938477,0.07245834171772003,,0
40020021.png,/home/ubuntu/SCB-05-Dataset/5k_HRW_Dataset_combined/images/val/40020021.png,1,1,31.50225830078125,32.78377151489258,32.0716552734375,30.71500015258789,0.14653350412845612,0.5278263092041016,0.25895413756370544,0.06668605655431747,,0
40020022.png,/home/ubuntu/SCB-05-Dataset/5k_HRW_Dataset_combined/images/val/40020022.png,1,1,31.678508758544922,32.9198112487793,32.23798370361328,30.939254760742188,0.14953628182411194,0.5174130797386169,0.2616516351699829,0.07139908522367477,,0
40020026.png,/home/ubuntu/SCB-05-Dataset/5k_HRW_Dataset_combined/images/val/40020026.png,1,1,30.59819984436035,31.874683380126953,31.297487258911133,30.245149612426758,0.13700741529464722,0.491036593914032,0.2757025361061096,0.09625345468521118,,0
40020034.png,/home/ubuntu/SCB-05-Dataset/5k_HRW_Dataset_combined/images/val/40020034.png,1,1,30.645244598388672,31.887420654296875,31.388626098632812,29.980192184448242,0.14123450219631195,0.48911499977111816,0.2970210909843445,0.07262935489416122,,0
40020044.png,/home/ubuntu/SCB-05-Dataset/5k_HRW_Dataset_combined/images/val/40020044.png,1,1,30.986448287963867,32.57183837890625,31.677759170532227,30.628395080566406,0.11659684777259827,0.5691319108009338,0.23276586830615997,0.08150538057088852,,0
40020045.png,/home/ubuntu/SCB-05-Dataset/5k_HRW_Dataset_combined/images/val/40020045.png,1,1,30.192506790161133,31.494199752807617,30.696117401123047,29.795042037963867,0.1428118348121643,0.5249068737030029,0.23630858957767487,0.09597264230251312,,0
40020046.png,/home/ubuntu/SCB-05-Dataset/5k_HRW_Dataset_combined/images/val/40020046.png,1,1,30.6680908203125,32.07272720336914,31.192121505737305,30.006101608276367,0.13738735020160675,0.5597222447395325,0.23202265799045563,0.07086772471666336,,0
40020049.png,/home/ubuntu/SCB-05-Dataset/5k_HRW_Dataset_combined/images/val/40020049.png,1,1,30.494997024536133,31.709030151367188,30.972375869750977,29.93496322631836,0.15267011523246765,0.5140458941459656,0.2460803985595703,0.08720359951257706,,0
40020050.png,/home/ubuntu/SCB-05-Dataset/5k_HRW_Dataset_combined/images/val/40020050.png,0,1,30.398473739624023,31.559921264648438,30.845170974731445,29.73461151123047,0.15942469239234924,0.5092908143997192,0.24920327961444855,0.08208122849464417,,0
40020058.png,/home/ubuntu/SCB-05-Dataset/5k_HRW_Dataset_combined/images/val/40020058.png,1,1,30.167213439941406,31.992881774902344,31.074094772338867,30.747211456298828,0.0871872752904892,0.541166365146637,0.215926855802536,0.15571950376033783,,0
40020077.png,/home/ubuntu/SCB-05-Dataset/5k_HRW_Dataset_combined/images/val/40020077.png,0,1,29.76388931274414,31.11656379699707,30.39202308654785,30.052125930786133,0.12382461875677109,0.47892341017723083,0.23206093907356262,0.16519106924533844,,0
40020078.png,/home/ubuntu/SCB-05-Dataset/5k_HRW_Dataset_combined/images/val/40020078.png,0,1,29.775588989257812,30.49435043334961,30.06136703491211,30.01413345336914,0.17692579329013824,0.3630323112010956,0.2354523241519928,0.22458961606025696,,0
40020083.png,/home/ubuntu/SCB-05-Dataset/5k_HRW_Dataset_combined/images/val/40020083.png,0,1,29.79667854309082,30.984956741333008,30.316865921020508,29.072248458862305,0.1550779491662979,0.5088768601417542,0.2608942985534668,0.07515086978673935,,0
40020073.png,/home/ubuntu/SCB-05-Dataset/5k_HRW_Dataset_combined/images/val/40020073.png,0,1,31.335872650146484,32.526832580566406,31.778276443481445,31.423601150512695,0.14412599802017212,0.4742088317871094,0.2243240475654602,0.1573411524295807,,0
40020097.png,/home/ubuntu/SCB-05-Dataset/5k_HRW_Dataset_combined/images/val/40020097.png,0,1,30.397132873535156,31.03843879699707,30.16883659362793,29.61125946044922,0.24093084037303925,0.4575178027153015,0.1917540431022644,0.10979736596345901,,0
40020086.png,/home/ubuntu/SCB-05-Dataset/5k_HRW_Dataset_combined/images/val/40020086.png,0,1,29.84028434753418,31.02581787109375,30.473590850830078,29.103025436401367,0.15072305500507355,0.4932309687137604,0.283936470746994,0.07210945338010788,,0
40020103.png,/home/ubuntu/SCB-05-Dataset/5k_HRW_Dataset_combined/images/val/40020103.png,0,1,30.061382293701172,30.563207626342773,30.07683753967285,29.926389694213867,0.22021430730819702,0.3637353181838989,0.2236441969871521,0.19240616261959076,,0
40020105.png,/home/ubuntu/SCB-05-Dataset/5k_HRW_Dataset_combined/images/val/40020105.png,0,1,29.545215606689453,30.63128662109375,29.620214462280273,29.858863830566406,0.1560329645872116,0.4622649848461151,0.1681852638721466,0.21351678669452667,,0
40020110.png,/home/ubuntu/SCB-05-Dataset/5k_HRW_Dataset_combined/images/val/40020110.png,0,1,29.54033660888672,30.560312271118164,29.911964416503906,29.71332359313965,0.15595585107803345,0.4324854016304016,0.2261504977941513,0.18540820479393005,,0
40020122.png,/home/ubuntu/SCB-05-Dataset/5k_HRW_Dataset_combined/images/val/40020122.png,1,1,30.758983612060547,31.759571075439453,31.65398597717285,30.50748634338379,0.14399147033691406,0.3916393518447876,0.35239624977111816,0.111972875893116,,0
40020141.png,/home/ubuntu/SCB-05-Dataset/5k_HRW_Dataset_combined/images/val/40020141.png,1,1,30.10394287109375,31.397775650024414,30.761571884155273,30.130535125732422,0.13151150941848755,0.47958794236183167,0.2538449168205261,0.13505561649799347,,0
40020148.png,/home/ubuntu/SCB-05-Dataset/5k_HRW_Dataset_combined/images/val/40020148.png,1,1,30.58810806274414,32.10397720336914,32.04853439331055,30.84176254272461,0.08968690782785416,0.4083783030509949,0.38635286688804626,0.11558188498020172,,0
40020150.png,/home/ubuntu/SCB-05-Dataset/5k_HRW_Dataset_combined/images/val/40020150.png,1,2,30.044322967529297,30.894779205322266,31.156719207763672,30.168315887451172,0.13307851552963257,0.31149885058403015,0.4047767221927643,0.1506459265947342,,0
40020119.png,/home/ubuntu/SCB-05-Dataset/5k_HRW_Dataset_combined/images/val/40020119.png,1,1,30.743736267089844,31.710609436035156,31.39198112487793,30.68507957458496,0.1542038768529892,0.4055113196372986,0.29486584663391113,0.1454189568758011,,0
40020144.png,/home/ubuntu/SCB-05-Dataset/5k_HRW_Dataset_combined/images/val/40020144.png,1,2,29.785594940185547,31.064743041992188,31.097034454345703,30.11084747314453,0.10320480912923813,0.3708744943141937,0.3830459713935852,0.14287470281124115,,0
40020153.png,/home/ubuntu/SCB-05-Dataset/5k_HRW_Dataset_combined/images/val/40020153.png,1,2,30.199613571166992,31.342666625976562,31.40707015991211,30.388282775878906,0.11508888006210327,0.360956609249115,0.3849684000015259,0.13898609578609467,,0
40020061.png,/home/ubuntu/SCB-05-Dataset/5k_HRW_Dataset_combined/images/val/40020061.png,1,1,30.270397186279297,31.385028839111328,30.711376190185547,29.845317840576172,0.1598365753889084,0.48725301027297974,0.24842247366905212,0.10448803007602692,,0
40020167.png,/home/ubuntu/SCB-05-Dataset/5k_HRW_Dataset_combined/images/val/40020167.png,0,1,29.374746322631836,30.561424255371094,30.36745262145996,28.950923919677734,0.13107453286647797,0.4294236898422241,0.35370826721191406,0.08579353243112564,,0
40020168.png,/home/ubuntu/SCB-05-Dataset/5k_HRW_Dataset_combined/images/val/40020168.png,1,1,29.288179397583008,30.358564376831055,30.274307250976562,28.63523292541504,0.14049194753170013,0.4097450375556946,0.3766355514526367,0.07312744110822678,,0
40020174.png,/home/ubuntu/SCB-05-Dataset/5k_HRW_Dataset_combined/images/val/40020174.png,0,1,30.321073532104492,31.543344497680664,31.0244140625,29.790878295898438,0.1427782028913498,0.48471614718437195,0.28848209977149963,0.08402355760335922,,0
40020170.png,/home/ubuntu/SCB-05-Dataset/5k_HRW_Dataset_combined/images/val/40020170.png,1,1,29.751968383789062,31.061559677124023,30.596738815307617,29.462682723999023,0.12851983308792114,0.4761221706867218,0.2991226315498352,0.09623542428016663,,0
40020182.png,/home/ubuntu/SCB-05-Dataset/5k_HRW_Dataset_combined/images/val/40020182.png,1,1,29.8768367767334,31.134540557861328,30.885818481445312,29.303401947021484,0.127816304564476,0.4495728313922882,0.35057541728019714,0.07203551381826401,,0
40020156.png,/home/ubuntu/SCB-05-Dataset/5k_HRW_Dataset_combined/images/val/40020156.png,1,1,29.701513290405273,30.8314151763916,30.692466735839844,29.403846740722656,0.13277208805084229,0.41097643971443176,0.3576616942882538,0.09858977794647217,,0
40020164.png,/home/ubuntu/SCB-05-Dataset/5k_HRW_Dataset_combined/images/val/40020164.png,1,1,30.369272232055664,31.626192092895508,31.41425895690918,29.687589645385742,0.1271665096282959,0.44693681597709656,0.3615802824497223,0.06431640684604645,,0
40020177.png,/home/ubuntu/SCB-05-Dataset/5k_HRW_Dataset_combined/images/val/40020177.png,0,1,30.228572845458984,30.87964630126953,30.548629760742188,29.653934478759766,0.20585820078849792,0.3947533071041107,0.28350916504859924,0.11587931215763092,,0
40020202.png,/home/ubuntu/SCB-05-Dataset/5k_HRW_Dataset_combined/images/val/40020202.png,0,1,30.076080322265625,31.16421127319336,31.059223175048828,29.928213119506836,0.1332603394985199,0.3956126272678375,0.3561839759349823,0.11494310945272446,,0
40020194.png,/home/ubuntu/SCB-05-Dataset/5k_HRW_Dataset_combined/images/val/40020194.png,0,1,29.773897171020508,31.010372161865234,30.696361541748047,29.455339431762695,0.1301044374704361,0.44800859689712524,0.3272753357887268,0.09461155533790588,,0
40020203.png,/home/ubuntu/SCB-05-Dataset/5k_HRW_Dataset_combined/images/val/40020203.png,0,1,30.599153518676758,32.033084869384766,31.949979782104492,30.388992309570312,0.10135586559772491,0.4252040386199951,0.3912958800792694,0.08214422315359116,,0
40020210.png,/home/ubuntu/SCB-05-Dataset/5k_HRW_Dataset_combined/images/val/40020210.png,0,1,30.088436126708984,31.28253746032715,31.18691062927246,29.977739334106445,0.12201985716819763,0.402737557888031,0.3660091459751129,0.10923342406749725,,0
40020215.png,/home/ubuntu/SCB-05-Dataset/5k_HRW_Dataset_combined/images/val/40020215.png,1,1,30.326515197753906,31.3882999420166,31.357723236083984,29.962482452392578,0.13530249893665314,0.3912307918071747,0.3794492781162262,0.09401743113994598,,0
40020216.png,/home/ubuntu/SCB-05-Dataset/5k_HRW_Dataset_combined/images/val/40020216.png,0,1,30.268775939941406,31.537425994873047,31.416839599609375,29.984670639038086,0.11819186806678772,0.4202960431575775,0.3725506365299225,0.08896152675151825,,0
40020218.png,/home/ubuntu/SCB-05-Dataset/5k_HRW_Dataset_combined/images/val/40020218.png,0,1,30.45554542541504,31.88869857788086,31.455677032470703,30.48660659790039,0.11183074861764908,0.46878287196159363,0.3040274977684021,0.1153588593006134,,0
40030006.png,/home/ubuntu/SCB-05-Dataset/5k_HRW_Dataset_combined/images/val/40030006.png,1,1,30.699068069458008,31.414043426513672,30.998933792114258,29.953176498413086,0.20541788637638092,0.41990214586257935,0.27724793553352356,0.09743201732635498,,0
40020160.png,/home/ubuntu/SCB-05-Dataset/5k_HRW_Dataset_combined/images/val/40020160.png,1,1,29.52544403076172,30.40427017211914,30.38827133178711,29.00611114501953,0.15691590309143066,0.37786468863487244,0.3718673884868622,0.09335198253393173,,0
40020208.png,/home/ubuntu/SCB-05-Dataset/5k_HRW_Dataset_combined/images/val/40020208.png,0,1,30.078968048095703,30.89508628845215,30.826866149902344,29.55869483947754,0.16754300892353058,0.3789325952529907,0.3539438247680664,0.0995805487036705,,0
40020217.png,/home/ubuntu/SCB-05-Dataset/5k_HRW_Dataset_combined/images/val/40020217.png,0,1,29.96980857849121,31.409055709838867,31.160072326660156,29.907978057861328,0.10587041079998016,0.4465104937553406,0.34809643030166626,0.0995226576924324,,0
40020221.png,/home/ubuntu/SCB-05-Dataset/5k_HRW_Dataset_combined/images/val/40020221.png,0,1,30.295238494873047,31.64574432373047,31.20902442932129,29.8549747467041,0.12504704296588898,0.48260369896888733,0.31183555722236633,0.0805136114358902,,0
40020158.png,/home/ubuntu/SCB-05-Dataset/5k_HRW_Dataset_combined/images/val/40020158.png,1,1,29.713603973388672,30.694580078125,30.608489990234375,29.275278091430664,0.147945836186409,0.3945801258087158,0.36203184723854065,0.09544214606285095,,0
40030020.png,/home/ubuntu/SCB-05-Dataset/5k_HRW_Dataset_combined/images/val/40030020.png,1,1,31.068309783935547,32.19279479980469,31.034791946411133,30.255651473999023,0.1821710616350174,0.5608375072479248,0.17616629600524902,0.08082512021064758,,0
40030024.png,/home/ubuntu/SCB-05-Dataset/5k_HRW_Dataset_combined/images/val/40030024.png,1,1,31.303491592407227,32.20515823364258,31.620317459106445,30.978225708007812,0.17989481985569,0.44320788979530334,0.24695304036140442,0.1299443542957306,,0
40030028.png,/home/ubuntu/SCB-05-Dataset/5k_HRW_Dataset_combined/images/val/40030028.png,1,1,30.815166473388672,31.933216094970703,31.461891174316406,30.80230140686035,0.1437736600637436,0.43978673219680786,0.27450376749038696,0.14193585515022278,,0
40030030.png,/home/ubuntu/SCB-05-Dataset/5k_HRW_Dataset_combined/images/val/40030030.png,1,1,29.7159423828125,31.199926376342773,30.73952865600586,29.47355842590332,0.11137848347425461,0.49123281240463257,0.3099839389324188,0.08740480244159698,,0
40030037.png,/home/ubuntu/SCB-05-Dataset/5k_HRW_Dataset_combined/images/val/40030037.png,1,1,30.128353118896484,31.034893035888672,30.691343307495117,29.99833869934082,0.16367310285568237,0.40521228313446045,0.28739607334136963,0.14371854066848755,,0
40020126.png,/home/ubuntu/SCB-05-Dataset/5k_HRW_Dataset_combined/images/val/40020126.png,1,1,30.373960494995117,31.589435577392578,31.4730224609375,30.200504302978516,0.12174337357282639,0.4105059504508972,0.3653944432735443,0.10235623270273209,,0
40030033.png,/home/ubuntu/SCB-05-Dataset/5k_HRW_Dataset_combined/images/val/40030033.png,1,1,30.000431060791016,31.189992904663086,30.405574798583984,29.731464385986328,0.1526874154806137,0.501676082611084,0.22895754873752594,0.11667896062135696,,0
40030002.png,/home/ubuntu/SCB-05-Dataset/5k_HRW_Dataset_combined/images/val/40030002.png,1,1,30.549102783203125,31.29506492614746,30.69123649597168,29.844289779663086,0.2102871984243393,0.4433840811252594,0.2424045354127884,0.10392414778470993,,0
40030048.png,/home/ubuntu/SCB-05-Dataset/5k_HRW_Dataset_combined/images/val/40030048.png,1,1,31.066041946411133,32.160400390625,30.943798065185547,30.598691940307617,0.18185590207576752,0.5432519316673279,0.16093021631240845,0.11396195739507675,,0
40030042.png,/home/ubuntu/SCB-05-Dataset/5k_HRW_Dataset_combined/images/val/40030042.png,1,1,30.46051025390625,31.597705841064453,30.59305191040039,30.02229881286621,0.16935007274150848,0.5280355215072632,0.19335147738456726,0.1092628687620163,,0
40030050.png,/home/ubuntu/SCB-05-Dataset/5k_HRW_Dataset_combined/images/val/40030050.png,1,1,31.29193878173828,32.60615158081055,31.63680648803711,31.294116973876953,0.1401383876800537,0.5215698480606079,0.19784781336784363,0.14044396579265594,,0
40030052.png,/home/ubuntu/SCB-05-Dataset/5k_HRW_Dataset_combined/images/val/40030052.png,1,1,30.861230850219727,31.951417922973633,30.765640258789062,30.37201499938965,0.18192490935325623,0.5411957502365112,0.1653399020433426,0.11153942346572876,,0
40030059.png,/home/ubuntu/SCB-05-Dataset/5k_HRW_Dataset_combined/images/val/40030059.png,1,1,31.660062789916992,32.92223358154297,31.944379806518555,31.16072654724121,0.15458647906780243,0.5461668968200684,0.20542290806770325,0.09382370859384537,,0
40030069.png,/home/ubuntu/SCB-05-Dataset/5k_HRW_Dataset_combined/images/val/40030069.png,1,1,31.56798553466797,32.442134857177734,31.78789520263672,30.8313045501709,0.1952553242444992,0.46799489855766296,0.24328112602233887,0.09346874058246613,,0
40030070.png,/home/ubuntu/SCB-05-Dataset/5k_HRW_Dataset_combined/images/val/40030070.png,1,1,31.163007736206055,31.970125198364258,31.288293838500977,30.172420501708984,0.21069180965423584,0.4722525477409363,0.23881341516971588,0.07824219763278961,,0
40030072.png,/home/ubuntu/SCB-05-Dataset/5k_HRW_Dataset_combined/images/val/40030072.png,1,1,31.270265579223633,32.306427001953125,31.59007453918457,30.399394989013672,0.17813152074813843,0.5020418763160706,0.245263010263443,0.07456353306770325,,0
40030088.png,/home/ubuntu/SCB-05-Dataset/5k_HRW_Dataset_combined/images/val/40030088.png,1,1,31.557125091552734,32.148624420166016,31.925779342651367,31.144996643066406,0.20347028970718384,0.36760881543159485,0.29417482018470764,0.1347460150718689,,0
40030092.png,/home/ubuntu/SCB-05-Dataset/5k_HRW_Dataset_combined/images/val/40030092.png,1,1,31.697612762451172,32.23020935058594,32.19289779663086,31.18203353881836,0.20236892998218536,0.3447050154209137,0.33208051323890686,0.12084554135799408,,0
40030100.png,/home/ubuntu/SCB-05-Dataset/5k_HRW_Dataset_combined/images/val/40030100.png,1,1,30.551546096801758,31.600391387939453,31.2257137298584,30.14923858642578,0.15418948233127594,0.4401112198829651,0.3025812804698944,0.10311807692050934,,0
40030108.png,/home/ubuntu/SCB-05-Dataset/5k_HRW_Dataset_combined/images/val/40030108.png,1,1,30.37089729309082,31.231292724609375,30.68769645690918,29.73750877380371,0.18983931839466095,0.4487982392311096,0.2605975270271301,0.10076484084129333,,0
40030111.png,/home/ubuntu/SCB-05-Dataset/5k_HRW_Dataset_combined/images/val/40030111.png,1,1,30.74575424194336,31.504667282104492,31.286537170410156,30.26496696472168,0.18276186287403107,0.39037081599235535,0.3138662874698639,0.11300100386142731,,0
40030113.png,/home/ubuntu/SCB-05-Dataset/5k_HRW_Dataset_combined/images/val/40030113.png,1,1,31.153974533081055,31.67959976196289,31.228416442871094,30.661779403686523,0.22830623388290405,0.38618364930152893,0.245950385928154,0.13955973088741302,,0
40030114.png,/home/ubuntu/SCB-05-Dataset/5k_HRW_Dataset_combined/images/val/40030114.png,1,1,31.494098663330078,31.92257308959961,31.581262588500977,31.12715721130371,0.2315436452627182,0.35539960861206055,0.25263163447380066,0.160425066947937,,0
40030116.png,/home/ubuntu/SCB-05-Dataset/5k_HRW_Dataset_combined/images/val/40030116.png,1,1,31.214601516723633,31.757509231567383,31.2805233001709,30.374605178833008,0.2369185835123062,0.4077377915382385,0.25306299328804016,0.1022806316614151,,0
40030130.png,/home/ubuntu/SCB-05-Dataset/5k_HRW_Dataset_combined/images/val/40030130.png,1,1,30.209102630615234,31.00480079650879,30.309396743774414,29.54646873474121,0.20674076676368713,0.4581349790096283,0.22855108976364136,0.10657316446304321,,0
40030131.png,/home/ubuntu/SCB-05-Dataset/5k_HRW_Dataset_combined/images/val/40030131.png,1,1,31.174650192260742,31.681278228759766,31.03322410583496,30.70167350769043,0.24090875685214996,0.39983275532722473,0.20913755893707275,0.15012100338935852,,0
40030142.png,/home/ubuntu/SCB-05-Dataset/5k_HRW_Dataset_combined/images/val/40030142.png,1,0,31.373729705810547,30.910831451416016,30.85982894897461,30.734485626220703,0.3629361391067505,0.22845257818698883,0.2170930653810501,0.19151818752288818,,0
40030144.png,/home/ubuntu/SCB-05-Dataset/5k_HRW_Dataset_combined/images/val/40030144.png,1,1,30.427494049072266,31.058956146240234,30.718725204467773,30.058988571166992,0.20365773141384125,0.3829494118690491,0.2725090980529785,0.14088378846645355,,0
40030148.png,/home/ubuntu/SCB-05-Dataset/5k_HRW_Dataset_combined/images/val/40030148.png,1,1,30.402103424072266,31.327157974243164,31.109708786010742,30.265029907226562,0.1556895524263382,0.39264994859695435,0.3159137964248657,0.13574667274951935,,0
40030150.png,/home/ubuntu/SCB-05-Dataset/5k_HRW_Dataset_combined/images/val/40030150.png,1,1,30.869108200073242,31.65290641784668,31.206787109375,30.521610260009766,0.1887534111738205,0.4133272171020508,0.2645738124847412,0.13334549963474274,,0
40030160.png,/home/ubuntu/SCB-05-Dataset/5k_HRW_Dataset_combined/images/val/40030160.png,1,1,30.760467529296875,31.723737716674805,31.21002960205078,30.623971939086914,0.16500869393348694,0.43236422538757324,0.2586718499660492,0.1439552754163742,,0
40030162.png,/home/ubuntu/SCB-05-Dataset/5k_HRW_Dataset_combined/images/val/40030162.png,1,1,30.84242057800293,31.567964553833008,31.188112258911133,30.349857330322266,0.1964683085680008,0.40587493777275085,0.27760323882102966,0.12005353718996048,,0
40030157.png,/home/ubuntu/SCB-05-Dataset/5k_HRW_Dataset_combined/images/val/40030157.png,1,1,30.541196823120117,31.31049919128418,30.949310302734375,30.029279708862305,0.19005686044692993,0.4101921319961548,0.28584128618240356,0.11390972137451172,,0
40030165.png,/home/ubuntu/SCB-05-Dataset/5k_HRW_Dataset_combined/images/val/40030165.png,1,1,30.900257110595703,31.448463439941406,31.119888305664062,30.327051162719727,0.22028957307338715,0.3811333179473877,0.27439650893211365,0.12418060004711151,,0
40030169.png,/home/ubuntu/SCB-05-Dataset/5k_HRW_Dataset_combined/images/val/40030169.png,1,1,30.586793899536133,31.286222457885742,30.72930335998535,30.112207412719727,0.20885947346687317,0.4203510582447052,0.24084921181201935,0.12994030117988586,,0
40030172.png,/home/ubuntu/SCB-05-Dataset/5k_HRW_Dataset_combined/images/val/40030172.png,1,1,30.769407272338867,31.430959701538086,31.051259994506836,30.359416961669922,0.20296169817447662,0.39329880475997925,0.2690426707267761,0.13469688594341278,,0
40030168.png,/home/ubuntu/SCB-05-Dataset/5k_HRW_Dataset_combined/images/val/40030168.png,1,1,30.776742935180664,31.358936309814453,31.12448501586914,30.476886749267578,0.20215286314487457,0.36184558272361755,0.28622156381607056,0.1497800648212433,,0
40030177.png,/home/ubuntu/SCB-05-Dataset/5k_HRW_Dataset_combined/images/val/40030177.png,1,1,31.526704788208008,31.99586296081543,31.599729537963867,31.077119827270508,0.23189492523670197,0.3707183003425598,0.24946263432502747,0.14792411029338837,,0
40030176.png,/home/ubuntu/SCB-05-Dataset/5k_HRW_Dataset_combined/images/val/40030176.png,1,1,30.68480110168457,31.738388061523438,31.438032150268555,30.14286231994629,0.15212847292423248,0.4362923204898834,0.3230983018875122,0.08848090469837189,,0
40030184.png,/home/ubuntu/SCB-05-Dataset/5k_HRW_Dataset_combined/images/val/40030184.png,2,1,30.812698364257812,32.27736282348633,31.73532485961914,31.50216293334961,0.10168151557445526,0.4398835301399231,0.2558194696903229,0.20261549949645996,,0
40030185.png,/home/ubuntu/SCB-05-Dataset/5k_HRW_Dataset_combined/images/val/40030185.png,2,1,30.8830623626709,32.058204650878906,31.64461898803711,31.34409523010254,0.12553474307060242,0.4065572917461395,0.2688461244106293,0.1990618258714676,,0
40030187.png,/home/ubuntu/SCB-05-Dataset/5k_HRW_Dataset_combined/images/val/40030187.png,1,1,30.8863525390625,31.888072967529297,31.47236442565918,30.956369400024414,0.151692196726799,0.41305214166641235,0.2725617587566376,0.16269385814666748,,0
40030193.png,/home/ubuntu/SCB-05-Dataset/5k_HRW_Dataset_combined/images/val/40030193.png,1,1,31.001779556274414,31.52018165588379,31.404150009155273,30.857065200805664,0.19841361045837402,0.33320435881614685,0.2967008352279663,0.1716812252998352,,0
40030200.png,/home/ubuntu/SCB-05-Dataset/5k_HRW_Dataset_combined/images/val/40030200.png,1,1,31.041946411132812,31.680763244628906,31.030120849609375,30.635086059570312,0.21986624598503113,0.41647905111312866,0.2172815054655075,0.14637312293052673,,0
40030202.png,/home/ubuntu/SCB-05-Dataset/5k_HRW_Dataset_combined/images/val/40030202.png,1,1,31.02981948852539,31.389450073242188,30.73509979248047,30.73480987548828,0.25496771931648254,0.36531779170036316,0.1898847371339798,0.18982970714569092,,0
40030209.png,/home/ubuntu/SCB-05-Dataset/5k_HRW_Dataset_combined/images/val/40030209.png,1,1,30.28622817993164,30.762969970703125,30.520748138427734,30.00241470336914,0.2160748541355133,0.3480571210384369,0.27318379282951355,0.16268427670001984,,0
40030212.png,/home/ubuntu/SCB-05-Dataset/5k_HRW_Dataset_combined/images/val/40030212.png,1,1,30.61351776123047,31.263416290283203,30.89968490600586,30.22402000427246,0.20308451354503632,0.3889772295951843,0.2703694701194763,0.13756884634494781,,0
40030217.png,/home/ubuntu/SCB-05-Dataset/5k_HRW_Dataset_combined/images/val/40030217.png,1,1,30.687734603881836,31.645320892333984,31.326175689697266,30.28976058959961,0.16205863654613495,0.42222756147384644,0.30686235427856445,0.10885145515203476,,0
40030222.png,/home/ubuntu/SCB-05-Dataset/5k_HRW_Dataset_combined/images/val/40030222.png,1,1,30.922115325927734,31.963056564331055,31.76026725769043,30.61944580078125,0.14528939127922058,0.4114423394203186,0.3359221816062927,0.10734609514474869,,0
40030233.png,/home/ubuntu/SCB-05-Dataset/5k_HRW_Dataset_combined/images/val/40030233.png,1,1,30.255186080932617,31.418689727783203,30.790733337402344,29.741249084472656,0.15366533398628235,0.491902619600296,0.2625192403793335,0.09191277623176575,,0
40030239.png,/home/ubuntu/SCB-05-Dataset/5k_HRW_Dataset_combined/images/val/40030239.png,1,1,30.866161346435547,31.989246368408203,31.452863693237305,30.898719787597656,0.14481277763843536,0.44520142674446106,0.26038050651550293,0.14960525929927826,,0
40030245.png,/home/ubuntu/SCB-05-Dataset/5k_HRW_Dataset_combined/images/val/40030245.png,1,1,31.321979522705078,31.85010528564453,31.20442008972168,30.54357147216797,0.24728144705295563,0.4193277955055237,0.21985487639904022,0.11353590339422226,,0
40030246.png,/home/ubuntu/SCB-05-Dataset/5k_HRW_Dataset_combined/images/val/40030246.png,1,1,30.752235412597656,31.663551330566406,30.864423751831055,30.29746437072754,0.1908065527677536,0.47464919090270996,0.213459774851799,0.1210845559835434,,0
40030254.png,/home/ubuntu/SCB-05-Dataset/5k_HRW_Dataset_combined/images/val/40030254.png,1,1,31.066364288330078,31.618440628051758,31.0891056060791,30.833417892456055,0.21968109905719757,0.3815543055534363,0.22473415732383728,0.17403048276901245,,0
40030255.png,/home/ubuntu/SCB-05-Dataset/5k_HRW_Dataset_combined/images/val/40030255.png,1,1,30.134809494018555,31.314319610595703,30.75295066833496,29.459688186645508,0.15111787617206573,0.49155324697494507,0.2803955674171448,0.07693330198526382,,0
40030256.png,/home/ubuntu/SCB-05-Dataset/5k_HRW_Dataset_combined/images/val/40030256.png,1,1,30.46235466003418,31.499937057495117,30.977815628051758,29.79681396484375,0.16636744141578674,0.46955302357673645,0.2785673439502716,0.08551211655139923,,0
40030259.png,/home/ubuntu/SCB-05-Dataset/5k_HRW_Dataset_combined/images/val/40030259.png,1,1,30.55986213684082,31.526206970214844,30.922636032104492,29.949230194091797,0.17829640209674835,0.4686199724674225,0.25626733899116516,0.0968163013458252,,0
40030257.png,/home/ubuntu/SCB-05-Dataset/5k_HRW_Dataset_combined/images/val/40030257.png,1,1,30.88109588623047,31.668996810913086,31.094451904296875,30.270496368408203,0.2008182555437088,0.44155439734458923,0.24857789278030396,0.10904937237501144,,0
40030268.png,/home/ubuntu/SCB-05-Dataset/5k_HRW_Dataset_combined/images/val/40030268.png,1,1,30.725366592407227,31.386104583740234,30.943193435668945,29.863929748535156,0.21728986501693726,0.420721173286438,0.270172119140625,0.09181682765483856,,0
40030274.png,/home/ubuntu/SCB-05-Dataset/5k_HRW_Dataset_combined/images/val/40030274.png,1,1,31.082550048828125,32.06804275512695,30.967498779296875,29.949462890625,0.20439492166042328,0.5476008653640747,0.18218137323856354,0.06582283973693848,,0
40030283.png,/home/ubuntu/SCB-05-Dataset/5k_HRW_Dataset_combined/images/val/40030283.png,1,1,31.007539749145508,31.7191219329834,31.109888076782227,30.48761558532715,0.21099062263965607,0.4298326075077057,0.23372893035411835,0.12544776499271393,,0
40030289.png,/home/ubuntu/SCB-05-Dataset/5k_HRW_Dataset_combined/images/val/40030289.png,1,1,31.248971939086914,31.98395347595215,31.318241119384766,30.739152908325195,0.21018239855766296,0.4383234977722168,0.22525765001773834,0.1262364387512207,,0
40030291.png,/home/ubuntu/SCB-05-Dataset/5k_HRW_Dataset_combined/images/val/40030291.png,1,1,30.502849578857422,31.346357345581055,30.66462516784668,30.350059509277344,0.18662242591381073,0.43380504846572876,0.21939264237880707,0.16017988324165344,,0
40030295.png,/home/ubuntu/SCB-05-Dataset/5k_HRW_Dataset_combined/images/val/40030295.png,1,1,30.49709129333496,31.322420120239258,30.72863006591797,30.26218032836914,0.18748323619365692,0.4279550611972809,0.23632976412773132,0.14823195338249207,,0
0001001.png,/home/ubuntu/SCB-05-Dataset/5k_HRW_Dataset_combined/images/val/0001001.png,3,3,28.204971313476562,28.933603286743164,28.15817642211914,29.956520080566406,0.10214453190565109,0.21166838705539703,0.09747479110956192,0.5887122750282288,,0
0001002.png,/home/ubuntu/SCB-05-Dataset/5k_HRW_Dataset_combined/images/val/0001002.png,3,3,28.45252799987793,29.739356994628906,29.007253646850586,30.87902069091797,0.0565551295876503,0.2048022449016571,0.09848868101835251,0.6401538848876953,,0
0001007.png,/home/ubuntu/SCB-05-Dataset/5k_HRW_Dataset_combined/images/val/0001007.png,3,1,29.73701286315918,31.572484970092773,31.338029861450195,31.302305221557617,0.058788128197193146,0.36848941445350647,0.291475772857666,0.28124672174453735,,0
0001009.png,/home/ubuntu/SCB-05-Dataset/5k_HRW_Dataset_combined/images/val/0001009.png,3,3,26.978960037231445,27.960369110107422,27.94463348388672,28.578027725219727,0.088942751288414,0.2373182326555252,0.23361313343048096,0.44012582302093506,,0
0001027.png,/home/ubuntu/SCB-05-Dataset/5k_HRW_Dataset_combined/images/val/0001027.png,3,2,27.53106689453125,27.692485809326172,28.194290161132812,27.966325759887695,0.1766291707754135,0.20757055282592773,0.34284403920173645,0.27295616269111633,,0
0001028.png,/home/ubuntu/SCB-05-Dataset/5k_HRW_Dataset_combined/images/val/0001028.png,3,3,30.01280975341797,29.637346267700195,29.759687423706055,31.95510482788086,0.10595371574163437,0.07278711348772049,0.08225959539413452,0.738999605178833,,0
0001030.png,/home/ubuntu/SCB-05-Dataset/5k_HRW_Dataset_combined/images/val/0001030.png,3,3,27.977298736572266,27.024635314941406,28.062694549560547,28.127748489379883,0.27493545413017273,0.10604599863290787,0.29944542050361633,0.31957313418388367,,0
0001040.png,/home/ubuntu/SCB-05-Dataset/5k_HRW_Dataset_combined/images/val/0001040.png,3,3,27.914833068847656,26.59073829650879,27.481597900390625,28.22135353088379,0.30551692843437195,0.08128084242343903,0.19809959828853607,0.4151025414466858,,0
0001031.png,/home/ubuntu/SCB-05-Dataset/5k_HRW_Dataset_combined/images/val/0001031.png,3,3,27.28805923461914,26.373138427734375,27.21213722229004,27.631669998168945,0.2675609588623047,0.10717108845710754,0.2479991465806961,0.37726888060569763,,0
0001048.png,/home/ubuntu/SCB-05-Dataset/5k_HRW_Dataset_combined/images/val/0001048.png,3,3,26.665565490722656,28.476173400878906,27.901351928710938,30.1572322845459,0.02304365672171116,0.14089268445968628,0.07929515093564987,0.7567684650421143,,0
0001041.png,/home/ubuntu/SCB-05-Dataset/5k_HRW_Dataset_combined/images/val/0001041.png,3,2,30.663951873779297,29.272756576538086,31.218299865722656,30.08196258544922,0.2818196415901184,0.07011044770479202,0.4905931353569031,0.1574767678976059,,0
0001052.png,/home/ubuntu/SCB-05-Dataset/5k_HRW_Dataset_combined/images/val/0001052.png,2,2,28.41464614868164,28.082870483398438,28.835424423217773,28.756587982177734,0.21512439846992493,0.15438365936279297,0.3276659846305847,0.3028259575366974,,0
0001058.png,/home/ubuntu/SCB-05-Dataset/5k_HRW_Dataset_combined/images/val/0001058.png,3,3,31.276050567626953,31.313180923461914,30.957061767578125,31.557119369506836,0.24454322457313538,0.253793865442276,0.1777544766664505,0.3239084482192993,,0
0001060.png,/home/ubuntu/SCB-05-Dataset/5k_HRW_Dataset_combined/images/val/0001060.png,3,2,28.348827362060547,28.769540786743164,29.892385482788086,29.279884338378906,0.10265407711267471,0.15634705126285553,0.4805459976196289,0.26045283675193787,,0
0001059.png,/home/ubuntu/SCB-05-Dataset/5k_HRW_Dataset_combined/images/val/0001059.png,2,3,29.357641220092773,30.602672576904297,30.45761489868164,31.647031784057617,0.05765000730752945,0.2002209722995758,0.17318563163280487,0.5689433813095093,,0
0001063.png,/home/ubuntu/SCB-05-Dataset/5k_HRW_Dataset_combined/images/val/0001063.png,3,3,27.194673538208008,28.243696212768555,29.1595458984375,30.94533348083496,0.018678316846489906,0.05332397297024727,0.1332511603832245,0.7947465777397156,,0
0001066.png,/home/ubuntu/SCB-05-Dataset/5k_HRW_Dataset_combined/images/val/0001066.png,2,3,28.74421501159668,29.524940490722656,30.66766929626465,31.8538818359375,0.03082500956952572,0.0672926977276802,0.21098363399505615,0.6908986568450928,,0
0001068.png,/home/ubuntu/SCB-05-Dataset/5k_HRW_Dataset_combined/images/val/0001068.png,3,3,26.907634735107422,28.035062789916992,28.79376983642578,32.14531707763672,0.005027276463806629,0.015522744506597519,0.033149030059576035,0.9463009834289551,,0
0001069.png,/home/ubuntu/SCB-05-Dataset/5k_HRW_Dataset_combined/images/val/0001069.png,3,3,28.260818481445312,29.973155975341797,30.73233985900879,32.996131896972656,0.007559636142104864,0.04189474880695343,0.08950946480035782,0.8610361218452454,,0
0001078.png,/home/ubuntu/SCB-05-Dataset/5k_HRW_Dataset_combined/images/val/0001078.png,3,3,26.671119689941406,25.609498977661133,26.747089385986328,26.87629508972168,0.2737801969051361,0.09469914436340332,0.29538965225219727,0.3361310064792633,,0
0001086.png,/home/ubuntu/SCB-05-Dataset/5k_HRW_Dataset_combined/images/val/0001086.png,3,3,28.405689239501953,29.466110229492188,29.760990142822266,30.68547248840332,0.05701229348778725,0.16462792456150055,0.22108957171440125,0.5572701692581177,,0
0001087.png,/home/ubuntu/SCB-05-Dataset/5k_HRW_Dataset_combined/images/val/0001087.png,3,3,30.305681228637695,30.808874130249023,30.962907791137695,32.18280792236328,0.08994318544864655,0.1487654745578766,0.1735394299030304,0.5877519249916077,,0
0002007.png,/home/ubuntu/SCB-05-Dataset/5k_HRW_Dataset_combined/images/val/0002007.png,3,3,27.403539657592773,29.135204315185547,28.515472412109375,30.656147003173828,0.028131015598773956,0.15894168615341187,0.08552471548318863,0.7274025082588196,,0
0002009.png,/home/ubuntu/SCB-05-Dataset/5k_HRW_Dataset_combined/images/val/0002009.png,3,3,29.064767837524414,30.72618865966797,30.391098022460938,31.87207794189453,0.037595003843307495,0.19800494611263275,0.14162763953208923,0.6227724552154541,,0
0002017.png,/home/ubuntu/SCB-05-Dataset/5k_HRW_Dataset_combined/images/val/0002017.png,3,3,28.79166030883789,29.383495330810547,29.76984405517578,31.205537796020508,0.060081206262111664,0.10858488082885742,0.15979325771331787,0.6715406775474548,,0
0002022.png,/home/ubuntu/SCB-05-Dataset/5k_HRW_Dataset_combined/images/val/0002022.png,3,3,25.393413543701172,26.099031448364258,25.324922561645508,27.037933349609375,0.10944005101919174,0.22162678837776184,0.10219532996416092,0.5667377710342407,,0
0002018.png,/home/ubuntu/SCB-05-Dataset/5k_HRW_Dataset_combined/images/val/0002018.png,3,3,30.194753646850586,30.409934997558594,31.55655860900879,32.91030502319336,0.047044966369867325,0.058339834213256836,0.1836274117231369,0.7109878063201904,,0
0002025.png,/home/ubuntu/SCB-05-Dataset/5k_HRW_Dataset_combined/images/val/0002025.png,2,2,28.80478858947754,28.835922241210938,31.59317398071289,31.231599807739258,0.033773403614759445,0.03484143316745758,0.5489783883094788,0.3824067711830139,,0
0002029.png,/home/ubuntu/SCB-05-Dataset/5k_HRW_Dataset_combined/images/val/0002029.png,3,3,27.04644203186035,26.675838470458984,25.53768539428711,27.433820724487305,0.2954544425010681,0.20395740866661072,0.06535004079341888,0.43523815274238586,,0
0002034.png,/home/ubuntu/SCB-05-Dataset/5k_HRW_Dataset_combined/images/val/0002034.png,3,3,27.028793334960938,27.670223236083984,28.851009368896484,29.361364364624023,0.051575250923633575,0.09795142710208893,0.3190213143825531,0.5314520001411438,,0
0002036.png,/home/ubuntu/SCB-05-Dataset/5k_HRW_Dataset_combined/images/val/0002036.png,3,3,27.07086753845215,28.56204605102539,30.34307289123535,31.10051155090332,0.011356841772794724,0.05045081302523613,0.29947343468666077,0.6387189030647278,,0
0002041.png,/home/ubuntu/SCB-05-Dataset/5k_HRW_Dataset_combined/images/val/0002041.png,3,3,29.460227966308594,30.917543411254883,30.41229248046875,31.19142723083496,0.07389403879642487,0.3173317313194275,0.1914634257555008,0.4173108637332916,,0
0002043.png,/home/ubuntu/SCB-05-Dataset/5k_HRW_Dataset_combined/images/val/0002043.png,3,3,29.121198654174805,30.45089340209961,30.8176212310791,31.193584442138672,0.055011432617902756,0.2079371064901352,0.30005431175231934,0.4369971752166748,,0
0002044.png,/home/ubuntu/SCB-05-Dataset/5k_HRW_Dataset_combined/images/val/0002044.png,3,3,27.325794219970703,27.4599666595459,28.308795928955078,29.90938949584961,0.055368758738040924,0.06331915408372879,0.14797112345695496,0.7333409786224365,,0
0002045.png,/home/ubuntu/SCB-05-Dataset/5k_HRW_Dataset_combined/images/val/0002045.png,2,3,25.878196716308594,27.886930465698242,29.363956451416016,29.425907135009766,0.01318656001240015,0.09829094260931015,0.43050453066825867,0.4580180048942566,,0
0002052.png,/home/ubuntu/SCB-05-Dataset/5k_HRW_Dataset_combined/images/val/0002052.png,3,3,26.497709274291992,28.500062942504883,29.399019241333008,30.225435256958008,0.0146651491522789,0.10861695557832718,0.2668759226799011,0.6098419427871704,,0
0002053.png,/home/ubuntu/SCB-05-Dataset/5k_HRW_Dataset_combined/images/val/0002053.png,3,3,25.9216251373291,27.11482048034668,27.618953704833984,29.429340362548828,0.023186320438981056,0.07645923644304276,0.1265820860862732,0.7737722992897034,,0
0002059.png,/home/ubuntu/SCB-05-Dataset/5k_HRW_Dataset_combined/images/val/0002059.png,3,3,28.026836395263672,30.805667877197266,29.824846267700195,33.15684509277344,0.005204094108194113,0.08378693461418152,0.03142034262418747,0.8795886635780334,,0
0002075.png,/home/ubuntu/SCB-05-Dataset/5k_HRW_Dataset_combined/images/val/0002075.png,3,3,28.791677474975586,30.046743392944336,28.49576759338379,31.029159545898438,0.06839180737733841,0.23992322385311127,0.05087355151772499,0.6408113837242126,,0
0002074.png,/home/ubuntu/SCB-05-Dataset/5k_HRW_Dataset_combined/images/val/0002074.png,3,2,28.927135467529297,30.97379493713379,31.536357879638672,31.330007553100586,0.029953250661492348,0.23189793527126312,0.40701916813850403,0.33112964034080505,,0
00030001.png,/home/ubuntu/SCB-05-Dataset/5k_HRW_Dataset_combined/images/val/00030001.png,2,1,28.2867374420166,29.7305850982666,28.932830810546875,29.48841667175293,0.0955042690038681,0.40464842319488525,0.18222902715206146,0.3176182508468628,,0
00030005.png,/home/ubuntu/SCB-05-Dataset/5k_HRW_Dataset_combined/images/val/00030005.png,3,3,27.8834285736084,30.002445220947266,29.817182540893555,30.19798469543457,0.03793799504637718,0.3157559931278229,0.262357234954834,0.38394880294799805,,0
00030010.png,/home/ubuntu/SCB-05-Dataset/5k_HRW_Dataset_combined/images/val/00030010.png,3,3,26.284908294677734,26.679738998413086,27.89730453491211,28.400888442993164,0.06330451369285583,0.09395231306552887,0.3174603581428528,0.5252828001976013,,0
00030018.png,/home/ubuntu/SCB-05-Dataset/5k_HRW_Dataset_combined/images/val/00030018.png,3,0,30.2242488861084,29.09649085998535,29.15528678894043,29.62152099609375,0.45158150792121887,0.14620326459407806,0.1550571620464325,0.24715803563594818,,0
00030014.png,/home/ubuntu/SCB-05-Dataset/5k_HRW_Dataset_combined/images/val/00030014.png,3,3,26.57836151123047,27.66139793395996,28.687271118164062,28.89034652709961,0.04486854001879692,0.1325252652168274,0.36968326568603516,0.45292291045188904,,0
00030019.png,/home/ubuntu/SCB-05-Dataset/5k_HRW_Dataset_combined/images/val/00030019.png,3,3,30.421907424926758,29.67418098449707,30.113388061523438,30.78610610961914,0.27417272329330444,0.1298048049211502,0.2013891339302063,0.39463329315185547,,0
00030020.png,/home/ubuntu/SCB-05-Dataset/5k_HRW_Dataset_combined/images/val/00030020.png,2,2,28.15426254272461,29.68650245666504,30.541318893432617,30.443859100341797,0.037906207144260406,0.17545011639595032,0.4124731719493866,0.3741704523563385,,0
0006003.png,/home/ubuntu/SCB-05-Dataset/5k_HRW_Dataset_combined/images/val/0006003.png,3,3,30.431020736694336,33.71824645996094,32.22028732299805,34.85314178466797,0.00854508951306343,0.2287392020225525,0.05114289000630379,0.7115728855133057,,0
0006011.png,/home/ubuntu/SCB-05-Dataset/5k_HRW_Dataset_combined/images/val/0006011.png,3,3,28.412675857543945,29.312488555908203,29.71272087097168,33.44818878173828,0.006214767694473267,0.015283000655472279,0.022804852575063705,0.9556973576545715,,0
0006015.png,/home/ubuntu/SCB-05-Dataset/5k_HRW_Dataset_combined/images/val/0006015.png,3,3,29.16651153564453,31.38074493408203,31.21352767944336,33.038726806640625,0.015163494274020195,0.13881252706050873,0.11743758618831635,0.7285863161087036,,0
0006019.png,/home/ubuntu/SCB-05-Dataset/5k_HRW_Dataset_combined/images/val/0006019.png,3,3,29.275217056274414,29.368024826049805,29.932275772094727,30.728239059448242,0.12044741958379745,0.13216102123260498,0.23235629498958588,0.5150352120399475,,0
0006021.png,/home/ubuntu/SCB-05-Dataset/5k_HRW_Dataset_combined/images/val/0006021.png,3,1,28.368927001953125,29.883560180664062,28.535049438476562,29.646114349365234,0.096946120262146,0.4408869445323944,0.11446599662303925,0.34770092368125916,,0
0008005.png,/home/ubuntu/SCB-05-Dataset/5k_HRW_Dataset_combined/images/val/0008005.png,2,3,24.910663604736328,26.51776695251465,26.407506942749023,29.20471954345703,0.011944731697440147,0.05958438664674759,0.0533638522028923,0.8751070499420166,,0
0008007.png,/home/ubuntu/SCB-05-Dataset/5k_HRW_Dataset_combined/images/val/0008007.png,3,3,27.798450469970703,29.0744686126709,29.510385513305664,29.561857223510742,0.06267906725406647,0.2245381772518158,0.34722140431404114,0.36556142568588257,,0
0008009.png,/home/ubuntu/SCB-05-Dataset/5k_HRW_Dataset_combined/images/val/0008009.png,3,3,28.650867462158203,29.853525161743164,30.094852447509766,30.715106964111328,0.0608057826757431,0.20241956412792206,0.2576674818992615,0.47910723090171814,,0
0008019.png,/home/ubuntu/SCB-05-Dataset/5k_HRW_Dataset_combined/images/val/0008019.png,3,3,27.08379554748535,29.33120346069336,31.444007873535156,32.33797836303711,0.003570128697901964,0.03378475084900856,0.2794473469257355,0.6831977963447571,,0
0008022.png,/home/ubuntu/SCB-05-Dataset/5k_HRW_Dataset_combined/images/val/0008022.png,3,3,24.7684383392334,24.27755355834961,24.5572509765625,27.6676082611084,0.04858903959393501,0.029740603640675545,0.03933877497911453,0.8823316097259521,,0
0008033.png,/home/ubuntu/SCB-05-Dataset/5k_HRW_Dataset_combined/images/val/0008033.png,3,3,29.443572998046875,31.664514541625977,30.7043514251709,34.260406494140625,0.007282400503754616,0.06711463630199432,0.02569352462887764,0.8999093770980835,,0
0008034.png,/home/ubuntu/SCB-05-Dataset/5k_HRW_Dataset_combined/images/val/0008034.png,3,3,27.174652099609375,30.394649505615234,29.483753204345703,33.70000076293945,0.001392154605127871,0.034842923283576965,0.014012555591762066,0.9497523903846741,,0
0009008.png,/home/ubuntu/SCB-05-Dataset/5k_HRW_Dataset_combined/images/val/0009008.png,2,3,26.93279457092285,27.501869201660156,28.455251693725586,28.480541229248047,0.08298086374998093,0.14659661054611206,0.380340576171875,0.39008188247680664,,0
0009005.png,/home/ubuntu/SCB-05-Dataset/5k_HRW_Dataset_combined/images/val/0009005.png,2,2,26.506011962890625,27.002134323120117,28.236059188842773,27.586946487426758,0.08904170244932175,0.14623679220676422,0.502277135848999,0.2624444365501404,,0
0009012.png,/home/ubuntu/SCB-05-Dataset/5k_HRW_Dataset_combined/images/val/0009012.png,2,2,27.45122528076172,27.781766891479492,28.85678482055664,28.495079040527344,0.10741519182920456,0.1494920551776886,0.4380185008049011,0.3050743043422699,,0
0009013.png,/home/ubuntu/SCB-05-Dataset/5k_HRW_Dataset_combined/images/val/0009013.png,2,3,29.24591827392578,29.43183135986328,30.210792541503906,30.67104721069336,0.1112697497010231,0.1340041160583496,0.2920227348804474,0.4627034366130829,,0
0009014.png,/home/ubuntu/SCB-05-Dataset/5k_HRW_Dataset_combined/images/val/0009014.png,2,2,29.46821403503418,30.418373107910156,31.161752700805664,30.8957462310791,0.07579655200242996,0.19601905345916748,0.4122340977191925,0.31595030426979065,,0
0009022.png,/home/ubuntu/SCB-05-Dataset/5k_HRW_Dataset_combined/images/val/0009022.png,2,0,30.859474182128906,29.347461700439453,30.557472229003906,29.55443572998047,0.4482365846633911,0.09882086515426636,0.3313977122306824,0.12154478579759598,,0
0009031.png,/home/ubuntu/SCB-05-Dataset/5k_HRW_Dataset_combined/images/val/0009031.png,2,2,29.157882690429688,29.53949546813965,30.639720916748047,30.101463317871094,0.10599017143249512,0.15523794293403625,0.46646571159362793,0.2723061144351959,,0
0009036.png,/home/ubuntu/SCB-05-Dataset/5k_HRW_Dataset_combined/images/val/0009036.png,2,2,29.77353286743164,29.44963836669922,30.19860076904297,29.721372604370117,0.2379707545042038,0.1721305549144745,0.36402246356010437,0.22587627172470093,,0
0009040.png,/home/ubuntu/SCB-05-Dataset/5k_HRW_Dataset_combined/images/val/0009040.png,2,0,30.164566040039062,25.82143783569336,28.275114059448242,26.85183334350586,0.8329397439956665,0.010824727825820446,0.1259026974439621,0.030332770198583603,,0
0009047.png,/home/ubuntu/SCB-05-Dataset/5k_HRW_Dataset_combined/images/val/0009047.png,2,2,27.023523330688477,29.184675216674805,29.95587921142578,29.673744201660156,0.023468611761927605,0.2037341147661209,0.4405481517314911,0.3322490453720093,,0
0009048.png,/home/ubuntu/SCB-05-Dataset/5k_HRW_Dataset_combined/images/val/0009048.png,2,0,29.34768295288086,29.161531448364258,29.2631893157959,28.010087966918945,0.33204925060272217,0.2756499648094177,0.305145800113678,0.08715501427650452,,0
0011006.png,/home/ubuntu/SCB-05-Dataset/5k_HRW_Dataset_combined/images/val/0011006.png,2,1,29.415517807006836,30.969989776611328,30.7122745513916,30.530038833618164,0.0803980603814125,0.38049080967903137,0.29404911398887634,0.2450619786977768,,0
0011008.png,/home/ubuntu/SCB-05-Dataset/5k_HRW_Dataset_combined/images/val/0011008.png,3,2,28.614151000976562,29.336780548095703,30.549713134765625,30.310916900634766,0.06474984437227249,0.13337449729442596,0.44858285784721375,0.3532927930355072,,0
0011032.png,/home/ubuntu/SCB-05-Dataset/5k_HRW_Dataset_combined/images/val/0011032.png,2,3,28.079774856567383,29.154136657714844,29.784440994262695,30.697132110595703,0.043239232152700424,0.12660983204841614,0.23779632151126862,0.5923546552658081,,0
0011026.png,/home/ubuntu/SCB-05-Dataset/5k_HRW_Dataset_combined/images/val/0011026.png,2,3,27.805185317993164,26.712661743164062,28.361316680908203,30.586082458496094,0.05204871669411659,0.017455529421567917,0.09076841920614243,0.8397273421287537,,0
0011033.png,/home/ubuntu/SCB-05-Dataset/5k_HRW_Dataset_combined/images/val/0011033.png,2,0,29.190366744995117,27.905447006225586,29.188669204711914,29.126163482666016,0.3112558424472809,0.08611602336168289,0.31072795391082764,0.2919002175331116,,0
0012001.png,/home/ubuntu/SCB-05-Dataset/5k_HRW_Dataset_combined/images/val/0012001.png,2,0,26.209453582763672,25.851226806640625,25.358745574951172,25.106229782104492,0.4068635106086731,0.2843628227710724,0.17377646267414093,0.1349971890449524,,0
0012004.png,/home/ubuntu/SCB-05-Dataset/5k_HRW_Dataset_combined/images/val/0012004.png,2,1,30.761686325073242,32.011531829833984,31.59796905517578,30.51585578918457,0.1319325566291809,0.460418701171875,0.3044703006744385,0.1031784862279892,,0
0012014.png,/home/ubuntu/SCB-05-Dataset/5k_HRW_Dataset_combined/images/val/0012014.png,2,3,28.544363021850586,28.055747985839844,29.532203674316406,29.720806121826172,0.13259565830230713,0.08134418725967407,0.35607632994651794,0.42998379468917847,,0
0013006.png,/home/ubuntu/SCB-05-Dataset/5k_HRW_Dataset_combined/images/val/0013006.png,2,2,29.185407638549805,28.212207794189453,29.433826446533203,28.332372665405273,0.3240453004837036,0.12244763225317001,0.41542503237724304,0.1380820870399475,,0
0013008.png,/home/ubuntu/SCB-05-Dataset/5k_HRW_Dataset_combined/images/val/0013008.png,2,3,27.85741424560547,26.372777938842773,28.079002380371094,28.105854034423828,0.2661935091018677,0.06031538173556328,0.3322247266769409,0.34126633405685425,,0
0013016.png,/home/ubuntu/SCB-05-Dataset/5k_HRW_Dataset_combined/images/val/0013016.png,2,2,29.408042907714844,28.935531616210938,29.533863067626953,28.90886116027832,0.2972174286842346,0.18529564142227173,0.3370678126811981,0.18041904270648956,,0
0014010.png,/home/ubuntu/SCB-05-Dataset/5k_HRW_Dataset_combined/images/val/0014010.png,2,1,30.55660629272461,31.401357650756836,31.132984161376953,29.917240142822266,0.17747467756271362,0.4130544066429138,0.3158305585384369,0.09364038705825806,,0
0014013.png,/home/ubuntu/SCB-05-Dataset/5k_HRW_Dataset_combined/images/val/0014013.png,2,2,31.652244567871094,31.80631446838379,32.2817268371582,31.91705894470215,0.1870417296886444,0.21819773316383362,0.3510097563266754,0.24375073611736298,,0
0014019.png,/home/ubuntu/SCB-05-Dataset/5k_HRW_Dataset_combined/images/val/0014019.png,2,2,28.61003303527832,29.406816482543945,29.508304595947266,29.360681533813477,0.12833473086357117,0.2846969664096832,0.3151073753833771,0.27186086773872375,,0
0014018.png,/home/ubuntu/SCB-05-Dataset/5k_HRW_Dataset_combined/images/val/0014018.png,2,3,29.028596878051758,30.351490020751953,30.77325439453125,31.522953033447266,0.04426318779587746,0.16617582738399506,0.253359854221344,0.5362011790275574,,0
0015012.png,/home/ubuntu/SCB-05-Dataset/5k_HRW_Dataset_combined/images/val/0015012.png,3,3,27.4287109375,28.334613800048828,28.23387908935547,29.985523223876953,0.05374644324183464,0.13297753036022186,0.12023467570543289,0.6930413842201233,,0
0015013.png,/home/ubuntu/SCB-05-Dataset/5k_HRW_Dataset_combined/images/val/0015013.png,3,3,28.220657348632812,29.519298553466797,28.954463958740234,31.22613525390625,0.037115152925252914,0.1360015869140625,0.07731066644191742,0.7495726346969604,,0
0015016.png,/home/ubuntu/SCB-05-Dataset/5k_HRW_Dataset_combined/images/val/0015016.png,2,2,29.75296401977539,29.090049743652344,29.8209228515625,28.446792602539062,0.3500758707523346,0.18041065335273743,0.3746936321258545,0.0948198214173317,,0
0014012.png,/home/ubuntu/SCB-05-Dataset/5k_HRW_Dataset_combined/images/val/0014012.png,2,3,29.24894142150879,29.538471221923828,30.17957878112793,30.61341667175293,0.11382272094488144,0.15204429626464844,0.2886686325073242,0.4454644024372101,,0
0015018.png,/home/ubuntu/SCB-05-Dataset/5k_HRW_Dataset_combined/images/val/0015018.png,2,0,30.1488037109375,29.84905242919922,29.156654357910156,28.36616325378418,0.4386013150215149,0.3250046670436859,0.16262412071228027,0.07376987487077713,,0
0016004.png,/home/ubuntu/SCB-05-Dataset/5k_HRW_Dataset_combined/images/val/0016004.png,2,2,24.292329788208008,24.935718536376953,26.94761085510254,26.100467681884766,0.04304596036672592,0.08191294968128204,0.6125003099441528,0.2625407576560974,,0
0016006.png,/home/ubuntu/SCB-05-Dataset/5k_HRW_Dataset_combined/images/val/0016006.png,2,2,28.441978454589844,29.080638885498047,29.912948608398438,29.61684226989746,0.09537342935800552,0.18063177168369293,0.41520407795906067,0.30879074335098267,,0
0016007.png,/home/ubuntu/SCB-05-Dataset/5k_HRW_Dataset_combined/images/val/0016007.png,2,3,25.524940490722656,25.707101821899414,28.4484920501709,28.623878479003906,0.02326584979891777,0.02791454643011093,0.4329136312007904,0.515906035900116,,0
0016014.png,/home/ubuntu/SCB-05-Dataset/5k_HRW_Dataset_combined/images/val/0016014.png,2,2,30.270788192749023,30.748531341552734,31.745737075805664,31.124378204345703,0.10716614872217178,0.1727980524301529,0.4684031307697296,0.2516326606273651,,0
0016021.png,/home/ubuntu/SCB-05-Dataset/5k_HRW_Dataset_combined/images/val/0016021.png,2,3,25.663652420043945,26.758878707885742,28.677570343017578,29.048030853271484,0.018567843362689018,0.05551523715257645,0.37817201018333435,0.5477449297904968,,0
0016026.png,/home/ubuntu/SCB-05-Dataset/5k_HRW_Dataset_combined/images/val/0016026.png,2,2,27.5609188079834,29.328533172607422,30.523479461669922,30.209510803222656,0.02479025162756443,0.14519312977790833,0.47962814569473267,0.35038843750953674,,0
0016028.png,/home/ubuntu/SCB-05-Dataset/5k_HRW_Dataset_combined/images/val/0016028.png,2,2,25.983154296875,24.50074005126953,26.50701332092285,25.458303451538086,0.2851225733757019,0.06474814563989639,0.48143836855888367,0.16869094967842102,,0
0020003.png,/home/ubuntu/SCB-05-Dataset/5k_HRW_Dataset_combined/images/val/0020003.png,2,3,26.237762451171875,28.06268310546875,29.322389602661133,31.387969970703125,0.00496206758543849,0.030776245519518852,0.10846738517284393,0.8557942509651184,,0
0020006.png,/home/ubuntu/SCB-05-Dataset/5k_HRW_Dataset_combined/images/val/0020006.png,2,1,30.458999633789062,31.694047927856445,31.65884017944336,31.420024871826172,0.09640870243310928,0.3315056264400482,0.3200371265411377,0.2520485520362854,,0
0022003.png,/home/ubuntu/SCB-05-Dataset/5k_HRW_Dataset_combined/images/val/0022003.png,2,3,28.010732650756836,30.268436431884766,30.217493057250977,30.689090728759766,0.029232492670416832,0.2794950604438782,0.26561325788497925,0.4256591498851776,,0
0022005.png,/home/ubuntu/SCB-05-Dataset/5k_HRW_Dataset_combined/images/val/0022005.png,2,1,29.774227142333984,31.209999084472656,30.81406021118164,30.314212799072266,0.1025891974568367,0.4311709403991699,0.2901986539363861,0.17604123055934906,,0
0022009.png,/home/ubuntu/SCB-05-Dataset/5k_HRW_Dataset_combined/images/val/0022009.png,2,1,30.064523696899414,31.883657455444336,31.41138458251953,30.444135665893555,0.08016952127218246,0.49436652660369873,0.3082787096500397,0.11718517541885376,,0
0023007.png,/home/ubuntu/SCB-05-Dataset/5k_HRW_Dataset_combined/images/val/0023007.png,2,3,30.910449981689453,31.274938583374023,31.50714683532715,31.998655319213867,0.13841159641742706,0.19928190112113953,0.25137069821357727,0.4109358489513397,,0
0023013.png,/home/ubuntu/SCB-05-Dataset/5k_HRW_Dataset_combined/images/val/0023013.png,2,2,30.87067222595215,31.782054901123047,31.803422927856445,29.88233184814453,0.15621474385261536,0.38862481713294983,0.39701828360557556,0.058142174035310745,,0
0023025.png,/home/ubuntu/SCB-05-Dataset/5k_HRW_Dataset_combined/images/val/0023025.png,2,2,26.341312408447266,26.07504653930664,28.245437622070312,27.902334213256836,0.07550899684429169,0.05785766988992691,0.5069320797920227,0.3597012162208557,,0
0023030.png,/home/ubuntu/SCB-05-Dataset/5k_HRW_Dataset_combined/images/val/0023030.png,2,2,27.005624771118164,27.567625045776367,28.84599494934082,28.32102394104004,0.07825163751840591,0.13726729154586792,0.4928968846797943,0.2915842533111572,,0
0023033.png,/home/ubuntu/SCB-05-Dataset/5k_HRW_Dataset_combined/images/val/0023033.png,2,2,27.1146183013916,26.974355697631836,28.460765838623047,27.139850616455078,0.14842793345451355,0.1290031522512436,0.5703482031822205,0.1522207409143448,,0
0024004.png,/home/ubuntu/SCB-05-Dataset/5k_HRW_Dataset_combined/images/val/0024004.png,2,1,27.05204200744629,28.34893226623535,27.886014938354492,27.70924949645996,0.11248911917209625,0.4114743769168854,0.25900036096572876,0.217036172747612,,0
0024008.png,/home/ubuntu/SCB-05-Dataset/5k_HRW_Dataset_combined/images/val/0024008.png,2,2,28.76219367980957,29.52573585510254,30.16977882385254,28.342214584350586,0.12675878405570984,0.2720070481300354,0.5179460048675537,0.08328818529844284,,0
0024009.png,/home/ubuntu/SCB-05-Dataset/5k_HRW_Dataset_combined/images/val/0024009.png,2,0,31.33724021911621,31.142419815063477,31.2860050201416,30.4361572265625,0.3145477771759033,0.2588673233985901,0.2988377511501312,0.12774716317653656,,0
0024012.png,/home/ubuntu/SCB-05-Dataset/5k_HRW_Dataset_combined/images/val/0024012.png,2,2,30.77027130126953,30.553659439086914,30.886184692382812,30.07040023803711,0.29198867082595825,0.2351216971874237,0.32787367701530457,0.14501598477363586,,0
0024022.png,/home/ubuntu/SCB-05-Dataset/5k_HRW_Dataset_combined/images/val/0024022.png,2,2,28.372684478759766,28.15620231628418,29.077106475830078,26.67548942565918,0.24930067360401154,0.20077352225780487,0.5042547583580017,0.04567104950547218,,0
0024037.png,/home/ubuntu/SCB-05-Dataset/5k_HRW_Dataset_combined/images/val/0024037.png,2,2,27.52184295654297,28.016996383666992,29.549470901489258,28.524784088134766,0.0771421268582344,0.1265709549188614,0.5859752297401428,0.21031171083450317,,0
0024038.png,/home/ubuntu/SCB-05-Dataset/5k_HRW_Dataset_combined/images/val/0024038.png,2,1,29.139509201049805,30.082517623901367,29.29527473449707,27.444177627563477,0.20326091349124908,0.5219119191169739,0.2375209778547287,0.037306174635887146,,0
0024054.png,/home/ubuntu/SCB-05-Dataset/5k_HRW_Dataset_combined/images/val/0024054.png,2,1,29.790996551513672,30.780324935913086,30.510032653808594,28.69977378845215,0.1645362675189972,0.44250836968421936,0.3377031087875366,0.05525220185518265,,0
0024070.png,/home/ubuntu/SCB-05-Dataset/5k_HRW_Dataset_combined/images/val/0024070.png,2,2,28.838581085205078,28.373384475708008,29.539400100708008,28.38316535949707,0.2337760180234909,0.14681404829025269,0.47115281224250793,0.1482570767402649,,0
0025002.png,/home/ubuntu/SCB-05-Dataset/5k_HRW_Dataset_combined/images/val/0025002.png,2,2,28.358386993408203,29.404083251953125,29.87125015258789,29.385025024414062,0.08947142958641052,0.2545801103115082,0.40617433190345764,0.24977418780326843,,0
0025003.png,/home/ubuntu/SCB-05-Dataset/5k_HRW_Dataset_combined/images/val/0025003.png,2,1,30.910364151000977,32.02471923828125,31.65045928955078,31.27815055847168,0.13178232312202454,0.40162011981010437,0.2762335538864136,0.19036398828029633,,0
0025004.png,/home/ubuntu/SCB-05-Dataset/5k_HRW_Dataset_combined/images/val/0025004.png,2,1,30.105703353881836,31.086217880249023,30.3319091796875,30.879051208496094,0.14110998809337616,0.3761748671531677,0.17692846059799194,0.3057866096496582,,0
0025012.png,/home/ubuntu/SCB-05-Dataset/5k_HRW_Dataset_combined/images/val/0025012.png,2,0,32.5813102722168,30.17076873779297,30.213523864746094,29.5100154876709,0.8131299614906311,0.07299197465181351,0.07618042081594467,0.03769759088754654,,0
0025009.png,/home/ubuntu/SCB-05-Dataset/5k_HRW_Dataset_combined/images/val/0025009.png,2,0,30.07247543334961,30.005041122436523,29.910396575927734,28.27495574951172,0.33888277411460876,0.31678393483161926,0.28817716240882874,0.056156057864427567,,0
0025018.png,/home/ubuntu/SCB-05-Dataset/5k_HRW_Dataset_combined/images/val/0025018.png,2,3,28.705429077148438,29.277341842651367,29.865291595458984,31.023427963256836,0.0620482936501503,0.10992801189422607,0.19790269434452057,0.6301209926605225,,0
0025021.png,/home/ubuntu/SCB-05-Dataset/5k_HRW_Dataset_combined/images/val/0025021.png,2,1,29.613452911376953,30.002330780029297,29.740196228027344,29.762208938598633,0.20960670709609985,0.30923786759376526,0.23792994022369385,0.24322548508644104,,0
0025022.png,/home/ubuntu/SCB-05-Dataset/5k_HRW_Dataset_combined/images/val/0025022.png,2,1,29.098915100097656,29.71467399597168,29.33719825744629,28.68584442138672,0.20912867784500122,0.3871099054813385,0.26539862155914307,0.13836278021335602,,0
0026012.png,/home/ubuntu/SCB-05-Dataset/5k_HRW_Dataset_combined/images/val/0026012.png,2,1,27.62964630126953,28.403305053710938,28.166229248046875,26.71685218811035,0.18942131102085114,0.4106053411960602,0.3239394724369049,0.07603392750024796,,0
0026013.png,/home/ubuntu/SCB-05-Dataset/5k_HRW_Dataset_combined/images/val/0026013.png,2,1,28.83298110961914,29.360733032226562,29.196006774902344,28.32668113708496,0.21117042005062103,0.3579586446285248,0.3035939633846283,0.1272769719362259,,0
0025069.png,/home/ubuntu/SCB-05-Dataset/5k_HRW_Dataset_combined/images/val/0025069.png,2,0,30.270517349243164,29.6452579498291,29.512149810791016,29.976123809814453,0.36383000016212463,0.1946936547756195,0.170429065823555,0.2710472643375397,,0
0026015.png,/home/ubuntu/SCB-05-Dataset/5k_HRW_Dataset_combined/images/val/0026015.png,2,2,27.014541625976562,27.807353973388672,28.24627685546875,27.003591537475586,0.13113237917423248,0.289750337600708,0.44941309094429016,0.1297042816877365,,0
0026017.png,/home/ubuntu/SCB-05-Dataset/5k_HRW_Dataset_combined/images/val/0026017.png,2,1,28.31814956665039,29.678653717041016,28.986103057861328,29.117435455322266,0.11022499203681946,0.4296744465827942,0.21496543288230896,0.2451351135969162,,0
0100012.png,/home/ubuntu/SCB-05-Dataset/5k_HRW_Dataset_combined/images/val/0100012.png,3,3,28.99835968017578,29.91122055053711,29.88935661315918,30.066064834594727,0.1131516695022583,0.28191059827804565,0.2758138179779053,0.32912391424179077,,0
0100017.png,/home/ubuntu/SCB-05-Dataset/5k_HRW_Dataset_combined/images/val/0100017.png,3,3,28.924734115600586,30.854644775390625,30.722454071044922,31.975000381469727,0.028534146025776863,0.19656871259212494,0.1722283810377121,0.6026687622070312,,0
0100019.png,/home/ubuntu/SCB-05-Dataset/5k_HRW_Dataset_combined/images/val/0100019.png,3,3,28.087265014648438,30.29398536682129,29.951690673828125,31.833383560180664,0.016979526728391647,0.15427374839782715,0.10955579578876495,0.7191908955574036,,0
0100029.png,/home/ubuntu/SCB-05-Dataset/5k_HRW_Dataset_combined/images/val/0100029.png,3,3,26.291149139404297,28.521915435791016,28.446027755737305,30.243593215942383,0.01408524252474308,0.13109128177165985,0.12151117622852325,0.7333123087882996,,0
0100034.png,/home/ubuntu/SCB-05-Dataset/5k_HRW_Dataset_combined/images/val/0100034.png,3,3,21.20563316345215,22.743072509765625,22.756261825561523,24.79560089111328,0.021459227427840233,0.09984250366687775,0.10116809606552124,0.7775301337242126,,0
0100057.png,/home/ubuntu/SCB-05-Dataset/5k_HRW_Dataset_combined/images/val/0100057.png,3,3,28.741567611694336,29.60963249206543,28.922229766845703,30.60536766052246,0.09067416191101074,0.21601273119449615,0.10862858593463898,0.5846845507621765,,0
0100056.png,/home/ubuntu/SCB-05-Dataset/5k_HRW_Dataset_combined/images/val/0100056.png,3,1,31.109899520874023,32.91054916381836,32.5733528137207,32.749874114990234,0.06049800291657448,0.36622941493988037,0.2614031136035919,0.3118695318698883,,0
0100067.png,/home/ubuntu/SCB-05-Dataset/5k_HRW_Dataset_combined/images/val/0100067.png,3,3,27.386512756347656,30.26034164428711,29.628509521484375,31.64742660522461,0.010101876221597195,0.1788504719734192,0.0950799360871315,0.7159676551818848,,0
0101007.png,/home/ubuntu/SCB-05-Dataset/5k_HRW_Dataset_combined/images/val/0101007.png,3,3,28.146080017089844,28.918182373046875,29.827285766601562,31.24472427368164,0.03256881609559059,0.0704890713095665,0.1749606430530548,0.7219815254211426,,0
0101004.png,/home/ubuntu/SCB-05-Dataset/5k_HRW_Dataset_combined/images/val/0101004.png,3,2,27.37770652770996,27.895816802978516,29.664283752441406,29.242271423339844,0.05270599201321602,0.08848556131124496,0.5186899900436401,0.3401184678077698,,0
0101008.png,/home/ubuntu/SCB-05-Dataset/5k_HRW_Dataset_combined/images/val/0101008.png,3,3,29.95482063293457,30.21868133544922,30.259031295776367,33.29370880126953,0.03140183538198471,0.04088352248072624,0.04256690666079521,0.885147750377655,,0
0101011.png,/home/ubuntu/SCB-05-Dataset/5k_HRW_Dataset_combined/images/val/0101011.png,3,3,28.447124481201172,28.783496856689453,30.067455291748047,31.265602111816406,0.04131215065717697,0.057831231504678726,0.208823099732399,0.6920334696769714,,0
0101012.png,/home/ubuntu/SCB-05-Dataset/5k_HRW_Dataset_combined/images/val/0101012.png,3,3,30.936241149902344,31.112995147705078,31.410858154296875,32.95026779174805,0.08854128420352936,0.10565963387489319,0.1423211246728897,0.663477897644043,,0
0101016.png,/home/ubuntu/SCB-05-Dataset/5k_HRW_Dataset_combined/images/val/0101016.png,3,3,26.307811737060547,28.535015106201172,27.79172706604004,32.22111892700195,0.0026000256184488535,0.024112362414598465,0.01146657858043909,0.9618210792541504,,0
0101018.png,/home/ubuntu/SCB-05-Dataset/5k_HRW_Dataset_combined/images/val/0101018.png,3,3,24.573579788208008,26.12934112548828,26.642576217651367,30.35108184814453,0.0029708233196288347,0.014077819883823395,0.02351963147521019,0.9594317078590393,,0
0101019.png,/home/ubuntu/SCB-05-Dataset/5k_HRW_Dataset_combined/images/val/0101019.png,3,3,28.227323532104492,29.481523513793945,28.8874454498291,32.662288665771484,0.01101452112197876,0.03860625997185707,0.021313410252332687,0.9290658235549927,,0
0101028.png,/home/ubuntu/SCB-05-Dataset/5k_HRW_Dataset_combined/images/val/0101028.png,3,3,30.480026245117188,31.307065963745117,31.79146385192871,33.079559326171875,0.04888661205768585,0.11178119480609894,0.18144293129444122,0.6578892469406128,,0
0101041.png,/home/ubuntu/SCB-05-Dataset/5k_HRW_Dataset_combined/images/val/0101041.png,3,3,30.562862396240234,31.65997314453125,31.32728385925293,32.424560546875,0.07950448989868164,0.23815563321113586,0.17075589299201965,0.5115839838981628,,0
0101046.png,/home/ubuntu/SCB-05-Dataset/5k_HRW_Dataset_combined/images/val/0101046.png,3,3,27.01987075805664,27.811735153198242,28.762699127197266,30.081403732299805,0.03302371874451637,0.07290013134479523,0.18868036568164825,0.7053957581520081,,0
0101048.png,/home/ubuntu/SCB-05-Dataset/5k_HRW_Dataset_combined/images/val/0101048.png,3,3,27.716890335083008,29.577585220336914,28.999948501586914,32.013240814208984,0.01183891948312521,0.07610295712947845,0.042710740119218826,0.869347333908081,,0
0101051.png,/home/ubuntu/SCB-05-Dataset/5k_HRW_Dataset_combined/images/val/0101051.png,3,3,28.160160064697266,28.288959503173828,28.567718505859375,29.582035064697266,0.12844407558441162,0.1461002230644226,0.19306984543800354,0.5323858261108398,,0
0101053.png,/home/ubuntu/SCB-05-Dataset/5k_HRW_Dataset_combined/images/val/0101053.png,3,1,29.743000030517578,31.364965438842773,29.6574764251709,30.363018035888672,0.11312185972929001,0.5727394819259644,0.10384942591190338,0.21028918027877808,,0
0101054.png,/home/ubuntu/SCB-05-Dataset/5k_HRW_Dataset_combined/images/val/0101054.png,3,3,29.55234718322754,28.837167739868164,29.70077896118164,29.86347007751465,0.24912337958812714,0.12184734642505646,0.28898653388023376,0.34004271030426025,,0
0101056.png,/home/ubuntu/SCB-05-Dataset/5k_HRW_Dataset_combined/images/val/0101056.png,3,1,29.228622436523438,31.289180755615234,29.30537986755371,30.847942352294922,0.06675662845373154,0.524062991142273,0.07208247482776642,0.3370979428291321,,0
0101065.png,/home/ubuntu/SCB-05-Dataset/5k_HRW_Dataset_combined/images/val/0101065.png,3,3,26.495594024658203,27.6279354095459,27.3956241607666,30.818683624267578,0.012197520583868027,0.0378478467464447,0.030001962557435036,0.9199526906013489,,0
0101066.png,/home/ubuntu/SCB-05-Dataset/5k_HRW_Dataset_combined/images/val/0101066.png,3,3,27.894676208496094,28.576045989990234,27.80115509033203,29.216089248657227,0.13095833361148834,0.2588500678539276,0.11926621198654175,0.4909254312515259,,0
0101080.png,/home/ubuntu/SCB-05-Dataset/5k_HRW_Dataset_combined/images/val/0101080.png,3,3,29.306306838989258,28.538108825683594,29.679553985595703,31.173986434936523,0.10650137811899185,0.04940046742558479,0.15468721091747284,0.689410924911499,,0
0102002.png,/home/ubuntu/SCB-05-Dataset/5k_HRW_Dataset_combined/images/val/0102002.png,3,3,31.898530960083008,32.97921371459961,32.43257522583008,33.226280212402344,0.10610022395849228,0.3126445412635803,0.18098758161067963,0.400267630815506,,0
0102016.png,/home/ubuntu/SCB-05-Dataset/5k_HRW_Dataset_combined/images/val/0102016.png,3,1,26.777549743652344,29.264772415161133,28.060508728027344,28.63156509399414,0.043439481407403946,0.5224825143814087,0.15669916570186615,0.2773788273334503,,0
0102014.png,/home/ubuntu/SCB-05-Dataset/5k_HRW_Dataset_combined/images/val/0102014.png,2,1,30.75167465209961,32.31458282470703,31.834083557128906,32.07958221435547,0.08001533895730972,0.3818877041339874,0.23618783056735992,0.30190911889076233,,0
0102024.png,/home/ubuntu/SCB-05-Dataset/5k_HRW_Dataset_combined/images/val/0102024.png,3,2,28.951995849609375,30.758169174194336,30.793071746826172,30.768281936645508,0.05117863044142723,0.3115299344062805,0.32259508967399597,0.3146963119506836,,0
0102045.png,/home/ubuntu/SCB-05-Dataset/5k_HRW_Dataset_combined/images/val/0102045.png,3,3,28.214704513549805,27.467626571655273,27.878576278686523,29.1722469329834,0.20861296355724335,0.09883015602827072,0.14906050264835358,0.5434963703155518,,0
0102048.png,/home/ubuntu/SCB-05-Dataset/5k_HRW_Dataset_combined/images/val/0102048.png,3,2,25.532350540161133,27.412033081054688,27.75665855407715,27.290618896484375,0.04424604773521423,0.2898746430873871,0.40914681553840637,0.25673243403434753,,0
0102050.png,/home/ubuntu/SCB-05-Dataset/5k_HRW_Dataset_combined/images/val/0102050.png,3,1,24.25665855407715,26.30712890625,26.075571060180664,26.014474868774414,0.048224229365587234,0.37477725744247437,0.29730963706970215,0.27968886494636536,,0
0103002.png,/home/ubuntu/SCB-05-Dataset/5k_HRW_Dataset_combined/images/val/0103002.png,2,3,27.767732620239258,29.593944549560547,29.71575927734375,31.95950698852539,0.012443198822438717,0.07727620005607605,0.08728693425655365,0.8229936361312866,,0
0103014.png,/home/ubuntu/SCB-05-Dataset/5k_HRW_Dataset_combined/images/val/0103014.png,3,3,26.272926330566406,27.530181884765625,27.242351531982422,30.5522403717041,0.01260349340736866,0.04431084915995598,0.033228207379579544,0.9098575115203857,,0
0103017.png,/home/ubuntu/SCB-05-Dataset/5k_HRW_Dataset_combined/images/val/0103017.png,3,3,27.619850158691406,29.110193252563477,30.377552032470703,30.807294845581055,0.02201254665851593,0.09770528972148895,0.3469964265823364,0.5332856774330139,,0
0103022.png,/home/ubuntu/SCB-05-Dataset/5k_HRW_Dataset_combined/images/val/0103022.png,3,3,28.26970863342285,29.95363426208496,29.962974548339844,30.757579803466797,0.041912030428647995,0.2257659137248993,0.22788450121879578,0.5044375658035278,,0
0103030.png,/home/ubuntu/SCB-05-Dataset/5k_HRW_Dataset_combined/images/val/0103030.png,3,3,28.697860717773438,29.780048370361328,30.312145233154297,31.832117080688477,0.031301870942115784,0.09237585216760635,0.15726976096630096,0.7190524935722351,,0
0103044.png,/home/ubuntu/SCB-05-Dataset/5k_HRW_Dataset_combined/images/val/0103044.png,3,3,26.98877716064453,27.55206871032715,29.122711181640625,30.20656967163086,0.027641557157039642,0.048550862818956375,0.2335168868303299,0.6902906894683838,,0
0104005.png,/home/ubuntu/SCB-05-Dataset/5k_HRW_Dataset_combined/images/val/0104005.png,2,2,28.81976890563965,29.68941879272461,31.082529067993164,31.046438217163086,0.044914357364177704,0.10716903209686279,0.4316079616546631,0.41630861163139343,,0
0104011.png,/home/ubuntu/SCB-05-Dataset/5k_HRW_Dataset_combined/images/val/0104011.png,3,3,29.623912811279297,30.36073112487793,30.83866310119629,31.193920135498047,0.08876726776361465,0.1854594647884369,0.29909712076187134,0.4266761839389801,,0
0104007.png,/home/ubuntu/SCB-05-Dataset/5k_HRW_Dataset_combined/images/val/0104007.png,3,3,26.454586029052734,28.312105178833008,27.7932071685791,29.88541030883789,0.02373960055410862,0.15211910009384155,0.0905376449227333,0.7336036562919617,,0
0104029.png,/home/ubuntu/SCB-05-Dataset/5k_HRW_Dataset_combined/images/val/0104029.png,3,3,28.477214813232422,29.91288948059082,30.16884994506836,30.648704528808594,0.05154062807559967,0.21659843623638153,0.2797805666923523,0.4520804286003113,,0
0104040.png,/home/ubuntu/SCB-05-Dataset/5k_HRW_Dataset_combined/images/val/0104040.png,3,1,28.062719345092773,28.669363021850586,27.2512264251709,28.446218490600586,0.21070952713489532,0.38649705052375793,0.09359601140022278,0.3091973662376404,,0
0104037.png,/home/ubuntu/SCB-05-Dataset/5k_HRW_Dataset_combined/images/val/0104037.png,2,3,30.455516815185547,32.19297409057617,31.93088150024414,32.9791145324707,0.04250093176960945,0.2415274977684021,0.18584084510803223,0.5301307439804077,,0
0104041.png,/home/ubuntu/SCB-05-Dataset/5k_HRW_Dataset_combined/images/val/0104041.png,3,1,30.141925811767578,31.48250961303711,30.600881576538086,30.583524703979492,0.125645712018013,0.48012667894363403,0.19882439076900482,0.19540320336818695,,0
0104042.png,/home/ubuntu/SCB-05-Dataset/5k_HRW_Dataset_combined/images/val/0104042.png,3,1,27.80849838256836,29.089954376220703,27.83060646057129,28.004337310791016,0.1461867392063141,0.5265471339225769,0.14945463836193085,0.17781145870685577,,0
0105007.png,/home/ubuntu/SCB-05-Dataset/5k_HRW_Dataset_combined/images/val/0105007.png,2,3,28.33547019958496,28.26004981994629,29.422616958618164,30.834829330444336,0.058589715510606766,0.05433338135480881,0.1737653613090515,0.7133115530014038,,0
0105012.png,/home/ubuntu/SCB-05-Dataset/5k_HRW_Dataset_combined/images/val/0105012.png,3,3,27.286832809448242,28.04462242126465,27.994930267333984,30.241626739501953,0.04104846343398094,0.0875791609287262,0.08333351463079453,0.7880388498306274,,0
0105014.png,/home/ubuntu/SCB-05-Dataset/5k_HRW_Dataset_combined/images/val/0105014.png,3,3,27.330810546875,28.24530601501465,28.279376983642578,29.867273330688477,0.05344044044613838,0.13336147367954254,0.137983500957489,0.6752145886421204,,0
0105013.png,/home/ubuntu/SCB-05-Dataset/5k_HRW_Dataset_combined/images/val/0105013.png,3,3,27.14853286743164,27.942380905151367,28.017452239990234,30.812284469604492,0.022419700399041176,0.04958994686603546,0.05345602333545685,0.8745343685150146,,0
0105016.png,/home/ubuntu/SCB-05-Dataset/5k_HRW_Dataset_combined/images/val/0105016.png,3,3,27.481624603271484,29.142841339111328,28.58651351928711,30.727380752563477,0.028599433600902557,0.15059643983840942,0.08633852005004883,0.7344655394554138,,0
0105026.png,/home/ubuntu/SCB-05-Dataset/5k_HRW_Dataset_combined/images/val/0105026.png,2,1,29.63382911682129,30.355335235595703,29.76774024963379,28.367259979248047,0.22308392822742462,0.4590018093585968,0.2550499141216278,0.06286432594060898,,0
0105035.png,/home/ubuntu/SCB-05-Dataset/5k_HRW_Dataset_combined/images/val/0105035.png,3,3,27.410036087036133,27.403480529785156,28.889190673828125,29.882997512817383,0.05482393503189087,0.05446570739150047,0.24063505232334137,0.6500753164291382,,0
0105020.png,/home/ubuntu/SCB-05-Dataset/5k_HRW_Dataset_combined/images/val/0105020.png,3,3,28.33306121826172,27.775243759155273,28.251710891723633,28.9896240234375,0.22611741721630096,0.12944252789020538,0.2084510177373886,0.4359890818595886,,0
0105037.png,/home/ubuntu/SCB-05-Dataset/5k_HRW_Dataset_combined/images/val/0105037.png,2,3,28.719934463500977,27.51531219482422,29.24480438232422,30.11533546447754,0.1423155963420868,0.0426669605076313,0.24054737389087677,0.5744701027870178,,0
0106003.png,/home/ubuntu/SCB-05-Dataset/5k_HRW_Dataset_combined/images/val/0106003.png,2,3,27.61467933654785,28.95143699645996,29.237668991088867,30.63589859008789,0.03290427103638649,0.12525606155395508,0.16676609218120575,0.6750736236572266,,0
0106008.png,/home/ubuntu/SCB-05-Dataset/5k_HRW_Dataset_combined/images/val/0106008.png,2,3,28.47563934326172,30.06099510192871,29.719114303588867,31.253847122192383,0.03930998593568802,0.19187311828136444,0.13631297647953033,0.632503867149353,,0
0106006.png,/home/ubuntu/SCB-05-Dataset/5k_HRW_Dataset_combined/images/val/0106006.png,3,3,26.23196792602539,25.86880111694336,24.250164031982422,26.357004165649414,0.3370998203754425,0.23444293439388275,0.04645922780036926,0.3819979727268219,,0
0106026.png,/home/ubuntu/SCB-05-Dataset/5k_HRW_Dataset_combined/images/val/0106026.png,3,2,28.555286407470703,28.98748779296875,30.003982543945312,29.569934844970703,0.10463974624872208,0.1612127274274826,0.4455099403858185,0.28863757848739624,,0
0106035.png,/home/ubuntu/SCB-05-Dataset/5k_HRW_Dataset_combined/images/val/0106035.png,3,3,27.031404495239258,28.915971755981445,28.730504989624023,31.697195053100586,0.008382083848118782,0.05518348887562752,0.04584183171391487,0.890592634677887,,0
0106038.png,/home/ubuntu/SCB-05-Dataset/5k_HRW_Dataset_combined/images/val/0106038.png,3,3,28.56646728515625,28.75499725341797,29.068178176879883,30.075847625732422,0.119289830327034,0.14403928816318512,0.19701246917247772,0.5396584272384644,,0
0106041.png,/home/ubuntu/SCB-05-Dataset/5k_HRW_Dataset_combined/images/val/0106041.png,3,3,27.138668060302734,29.088756561279297,29.097524642944336,31.503156661987305,0.010668976232409477,0.07499554008245468,0.075655996799469,0.8386795520782471,,0
0107009.png,/home/ubuntu/SCB-05-Dataset/5k_HRW_Dataset_combined/images/val/0107009.png,3,2,28.49762725830078,30.731094360351562,31.495834350585938,31.21719741821289,0.021951235830783844,0.20485256612300873,0.44011256098747253,0.3330836296081543,,0
0107012.png,/home/ubuntu/SCB-05-Dataset/5k_HRW_Dataset_combined/images/val/0107012.png,3,3,29.678905487060547,31.731414794921875,32.29967498779297,32.636451721191406,0.023932382464408875,0.18637146055698395,0.3289816379547119,0.46071457862854004,,0
0107010.png,/home/ubuntu/SCB-05-Dataset/5k_HRW_Dataset_combined/images/val/0107010.png,3,3,28.511375427246094,30.80010986328125,30.868133544921875,31.472000122070312,0.024552440270781517,0.24214717745780945,0.2591920793056488,0.47410836815834045,,0
0107013.png,/home/ubuntu/SCB-05-Dataset/5k_HRW_Dataset_combined/images/val/0107013.png,3,3,25.60661506652832,27.53775405883789,25.762462615966797,29.819683074951172,0.013049800880253315,0.09000919759273529,0.015250623226165771,0.8816903233528137,,0
0107024.png,/home/ubuntu/SCB-05-Dataset/5k_HRW_Dataset_combined/images/val/0107024.png,3,3,25.372419357299805,24.890235900878906,24.553983688354492,28.896533966064453,0.02779145911335945,0.01715938374400139,0.012259400449693203,0.9427897930145264,,0
0107026.png,/home/ubuntu/SCB-05-Dataset/5k_HRW_Dataset_combined/images/val/0107026.png,3,3,26.87710189819336,29.989103317260742,28.684728622436523,32.39689636230469,0.0035823590587824583,0.0804811492562294,0.021837927401065826,0.8940985798835754,,0
0107030.png,/home/ubuntu/SCB-05-Dataset/5k_HRW_Dataset_combined/images/val/0107030.png,3,3,25.494401931762695,26.168479919433594,23.704328536987305,26.522380828857422,0.16878829896450043,0.3312002718448639,0.028178853914141655,0.4718325436115265,,0
0107027.png,/home/ubuntu/SCB-05-Dataset/5k_HRW_Dataset_combined/images/val/0107027.png,3,3,29.18037223815918,30.775243759155273,30.19934844970703,32.67367935180664,0.024042733013629913,0.1184752807021141,0.06660695374011993,0.7908750176429749,,0
0107037.png,/home/ubuntu/SCB-05-Dataset/5k_HRW_Dataset_combined/images/val/0107037.png,3,3,23.45406723022461,24.6449031829834,25.626420974731445,27.370235443115234,0.015803668648004532,0.05199139192700386,0.1387391984462738,0.7934657335281372,,0
0107041.png,/home/ubuntu/SCB-05-Dataset/5k_HRW_Dataset_combined/images/val/0107041.png,3,2,30.017969131469727,30.00545883178711,31.733966827392578,31.52533721923828,0.08288697153329849,0.08185648918151855,0.46103572845458984,0.3742208182811737,,0
0107042.png,/home/ubuntu/SCB-05-Dataset/5k_HRW_Dataset_combined/images/val/0107042.png,3,3,28.818601608276367,30.311975479125977,30.931610107421875,32.0027961730957,0.02640402317047119,0.11755311489105225,0.21844296157360077,0.6375998854637146,,0
0108015.png,/home/ubuntu/SCB-05-Dataset/5k_HRW_Dataset_combined/images/val/0108015.png,3,3,27.174907684326172,26.76607322692871,26.817686080932617,28.851699829101562,0.12966109812259674,0.08614998310804367,0.09071317315101624,0.6934758424758911,,0
0108031.png,/home/ubuntu/SCB-05-Dataset/5k_HRW_Dataset_combined/images/val/0108031.png,3,3,27.073801040649414,28.405702590942383,28.738351821899414,30.165067672729492,0.03117549605667591,0.11810025572776794,0.16470947861671448,0.6860146522521973,,0
0108020.png,/home/ubuntu/SCB-05-Dataset/5k_HRW_Dataset_combined/images/val/0108020.png,3,2,27.574085235595703,28.506664276123047,29.364171981811523,28.761491775512695,0.07806648313999176,0.19837117195129395,0.46761608123779297,0.25594621896743774,,0
0108032.png,/home/ubuntu/SCB-05-Dataset/5k_HRW_Dataset_combined/images/val/0108032.png,3,3,27.70619010925293,28.151065826416016,28.697118759155273,29.380807876586914,0.09442169219255447,0.1473258137702942,0.254347026348114,0.5039054751396179,,0
0108035.png,/home/ubuntu/SCB-05-Dataset/5k_HRW_Dataset_combined/images/val/0108035.png,3,3,24.498239517211914,26.8282413482666,28.670618057250977,28.849380493164062,0.006505569908767939,0.06686399132013321,0.42201346158981323,0.5046169757843018,,0
0108040.png,/home/ubuntu/SCB-05-Dataset/5k_HRW_Dataset_combined/images/val/0108040.png,3,3,26.344507217407227,28.056245803833008,28.18838882446289,28.256484985351562,0.050952643156051636,0.2822054326534271,0.3220730125904083,0.3447689414024353,,0
0108046.png,/home/ubuntu/SCB-05-Dataset/5k_HRW_Dataset_combined/images/val/0108046.png,3,2,29.329051971435547,29.469552993774414,29.71668815612793,29.41254997253418,0.21224991977214813,0.24426788091659546,0.31274890899658203,0.23073329031467438,,0
0200008.png,/home/ubuntu/SCB-05-Dataset/5k_HRW_Dataset_combined/images/val/0200008.png,3,3,26.801227569580078,28.410423278808594,27.300134658813477,29.272737503051758,0.05131884291768074,0.25653207302093506,0.08451803773641586,0.6076310276985168,,0
0200014.png,/home/ubuntu/SCB-05-Dataset/5k_HRW_Dataset_combined/images/val/0200014.png,3,3,28.06317901611328,30.070560455322266,29.82316017150879,32.06662368774414,0.014483795501291752,0.1078144758939743,0.08418457210063934,0.7935171723365784,,0
0200021.png,/home/ubuntu/SCB-05-Dataset/5k_HRW_Dataset_combined/images/val/0200021.png,3,3,27.33331871032715,28.248517990112305,28.492441177368164,30.579999923706055,0.030874397605657578,0.07710179686546326,0.09840087592601776,0.7936229705810547,,0
0200025.png,/home/ubuntu/SCB-05-Dataset/5k_HRW_Dataset_combined/images/val/0200025.png,3,1,27.94780731201172,29.11863899230957,27.704063415527344,27.77350616455078,0.17098677158355713,0.5513765215873718,0.13400034606456757,0.14363639056682587,,0
0200034.png,/home/ubuntu/SCB-05-Dataset/5k_HRW_Dataset_combined/images/val/0200034.png,3,0,31.97578239440918,31.68181800842285,31.867717742919922,31.071826934814453,0.3281015157699585,0.24453504383563995,0.2944939136505127,0.13286952674388885,,0
0202002.png,/home/ubuntu/SCB-05-Dataset/5k_HRW_Dataset_combined/images/val/0202002.png,3,3,26.78813362121582,27.6029109954834,27.977123260498047,29.118616104125977,0.05943417549133301,0.13424235582351685,0.1951676607131958,0.6111557483673096,,0
0202004.png,/home/ubuntu/SCB-05-Dataset/5k_HRW_Dataset_combined/images/val/0202004.png,3,3,29.49139404296875,30.611574172973633,30.831432342529297,32.131168365478516,0.04567328095436096,0.1400071680545807,0.17443491518497467,0.6398845911026001,,0
0202007.png,/home/ubuntu/SCB-05-Dataset/5k_HRW_Dataset_combined/images/val/0202007.png,3,3,29.45307159423828,29.184051513671875,30.12628936767578,31.28705406188965,0.10016601532697678,0.07653965055942535,0.19637905061244965,0.6269152760505676,,0
0202025.png,/home/ubuntu/SCB-05-Dataset/5k_HRW_Dataset_combined/images/val/0202025.png,3,1,29.094356536865234,32.25014877319336,30.511516571044922,31.863927841186523,0.022447289898991585,0.5268743634223938,0.09260378032922745,0.3580745458602905,,0
0203003.png,/home/ubuntu/SCB-05-Dataset/5k_HRW_Dataset_combined/images/val/0203003.png,3,3,26.861286163330078,28.369766235351562,28.63701057434082,30.78121566772461,0.016175651922822,0.0731116235256195,0.09551006555557251,0.8152026534080505,,0
0203004.png,/home/ubuntu/SCB-05-Dataset/5k_HRW_Dataset_combined/images/val/0203004.png,3,3,29.15496253967285,31.160099029541016,30.78145980834961,31.613487243652344,0.03968144953250885,0.2947183847427368,0.2018209993839264,0.46377918124198914,,0
0203008.png,/home/ubuntu/SCB-05-Dataset/5k_HRW_Dataset_combined/images/val/0203008.png,3,3,29.18567657470703,28.688764572143555,28.995370864868164,29.8770751953125,0.22565115988254547,0.13728763163089752,0.18654724955558777,0.4505138695240021,,0
0203016.png,/home/ubuntu/SCB-05-Dataset/5k_HRW_Dataset_combined/images/val/0203016.png,3,3,28.066944122314453,27.811885833740234,29.776954650878906,31.20161247253418,0.03301975131034851,0.02558605931699276,0.18256688117980957,0.7588273286819458,,0
0204003.png,/home/ubuntu/SCB-05-Dataset/5k_HRW_Dataset_combined/images/val/0204003.png,3,3,26.122783660888672,27.97374725341797,25.888336181640625,30.168941497802734,0.015305894427001476,0.0974365696310997,0.012107081711292267,0.8751505017280579,,0
0205007.png,/home/ubuntu/SCB-05-Dataset/5k_HRW_Dataset_combined/images/val/0205007.png,3,3,28.602739334106445,29.557371139526367,29.112333297729492,30.713336944580078,0.07398911565542221,0.19220256805419922,0.12316340208053589,0.6106448769569397,,0
0400002.png,/home/ubuntu/SCB-05-Dataset/5k_HRW_Dataset_combined/images/val/0400002.png,3,3,27.404069900512695,27.42098617553711,27.50741195678711,28.649658203125,0.15149429440498352,0.15407878160476685,0.16798755526542664,0.526439368724823,,0
0400003.png,/home/ubuntu/SCB-05-Dataset/5k_HRW_Dataset_combined/images/val/0400003.png,3,1,28.711933135986328,30.41609001159668,30.38661766052246,30.173175811767578,0.06193801388144493,0.3404577374458313,0.3305700421333313,0.2670342028141022,,0
0400012.png,/home/ubuntu/SCB-05-Dataset/5k_HRW_Dataset_combined/images/val/0400012.png,3,3,27.892499923706055,28.36851692199707,29.594945907592773,30.208297729492188,0.054854616522789,0.08829675614833832,0.30100664496421814,0.5558420419692993,,0
0400021.png,/home/ubuntu/SCB-05-Dataset/5k_HRW_Dataset_combined/images/val/0400021.png,3,3,28.685462951660156,31.055450439453125,30.708057403564453,31.234004974365234,0.03120746649801731,0.33383437991142273,0.23586317896842957,0.39909499883651733,,0
0400022.png,/home/ubuntu/SCB-05-Dataset/5k_HRW_Dataset_combined/images/val/0400022.png,3,3,30.374330520629883,30.80345344543457,31.2283935546875,31.995594024658203,0.10055748373270035,0.15444722771644592,0.2362268567085266,0.5087684392929077,,0
0400024.png,/home/ubuntu/SCB-05-Dataset/5k_HRW_Dataset_combined/images/val/0400024.png,3,3,26.67064666748047,27.805662155151367,29.05849838256836,31.721317291259766,0.00584356440231204,0.01818062551319599,0.06363684684038162,0.91233891248703,,0
0400027.png,/home/ubuntu/SCB-05-Dataset/5k_HRW_Dataset_combined/images/val/0400027.png,3,2,26.105257034301758,28.06658172607422,29.332181930541992,29.076824188232422,0.018927469849586487,0.13455040752887726,0.4770108163356781,0.36951133608818054,,0
0400026.png,/home/ubuntu/SCB-05-Dataset/5k_HRW_Dataset_combined/images/val/0400026.png,3,3,27.02907371520996,28.9173641204834,29.09408187866211,30.443334579467773,0.02179223857820034,0.1440044492483139,0.1718396693468094,0.662363588809967,,0
0401001.png,/home/ubuntu/SCB-05-Dataset/5k_HRW_Dataset_combined/images/val/0401001.png,3,3,29.57094955444336,31.105607986450195,32.09934997558594,32.314453125,0.02966080978512764,0.13761845231056213,0.3717520236968994,0.4609687030315399,,0
0400034.png,/home/ubuntu/SCB-05-Dataset/5k_HRW_Dataset_combined/images/val/0400034.png,3,3,27.24573516845703,26.46984100341797,28.278743743896484,30.638126373291016,0.029405908659100533,0.013535305857658386,0.08261606842279434,0.8744427561759949,,0
0401009.png,/home/ubuntu/SCB-05-Dataset/5k_HRW_Dataset_combined/images/val/0401009.png,3,1,33.605133056640625,34.10847854614258,33.6984977722168,33.95840835571289,0.19320566952228546,0.31960979104042053,0.2121131718158722,0.275071382522583,,0
0401005.png,/home/ubuntu/SCB-05-Dataset/5k_HRW_Dataset_combined/images/val/0401005.png,2,2,27.051830291748047,27.22117042541504,29.788297653198242,29.145156860351562,0.038867030292749405,0.04603888466954231,0.5998104214668274,0.3152836859226227,,0
0401019.png,/home/ubuntu/SCB-05-Dataset/5k_HRW_Dataset_combined/images/val/0401019.png,3,3,25.459972381591797,25.971460342407227,26.729890823364258,27.50696563720703,0.07156703621149063,0.11935742944478989,0.2548189163208008,0.5542566776275635,,0
0401026.png,/home/ubuntu/SCB-05-Dataset/5k_HRW_Dataset_combined/images/val/0401026.png,3,3,27.343666076660156,27.537769317626953,28.59033966064453,29.48396873474121,0.0704474225640297,0.08553878217935562,0.24506910145282745,0.5989447236061096,,0
0401027.png,/home/ubuntu/SCB-05-Dataset/5k_HRW_Dataset_combined/images/val/0401027.png,3,1,28.652854919433594,30.92847442626953,30.588346481323242,30.589765548706055,0.04065258428454399,0.3957101106643677,0.2816186845302582,0.28201860189437866,,0
0401021.png,/home/ubuntu/SCB-05-Dataset/5k_HRW_Dataset_combined/images/val/0401021.png,3,3,25.103532791137695,25.14081573486328,26.265657424926758,27.194934844970703,0.07501333206892014,0.07786283642053604,0.2397964745759964,0.6073273420333862,,0
0401028.png,/home/ubuntu/SCB-05-Dataset/5k_HRW_Dataset_combined/images/val/0401028.png,3,3,28.1706485748291,29.983678817749023,30.73543357849121,31.04315948486328,0.026449276134371758,0.16210737824440002,0.3437840938568115,0.4676591455936432,,0
0401049.png,/home/ubuntu/SCB-05-Dataset/5k_HRW_Dataset_combined/images/val/0401049.png,2,2,27.698013305664062,28.72542381286621,29.718887329101562,29.32556915283203,0.06086370721459389,0.17004235088825226,0.459211528301239,0.30988240242004395,,0
0401040.png,/home/ubuntu/SCB-05-Dataset/5k_HRW_Dataset_combined/images/val/0401040.png,3,3,29.037580490112305,28.930770874023438,30.266401290893555,31.275665283203125,0.06806771457195282,0.061172232031822205,0.23260082304477692,0.6381592154502869,,0
0401054.png,/home/ubuntu/SCB-05-Dataset/5k_HRW_Dataset_combined/images/val/0401054.png,3,3,29.02339744567871,29.317081451416016,30.551206588745117,31.444561004638672,0.054919760674238205,0.07366717606782913,0.25307410955429077,0.6183390021324158,,0
0401055.png,/home/ubuntu/SCB-05-Dataset/5k_HRW_Dataset_combined/images/val/0401055.png,3,3,29.63140106201172,30.52574348449707,31.0185489654541,32.01875686645508,0.05454401671886444,0.13339976966381073,0.21836239099502563,0.5936938524246216,,0
0401070.png,/home/ubuntu/SCB-05-Dataset/5k_HRW_Dataset_combined/images/val/0401070.png,3,3,27.786964416503906,29.005247116088867,30.29067611694336,30.508079528808594,0.03144018352031708,0.10631108283996582,0.38444414734840393,0.47780460119247437,,0
0401074.png,/home/ubuntu/SCB-05-Dataset/5k_HRW_Dataset_combined/images/val/0401074.png,3,2,29.314247131347656,29.350419998168945,29.934585571289062,29.345434188842773,0.2029191553592682,0.21039368212223053,0.37733981013298035,0.20934732258319855,,0
0402012.png,/home/ubuntu/SCB-05-Dataset/5k_HRW_Dataset_combined/images/val/0402012.png,3,3,27.77283477783203,29.766677856445312,30.441335678100586,30.79661750793457,0.02307817153632641,0.16947920620441437,0.3327488899230957,0.47469377517700195,,0
0402013.png,/home/ubuntu/SCB-05-Dataset/5k_HRW_Dataset_combined/images/val/0402013.png,2,3,28.081924438476562,29.70133399963379,30.733823776245117,32.1490592956543,0.012719331309199333,0.06423399597406387,0.1803721785545349,0.7426745295524597,,0
0402017.png,/home/ubuntu/SCB-05-Dataset/5k_HRW_Dataset_combined/images/val/0402017.png,3,3,28.39133071899414,28.643375396728516,27.14679527282715,30.766719818115234,0.07501918077468872,0.09652368724346161,0.021611128002405167,0.806846022605896,,0
0402022.png,/home/ubuntu/SCB-05-Dataset/5k_HRW_Dataset_combined/images/val/0402022.png,3,3,29.63912582397461,29.012039184570312,30.295137405395508,31.82554817199707,0.0808764398097992,0.0431998036801815,0.15585628151893616,0.7200675010681152,,0
0402025.png,/home/ubuntu/SCB-05-Dataset/5k_HRW_Dataset_combined/images/val/0402025.png,3,3,29.171722412109375,29.133590698242188,29.765748977661133,30.027862548828125,0.16318778693675995,0.15708228945732117,0.29557663202285767,0.3841533064842224,,0
0402030.png,/home/ubuntu/SCB-05-Dataset/5k_HRW_Dataset_combined/images/val/0402030.png,3,3,28.14824676513672,27.57814598083496,27.9851016998291,30.60593032836914,0.07095889747142792,0.04012501612305641,0.060277312994003296,0.8286387920379639,,0
0402033.png,/home/ubuntu/SCB-05-Dataset/5k_HRW_Dataset_combined/images/val/0402033.png,2,3,30.394399642944336,31.617965698242188,32.30120086669922,32.585853576660156,0.049803219735622406,0.16929548978805542,0.33525145053863525,0.4456498622894287,,0
0402036.png,/home/ubuntu/SCB-05-Dataset/5k_HRW_Dataset_combined/images/val/0402036.png,3,3,28.00838851928711,29.50897789001465,29.558208465576172,31.210010528564453,0.02876265160739422,0.12898124754428864,0.13548997044563293,0.7067660689353943,,0
0403006.png,/home/ubuntu/SCB-05-Dataset/5k_HRW_Dataset_combined/images/val/0403006.png,3,3,25.781333923339844,25.43608283996582,26.051504135131836,27.974206924438477,0.08347836881875992,0.059106238186359406,0.10937231034040451,0.7480430603027344,,0
0403013.png,/home/ubuntu/SCB-05-Dataset/5k_HRW_Dataset_combined/images/val/0403013.png,3,3,30.23378562927246,30.73149871826172,31.527376174926758,32.482666015625,0.063419871032238,0.10432284325361252,0.2312195748090744,0.6010376811027527,,0
0403020.png,/home/ubuntu/SCB-05-Dataset/5k_HRW_Dataset_combined/images/val/0403020.png,3,3,26.20028305053711,27.73527717590332,28.080638885498047,28.46055030822754,0.04590780287981033,0.2130718231201172,0.3009641170501709,0.440056174993515,,0
0403022.png,/home/ubuntu/SCB-05-Dataset/5k_HRW_Dataset_combined/images/val/0403022.png,3,2,28.002483367919922,27.82149314880371,29.567564010620117,28.922346115112305,0.10957162827253342,0.09143132716417313,0.5240877270698547,0.27490928769111633,,0
0403035.png,/home/ubuntu/SCB-05-Dataset/5k_HRW_Dataset_combined/images/val/0403035.png,3,3,28.366300582885742,28.973573684692383,29.481178283691406,30.876338958740234,0.054975200444459915,0.10090257227420807,0.167630136013031,0.6764920353889465,,0
0403037.png,/home/ubuntu/SCB-05-Dataset/5k_HRW_Dataset_combined/images/val/0403037.png,3,3,29.539621353149414,29.67967987060547,29.75862693786621,31.232276916503906,0.11326219886541367,0.1302901655435562,0.1409931182861328,0.6154544949531555,,0
0403038.png,/home/ubuntu/SCB-05-Dataset/5k_HRW_Dataset_combined/images/val/0403038.png,3,3,27.26374053955078,28.32801628112793,28.7929630279541,29.638713836669922,0.0519101545214653,0.15047398209571838,0.23954397439956665,0.5580719113349915,,0
0403040.png,/home/ubuntu/SCB-05-Dataset/5k_HRW_Dataset_combined/images/val/0403040.png,3,3,28.701908111572266,28.643098831176758,28.091018676757812,31.996315002441406,0.03395911678671837,0.03201959282159805,0.018435312435030937,0.915585994720459,,0
0403043.png,/home/ubuntu/SCB-05-Dataset/5k_HRW_Dataset_combined/images/val/0403043.png,3,2,27.636295318603516,28.68134307861328,29.65617561340332,29.510242462158203,0.0558818019926548,0.15890182554721832,0.42120471596717834,0.36401164531707764,,0
0403052.png,/home/ubuntu/SCB-05-Dataset/5k_HRW_Dataset_combined/images/val/0403052.png,2,3,27.799474716186523,27.677017211914062,29.507938385009766,30.10433006286621,0.0573791079223156,0.05076579377055168,0.31675985455513,0.5750952363014221,,0
0404001.png,/home/ubuntu/SCB-05-Dataset/5k_HRW_Dataset_combined/images/val/0404001.png,3,3,26.598569869995117,26.28685760498047,25.004497528076172,29.134082794189453,0.06868983805179596,0.05029416084289551,0.013950690627098083,0.8670651912689209,,0
0404016.png,/home/ubuntu/SCB-05-Dataset/5k_HRW_Dataset_combined/images/val/0404016.png,3,3,26.778858184814453,26.86260986328125,27.41403579711914,27.505815505981445,0.1654672473669052,0.17992223799228668,0.3122957944869995,0.3423146903514862,,0
0404023.png,/home/ubuntu/SCB-05-Dataset/5k_HRW_Dataset_combined/images/val/0404023.png,3,3,27.847103118896484,28.58500862121582,29.88189125061035,32.28143310546875,0.010522128082811832,0.02200756035745144,0.08050092309713364,0.8869693875312805,,0
0404033.png,/home/ubuntu/SCB-05-Dataset/5k_HRW_Dataset_combined/images/val/0404033.png,3,3,29.58298683166504,29.436355590820312,30.723228454589844,31.10485076904297,0.10447254776954651,0.0902237817645073,0.32674041390419006,0.47856318950653076,,0
0404029.png,/home/ubuntu/SCB-05-Dataset/5k_HRW_Dataset_combined/images/val/0404029.png,2,3,29.116600036621094,30.543193817138672,31.242136001586914,31.465578079223633,0.04163763299584389,0.17339950799942017,0.3488145172595978,0.43614834547042847,,0
0404035.png,/home/ubuntu/SCB-05-Dataset/5k_HRW_Dataset_combined/images/val/0404035.png,3,3,29.140727996826172,29.69778823852539,28.966716766357422,33.2850341796875,0.015001574531197548,0.02618575468659401,0.012605634517967701,0.9462070465087891,,0
0404041.png,/home/ubuntu/SCB-05-Dataset/5k_HRW_Dataset_combined/images/val/0404041.png,3,3,25.40152359008789,25.539451599121094,26.164945602416992,26.876449584960938,0.11541731655597687,0.1324867159128189,0.24764007329940796,0.5044558644294739,,0
0404043.png,/home/ubuntu/SCB-05-Dataset/5k_HRW_Dataset_combined/images/val/0404043.png,3,3,26.073131561279297,25.614686965942383,26.038921356201172,28.310989379882812,0.08352916687726974,0.05281268060207367,0.0807199478149414,0.7829381823539734,,0
0404047.png,/home/ubuntu/SCB-05-Dataset/5k_HRW_Dataset_combined/images/val/0404047.png,2,3,27.586101531982422,28.540298461914062,29.334962844848633,29.391054153442383,0.0648326724767685,0.16834351420402527,0.37266167998313904,0.394162118434906,,0
0404050.png,/home/ubuntu/SCB-05-Dataset/5k_HRW_Dataset_combined/images/val/0404050.png,3,1,29.794973373413086,31.32289695739746,30.95633316040039,30.76915168762207,0.08732204884290695,0.4024321734905243,0.27893054485321045,0.2313152253627777,,0
06000014.png,/home/ubuntu/SCB-05-Dataset/5k_HRW_Dataset_combined/images/val/06000014.png,3,3,29.979949951171875,31.811565399169922,31.480567932128906,31.839153289794922,0.055105388164520264,0.34407612681388855,0.24711789190769196,0.3537006080150604,,0
06000017.png,/home/ubuntu/SCB-05-Dataset/5k_HRW_Dataset_combined/images/val/06000017.png,3,3,26.773696899414062,27.25020408630371,27.61048126220703,29.42466163635254,0.05239148810505867,0.084373340010643,0.120968297123909,0.7422669529914856,,0
06000018.png,/home/ubuntu/SCB-05-Dataset/5k_HRW_Dataset_combined/images/val/06000018.png,3,3,27.5877628326416,27.526844024658203,28.684837341308594,29.240535736083984,0.09844720363616943,0.09262894093990326,0.29488781094551086,0.5140359997749329,,0
06000022.png,/home/ubuntu/SCB-05-Dataset/5k_HRW_Dataset_combined/images/val/06000022.png,3,3,27.22871971130371,26.25092887878418,27.24348258972168,29.192203521728516,0.10509592294692993,0.03953090310096741,0.10665895789861679,0.7487142086029053,,0
06000024.png,/home/ubuntu/SCB-05-Dataset/5k_HRW_Dataset_combined/images/val/06000024.png,3,3,25.680368423461914,27.57684326171875,27.913808822631836,31.00358009338379,0.004503781907260418,0.03000584803521633,0.042028915137052536,0.9234614968299866,,0
06000028.png,/home/ubuntu/SCB-05-Dataset/5k_HRW_Dataset_combined/images/val/06000028.png,3,3,23.92701530456543,23.635696411132812,26.605690002441406,27.773391723632812,0.015838786959648132,0.011835966259241104,0.23070421814918518,0.7416209578514099,,0
06000053.png,/home/ubuntu/SCB-05-Dataset/5k_HRW_Dataset_combined/images/val/06000053.png,3,3,29.092586517333984,30.238243103027344,30.246915817260742,30.735380172729492,0.0800897479057312,0.2518426477909088,0.2540362775325775,0.4140312671661377,,0
06000063.png,/home/ubuntu/SCB-05-Dataset/5k_HRW_Dataset_combined/images/val/06000063.png,3,3,29.86307144165039,29.792678833007812,29.968505859375,30.60519027709961,0.19441626965999603,0.18120136857032776,0.21603405475616455,0.4083482623100281,,0
06000074.png,/home/ubuntu/SCB-05-Dataset/5k_HRW_Dataset_combined/images/val/06000074.png,3,1,30.080055236816406,31.513023376464844,31.111061096191406,29.99985122680664,0.11213360726833344,0.46996545791625977,0.31440970301628113,0.10349124670028687,,0
06000077.png,/home/ubuntu/SCB-05-Dataset/5k_HRW_Dataset_combined/images/val/06000077.png,3,3,29.282495498657227,30.306041717529297,29.86267852783203,30.601150512695312,0.10743674635887146,0.29900145530700684,0.19192129373550415,0.4016404449939728,,0
06000088.png,/home/ubuntu/SCB-05-Dataset/5k_HRW_Dataset_combined/images/val/06000088.png,3,3,27.031448364257812,28.367694854736328,28.738075256347656,29.29372787475586,0.05020070821046829,0.19100041687488556,0.2766231298446655,0.4821757376194,,0
06010025.png,/home/ubuntu/SCB-05-Dataset/5k_HRW_Dataset_combined/images/val/06010025.png,3,3,27.701637268066406,28.779775619506836,29.2487735748291,31.155288696289062,0.024842973798513412,0.07301854342222214,0.11671223491430283,0.7854261994361877,,0
06010028.png,/home/ubuntu/SCB-05-Dataset/5k_HRW_Dataset_combined/images/val/06010028.png,3,3,27.31468391418457,28.265169143676758,27.92565155029297,30.78864288330078,0.026529841125011444,0.06863176077604294,0.048873621970415115,0.8559646606445312,,0
06010030.png,/home/ubuntu/SCB-05-Dataset/5k_HRW_Dataset_combined/images/val/06010030.png,3,3,28.823392868041992,30.27758026123047,30.125225067138672,30.731510162353516,0.06370475143194199,0.27272024750709534,0.23418031632900238,0.4293946623802185,,0
06010032.png,/home/ubuntu/SCB-05-Dataset/5k_HRW_Dataset_combined/images/val/06010032.png,3,3,22.57712745666504,25.056228637695312,25.057172775268555,29.252073287963867,0.0012237251503393054,0.014599698595702648,0.014613489620387554,0.9695630073547363,,0
06010031.png,/home/ubuntu/SCB-05-Dataset/5k_HRW_Dataset_combined/images/val/06010031.png,3,3,26.212724685668945,27.696720123291016,29.32370376586914,29.542648315429688,0.017924439162015915,0.07905632257461548,0.402278333902359,0.5007408857345581,,0
06010037.png,/home/ubuntu/SCB-05-Dataset/5k_HRW_Dataset_combined/images/val/06010037.png,3,3,30.117517471313477,31.107864379882812,30.15643310546875,31.109792709350586,0.13460370898246765,0.3623758554458618,0.1399451643228531,0.363075315952301,,0
0800002.png,/home/ubuntu/SCB-05-Dataset/5k_HRW_Dataset_combined/images/val/0800002.png,3,1,29.042097091674805,31.593339920043945,30.5783634185791,31.194568634033203,0.03693261370062828,0.4735880196094513,0.1716334968805313,0.31784588098526,,0
0800004.png,/home/ubuntu/SCB-05-Dataset/5k_HRW_Dataset_combined/images/val/0800004.png,3,1,28.42363929748535,30.18511199951172,29.9744873046875,29.517131805419922,0.06886506080627441,0.40086379647254944,0.3247309625148773,0.20554018020629883,,0
0800005.png,/home/ubuntu/SCB-05-Dataset/5k_HRW_Dataset_combined/images/val/0800005.png,3,2,29.631488800048828,30.435470581054688,30.511829376220703,30.225975036621094,0.13407988846302032,0.2995907962322235,0.3233632445335388,0.24296613037586212,,0
0800007.png,/home/ubuntu/SCB-05-Dataset/5k_HRW_Dataset_combined/images/val/0800007.png,3,3,28.033355712890625,30.134445190429688,28.207862854003906,31.784191131591797,0.01889560930430889,0.1544729471206665,0.022498229518532753,0.8041331768035889,,0
0800009.png,/home/ubuntu/SCB-05-Dataset/5k_HRW_Dataset_combined/images/val/0800009.png,3,3,29.21047592163086,30.41287612915039,29.33799934387207,31.714588165283203,0.05650738626718521,0.18806198239326477,0.06419304013252258,0.6912376284599304,,0
0800024.png,/home/ubuntu/SCB-05-Dataset/5k_HRW_Dataset_combined/images/val/0800024.png,3,3,28.434921264648438,29.6666259765625,29.563968658447266,30.64470863342285,0.06011944264173508,0.2060333490371704,0.18593193590641022,0.5479152798652649,,0
0800025.png,/home/ubuntu/SCB-05-Dataset/5k_HRW_Dataset_combined/images/val/0800025.png,3,3,28.012901306152344,29.27047348022461,29.564889907836914,30.161975860595703,0.056133612990379333,0.19741477072238922,0.26499828696250916,0.4814533293247223,,0
0800028.png,/home/ubuntu/SCB-05-Dataset/5k_HRW_Dataset_combined/images/val/0800028.png,3,2,26.935649871826172,28.88636589050293,29.313188552856445,28.672922134399414,0.04082651436328888,0.28716233372688293,0.440042108297348,0.23196904361248016,,0
0800031.png,/home/ubuntu/SCB-05-Dataset/5k_HRW_Dataset_combined/images/val/0800031.png,3,3,26.92336082458496,28.1981258392334,28.579336166381836,29.53902816772461,0.04256698116660118,0.1522987186908722,0.2229737788438797,0.5821605324745178,,0
0800035.png,/home/ubuntu/SCB-05-Dataset/5k_HRW_Dataset_combined/images/val/0800035.png,3,3,27.117332458496094,27.137582778930664,27.264005661010742,27.8555965423584,0.18972694873809814,0.1936081349849701,0.21969915926456451,0.39696574211120605,,0
0800036.png,/home/ubuntu/SCB-05-Dataset/5k_HRW_Dataset_combined/images/val/0800036.png,3,3,28.54253387451172,28.911239624023438,30.248981475830078,31.349924087524414,0.0407799668610096,0.05896220728754997,0.22467130422592163,0.675586462020874,,0
1000005.png,/home/ubuntu/SCB-05-Dataset/5k_HRW_Dataset_combined/images/val/1000005.png,3,3,28.77930450439453,27.126201629638672,28.12744903564453,28.959840774536133,0.34359627962112427,0.06578320264816284,0.17904047667980194,0.41158008575439453,,0
1000011.png,/home/ubuntu/SCB-05-Dataset/5k_HRW_Dataset_combined/images/val/1000011.png,3,2,27.0753173828125,28.050132751464844,28.96945571899414,28.9329833984375,0.0598578155040741,0.1586637794971466,0.3978640139102936,0.3836144208908081,,0
1000014.png,/home/ubuntu/SCB-05-Dataset/5k_HRW_Dataset_combined/images/val/1000014.png,3,3,28.391313552856445,29.066158294677734,29.315757751464844,32.424781799316406,0.016144506633281708,0.03170342370867729,0.04069169610738754,0.9114603400230408,,0
1000021.png,/home/ubuntu/SCB-05-Dataset/5k_HRW_Dataset_combined/images/val/1000021.png,3,3,29.09743881225586,28.340715408325195,28.971284866333008,29.929410934448242,0.21512193977832794,0.10093548893928528,0.18962551653385162,0.49431705474853516,,0
1000026.png,/home/ubuntu/SCB-05-Dataset/5k_HRW_Dataset_combined/images/val/1000026.png,3,3,27.46488380432129,26.328927993774414,26.718223571777344,27.841293334960938,0.30749309062957764,0.09874066710472107,0.14573536813259125,0.44803088903427124,,0
1000018.png,/home/ubuntu/SCB-05-Dataset/5k_HRW_Dataset_combined/images/val/1000018.png,3,3,29.393936157226562,29.73259735107422,29.68865394592285,31.7055606842041,0.07227199524641037,0.10140251368284225,0.09704302996397018,0.7292824983596802,,0
1000027.png,/home/ubuntu/SCB-05-Dataset/5k_HRW_Dataset_combined/images/val/1000027.png,2,3,24.840120315551758,25.35453987121582,26.459407806396484,27.217018127441406,0.054072778671979904,0.09044577181339264,0.2730400264263153,0.5824414491653442,,0
1000041.png,/home/ubuntu/SCB-05-Dataset/5k_HRW_Dataset_combined/images/val/1000041.png,2,2,29.405277252197266,29.78850555419922,30.721521377563477,30.644548416137695,0.103632353246212,0.15203000605106354,0.3864852488040924,0.35785242915153503,,0
1000047.png,/home/ubuntu/SCB-05-Dataset/5k_HRW_Dataset_combined/images/val/1000047.png,3,3,28.532617568969727,29.691303253173828,29.996173858642578,30.78255271911621,0.05557357147336006,0.177043154835701,0.2401500791311264,0.5272331833839417,,0
1000049.png,/home/ubuntu/SCB-05-Dataset/5k_HRW_Dataset_combined/images/val/1000049.png,3,3,27.128177642822266,27.576053619384766,28.355575561523438,28.36381721496582,0.10618075728416443,0.16617126762866974,0.3623247742652893,0.3653232455253601,,0
1000053.png,/home/ubuntu/SCB-05-Dataset/5k_HRW_Dataset_combined/images/val/1000053.png,2,2,29.51582145690918,31.25,31.732009887695312,30.12247085571289,0.05659037083387375,0.3205433189868927,0.5190640687942505,0.10380230844020844,,0
1119001.png,/home/ubuntu/SCB-05-Dataset/5k_HRW_Dataset_combined/images/val/1119001.png,3,3,25.613338470458984,25.089115142822266,27.679725646972656,30.91228675842285,0.004770663101226091,0.002824304159730673,0.0376703143119812,0.954734742641449,,0
1119011.png,/home/ubuntu/SCB-05-Dataset/5k_HRW_Dataset_combined/images/val/1119011.png,3,3,28.268903732299805,28.7656307220459,29.757469177246094,31.592952728271484,0.028697170317173004,0.04715902730822563,0.1271495521068573,0.7969942688941956,,0
1119015.png,/home/ubuntu/SCB-05-Dataset/5k_HRW_Dataset_combined/images/val/1119015.png,3,0,28.981552124023438,27.118104934692383,28.42205238342285,28.490955352783203,0.4275527596473694,0.0663292184472084,0.24434420466423035,0.26177385449409485,,0
1119018.png,/home/ubuntu/SCB-05-Dataset/5k_HRW_Dataset_combined/images/val/1119018.png,3,2,28.426881790161133,27.057937622070312,28.816890716552734,27.481815338134766,0.3205104172229767,0.08152996748685837,0.47339197993278503,0.12456758320331573,,0
1119023.png,/home/ubuntu/SCB-05-Dataset/5k_HRW_Dataset_combined/images/val/1119023.png,3,1,30.667205810546875,32.41152572631836,31.852996826171875,32.06276321411133,0.07126309722661972,0.4077680706977844,0.23326371610164642,0.28770512342453003,,0
1119033.png,/home/ubuntu/SCB-05-Dataset/5k_HRW_Dataset_combined/images/val/1119033.png,3,3,26.79960060119629,27.36329460144043,27.59624671936035,27.72052001953125,0.1335677057504654,0.23469869792461395,0.2962650954723358,0.33546847105026245,,0
1119041.png,/home/ubuntu/SCB-05-Dataset/5k_HRW_Dataset_combined/images/val/1119041.png,3,3,28.52739143371582,28.789859771728516,29.36905288696289,29.922882080078125,0.11550933867692947,0.1501777470111847,0.26800692081451416,0.4663059413433075,,0
1119057.png,/home/ubuntu/SCB-05-Dataset/5k_HRW_Dataset_combined/images/val/1119057.png,3,3,27.64323616027832,28.114980697631836,29.15265655517578,30.32767105102539,0.04592039808630943,0.0736006572842598,0.20774883031845093,0.6727301478385925,,0
1119058.png,/home/ubuntu/SCB-05-Dataset/5k_HRW_Dataset_combined/images/val/1119058.png,3,3,28.446182250976562,29.457717895507812,30.45484733581543,31.5500431060791,0.029862334951758385,0.08211605995893478,0.22257475554943085,0.6654468774795532,,0
1119059.png,/home/ubuntu/SCB-05-Dataset/5k_HRW_Dataset_combined/images/val/1119059.png,3,3,24.69305992126465,23.908090591430664,26.411937713623047,26.931554794311523,0.06092507392168045,0.02778998203575611,0.33985620737075806,0.5714287161827087,,0
1120017.png,/home/ubuntu/SCB-05-Dataset/5k_HRW_Dataset_combined/images/val/1120017.png,3,3,31.254589080810547,31.763484954833984,32.642974853515625,33.06329345703125,0.07828178256750107,0.13021810352802277,0.3137826919555664,0.4777173697948456,,0
1120024.png,/home/ubuntu/SCB-05-Dataset/5k_HRW_Dataset_combined/images/val/1120024.png,3,2,25.84210968017578,26.472291946411133,27.102773666381836,27.077600479125977,0.10156632214784622,0.190736785531044,0.35830193758010864,0.34939491748809814,,0
1120028.png,/home/ubuntu/SCB-05-Dataset/5k_HRW_Dataset_combined/images/val/1120028.png,3,3,24.93115997314453,24.905630111694336,26.617082595825195,27.88895034790039,0.037555016577243805,0.03660837933421135,0.20270052552223206,0.7231360673904419,,0
1120037.png,/home/ubuntu/SCB-05-Dataset/5k_HRW_Dataset_combined/images/val/1120037.png,3,3,27.735036849975586,27.067344665527344,28.30052375793457,28.92034339904785,0.1527910679578781,0.07836514711380005,0.26895883679389954,0.4998849332332611,,0
1120041.png,/home/ubuntu/SCB-05-Dataset/5k_HRW_Dataset_combined/images/val/1120041.png,3,3,27.32284164428711,29.989248275756836,29.539466857910156,31.129465103149414,0.014375513419508934,0.20683740079402924,0.1319141834974289,0.646872878074646,,0
1120061.png,/home/ubuntu/SCB-05-Dataset/5k_HRW_Dataset_combined/images/val/1120061.png,3,3,26.814746856689453,28.11848258972168,29.18897247314453,31.104827880859375,0.011312460526823997,0.04166412726044655,0.12152626365423203,0.8254971504211426,,0
1120063.png,/home/ubuntu/SCB-05-Dataset/5k_HRW_Dataset_combined/images/val/1120063.png,3,3,28.480995178222656,29.87409782409668,28.851482391357422,32.50001525878906,0.01609727367758751,0.06482896953821182,0.02331593632698059,0.8957577347755432,,0
1120064.png,/home/ubuntu/SCB-05-Dataset/5k_HRW_Dataset_combined/images/val/1120064.png,3,3,27.228557586669922,29.866050720214844,27.93731117248535,31.701248168945312,0.00956007745116949,0.1336318999528885,0.019420893862843513,0.8373870849609375,,0
1121005.png,/home/ubuntu/SCB-05-Dataset/5k_HRW_Dataset_combined/images/val/1121005.png,3,3,27.52348518371582,28.424978256225586,28.514850616455078,29.970359802246094,0.05646407976746559,0.1390867382287979,0.15216569602489471,0.6522834897041321,,0
1121006.png,/home/ubuntu/SCB-05-Dataset/5k_HRW_Dataset_combined/images/val/1121006.png,3,3,28.64251708984375,30.560195922851562,30.515384674072266,31.902015686035156,0.024784035980701447,0.16865895688533783,0.1612679809331894,0.6452890634536743,,0
1121009.png,/home/ubuntu/SCB-05-Dataset/5k_HRW_Dataset_combined/images/val/1121009.png,3,3,29.450109481811523,28.873449325561523,29.123920440673828,30.004724502563477,0.24846506118774414,0.1395805925130844,0.17930947244167328,0.43264490365982056,,0
1121020.png,/home/ubuntu/SCB-05-Dataset/5k_HRW_Dataset_combined/images/val/1121020.png,3,3,28.653223037719727,31.482845306396484,29.799592971801758,31.740034103393555,0.023259645327925682,0.39399656653404236,0.07319227606058121,0.5095515251159668,,0
1121013.png,/home/ubuntu/SCB-05-Dataset/5k_HRW_Dataset_combined/images/val/1121013.png,3,3,27.393753051757812,26.96758460998535,26.719820022583008,28.155824661254883,0.23226554691791534,0.1516708880662918,0.11838574707508087,0.49767786264419556,,0
1121022.png,/home/ubuntu/SCB-05-Dataset/5k_HRW_Dataset_combined/images/val/1121022.png,3,3,30.45245933532715,32.496864318847656,30.262434005737305,33.457679748535156,0.03362230211496353,0.25971752405166626,0.027803566306829453,0.6788566708564758,,0
1121029.png,/home/ubuntu/SCB-05-Dataset/5k_HRW_Dataset_combined/images/val/1121029.png,3,3,25.924575805664062,27.315383911132812,27.83220100402832,29.563230514526367,0.02008201740682125,0.08069147169589996,0.13529397547245026,0.7639325261116028,,0
1128007.png,/home/ubuntu/SCB-05-Dataset/5k_HRW_Dataset_combined/images/val/1128007.png,3,1,29.199241638183594,31.42024803161621,31.106847763061523,30.481143951416016,0.048645153641700745,0.4483430087566376,0.3277195692062378,0.1752922385931015,,0
1128023.png,/home/ubuntu/SCB-05-Dataset/5k_HRW_Dataset_combined/images/val/1128023.png,3,2,27.308385848999023,28.245601654052734,29.4736328125,29.25522232055664,0.0518776960670948,0.13243669271469116,0.4522051513195038,0.36348044872283936,,0
1128032.png,/home/ubuntu/SCB-05-Dataset/5k_HRW_Dataset_combined/images/val/1128032.png,3,3,25.445720672607422,26.865333557128906,28.085750579833984,30.617881774902344,0.005116540472954512,0.021159552037715912,0.07170126587152481,0.902022659778595,,0
1128026.png,/home/ubuntu/SCB-05-Dataset/5k_HRW_Dataset_combined/images/val/1128026.png,3,3,27.877485275268555,29.357210159301758,29.63777732849121,31.209421157836914,0.025511277839541435,0.11203882098197937,0.14832600951194763,0.7141238451004028,,0
1130002.png,/home/ubuntu/SCB-05-Dataset/5k_HRW_Dataset_combined/images/val/1130002.png,3,3,27.64492416381836,28.258150100708008,28.828140258789062,28.9007568359375,0.10392853617668152,0.1918913722038269,0.3393118679523468,0.3648682236671448,,0
1130014.png,/home/ubuntu/SCB-05-Dataset/5k_HRW_Dataset_combined/images/val/1130014.png,3,3,27.84541893005371,28.859970092773438,28.552488327026367,30.205524444580078,0.06105664372444153,0.16840188205242157,0.12382528185844421,0.6467162370681763,,0
1130021.png,/home/ubuntu/SCB-05-Dataset/5k_HRW_Dataset_combined/images/val/1130021.png,3,3,29.538372039794922,28.370901107788086,30.881742477416992,30.99912452697754,0.10579445958137512,0.03291825205087662,0.4053977131843567,0.45588958263397217,,0
1130030.png,/home/ubuntu/SCB-05-Dataset/5k_HRW_Dataset_combined/images/val/1130030.png,2,3,29.010629653930664,30.389171600341797,30.59781265258789,31.498729705810547,0.04566742479801178,0.18125905096530914,0.223311647772789,0.5497618913650513,,0
1130060.png,/home/ubuntu/SCB-05-Dataset/5k_HRW_Dataset_combined/images/val/1130060.png,3,3,29.641437530517578,31.2002010345459,30.840381622314453,31.379308700561523,0.06777463853359222,0.3221288323402405,0.22478225827217102,0.3853142559528351,,0
1180028.png,/home/ubuntu/SCB-05-Dataset/5k_HRW_Dataset_combined/images/val/1180028.png,3,1,30.235231399536133,32.39738464355469,31.945587158203125,32.18742370605469,0.044913798570632935,0.3902932107448578,0.2484150230884552,0.3163779079914093,,0
1180030.png,/home/ubuntu/SCB-05-Dataset/5k_HRW_Dataset_combined/images/val/1180030.png,3,3,29.220783233642578,31.942197799682617,30.768239974975586,33.593780517578125,0.009981811046600342,0.1517416089773178,0.046909548342227936,0.7913669943809509,,0
1180036.png,/home/ubuntu/SCB-05-Dataset/5k_HRW_Dataset_combined/images/val/1180036.png,3,2,26.698732376098633,27.996557235717773,29.296905517578125,29.259126663208008,0.03221503645181656,0.11794968694448471,0.4329431653022766,0.4168921709060669,,0
1180032.png,/home/ubuntu/SCB-05-Dataset/5k_HRW_Dataset_combined/images/val/1180032.png,3,3,28.329021453857422,30.635530471801758,29.928857803344727,33.021034240722656,0.007995904423296452,0.08027341216802597,0.039597488939762115,0.872133195400238,,0
1180037.png,/home/ubuntu/SCB-05-Dataset/5k_HRW_Dataset_combined/images/val/1180037.png,3,3,28.043672561645508,27.765613555908203,27.22598648071289,29.248783111572266,0.180641308426857,0.13679103553295135,0.07974445819854736,0.6028231382369995,,0
1180042.png,/home/ubuntu/SCB-05-Dataset/5k_HRW_Dataset_combined/images/val/1180042.png,3,3,25.33643341064453,24.70452880859375,24.31563949584961,25.874542236328125,0.2774192988872528,0.1474701166152954,0.09995660930871964,0.47515398263931274,,0
1180047.png,/home/ubuntu/SCB-05-Dataset/5k_HRW_Dataset_combined/images/val/1180047.png,3,3,28.116012573242188,28.603532791137695,29.706567764282227,31.405162811279297,0.02910800464451313,0.04739579185843468,0.14281761646270752,0.7806785702705383,,0
1180048.png,/home/ubuntu/SCB-05-Dataset/5k_HRW_Dataset_combined/images/val/1180048.png,3,3,27.599699020385742,28.11141586303711,29.523540496826172,29.918581008911133,0.050813864916563034,0.08476528525352478,0.34793326258659363,0.5164875388145447,,0
1243003.png,/home/ubuntu/SCB-05-Dataset/5k_HRW_Dataset_combined/images/val/1243003.png,3,3,25.607877731323242,25.235855102539062,26.664756774902344,28.869586944580078,0.032614920288324356,0.022482724860310555,0.0938454121351242,0.8510569334030151,,0
1243008.png,/home/ubuntu/SCB-05-Dataset/5k_HRW_Dataset_combined/images/val/1243008.png,3,3,27.12455940246582,29.414663314819336,29.30813980102539,32.02881622314453,0.006467608734965324,0.06387386471033096,0.05741967260837555,0.8722388744354248,,0
1243010.png,/home/ubuntu/SCB-05-Dataset/5k_HRW_Dataset_combined/images/val/1243010.png,2,3,28.14495849609375,29.31940460205078,29.53978157043457,30.401601791381836,0.05611173063516617,0.18159717321395874,0.22636933624744415,0.5359217524528503,,0
1243011.png,/home/ubuntu/SCB-05-Dataset/5k_HRW_Dataset_combined/images/val/1243011.png,3,3,29.30630111694336,29.449251174926758,30.68299674987793,31.047258377075195,0.0846148207783699,0.09761777520179749,0.33522602915763855,0.48254141211509705,,0
1243012.png,/home/ubuntu/SCB-05-Dataset/5k_HRW_Dataset_combined/images/val/1243012.png,3,1,29.9227237701416,32.40504837036133,30.868968963623047,32.38201141357422,0.03670863062143326,0.4393676221370697,0.09456212818622589,0.42936164140701294,,0
1243015.png,/home/ubuntu/SCB-05-Dataset/5k_HRW_Dataset_combined/images/val/1243015.png,3,3,27.436622619628906,29.939794540405273,30.280637741088867,33.01811981201172,0.0033798106014728546,0.041305333375930786,0.058080777525901794,0.8972341418266296,,0
1243021.png,/home/ubuntu/SCB-05-Dataset/5k_HRW_Dataset_combined/images/val/1243021.png,3,3,26.86583709716797,28.117984771728516,29.548513412475586,31.601364135742188,0.0075162253342568874,0.026290608569979668,0.10991863161325455,0.8562746047973633,,0
1243028.png,/home/ubuntu/SCB-05-Dataset/5k_HRW_Dataset_combined/images/val/1243028.png,3,3,28.148344039916992,26.9410400390625,28.56472396850586,30.451953887939453,0.07796835899353027,0.02331271767616272,0.11823603510856628,0.7804829478263855,,0
1243032.png,/home/ubuntu/SCB-05-Dataset/5k_HRW_Dataset_combined/images/val/1243032.png,3,3,29.04007339477539,29.745826721191406,30.2491397857666,31.739368438720703,0.047069963067770004,0.09533416479825974,0.15770108997821808,0.6998947858810425,,0
1246027.png,/home/ubuntu/SCB-05-Dataset/5k_HRW_Dataset_combined/images/val/1246027.png,3,3,28.763065338134766,28.99268341064453,29.903453826904297,32.63749313354492,0.01867719180881977,0.023498138412833214,0.05842194706201553,0.8994027376174927,,0
1246029.png,/home/ubuntu/SCB-05-Dataset/5k_HRW_Dataset_combined/images/val/1246029.png,3,3,27.806669235229492,29.175477981567383,29.00943374633789,30.17824363708496,0.05270308256149292,0.20715820789337158,0.17546480894088745,0.564673900604248,,0
1246034.png,/home/ubuntu/SCB-05-Dataset/5k_HRW_Dataset_combined/images/val/1246034.png,3,3,28.357769012451172,29.82640266418457,29.15740966796875,30.924707412719727,0.04855802282691002,0.2109018713235855,0.10802903026342392,0.6325110793113708,,0
1246039.png,/home/ubuntu/SCB-05-Dataset/5k_HRW_Dataset_combined/images/val/1246039.png,3,3,27.913061141967773,29.467811584472656,28.89816665649414,29.703611373901367,0.06942155212163925,0.328635036945343,0.18591748178005219,0.41602593660354614,,0
1246048.png,/home/ubuntu/SCB-05-Dataset/5k_HRW_Dataset_combined/images/val/1246048.png,3,3,29.30386734008789,28.614694595336914,30.728107452392578,30.849212646484375,0.09665308892726898,0.04851899668574333,0.4015645384788513,0.45326343178749084,,0
1246040.png,/home/ubuntu/SCB-05-Dataset/5k_HRW_Dataset_combined/images/val/1246040.png,2,3,30.17105484008789,29.48308563232422,29.68882942199707,30.298131942749023,0.30717170238494873,0.15438318252563477,0.18965023756027222,0.3487948775291443,,0
1246050.png,/home/ubuntu/SCB-05-Dataset/5k_HRW_Dataset_combined/images/val/1246050.png,3,3,27.46070098876953,29.763019561767578,29.537439346313477,31.318681716918945,0.015072649344801903,0.1506863236427307,0.12025568634271622,0.7139853835105896,,0
1249003.png,/home/ubuntu/SCB-05-Dataset/5k_HRW_Dataset_combined/images/val/1249003.png,3,3,29.869579315185547,29.745601654052734,30.17766761779785,32.61090087890625,0.05332854390144348,0.047110408544540405,0.07257059961557388,0.8269904851913452,,0
1249010.png,/home/ubuntu/SCB-05-Dataset/5k_HRW_Dataset_combined/images/val/1249010.png,3,3,27.396350860595703,28.98712730407715,28.95885467529297,30.83742332458496,0.02386707067489624,0.11712902784347534,0.11386385560035706,0.7451400756835938,,0
1249012.png,/home/ubuntu/SCB-05-Dataset/5k_HRW_Dataset_combined/images/val/1249012.png,2,1,30.560487747192383,32.8662223815918,32.20771408081055,31.708187103271484,0.05161280557513237,0.5177561640739441,0.268002450466156,0.16262860596179962,,0
1249022.png,/home/ubuntu/SCB-05-Dataset/5k_HRW_Dataset_combined/images/val/1249022.png,3,3,29.26719856262207,30.906158447265625,30.03244400024414,31.535688400268555,0.055666498839855194,0.286671906709671,0.11965635418891907,0.5380052328109741,,0
1249023.png,/home/ubuntu/SCB-05-Dataset/5k_HRW_Dataset_combined/images/val/1249023.png,3,3,29.552602767944336,30.363258361816406,30.630075454711914,31.328826904296875,0.08268469572067261,0.18598948419094086,0.24286535382270813,0.488460510969162,,0
1249042.png,/home/ubuntu/SCB-05-Dataset/5k_HRW_Dataset_combined/images/val/1249042.png,3,3,27.28000831604004,29.3415584564209,29.540781021118164,32.22966384887695,0.0062666465528309345,0.04924420267343521,0.0601002536714077,0.8843889832496643,,0
1249043.png,/home/ubuntu/SCB-05-Dataset/5k_HRW_Dataset_combined/images/val/1249043.png,3,3,28.879940032958984,28.791767120361328,30.15468978881836,33.567649841308594,0.008764428086578846,0.008024732582271099,0.03135742247104645,0.9518533945083618,,0
1249052.png,/home/ubuntu/SCB-05-Dataset/5k_HRW_Dataset_combined/images/val/1249052.png,3,3,28.819482803344727,30.798175811767578,31.411861419677734,32.321571350097656,0.01825501024723053,0.13204365968704224,0.24391460418701172,0.6057867407798767,,0
1249063.png,/home/ubuntu/SCB-05-Dataset/5k_HRW_Dataset_combined/images/val/1249063.png,3,3,26.9653377532959,27.659839630126953,28.20795249938965,29.471391677856445,0.05340784415602684,0.1069604903459549,0.18504005670547485,0.6545916199684143,,0
1249054.png,/home/ubuntu/SCB-05-Dataset/5k_HRW_Dataset_combined/images/val/1249054.png,3,3,29.03953742980957,30.14214324951172,30.854373931884766,30.870073318481445,0.061015401035547256,0.18377865850925446,0.37463897466659546,0.3805669844150543,,0
1249068.png,/home/ubuntu/SCB-05-Dataset/5k_HRW_Dataset_combined/images/val/1249068.png,3,3,28.234027862548828,29.67458724975586,30.301815032958984,32.09393310546875,0.016504041850566864,0.06969752162694931,0.13050252199172974,0.7832959294319153,,0
1252006.png,/home/ubuntu/SCB-05-Dataset/5k_HRW_Dataset_combined/images/val/1252006.png,3,2,30.673194885253906,31.108829498291016,32.078895568847656,31.71744728088379,0.10564570128917694,0.163322314620018,0.4308636784553528,0.30016833543777466,,0
1252007.png,/home/ubuntu/SCB-05-Dataset/5k_HRW_Dataset_combined/images/val/1252007.png,2,2,29.88180160522461,30.705568313598633,31.463340759277344,31.029415130615234,0.08855695277452469,0.20182736217975616,0.43060237169265747,0.27901333570480347,,0
1252035.png,/home/ubuntu/SCB-05-Dataset/5k_HRW_Dataset_combined/images/val/1252035.png,3,3,28.177648544311523,30.102067947387695,30.63705062866211,31.56999397277832,0.0202903151512146,0.1390123963356018,0.23735235631465912,0.6033449769020081,,0
1252031.png,/home/ubuntu/SCB-05-Dataset/5k_HRW_Dataset_combined/images/val/1252031.png,3,3,28.716236114501953,28.979450225830078,29.881736755371094,29.939790725708008,0.1122601181268692,0.1460622400045395,0.36007753014564514,0.38160014152526855,,0
1253001.png,/home/ubuntu/SCB-05-Dataset/5k_HRW_Dataset_combined/images/val/1253001.png,3,2,28.858015060424805,29.960716247558594,30.576852798461914,30.333120346069336,0.07162385433912277,0.21575196087360382,0.3995208442211151,0.3131033778190613,,0
1253034.png,/home/ubuntu/SCB-05-Dataset/5k_HRW_Dataset_combined/images/val/1253034.png,3,2,27.197986602783203,27.108251571655273,27.863449096679688,27.313154220581055,0.20073769986629486,0.18350908160209656,0.3905131220817566,0.2252400517463684,,0
1253044.png,/home/ubuntu/SCB-05-Dataset/5k_HRW_Dataset_combined/images/val/1253044.png,3,3,28.856159210205078,28.876867294311523,30.34270668029785,32.259220123291016,0.02739824540913105,0.027971522882580757,0.12114963680505753,0.823480486869812,,0
1253052.png,/home/ubuntu/SCB-05-Dataset/5k_HRW_Dataset_combined/images/val/1253052.png,3,2,27.341285705566406,26.939804077148438,28.831642150878906,28.490928649902344,0.10793226957321167,0.07224204391241074,0.47907647490501404,0.34074923396110535,,0
1254012.png,/home/ubuntu/SCB-05-Dataset/5k_HRW_Dataset_combined/images/val/1254012.png,3,3,28.016101837158203,28.941965103149414,29.239822387695312,31.105405807495117,0.03461926802992821,0.08738064020872116,0.11769906431436539,0.7603010535240173,,0
1254013.png,/home/ubuntu/SCB-05-Dataset/5k_HRW_Dataset_combined/images/val/1254013.png,3,3,28.158267974853516,30.608016967773438,29.880887985229492,30.8617000579834,0.03019733354449272,0.3498493731021881,0.16908028721809387,0.4508730173110962,,0
1254015.png,/home/ubuntu/SCB-05-Dataset/5k_HRW_Dataset_combined/images/val/1254015.png,3,1,27.24193572998047,29.520030975341797,27.189905166625977,28.531503677368164,0.06519503146409988,0.6361780166625977,0.061889633536338806,0.23673734068870544,,0
1254016.png,/home/ubuntu/SCB-05-Dataset/5k_HRW_Dataset_combined/images/val/1254016.png,3,1,29.27684211730957,30.524736404418945,30.30986213684082,29.84946060180664,0.11030900478363037,0.3842063844203949,0.3099173605442047,0.19556722044944763,,0
1254026.png,/home/ubuntu/SCB-05-Dataset/5k_HRW_Dataset_combined/images/val/1254026.png,3,3,28.06134796142578,28.640153884887695,28.415590286254883,30.31951141357422,0.07259784638881683,0.12950780987739563,0.10345922410488129,0.6944351196289062,,0
1254022.png,/home/ubuntu/SCB-05-Dataset/5k_HRW_Dataset_combined/images/val/1254022.png,3,3,27.60367774963379,27.3863468170166,28.373029708862305,30.2164306640625,0.05681956931948662,0.04572064429521561,0.12263749539852142,0.7748223543167114,,0
1254032.png,/home/ubuntu/SCB-05-Dataset/5k_HRW_Dataset_combined/images/val/1254032.png,3,3,31.470298767089844,32.58210372924805,31.83843231201172,32.637489318847656,0.11497122049331665,0.34949415922164917,0.1661374568939209,0.3693971633911133,,0
1255004.png,/home/ubuntu/SCB-05-Dataset/5k_HRW_Dataset_combined/images/val/1255004.png,3,3,26.75759506225586,27.83433723449707,27.98406219482422,29.47260093688965,0.044545482844114304,0.130745530128479,0.15186287462711334,0.6728461384773254,,0
1255007.png,/home/ubuntu/SCB-05-Dataset/5k_HRW_Dataset_combined/images/val/1255007.png,2,3,30.300865173339844,30.68174171447754,30.152589797973633,31.135786056518555,0.17760752141475677,0.2599404752254486,0.15313206613063812,0.4093199074268341,,0
1255009.png,/home/ubuntu/SCB-05-Dataset/5k_HRW_Dataset_combined/images/val/1255009.png,2,3,29.498577117919922,30.02939796447754,30.433374404907227,32.47490692138672,0.040220871567726135,0.06838864833116531,0.10243037343025208,0.7889601588249207,,0
1256001.png,/home/ubuntu/SCB-05-Dataset/5k_HRW_Dataset_combined/images/val/1256001.png,2,3,27.924888610839844,28.96609878540039,28.722017288208008,30.387819290161133,0.0562082938849926,0.15921804308891296,0.12473518401384354,0.6598384380340576,,0
1256028.png,/home/ubuntu/SCB-05-Dataset/5k_HRW_Dataset_combined/images/val/1256028.png,2,2,30.56863021850586,30.253345489501953,30.582189559936523,29.563173294067383,0.3216353952884674,0.2346591353416443,0.3260262906551361,0.11767913401126862,,0
1256039.png,/home/ubuntu/SCB-05-Dataset/5k_HRW_Dataset_combined/images/val/1256039.png,3,3,28.788957595825195,30.91767120361328,29.54234504699707,32.021366119384766,0.027123169973492622,0.22794443368911743,0.057614587247371674,0.6873178482055664,,0
1256044.png,/home/ubuntu/SCB-05-Dataset/5k_HRW_Dataset_combined/images/val/1256044.png,3,3,28.99641990661621,31.12556266784668,31.27202033996582,33.88943099975586,0.0065575516782701015,0.0551336444914341,0.06382964551448822,0.8744791150093079,,0
1256057.png,/home/ubuntu/SCB-05-Dataset/5k_HRW_Dataset_combined/images/val/1256057.png,3,3,27.14529037475586,28.919776916503906,29.6539249420166,31.574642181396484,0.00970285851508379,0.057220201939344406,0.11923006922006607,0.8138468861579895,,0
1256058.png,/home/ubuntu/SCB-05-Dataset/5k_HRW_Dataset_combined/images/val/1256058.png,3,3,26.498777389526367,28.389427185058594,27.611949920654297,31.045650482177734,0.009523388929665089,0.06307980418205261,0.028989199548959732,0.8984076380729675,,0
1257001.png,/home/ubuntu/SCB-05-Dataset/5k_HRW_Dataset_combined/images/val/1257001.png,3,3,25.650856018066406,23.550186157226562,25.160642623901367,27.741777420043945,0.10175798833370209,0.012452575378119946,0.062326326966285706,0.8234630823135376,,0
1257004.png,/home/ubuntu/SCB-05-Dataset/5k_HRW_Dataset_combined/images/val/1257004.png,3,3,29.06917953491211,30.72933006286621,31.430334091186523,33.119075775146484,0.013467145152390003,0.070838563144207,0.1427946537733078,0.7728996872901917,,0
1257006.png,/home/ubuntu/SCB-05-Dataset/5k_HRW_Dataset_combined/images/val/1257006.png,2,3,30.033382415771484,30.619585037231445,30.80262565612793,31.75533676147461,0.09478010982275009,0.17033417522907257,0.20454804599285126,0.5303376913070679,,0
1257011.png,/home/ubuntu/SCB-05-Dataset/5k_HRW_Dataset_combined/images/val/1257011.png,3,2,29.876380920410156,31.097396850585938,31.398466110229492,30.705007553100586,0.0887896865606308,0.301052987575531,0.4068138003349304,0.20334358513355255,,0
1257016.png,/home/ubuntu/SCB-05-Dataset/5k_HRW_Dataset_combined/images/val/1257016.png,3,3,27.76869010925293,28.330785751342773,28.39594841003418,31.070024490356445,0.031470634043216705,0.05521035194396973,0.058927811682224274,0.8543912172317505,,0
1257020.png,/home/ubuntu/SCB-05-Dataset/5k_HRW_Dataset_combined/images/val/1257020.png,3,3,26.76776123046875,27.536314010620117,28.45665168762207,28.480724334716797,0.07084418833255768,0.15278561413288116,0.3835129737854004,0.392857164144516,,0
1257022.png,/home/ubuntu/SCB-05-Dataset/5k_HRW_Dataset_combined/images/val/1257022.png,2,3,26.237117767333984,27.004873275756836,27.02267074584961,30.017004013061523,0.020341908559203148,0.043835267424583435,0.044622406363487244,0.8912004828453064,,0
1257028.png,/home/ubuntu/SCB-05-Dataset/5k_HRW_Dataset_combined/images/val/1257028.png,3,3,28.906654357910156,29.54990577697754,28.6763916015625,29.80337142944336,0.16264067590236664,0.3094494640827179,0.12918952107429504,0.398720383644104,,0
1257033.png,/home/ubuntu/SCB-05-Dataset/5k_HRW_Dataset_combined/images/val/1257033.png,3,3,28.534770965576172,28.282482147216797,29.64169692993164,30.125490188598633,0.10299358516931534,0.08002811670303345,0.3115602135658264,0.505418062210083,,0
1257031.png,/home/ubuntu/SCB-05-Dataset/5k_HRW_Dataset_combined/images/val/1257031.png,3,3,28.409666061401367,28.48516082763672,29.79007911682129,31.510616302490234,0.035368163138628006,0.038141652941703796,0.14064304530620575,0.7858471870422363,,0
1257034.png,/home/ubuntu/SCB-05-Dataset/5k_HRW_Dataset_combined/images/val/1257034.png,3,3,27.44274139404297,28.80135726928711,28.789182662963867,30.90682029724121,0.024581173434853554,0.09564051777124405,0.09448320418596268,0.7852951884269714,,0
1262004.png,/home/ubuntu/SCB-05-Dataset/5k_HRW_Dataset_combined/images/val/1262004.png,3,3,29.734771728515625,31.633251190185547,30.802143096923828,31.81999969482422,0.053677190095186234,0.3583347499370575,0.15607857704162598,0.4319095313549042,,0
1262011.png,/home/ubuntu/SCB-05-Dataset/5k_HRW_Dataset_combined/images/val/1262011.png,3,0,26.194698333740234,26.019567489624023,25.553638458251953,26.051589965820312,0.30933499336242676,0.2596394717693329,0.1629372090101242,0.26808831095695496,,0
1262012.png,/home/ubuntu/SCB-05-Dataset/5k_HRW_Dataset_combined/images/val/1262012.png,3,3,27.793258666992188,28.199970245361328,28.158906936645508,30.052471160888672,0.07397071272134781,0.11109445989131927,0.10662495344877243,0.7083099484443665,,0
1262013.png,/home/ubuntu/SCB-05-Dataset/5k_HRW_Dataset_combined/images/val/1262013.png,3,3,29.48995018005371,29.75984001159668,28.981319427490234,30.801286697387695,0.15100565552711487,0.1977902352809906,0.09080246835947037,0.5604016184806824,,0
1262031.png,/home/ubuntu/SCB-05-Dataset/5k_HRW_Dataset_combined/images/val/1262031.png,2,3,25.71076202392578,24.319738388061523,27.650829315185547,27.947410583496094,0.05691538378596306,0.014161713421344757,0.3960866332054138,0.5328363180160522,,0
1262025.png,/home/ubuntu/SCB-05-Dataset/5k_HRW_Dataset_combined/images/val/1262025.png,2,1,31.50669288635254,32.08884811401367,31.634706497192383,30.53430938720703,0.23230740427970886,0.4158051609992981,0.2640332877635956,0.08785414695739746,,0
1265001.png,/home/ubuntu/SCB-05-Dataset/5k_HRW_Dataset_combined/images/val/1265001.png,3,3,25.556671142578125,25.773340225219727,26.13092613220215,26.610136032104492,0.14523673057556152,0.18037432432174683,0.25791242718696594,0.4164764881134033,,0
1265003.png,/home/ubuntu/SCB-05-Dataset/5k_HRW_Dataset_combined/images/val/1265003.png,2,1,29.66986846923828,29.994768142700195,29.04806137084961,28.951539993286133,0.29339009523391724,0.4060201346874237,0.1575426161289215,0.14304719865322113,,0
1265019.png,/home/ubuntu/SCB-05-Dataset/5k_HRW_Dataset_combined/images/val/1265019.png,3,3,27.752033233642578,29.009511947631836,29.60076904296875,30.334640502929688,0.041493915021419525,0.1459151953458786,0.26356041431427,0.5490305423736572,,0
1265033.png,/home/ubuntu/SCB-05-Dataset/5k_HRW_Dataset_combined/images/val/1265033.png,3,3,27.27859115600586,26.048330307006836,28.55752182006836,30.755483627319336,0.02684994973242283,0.007845994085073471,0.09646637737751007,0.8688377141952515,,0
1265043.png,/home/ubuntu/SCB-05-Dataset/5k_HRW_Dataset_combined/images/val/1265043.png,3,1,30.53424644470215,31.90765953063965,31.387001037597656,30.473159790039062,0.12142334133386612,0.479477196931839,0.2848713994026184,0.1142280176281929,,0
1265052.png,/home/ubuntu/SCB-05-Dataset/5k_HRW_Dataset_combined/images/val/1265052.png,3,3,27.189714431762695,28.885555267333984,28.412357330322266,31.65627098083496,0.010319511406123638,0.056254006922245026,0.03504662588238716,0.8983798027038574,,0
1265054.png,/home/ubuntu/SCB-05-Dataset/5k_HRW_Dataset_combined/images/val/1265054.png,3,3,23.62447738647461,24.022607803344727,24.83017349243164,28.006563186645508,0.011650550179183483,0.017348114401102066,0.038902148604393005,0.9320991635322571,,0
1265055.png,/home/ubuntu/SCB-05-Dataset/5k_HRW_Dataset_combined/images/val/1265055.png,3,3,29.742645263671875,30.643770217895508,30.958778381347656,32.49413299560547,0.04443969205021858,0.10942702740430832,0.14994464814662933,0.6961886882781982,,0
1265066.png,/home/ubuntu/SCB-05-Dataset/5k_HRW_Dataset_combined/images/val/1265066.png,3,3,24.8699893951416,25.001489639282227,24.186450958251953,28.161026000976562,0.033879850059747696,0.03864126652479172,0.01710348203778267,0.9103754162788391,,0
1265058.png,/home/ubuntu/SCB-05-Dataset/5k_HRW_Dataset_combined/images/val/1265058.png,3,3,30.630266189575195,31.727659225463867,31.802034378051758,33.31132507324219,0.045819882303476334,0.13729216158390045,0.14789260923862457,0.6689953207969666,,0
1265067.png,/home/ubuntu/SCB-05-Dataset/5k_HRW_Dataset_combined/images/val/1265067.png,3,3,25.60759735107422,25.463834762573242,24.527603149414062,28.067127227783203,0.07191656529903412,0.062286462634801865,0.02442268654704094,0.8413742184638977,,0
1265069.png,/home/ubuntu/SCB-05-Dataset/5k_HRW_Dataset_combined/images/val/1265069.png,3,1,30.884037017822266,32.5668830871582,31.238189697265625,31.700176239013672,0.09932881593704224,0.5344732999801636,0.14154084026813507,0.22465702891349792,,0
1265070.png,/home/ubuntu/SCB-05-Dataset/5k_HRW_Dataset_combined/images/val/1265070.png,3,1,30.760297775268555,32.02711868286133,30.944782257080078,30.74474334716797,0.14844033122062683,0.5268963575363159,0.17851406335830688,0.14614927768707275,,0
1265071.png,/home/ubuntu/SCB-05-Dataset/5k_HRW_Dataset_combined/images/val/1265071.png,3,3,29.629703521728516,30.92747688293457,29.94089126586914,31.7105770111084,0.07123702019453049,0.26080840826034546,0.09724177420139313,0.5707128047943115,,0
1265073.png,/home/ubuntu/SCB-05-Dataset/5k_HRW_Dataset_combined/images/val/1265073.png,3,3,27.168851852416992,28.353500366210938,27.76309585571289,29.986858367919922,0.043812308460474014,0.14324596524238586,0.07937304675579071,0.7335687279701233,,0
1265074.png,/home/ubuntu/SCB-05-Dataset/5k_HRW_Dataset_combined/images/val/1265074.png,2,2,30.262964248657227,30.55649185180664,31.22745132446289,30.558473587036133,0.1585187315940857,0.21259744465351105,0.41586464643478394,0.21301916241645813,,0
1265083.png,/home/ubuntu/SCB-05-Dataset/5k_HRW_Dataset_combined/images/val/1265083.png,2,3,28.36417007446289,28.357908248901367,29.656208038330078,31.9249267578125,0.024495532736182213,0.024342626333236694,0.08916858583688736,0.8619932532310486,,0
1265099.png,/home/ubuntu/SCB-05-Dataset/5k_HRW_Dataset_combined/images/val/1265099.png,3,3,29.298633575439453,28.991640090942383,30.325942993164062,32.450218200683594,0.03583937883377075,0.026365436613559723,0.1001187264919281,0.837676465511322,,0
1265106.png,/home/ubuntu/SCB-05-Dataset/5k_HRW_Dataset_combined/images/val/1265106.png,3,3,25.719627380371094,26.53409767150879,27.07178497314453,27.112071990966797,0.08969885855913162,0.20253819227218628,0.3467540442943573,0.3610089421272278,,0
1265109.png,/home/ubuntu/SCB-05-Dataset/5k_HRW_Dataset_combined/images/val/1265109.png,3,3,26.420345306396484,24.98682403564453,26.316715240478516,27.890384674072266,0.15409667789936066,0.03674708306789398,0.13892719149589539,0.6702290177345276,,0
1266010.png,/home/ubuntu/SCB-05-Dataset/5k_HRW_Dataset_combined/images/val/1266010.png,3,3,27.600387573242188,30.17827033996582,30.05789566040039,31.946664810180664,0.009705395437777042,0.12781254947185516,0.1133170947432518,0.7491649389266968,,0
1266011.png,/home/ubuntu/SCB-05-Dataset/5k_HRW_Dataset_combined/images/val/1266011.png,3,3,29.53702163696289,31.20502281188965,30.876678466796875,32.21895217895508,0.040432512760162354,0.21435542404651642,0.1543605476617813,0.5908515453338623,,0
1266002.png,/home/ubuntu/SCB-05-Dataset/5k_HRW_Dataset_combined/images/val/1266002.png,3,1,30.08974838256836,32.274723052978516,30.108118057250977,31.168655395507812,0.07219994068145752,0.6418880820274353,0.07353848963975906,0.21237345039844513,,0
1266015.png,/home/ubuntu/SCB-05-Dataset/5k_HRW_Dataset_combined/images/val/1266015.png,3,3,27.84206199645996,30.246036529541016,30.427486419677734,31.972122192382812,0.011426265351474285,0.12645535171031952,0.15161418914794922,0.7105042338371277,,0
1266028.png,/home/ubuntu/SCB-05-Dataset/5k_HRW_Dataset_combined/images/val/1266028.png,3,3,25.443721771240234,24.96574592590332,23.58193016052246,26.39840316772461,0.2286616563796997,0.14177872240543365,0.035532642155885696,0.5940269827842712,,0
1266051.png,/home/ubuntu/SCB-05-Dataset/5k_HRW_Dataset_combined/images/val/1266051.png,2,3,28.484375,28.150075912475586,28.374069213867188,30.859161376953125,0.07484964281320572,0.05358034372329712,0.06703236699104309,0.8045375943183899,,0
1266045.png,/home/ubuntu/SCB-05-Dataset/5k_HRW_Dataset_combined/images/val/1266045.png,3,3,24.926992416381836,27.40325355529785,27.511810302734375,29.932737350463867,0.005700415465980768,0.06781613826751709,0.07559249550104141,0.8508909344673157,,0
1266056.png,/home/ubuntu/SCB-05-Dataset/5k_HRW_Dataset_combined/images/val/1266056.png,3,3,30.547529220581055,30.50319480895996,30.631023406982422,30.638296127319336,0.24162021279335022,0.23114211857318878,0.2626602351665497,0.2645774483680725,,0
1266053.png,/home/ubuntu/SCB-05-Dataset/5k_HRW_Dataset_combined/images/val/1266053.png,3,3,28.71932029724121,29.824642181396484,29.965373992919922,31.459787368774414,0.04349525272846222,0.13136421144008636,0.15121544897556305,0.6739250421524048,,0
1267008.png,/home/ubuntu/SCB-05-Dataset/5k_HRW_Dataset_combined/images/val/1267008.png,3,3,29.259126663208008,30.040233612060547,30.19014549255371,30.268749237060547,0.11812587082386017,0.25797370076179504,0.29969626665115356,0.32420411705970764,,0
1267014.png,/home/ubuntu/SCB-05-Dataset/5k_HRW_Dataset_combined/images/val/1267014.png,3,3,27.490741729736328,29.85454750061035,29.15826988220215,32.22361373901367,0.007659793831408024,0.08143384009599686,0.04058965668082237,0.8703166842460632,,0
1267002.png,/home/ubuntu/SCB-05-Dataset/5k_HRW_Dataset_combined/images/val/1267002.png,3,3,27.68014144897461,29.434066772460938,30.644622802734375,33.5291748046875,0.0026805284433066845,0.015486044809222221,0.05196109414100647,0.9298723340034485,,0
1267010.png,/home/ubuntu/SCB-05-Dataset/5k_HRW_Dataset_combined/images/val/1267010.png,2,3,29.66618537902832,29.710847854614258,30.41223907470703,30.882713317871094,0.13280591368675232,0.13887181878089905,0.280042827129364,0.44827941060066223,,0
1267059.png,/home/ubuntu/SCB-05-Dataset/5k_HRW_Dataset_combined/images/val/1267059.png,3,3,26.241090774536133,25.49268341064453,27.80274200439453,28.787797927856445,0.05261826887726784,0.024894725531339645,0.2508147358894348,0.6716722249984741,,0
1267080.png,/home/ubuntu/SCB-05-Dataset/5k_HRW_Dataset_combined/images/val/1267080.png,3,3,29.543663024902344,31.101856231689453,30.118852615356445,31.824565887451172,0.0577593669295311,0.27437031269073486,0.10266538709402084,0.565204918384552,,0
1267063.png,/home/ubuntu/SCB-05-Dataset/5k_HRW_Dataset_combined/images/val/1267063.png,3,3,29.70404052734375,29.53708267211914,30.93335723876953,33.65346145629883,0.01749156042933464,0.014801975339651108,0.05980176851153374,0.9079046845436096,,0
1267112.png,/home/ubuntu/SCB-05-Dataset/5k_HRW_Dataset_combined/images/val/1267112.png,3,2,26.609981536865234,25.69664192199707,26.666635513305664,26.34699249267578,0.30976805090904236,0.12427341192960739,0.32782426476478577,0.2381342649459839,,0
1270008.png,/home/ubuntu/SCB-05-Dataset/5k_HRW_Dataset_combined/images/val/1270008.png,3,3,26.312108993530273,27.03217887878418,29.107755661010742,29.17965316772461,0.02701129950582981,0.055496782064437866,0.4422617554664612,0.47523021697998047,,0
1267128.png,/home/ubuntu/SCB-05-Dataset/5k_HRW_Dataset_combined/images/val/1267128.png,2,3,28.151622772216797,30.988445281982422,30.049705505371094,32.0189094543457,0.01378416083753109,0.23517799377441406,0.09198291599750519,0.6590548753738403,,0
1270011.png,/home/ubuntu/SCB-05-Dataset/5k_HRW_Dataset_combined/images/val/1270011.png,3,3,26.626564025878906,27.265336990356445,28.295761108398438,29.00572395324707,0.05263742804527283,0.09970346838235855,0.2793944180011749,0.5682647228240967,,0
1270019.png,/home/ubuntu/SCB-05-Dataset/5k_HRW_Dataset_combined/images/val/1270019.png,3,3,26.427072525024414,26.99979019165039,28.1484375,31.721538543701172,0.004817037843167782,0.008540990762412548,0.026937631890177727,0.9597043991088867,,0
1270044.png,/home/ubuntu/SCB-05-Dataset/5k_HRW_Dataset_combined/images/val/1270044.png,3,3,28.814590454101562,30.15555763244629,29.624038696289062,31.67586898803711,0.04072776809334755,0.15569163858890533,0.09150177240371704,0.712078869342804,,0
1270048.png,/home/ubuntu/SCB-05-Dataset/5k_HRW_Dataset_combined/images/val/1270048.png,3,3,28.466304779052734,29.972686767578125,29.537456512451172,31.18817901611328,0.042304906994104385,0.19081129133701324,0.12347696721553802,0.6434068083763123,,0
1270049.png,/home/ubuntu/SCB-05-Dataset/5k_HRW_Dataset_combined/images/val/1270049.png,3,3,28.742996215820312,29.56587028503418,29.66212272644043,30.790164947509766,0.07390943169593811,0.16829435527324677,0.18529829382896423,0.5724979639053345,,0
1270052.png,/home/ubuntu/SCB-05-Dataset/5k_HRW_Dataset_combined/images/val/1270052.png,3,3,28.799766540527344,30.475021362304688,30.714433670043945,32.457000732421875,0.019275682047009468,0.10293514281511307,0.13077932596206665,0.7470098733901978,,0
1270055.png,/home/ubuntu/SCB-05-Dataset/5k_HRW_Dataset_combined/images/val/1270055.png,2,3,27.20545768737793,28.18383026123047,29.71237564086914,30.070526123046875,0.029870862141251564,0.07946018129587173,0.36642777919769287,0.5242412090301514,,0
1270058.png,/home/ubuntu/SCB-05-Dataset/5k_HRW_Dataset_combined/images/val/1270058.png,3,3,28.847049713134766,30.673328399658203,31.193361282348633,32.001487731933594,0.02433234639465809,0.15112166106700897,0.25419917702674866,0.5703467726707458,,0
1270076.png,/home/ubuntu/SCB-05-Dataset/5k_HRW_Dataset_combined/images/val/1270076.png,3,3,31.36223602294922,33.03443145751953,31.68497657775879,33.27474594116211,0.06908553093671799,0.3678005337715149,0.09540069848299026,0.4677131772041321,,0
1270063.png,/home/ubuntu/SCB-05-Dataset/5k_HRW_Dataset_combined/images/val/1270063.png,3,3,31.93466567993164,33.59901428222656,32.33281326293945,33.868350982666016,0.06809093803167343,0.35967206954956055,0.1013917624950409,0.4708452522754669,,0
1270079.png,/home/ubuntu/SCB-05-Dataset/5k_HRW_Dataset_combined/images/val/1270079.png,3,3,29.53427505493164,31.415403366088867,30.559101104736328,33.2855224609375,0.01889585144817829,0.12397384643554688,0.052655380219221115,0.8044748902320862,,0
1270086.png,/home/ubuntu/SCB-05-Dataset/5k_HRW_Dataset_combined/images/val/1270086.png,3,3,28.37578582763672,30.495393753051758,28.910747528076172,30.75290298461914,0.04585251584649086,0.3818538784980774,0.07828780263662338,0.49400579929351807,,0
1270095.png,/home/ubuntu/SCB-05-Dataset/5k_HRW_Dataset_combined/images/val/1270095.png,3,3,27.092439651489258,28.030603408813477,28.532182693481445,29.668983459472656,0.04778629541397095,0.12210758775472641,0.2016395926475525,0.6284664273262024,,0
1274007.png,/home/ubuntu/SCB-05-Dataset/5k_HRW_Dataset_combined/images/val/1274007.png,3,3,29.31939125061035,29.9931583404541,30.69080924987793,30.942989349365234,0.08351530879735947,0.16382472217082977,0.3291284143924713,0.42353159189224243,,0
1270082.png,/home/ubuntu/SCB-05-Dataset/5k_HRW_Dataset_combined/images/val/1270082.png,3,3,29.293203353881836,30.82432746887207,29.598182678222656,31.09668731689453,0.0766240656375885,0.35426151752471924,0.10394797474145889,0.4651663899421692,,0
1274010.png,/home/ubuntu/SCB-05-Dataset/5k_HRW_Dataset_combined/images/val/1274010.png,2,2,29.206573486328125,30.124801635742188,31.353586196899414,30.673629760742188,0.06097356602549553,0.15272952616214752,0.5218880772590637,0.2644088864326477,,0
1274029.png,/home/ubuntu/SCB-05-Dataset/5k_HRW_Dataset_combined/images/val/1274029.png,3,3,27.58231544494629,27.562458038330078,28.085561752319336,28.102148056030273,0.1881054788827896,0.18440701067447662,0.3111419081687927,0.3163456320762634,,0
1274033.png,/home/ubuntu/SCB-05-Dataset/5k_HRW_Dataset_combined/images/val/1274033.png,3,3,27.983182907104492,26.57859992980957,26.791330337524414,28.031984329223633,0.38474273681640625,0.09444257616996765,0.11683028936386108,0.4039844274520874,,0
1274047.png,/home/ubuntu/SCB-05-Dataset/5k_HRW_Dataset_combined/images/val/1274047.png,2,3,29.60614585876465,29.695770263671875,30.257617950439453,30.96962547302246,0.1262323558330536,0.1380683183670044,0.2421594262123108,0.493539959192276,,0
1274032.png,/home/ubuntu/SCB-05-Dataset/5k_HRW_Dataset_combined/images/val/1274032.png,2,0,27.21616554260254,26.009952545166016,26.33480453491211,26.55742835998535,0.44821906089782715,0.13416482508182526,0.18566074967384338,0.23195533454418182,,0
1274051.png,/home/ubuntu/SCB-05-Dataset/5k_HRW_Dataset_combined/images/val/1274051.png,2,3,29.471298217773438,30.122804641723633,31.291851043701172,31.804340362548828,0.05153853818774223,0.09887301176786423,0.3182644546031952,0.5313239693641663,,0
1276007.png,/home/ubuntu/SCB-05-Dataset/5k_HRW_Dataset_combined/images/val/1276007.png,3,3,30.22252082824707,30.37630271911621,32.209327697753906,33.211509704589844,0.03410171717405319,0.03977067023515701,0.24867695569992065,0.6774505972862244,,0
1276009.png,/home/ubuntu/SCB-05-Dataset/5k_HRW_Dataset_combined/images/val/1276009.png,3,3,29.391754150390625,29.930370330810547,31.01523780822754,33.231468200683594,0.01841738261282444,0.03156065568327904,0.09338947385549545,0.8566324710845947,,0
1276011.png,/home/ubuntu/SCB-05-Dataset/5k_HRW_Dataset_combined/images/val/1276011.png,3,3,30.284059524536133,29.667354583740234,31.244491577148438,31.989532470703125,0.10355683416128159,0.05589168891310692,0.2705759108066559,0.5699756145477295,,0
1276018.png,/home/ubuntu/SCB-05-Dataset/5k_HRW_Dataset_combined/images/val/1276018.png,3,3,29.445117950439453,29.826963424682617,31.577774047851562,31.835865020751953,0.04582136124372482,0.06712763756513596,0.3866061270236969,0.5004448890686035,,0
1276030.png,/home/ubuntu/SCB-05-Dataset/5k_HRW_Dataset_combined/images/val/1276030.png,2,2,30.31025505065918,30.129432678222656,31.430049896240234,31.403287887573242,0.12686946988105774,0.1058831736445427,0.3887566328048706,0.378490686416626,,0
1276028.png,/home/ubuntu/SCB-05-Dataset/5k_HRW_Dataset_combined/images/val/1276028.png,3,3,29.56790542602539,29.446613311767578,30.762964248657227,31.77608871459961,0.06998538225889206,0.06199131906032562,0.23121435940265656,0.6368089318275452,,0
1281003.png,/home/ubuntu/SCB-05-Dataset/5k_HRW_Dataset_combined/images/val/1281003.png,3,3,29.470306396484375,30.337949752807617,29.84015655517578,31.01590919494629,0.1050463393330574,0.2501460313796997,0.15205642580986023,0.49275118112564087,,0
1281013.png,/home/ubuntu/SCB-05-Dataset/5k_HRW_Dataset_combined/images/val/1281013.png,2,3,27.348459243774414,29.48505210876465,29.81328582763672,29.986038208007812,0.028399981558322906,0.24056284129619598,0.33402472734451294,0.3970123827457428,,0
1281035.png,/home/ubuntu/SCB-05-Dataset/5k_HRW_Dataset_combined/images/val/1281035.png,3,3,27.286243438720703,28.381914138793945,29.486270904541016,29.559215545654297,0.044005054980516434,0.1316274106502533,0.39715713262557983,0.42721042037010193,,0
1281028.png,/home/ubuntu/SCB-05-Dataset/5k_HRW_Dataset_combined/images/val/1281028.png,3,3,28.852378845214844,31.39525604248047,31.58983039855957,32.3571662902832,0.016015850007534027,0.20366084575653076,0.24740593135356903,0.532917320728302,,0
1281036.png,/home/ubuntu/SCB-05-Dataset/5k_HRW_Dataset_combined/images/val/1281036.png,3,3,26.895427703857422,26.934173583984375,28.643512725830078,28.650894165039062,0.0736960619688034,0.07660752534866333,0.4232802391052246,0.42641621828079224,,0
1281040.png,/home/ubuntu/SCB-05-Dataset/5k_HRW_Dataset_combined/images/val/1281040.png,3,1,32.54404830932617,33.7415771484375,32.873619079589844,33.63425064086914,0.11524493992328644,0.3816823363304138,0.1602332592010498,0.34283941984176636,,0
1281044.png,/home/ubuntu/SCB-05-Dataset/5k_HRW_Dataset_combined/images/val/1281044.png,3,3,28.953569412231445,30.55304527282715,31.513097763061523,31.798288345336914,0.02771858684718609,0.1372191309928894,0.35839349031448364,0.4766688942909241,,0
1281047.png,/home/ubuntu/SCB-05-Dataset/5k_HRW_Dataset_combined/images/val/1281047.png,3,1,30.21933364868164,32.59958267211914,32.08467483520508,32.190860748291016,0.03929679095745087,0.42470377683639526,0.2537841498851776,0.2822152376174927,,0
1281048.png,/home/ubuntu/SCB-05-Dataset/5k_HRW_Dataset_combined/images/val/1281048.png,3,2,31.669681549072266,32.2568244934082,32.96208572387695,32.50209045410156,0.11442665755748749,0.20583544671535492,0.4166882038116455,0.2630496919155121,,0
1283004.png,/home/ubuntu/SCB-05-Dataset/5k_HRW_Dataset_combined/images/val/1283004.png,3,3,27.620033264160156,27.500263214111328,27.853727340698242,28.005769729614258,0.2163996547460556,0.19197341799736023,0.27336859703063965,0.3182583451271057,,0
1283015.png,/home/ubuntu/SCB-05-Dataset/5k_HRW_Dataset_combined/images/val/1283015.png,3,3,30.329349517822266,31.720584869384766,31.64803695678711,34.039222717285156,0.020158465951681137,0.08103325963020325,0.07536265254020691,0.8234456777572632,,0
1283016.png,/home/ubuntu/SCB-05-Dataset/5k_HRW_Dataset_combined/images/val/1283016.png,3,3,27.094951629638672,28.439992904663086,28.0649356842041,28.835147857666016,0.07590300589799881,0.2913419306278229,0.20022472739219666,0.43253037333488464,,0
1283018.png,/home/ubuntu/SCB-05-Dataset/5k_HRW_Dataset_combined/images/val/1283018.png,3,3,27.908679962158203,31.67192268371582,31.093204498291016,32.37478256225586,0.0064407829195261,0.27751994132995605,0.1555822640657425,0.5604570508003235,,0
1283020.png,/home/ubuntu/SCB-05-Dataset/5k_HRW_Dataset_combined/images/val/1283020.png,3,3,27.97640609741211,29.186264038085938,29.974853515625,29.985713958740234,0.052113860845565796,0.17473819851875305,0.3844747841358185,0.3886731266975403,,0
1283026.png,/home/ubuntu/SCB-05-Dataset/5k_HRW_Dataset_combined/images/val/1283026.png,3,3,26.41655158996582,25.923532485961914,26.9064998626709,28.8233585357666,0.0697278156876564,0.04258832708001137,0.11381196230649948,0.7738718390464783,,0
1283028.png,/home/ubuntu/SCB-05-Dataset/5k_HRW_Dataset_combined/images/val/1283028.png,3,2,27.626955032348633,29.033523559570312,29.971712112426758,29.090320587158203,0.05042066052556038,0.20581331849098206,0.5259247422218323,0.2178412675857544,,0
1283033.png,/home/ubuntu/SCB-05-Dataset/5k_HRW_Dataset_combined/images/val/1283033.png,3,3,28.898386001586914,28.673580169677734,30.537015914916992,32.29207992553711,0.0272312443703413,0.02174881473183632,0.14018946886062622,0.8108304142951965,,0
1283035.png,/home/ubuntu/SCB-05-Dataset/5k_HRW_Dataset_combined/images/val/1283035.png,3,3,27.79169464111328,27.923954010009766,29.06966209411621,29.146026611328125,0.1041133850812912,0.1188354641199112,0.37369799613952637,0.40335315465927124,,0
1283040.png,/home/ubuntu/SCB-05-Dataset/5k_HRW_Dataset_combined/images/val/1283040.png,3,3,27.1047420501709,27.914274215698242,26.85915184020996,29.028806686401367,0.09193002432584763,0.20655357837677002,0.07191159576177597,0.6296048164367676,,0
1283039.png,/home/ubuntu/SCB-05-Dataset/5k_HRW_Dataset_combined/images/val/1283039.png,3,3,29.553747177124023,30.441349029541016,30.067455291748047,32.211891174316406,0.05162474885582924,0.12541185319423676,0.08628962188959122,0.7366738319396973,,0
1283051.png,/home/ubuntu/SCB-05-Dataset/5k_HRW_Dataset_combined/images/val/1283051.png,2,3,27.159435272216797,27.005746841430664,27.970170974731445,29.405385971069336,0.07376536726951599,0.06325668841600418,0.1659398078918457,0.6970381140708923,,0
1283043.png,/home/ubuntu/SCB-05-Dataset/5k_HRW_Dataset_combined/images/val/1283043.png,3,3,26.80910301208496,24.771160125732422,26.606422424316406,27.389135360717773,0.2678859829902649,0.034904595464468,0.2187393456697464,0.478470116853714,,0
1290003.png,/home/ubuntu/SCB-05-Dataset/5k_HRW_Dataset_combined/images/val/1290003.png,3,3,28.850543975830078,29.557912826538086,29.77128028869629,31.046031951904297,0.06885075569152832,0.1396738439798355,0.17289379239082336,0.6185816526412964,,0
1290006.png,/home/ubuntu/SCB-05-Dataset/5k_HRW_Dataset_combined/images/val/1290006.png,2,3,28.501001358032227,28.971969604492188,29.28907585144043,29.380569458007812,0.13868547976016998,0.22211091220378876,0.3049912750720978,0.33421239256858826,,0
1290007.png,/home/ubuntu/SCB-05-Dataset/5k_HRW_Dataset_combined/images/val/1290007.png,3,1,28.470813751220703,29.85336685180664,29.056926727294922,29.547605514526367,0.10290923714637756,0.4100997745990753,0.1849268674850464,0.30206409096717834,,0
1290013.png,/home/ubuntu/SCB-05-Dataset/5k_HRW_Dataset_combined/images/val/1290013.png,3,1,29.713333129882812,30.43301010131836,29.334840774536133,30.29666519165039,0.18081016838550568,0.3713424503803253,0.12383565306663513,0.32401174306869507,,0
1290017.png,/home/ubuntu/SCB-05-Dataset/5k_HRW_Dataset_combined/images/val/1290017.png,3,3,25.201820373535156,27.082691192626953,26.003366470336914,27.78838348388672,0.043342139571905136,0.2842903733253479,0.0966089591383934,0.5757585763931274,,0
1290019.png,/home/ubuntu/SCB-05-Dataset/5k_HRW_Dataset_combined/images/val/1290019.png,3,3,29.364782333374023,29.650482177734375,29.903188705444336,31.40790557861328,0.08504389971494675,0.11316732317209244,0.14570352435112,0.6560852527618408,,0
1292015.png,/home/ubuntu/SCB-05-Dataset/5k_HRW_Dataset_combined/images/val/1292015.png,3,3,29.867136001586914,31.15070152282715,30.722305297851562,31.414682388305664,0.08575459569692612,0.3095300495624542,0.20167528092861176,0.4030400812625885,,0
1292011.png,/home/ubuntu/SCB-05-Dataset/5k_HRW_Dataset_combined/images/val/1292011.png,2,2,29.213642120361328,29.899808883666992,30.640348434448242,30.50904655456543,0.09256242960691452,0.18383711576461792,0.3855186700820923,0.3380817472934723,,0
1292017.png,/home/ubuntu/SCB-05-Dataset/5k_HRW_Dataset_combined/images/val/1292017.png,3,3,28.756465911865234,29.698532104492188,30.784818649291992,31.094301223754883,0.046456269919872284,0.11917317658662796,0.35313984751701355,0.4812306761741638,,0
1294005.png,/home/ubuntu/SCB-05-Dataset/5k_HRW_Dataset_combined/images/val/1294005.png,3,3,24.957468032836914,26.851022720336914,26.70526123046875,27.349666595458984,0.04111441224813461,0.27312058210372925,0.23607556521892548,0.44968947768211365,,0
1294013.png,/home/ubuntu/SCB-05-Dataset/5k_HRW_Dataset_combined/images/val/1294013.png,3,3,26.963272094726562,25.115007400512695,27.072065353393555,28.38212776184082,0.15613214671611786,0.024592416360974312,0.17407670617103577,0.6451987624168396,,0
1296001.png,/home/ubuntu/SCB-05-Dataset/5k_HRW_Dataset_combined/images/val/1296001.png,3,3,26.451814651489258,28.007692337036133,28.393823623657227,30.871126174926758,0.010443746112287045,0.04949546605348587,0.07282157987356186,0.867239236831665,,0
1296002.png,/home/ubuntu/SCB-05-Dataset/5k_HRW_Dataset_combined/images/val/1296002.png,2,3,28.963342666625977,31.093246459960938,29.77198600769043,32.0458984375,0.029874825850129128,0.2513684928417206,0.0670648068189621,0.6516919136047363,,0
1296008.png,/home/ubuntu/SCB-05-Dataset/5k_HRW_Dataset_combined/images/val/1296008.png,2,3,29.24489974975586,30.47298240661621,30.667560577392578,30.95606231689453,0.07093098014593124,0.24220632016658783,0.2942318618297577,0.3926308751106262,,0
1296009.png,/home/ubuntu/SCB-05-Dataset/5k_HRW_Dataset_combined/images/val/1296009.png,2,3,29.085832595825195,29.983198165893555,29.526782989501953,31.909523010253906,0.04577456787228584,0.11229104548692703,0.07114208489656448,0.7707923650741577,,0
1296013.png,/home/ubuntu/SCB-05-Dataset/5k_HRW_Dataset_combined/images/val/1296013.png,3,3,29.736167907714844,28.626331329345703,29.725297927856445,30.180049896240234,0.25789493322372437,0.08500547707080841,0.2551068067550659,0.4019928276538849,,0
1296015.png,/home/ubuntu/SCB-05-Dataset/5k_HRW_Dataset_combined/images/val/1296015.png,3,3,28.26995277404785,28.678808212280273,30.0387020111084,32.951934814453125,0.008594573475420475,0.012935642153024673,0.05039440095424652,0.92807537317276,,0
1296026.png,/home/ubuntu/SCB-05-Dataset/5k_HRW_Dataset_combined/images/val/1296026.png,3,3,27.661439895629883,27.464109420776367,29.242155075073242,30.383222579956055,0.04568973556160927,0.03750758245587349,0.22198031842708588,0.694822371006012,,0
1296028.png,/home/ubuntu/SCB-05-Dataset/5k_HRW_Dataset_combined/images/val/1296028.png,3,3,24.826583862304688,27.111526489257812,26.161523818969727,29.700305938720703,0.006876076105982065,0.06755829602479935,0.026127494871616364,0.8994381427764893,,0
1296033.png,/home/ubuntu/SCB-05-Dataset/5k_HRW_Dataset_combined/images/val/1296033.png,3,3,27.96525001525879,29.701107025146484,29.81635856628418,31.104272842407227,0.027683990076184273,0.15707308053970337,0.17626045644283295,0.6389824748039246,,0
1296032.png,/home/ubuntu/SCB-05-Dataset/5k_HRW_Dataset_combined/images/val/1296032.png,3,3,27.54088020324707,28.86345100402832,28.558757781982422,29.86252212524414,0.05645644664764404,0.2118842899799347,0.1562327891588211,0.575426459312439,,0
1296036.png,/home/ubuntu/SCB-05-Dataset/5k_HRW_Dataset_combined/images/val/1296036.png,3,3,27.552810668945312,29.501474380493164,29.718318939208984,30.51154899597168,0.027768541127443314,0.1949157863855362,0.2421148419380188,0.5352008938789368,,0
1297001.png,/home/ubuntu/SCB-05-Dataset/5k_HRW_Dataset_combined/images/val/1297001.png,3,3,29.23653793334961,29.22757339477539,29.996273040771484,30.106800079345703,0.1534608006477356,0.15209124982357025,0.32805466651916504,0.3663932979106903,,0
1297003.png,/home/ubuntu/SCB-05-Dataset/5k_HRW_Dataset_combined/images/val/1297003.png,3,3,29.43926429748535,31.321128845214844,31.183433532714844,31.91840934753418,0.03965430334210396,0.2603597044944763,0.22686807811260223,0.4731178879737854,,0
1297004.png,/home/ubuntu/SCB-05-Dataset/5k_HRW_Dataset_combined/images/val/1297004.png,3,2,29.69853973388672,31.171640396118164,31.250568389892578,30.874061584472656,0.07505471259355545,0.3274443447589874,0.354336142539978,0.2431647628545761,,0
1297011.png,/home/ubuntu/SCB-05-Dataset/5k_HRW_Dataset_combined/images/val/1297011.png,3,2,28.410295486450195,29.256534576416016,29.671842575073242,29.384929656982422,0.10513100028038025,0.24504609405994415,0.3712049424648285,0.2786179184913635,,0
1297016.png,/home/ubuntu/SCB-05-Dataset/5k_HRW_Dataset_combined/images/val/1297016.png,3,2,27.651456832885742,28.432958602905273,29.033660888671875,29.024845123291016,0.08995126932859421,0.1965211033821106,0.3583363890647888,0.35519126057624817,,0
1297030.png,/home/ubuntu/SCB-05-Dataset/5k_HRW_Dataset_combined/images/val/1297030.png,3,2,27.859275817871094,29.27128028869629,29.573577880859375,29.393035888671875,0.06539133936166763,0.268377423286438,0.363104909658432,0.30312639474868774,,0
1297032.png,/home/ubuntu/SCB-05-Dataset/5k_HRW_Dataset_combined/images/val/1297032.png,3,3,26.247756958007812,27.26223373413086,28.236194610595703,29.54770851135254,0.026196278631687164,0.07224724441766739,0.1913405954837799,0.7102158665657043,,0
1297035.png,/home/ubuntu/SCB-05-Dataset/5k_HRW_Dataset_combined/images/val/1297035.png,3,3,27.472183227539062,30.00187873840332,28.90102195739746,32.08163833618164,0.008463606238365173,0.10621558874845505,0.03532582148909569,0.8499950766563416,,0
1298008.png,/home/ubuntu/SCB-05-Dataset/5k_HRW_Dataset_combined/images/val/1298008.png,3,3,29.353622436523438,29.037363052368164,30.051666259765625,31.356733322143555,0.08967994153499603,0.06536504626274109,0.18024030327796936,0.6647146940231323,,0
1298014.png,/home/ubuntu/SCB-05-Dataset/5k_HRW_Dataset_combined/images/val/1298014.png,3,3,28.024471282958984,28.793855667114258,30.1086483001709,30.789148330688477,0.03694082424044609,0.0797344446182251,0.29692932963371277,0.5863953828811646,,0
1298032.png,/home/ubuntu/SCB-05-Dataset/5k_HRW_Dataset_combined/images/val/1298032.png,3,3,27.712177276611328,27.95023536682129,29.112520217895508,30.407264709472656,0.04732118174433708,0.060040298849344254,0.19196267426013947,0.700675904750824,,0
1298039.png,/home/ubuntu/SCB-05-Dataset/5k_HRW_Dataset_combined/images/val/1298039.png,3,3,29.13803482055664,28.969223022460938,29.585556030273438,33.017330169677734,0.019305314868688583,0.016306579113006592,0.030201807618141174,0.9341862797737122,,0
1298041.png,/home/ubuntu/SCB-05-Dataset/5k_HRW_Dataset_combined/images/val/1298041.png,3,3,27.087398529052734,27.08428192138672,26.811065673828125,28.348690032958984,0.15909819304943085,0.15860311686992645,0.12068560719490051,0.5616130828857422,,0
1298051.png,/home/ubuntu/SCB-05-Dataset/5k_HRW_Dataset_combined/images/val/1298051.png,3,3,25.83344841003418,26.04109001159668,26.60434913635254,27.51822853088379,0.10221028327941895,0.1257975697517395,0.22094927728176117,0.5510427951812744,,0
1298058.png,/home/ubuntu/SCB-05-Dataset/5k_HRW_Dataset_combined/images/val/1298058.png,3,3,26.037322998046875,26.072750091552734,26.261749267578125,28.5156192779541,0.06575225293636322,0.06812341511249542,0.08229581266641617,0.7838284969329834,,0
1298059.png,/home/ubuntu/SCB-05-Dataset/5k_HRW_Dataset_combined/images/val/1298059.png,3,3,27.523744583129883,28.867387771606445,29.78694725036621,32.6041145324707,0.0057051461189985275,0.021867725998163223,0.05484830215573311,0.9175788760185242,,0
1301003.png,/home/ubuntu/SCB-05-Dataset/5k_HRW_Dataset_combined/images/val/1301003.png,2,3,28.72270393371582,29.096763610839844,29.452735900878906,29.6029052734375,0.1440889835357666,0.20945118367671967,0.2990058362483978,0.3474540412425995,,0
1301006.png,/home/ubuntu/SCB-05-Dataset/5k_HRW_Dataset_combined/images/val/1301006.png,3,3,30.12786865234375,31.8995361328125,30.80615997314453,33.40667724609375,0.02825234830379486,0.16614219546318054,0.05567147210240364,0.7499339580535889,,0
1301015.png,/home/ubuntu/SCB-05-Dataset/5k_HRW_Dataset_combined/images/val/1301015.png,3,3,25.65036964416504,26.747529983520508,27.43307113647461,28.950551986694336,0.026983901858329773,0.08083426207304001,0.1604435294866562,0.731738269329071,,0
1301022.png,/home/ubuntu/SCB-05-Dataset/5k_HRW_Dataset_combined/images/val/1301022.png,3,3,27.491178512573242,29.895172119140625,29.326730728149414,30.33963394165039,0.028092268854379654,0.31090518832206726,0.17609906196594238,0.484903484582901,,0
1302006.png,/home/ubuntu/SCB-05-Dataset/5k_HRW_Dataset_combined/images/val/1302006.png,3,3,27.095335006713867,29.235750198364258,29.756736755371094,31.116003036499023,0.012569502927362919,0.10687807202339172,0.1799493283033371,0.7006030678749084,,0
1302018.png,/home/ubuntu/SCB-05-Dataset/5k_HRW_Dataset_combined/images/val/1302018.png,3,3,29.663225173950195,31.242815017700195,31.237709045410156,31.30630874633789,0.06308230757713318,0.30613625049591064,0.3045770823955536,0.3262043297290802,,0
1303003.png,/home/ubuntu/SCB-05-Dataset/5k_HRW_Dataset_combined/images/val/1303003.png,3,1,31.920236587524414,34.03090286254883,33.66683578491211,33.814476013183594,0.0462186373770237,0.3814765512943268,0.26506689190864563,0.3072379231452942,,0
1303006.png,/home/ubuntu/SCB-05-Dataset/5k_HRW_Dataset_combined/images/val/1303006.png,3,3,28.836145401000977,29.680809020996094,30.166519165039062,32.41797637939453,0.023229379206895828,0.054059285670518875,0.08786411583423615,0.8348472118377686,,0
1303008.png,/home/ubuntu/SCB-05-Dataset/5k_HRW_Dataset_combined/images/val/1303008.png,3,3,29.918357849121094,30.698049545288086,30.46063804626465,31.397092819213867,0.10766447335481644,0.23479464650154114,0.18517471849918365,0.47236621379852295,,0
1303016.png,/home/ubuntu/SCB-05-Dataset/5k_HRW_Dataset_combined/images/val/1303016.png,3,3,26.479005813598633,26.40119171142578,26.363218307495117,28.724315643310547,0.0815717801451683,0.07546502351760864,0.07265308499336243,0.77031010389328,,0
1303017.png,/home/ubuntu/SCB-05-Dataset/5k_HRW_Dataset_combined/images/val/1303017.png,3,0,24.903539657592773,22.302074432373047,23.73110580444336,22.960956573486328,0.6548314094543457,0.04856546223163605,0.20274397730827332,0.09385909885168076,,0
1303031.png,/home/ubuntu/SCB-05-Dataset/5k_HRW_Dataset_combined/images/val/1303031.png,3,0,27.763425827026367,26.83123016357422,26.781124114990234,27.20567512512207,0.42723503708839417,0.16819746792316437,0.15997740626335144,0.24459007382392883,,0
1304005.png,/home/ubuntu/SCB-05-Dataset/5k_HRW_Dataset_combined/images/val/1304005.png,2,3,27.52111053466797,28.785682678222656,29.308340072631836,29.81393051147461,0.048978108912706375,0.17345976829528809,0.29254046082496643,0.4850216209888458,,0
1304013.png,/home/ubuntu/SCB-05-Dataset/5k_HRW_Dataset_combined/images/val/1304013.png,2,2,28.944652557373047,28.955551147460938,30.03067970275879,29.409957885742188,0.1523011326789856,0.15397006273269653,0.45118919014930725,0.24253959953784943,,0
1304011.png,/home/ubuntu/SCB-05-Dataset/5k_HRW_Dataset_combined/images/val/1304011.png,3,3,24.862035751342773,26.520370483398438,27.303171157836914,28.99814224243164,0.012454012408852577,0.06539053469896317,0.14304772019386292,0.7791077494621277,,0
1304019.png,/home/ubuntu/SCB-05-Dataset/5k_HRW_Dataset_combined/images/val/1304019.png,3,2,28.135711669921875,28.644990921020508,30.283721923828125,29.396312713623047,0.06775331497192383,0.11274769902229309,0.5804964303970337,0.23900260031223297,,0
1304022.png,/home/ubuntu/SCB-05-Dataset/5k_HRW_Dataset_combined/images/val/1304022.png,3,3,26.845422744750977,28.056114196777344,28.075334548950195,28.561920166015625,0.07495276629924774,0.251526802778244,0.2564080059528351,0.4171123504638672,,0
1305022.png,/home/ubuntu/SCB-05-Dataset/5k_HRW_Dataset_combined/images/val/1305022.png,3,3,27.58217430114746,28.313505172729492,28.296024322509766,28.431076049804688,0.13410648703575134,0.2786523997783661,0.27382364869117737,0.3134174346923828,,0
1307005.png,/home/ubuntu/SCB-05-Dataset/5k_HRW_Dataset_combined/images/val/1307005.png,3,3,27.225414276123047,29.34959602355957,27.980300903320312,30.13819694519043,0.03344328701496124,0.27978816628456116,0.07114624977111816,0.615622341632843,,0
1305009.png,/home/ubuntu/SCB-05-Dataset/5k_HRW_Dataset_combined/images/val/1305009.png,3,2,28.29905128479004,28.19036865234375,30.350187301635742,29.75626564025879,0.07159361243247986,0.06422054022550583,0.5567641854286194,0.30742159485816956,,0
1309022.png,/home/ubuntu/SCB-05-Dataset/5k_HRW_Dataset_combined/images/val/1309022.png,2,2,27.819421768188477,28.524612426757812,30.351280212402344,30.001461029052734,0.04087395593523979,0.08273839205503464,0.5140659213066101,0.362321674823761,,0
1309037.png,/home/ubuntu/SCB-05-Dataset/5k_HRW_Dataset_combined/images/val/1309037.png,3,3,25.58490562438965,27.261627197265625,28.283876419067383,28.65355682373047,0.023405343294143677,0.12517164647579193,0.3479069769382477,0.5035160183906555,,0
1310003.png,/home/ubuntu/SCB-05-Dataset/5k_HRW_Dataset_combined/images/val/1310003.png,3,3,27.89311981201172,28.655773162841797,28.328269958496094,30.34170913696289,0.06149621307849884,0.13184525072574615,0.09502365440130234,0.7116348743438721,,0
1310004.png,/home/ubuntu/SCB-05-Dataset/5k_HRW_Dataset_combined/images/val/1310004.png,3,3,28.504514694213867,29.24986457824707,29.824403762817383,30.99907112121582,0.05272442102432251,0.11109977215528488,0.19734781980514526,0.638827919960022,,0
1310007.png,/home/ubuntu/SCB-05-Dataset/5k_HRW_Dataset_combined/images/val/1310007.png,3,3,28.280136108398438,28.297489166259766,28.806955337524414,29.638835906982422,0.13154137134552002,0.13384391367435455,0.22277015447616577,0.5118446350097656,,0
1310012.png,/home/ubuntu/SCB-05-Dataset/5k_HRW_Dataset_combined/images/val/1310012.png,2,1,28.713830947875977,29.30440330505371,29.13619613647461,29.14305877685547,0.17045480012893677,0.3076745569705963,0.2600399851799011,0.2618306875228882,,0
1310017.png,/home/ubuntu/SCB-05-Dataset/5k_HRW_Dataset_combined/images/val/1310017.png,3,3,28.201669692993164,28.764141082763672,29.5141544342041,30.20266342163086,0.07211469113826752,0.12656158208847046,0.2679344713687897,0.5333892107009888,,0
1310023.png,/home/ubuntu/SCB-05-Dataset/5k_HRW_Dataset_combined/images/val/1310023.png,3,3,28.700559616088867,30.678194046020508,30.506900787353516,30.70298957824707,0.046038828790187836,0.3326595425605774,0.280290424823761,0.3410111367702484,,0
1311017.png,/home/ubuntu/SCB-05-Dataset/5k_HRW_Dataset_combined/images/val/1311017.png,3,3,28.421100616455078,30.276790618896484,31.459701538085938,32.84797668457031,0.008933216333389282,0.05713783577084541,0.18648996949195862,0.747438907623291,,0
1311023.png,/home/ubuntu/SCB-05-Dataset/5k_HRW_Dataset_combined/images/val/1311023.png,3,3,28.70841407775879,30.49181365966797,30.55272102355957,30.936866760253906,0.044327713549137115,0.2637521028518677,0.2803158462047577,0.4116044044494629,,0
1312024.png,/home/ubuntu/SCB-05-Dataset/5k_HRW_Dataset_combined/images/val/1312024.png,3,1,27.49510383605957,29.09758949279785,28.489599227905273,27.920347213745117,0.09805189073085785,0.48686283826828003,0.26506954431533813,0.150015726685524,,0
1312025.png,/home/ubuntu/SCB-05-Dataset/5k_HRW_Dataset_combined/images/val/1312025.png,3,3,28.84294891357422,30.544879913330078,29.717021942138672,30.792308807373047,0.06287185102701187,0.34482237696647644,0.1506819725036621,0.4416238069534302,,0
1312026.png,/home/ubuntu/SCB-05-Dataset/5k_HRW_Dataset_combined/images/val/1312026.png,3,2,27.166955947875977,28.298080444335938,28.88273048400879,28.81459617614746,0.06731818616390228,0.20862843096256256,0.37435513734817505,0.3496982157230377,,0
1312037.png,/home/ubuntu/SCB-05-Dataset/5k_HRW_Dataset_combined/images/val/1312037.png,3,3,27.443754196166992,29.598432540893555,29.34088134765625,29.677200317382812,0.03902621939778328,0.33660563826560974,0.2601766884326935,0.3641915023326874,,0
1313021.png,/home/ubuntu/SCB-05-Dataset/5k_HRW_Dataset_combined/images/val/1313021.png,3,3,26.219104766845703,27.97010612487793,28.456771850585938,30.92570686340332,0.00788598321378231,0.04542616382241249,0.07390303909778595,0.8727847933769226,,0
1313018.png,/home/ubuntu/SCB-05-Dataset/5k_HRW_Dataset_combined/images/val/1313018.png,3,3,31.14752769470215,31.175813674926758,31.014636993408203,33.04291534423828,0.10460930317640305,0.10761053115129471,0.09159180521965027,0.6961882710456848,,0
1313023.png,/home/ubuntu/SCB-05-Dataset/5k_HRW_Dataset_combined/images/val/1313023.png,3,0,31.01654624938965,30.786205291748047,30.828174591064453,30.458534240722656,0.31299734115600586,0.24860213696956635,0.25925785303115845,0.17914269864559174,,0
1313024.png,/home/ubuntu/SCB-05-Dataset/5k_HRW_Dataset_combined/images/val/1313024.png,3,3,22.596771240234375,23.72389793395996,24.522480010986328,27.454545974731445,0.0071590063162148,0.0220982376486063,0.04911084845662117,0.921631932258606,,0
1313032.png,/home/ubuntu/SCB-05-Dataset/5k_HRW_Dataset_combined/images/val/1313032.png,3,3,29.464710235595703,30.477832794189453,30.582677841186523,31.96457290649414,0.05264919996261597,0.14500579237937927,0.16103452444076538,0.6413105130195618,,0
1313036.png,/home/ubuntu/SCB-05-Dataset/5k_HRW_Dataset_combined/images/val/1313036.png,3,3,28.791479110717773,30.198156356811523,30.287574768066406,32.23114776611328,0.02455601654946804,0.10024669021368027,0.10962358117103577,0.7655737400054932,,0
1313038.png,/home/ubuntu/SCB-05-Dataset/5k_HRW_Dataset_combined/images/val/1313038.png,3,3,28.692304611206055,29.5781192779541,30.288314819335938,31.64602279663086,0.0363168939948082,0.08806698024272919,0.17916251718997955,0.6964536309242249,,0
1313039.png,/home/ubuntu/SCB-05-Dataset/5k_HRW_Dataset_combined/images/val/1313039.png,3,3,25.74620246887207,27.829330444335938,28.372373580932617,28.531044006347656,0.025609804317355156,0.20563508570194244,0.3539466857910156,0.41480839252471924,,0
1313041.png,/home/ubuntu/SCB-05-Dataset/5k_HRW_Dataset_combined/images/val/1313041.png,3,3,29.248445510864258,31.116147994995117,31.77392578125,32.693843841552734,0.019483275711536407,0.12612316012382507,0.24348045885562897,0.610913097858429,,0
1313047.png,/home/ubuntu/SCB-05-Dataset/5k_HRW_Dataset_combined/images/val/1313047.png,3,3,25.2872257232666,26.349529266357422,26.96721649169922,28.189680099487305,0.03639362379908562,0.10528775304555893,0.19527024030685425,0.6630483865737915,,0
1313050.png,/home/ubuntu/SCB-05-Dataset/5k_HRW_Dataset_combined/images/val/1313050.png,3,3,27.039226531982422,28.28424072265625,28.139728546142578,28.850879669189453,0.07353364676237106,0.25538119673728943,0.2210182100534439,0.4500668942928314,,0
1314006.png,/home/ubuntu/SCB-05-Dataset/5k_HRW_Dataset_combined/images/val/1314006.png,3,3,26.87651252746582,25.439973831176758,27.912443161010742,28.213226318359375,0.12719424068927765,0.030240338295698166,0.3583987057209015,0.48416668176651,,0
1314010.png,/home/ubuntu/SCB-05-Dataset/5k_HRW_Dataset_combined/images/val/1314010.png,3,2,28.43598747253418,29.402055740356445,30.819828033447266,30.705350875854492,0.04141247645020485,0.10881514102220535,0.4491795599460602,0.4005928635597229,,0
1314021.png,/home/ubuntu/SCB-05-Dataset/5k_HRW_Dataset_combined/images/val/1314021.png,3,2,29.291236877441406,31.407379150390625,31.736616134643555,30.957149505615234,0.03827827051281929,0.3176736831665039,0.44153690338134766,0.20251116156578064,,0
1314027.png,/home/ubuntu/SCB-05-Dataset/5k_HRW_Dataset_combined/images/val/1314027.png,3,3,25.621307373046875,26.0798282623291,26.495933532714844,26.8797664642334,0.11765114963054657,0.18609267473220825,0.28212496638298035,0.4141312539577484,,0
1314044.png,/home/ubuntu/SCB-05-Dataset/5k_HRW_Dataset_combined/images/val/1314044.png,3,2,26.27069854736328,28.9556884765625,30.340967178344727,29.817659378051758,0.009179498068988323,0.13455356657505035,0.5376679301261902,0.31859904527664185,,0
1314052.png,/home/ubuntu/SCB-05-Dataset/5k_HRW_Dataset_combined/images/val/1314052.png,3,1,31.3726806640625,32.742401123046875,31.6092529296875,31.251934051513672,0.14109529554843903,0.5551043152809143,0.17875351011753082,0.12504692375659943,,0
1314046.png,/home/ubuntu/SCB-05-Dataset/5k_HRW_Dataset_combined/images/val/1314046.png,3,3,25.550317764282227,28.530609130859375,28.742313385009766,30.864614486694336,0.004028164315968752,0.07932887226343155,0.09803321957588196,0.8186097741127014,,0
1314054.png,/home/ubuntu/SCB-05-Dataset/5k_HRW_Dataset_combined/images/val/1314054.png,3,3,26.823827743530273,29.672489166259766,29.33995819091797,32.00711441040039,0.00478668138384819,0.08264040946960449,0.05926196649670601,0.8533109426498413,,0
1314055.png,/home/ubuntu/SCB-05-Dataset/5k_HRW_Dataset_combined/images/val/1314055.png,3,3,27.458372116088867,30.00088119506836,30.670822143554688,31.150554656982422,0.012709107249975204,0.16155213117599487,0.31569257378578186,0.5100462436676025,,0
1315002.png,/home/ubuntu/SCB-05-Dataset/5k_HRW_Dataset_combined/images/val/1315002.png,3,2,29.859590530395508,30.34579086303711,30.360225677490234,30.180347442626953,0.1768638789653778,0.2876029312610626,0.29178452491760254,0.24374860525131226,,0
13160019.png,/home/ubuntu/SCB-05-Dataset/5k_HRW_Dataset_combined/images/val/13160019.png,3,3,30.270618438720703,30.91205406188965,31.96917724609375,32.12078094482422,0.06790653616189957,0.12896846234798431,0.371181458234787,0.43194350600242615,,0
13160017.png,/home/ubuntu/SCB-05-Dataset/5k_HRW_Dataset_combined/images/val/13160017.png,3,3,29.406892776489258,30.483800888061523,30.348468780517578,31.236637115478516,0.07854286581277847,0.23056957125663757,0.20138540863990784,0.4895021319389343,,0
13160025.png,/home/ubuntu/SCB-05-Dataset/5k_HRW_Dataset_combined/images/val/13160025.png,3,3,27.932579040527344,30.77831268310547,29.222688674926758,32.72878646850586,0.006998008117079735,0.1204649806022644,0.025425055995583534,0.8471119999885559,,0
13160037.png,/home/ubuntu/SCB-05-Dataset/5k_HRW_Dataset_combined/images/val/13160037.png,3,3,26.982439041137695,28.37389373779297,29.070037841796875,30.00111961364746,0.029805820435285568,0.1198401004076004,0.24039959907531738,0.6099544763565063,,0
13160042.png,/home/ubuntu/SCB-05-Dataset/5k_HRW_Dataset_combined/images/val/13160042.png,3,3,25.532794952392578,25.734832763671875,26.95406150817871,28.26271629333496,0.04608732834458351,0.056406013667583466,0.1909104585647583,0.7065961956977844,,0
1317015.png,/home/ubuntu/SCB-05-Dataset/5k_HRW_Dataset_combined/images/val/1317015.png,3,3,26.071760177612305,26.0413818359375,27.316560745239258,30.25079917907715,0.014135196805000305,0.013712250627577305,0.049080826342105865,0.9230716824531555,,0
1317028.png,/home/ubuntu/SCB-05-Dataset/5k_HRW_Dataset_combined/images/val/1317028.png,3,3,27.809547424316406,29.40073585510254,30.637609481811523,32.032691955566406,0.010980566032230854,0.053909968584775925,0.18571048974990845,0.749398946762085,,0
1317045.png,/home/ubuntu/SCB-05-Dataset/5k_HRW_Dataset_combined/images/val/1317045.png,3,3,26.868576049804688,27.809316635131836,28.496355056762695,29.44732666015625,0.04579784348607063,0.11732848733663559,0.23322787880897522,0.6036458015441895,,0
1318012.png,/home/ubuntu/SCB-05-Dataset/5k_HRW_Dataset_combined/images/val/1318012.png,3,3,24.64490509033203,25.822452545166016,25.202280044555664,29.220352172851562,0.009702716954052448,0.031498923897743225,0.016941748559474945,0.9418565630912781,,0
1318013.png,/home/ubuntu/SCB-05-Dataset/5k_HRW_Dataset_combined/images/val/1318013.png,3,3,26.6911678314209,27.962648391723633,28.82109832763672,29.62433433532715,0.031478773802518845,0.11225736141204834,0.2648712992668152,0.5913925170898438,,0
1318026.png,/home/ubuntu/SCB-05-Dataset/5k_HRW_Dataset_combined/images/val/1318026.png,3,3,26.728517532348633,28.482114791870117,28.782045364379883,29.782400131225586,0.027957811951637268,0.1614658683538437,0.217941015958786,0.5926352739334106,,0
1319002.png,/home/ubuntu/SCB-05-Dataset/5k_HRW_Dataset_combined/images/val/1319002.png,3,3,25.803878784179688,28.046649932861328,27.901527404785156,28.735797882080078,0.02678810991346836,0.2523278594017029,0.21824249625205994,0.502641499042511,,0
1319003.png,/home/ubuntu/SCB-05-Dataset/5k_HRW_Dataset_combined/images/val/1319003.png,2,2,27.634788513183594,29.203659057617188,29.48647117614746,29.20462417602539,0.0589011013507843,0.28279730677604675,0.37523123621940613,0.2830703556537628,,0
1319006.png,/home/ubuntu/SCB-05-Dataset/5k_HRW_Dataset_combined/images/val/1319006.png,3,3,29.206298828125,29.159116744995117,30.196821212768555,31.1275634765625,0.08713727444410324,0.08312144130468369,0.23462939262390137,0.5951119065284729,,0
1319007.png,/home/ubuntu/SCB-05-Dataset/5k_HRW_Dataset_combined/images/val/1319007.png,3,3,29.36914825439453,29.650480270385742,30.76226043701172,31.108320236206055,0.08302278816699982,0.10999634861946106,0.33436301350593567,0.4726178050041199,,0
1319008.png,/home/ubuntu/SCB-05-Dataset/5k_HRW_Dataset_combined/images/val/1319008.png,3,3,29.462337493896484,29.793134689331055,30.09183120727539,31.31014633178711,0.09420952945947647,0.13114696741104126,0.17679926753044128,0.5978441834449768,,0
1319022.png,/home/ubuntu/SCB-05-Dataset/5k_HRW_Dataset_combined/images/val/1319022.png,3,3,28.729360580444336,30.381023406982422,30.975448608398438,31.766611099243164,0.0273866206407547,0.14283889532089233,0.2588225305080414,0.5709519982337952,,0
1319029.png,/home/ubuntu/SCB-05-Dataset/5k_HRW_Dataset_combined/images/val/1319029.png,3,3,26.74337387084961,27.137622833251953,28.28614044189453,28.363872528076172,0.08185721933841705,0.12141633778810501,0.38288822770118713,0.4138382375240326,,0
1320014.png,/home/ubuntu/SCB-05-Dataset/5k_HRW_Dataset_combined/images/val/1320014.png,3,3,27.509674072265625,30.850330352783203,30.213254928588867,33.36822509765625,0.002535579726099968,0.0715988278388977,0.037864092737436295,0.8880014419555664,,0
1320016.png,/home/ubuntu/SCB-05-Dataset/5k_HRW_Dataset_combined/images/val/1320016.png,3,3,26.12792205810547,28.428958892822266,29.798114776611328,29.95498275756836,0.010398107580840588,0.10382020473480225,0.4082241952419281,0.4775574505329132,,0
1320023.png,/home/ubuntu/SCB-05-Dataset/5k_HRW_Dataset_combined/images/val/1320023.png,3,3,26.557159423828125,29.790882110595703,28.80609703063965,32.35588836669922,0.0027342454995959997,0.06937858462333679,0.025914255529642105,0.9019729495048523,,0
1320024.png,/home/ubuntu/SCB-05-Dataset/5k_HRW_Dataset_combined/images/val/1320024.png,3,3,25.91009521484375,29.175277709960938,28.47821044921875,31.307315826416016,0.0038311530370265245,0.10031832009553909,0.04996291920542717,0.8458876013755798,,0
1320030.png,/home/ubuntu/SCB-05-Dataset/5k_HRW_Dataset_combined/images/val/1320030.png,3,3,26.63230323791504,29.55193519592285,30.89669418334961,31.669649124145508,0.004086358938366175,0.07573847472667694,0.2906283438205719,0.6295468211174011,,0
1320032.png,/home/ubuntu/SCB-05-Dataset/5k_HRW_Dataset_combined/images/val/1320032.png,3,3,25.643657684326172,28.102981567382812,28.772926330566406,31.66607666015625,0.002231497783213854,0.026101604104042053,0.05100591480731964,0.9206609725952148,,0
1320039.png,/home/ubuntu/SCB-05-Dataset/5k_HRW_Dataset_combined/images/val/1320039.png,3,3,29.247480392456055,30.018394470214844,29.877853393554688,32.62721633911133,0.02906716987490654,0.0628357082605362,0.054597191512584686,0.8534998297691345,,0
1320047.png,/home/ubuntu/SCB-05-Dataset/5k_HRW_Dataset_combined/images/val/1320047.png,3,3,27.820852279663086,30.881664276123047,29.402997970581055,33.03495788574219,0.004738043528050184,0.10113298892974854,0.023052403703331947,0.8710765838623047,,0
1320062.png,/home/ubuntu/SCB-05-Dataset/5k_HRW_Dataset_combined/images/val/1320062.png,2,3,27.972322463989258,28.936370849609375,29.972734451293945,30.16982650756836,0.0499577634036541,0.13100379705429077,0.36929285526275635,0.4497455358505249,,0
13210004.png,/home/ubuntu/SCB-05-Dataset/5k_HRW_Dataset_combined/images/val/13210004.png,2,3,27.931617736816406,28.47344970703125,29.63026237487793,30.728424072265625,0.0406869612634182,0.06994713097810745,0.22241663932800293,0.6669492721557617,,0
13210005.png,/home/ubuntu/SCB-05-Dataset/5k_HRW_Dataset_combined/images/val/13210005.png,2,3,28.631916046142578,31.231590270996094,30.592077255249023,32.539642333984375,0.014016309753060341,0.1886504590511322,0.0995224118232727,0.6978107690811157,,0
13210012.png,/home/ubuntu/SCB-05-Dataset/5k_HRW_Dataset_combined/images/val/13210012.png,3,3,31.443410873413086,32.963890075683594,32.8852653503418,33.459896087646484,0.05775398761034012,0.26419079303741455,0.2442144751548767,0.4338407814502716,,0
13210018.png,/home/ubuntu/SCB-05-Dataset/5k_HRW_Dataset_combined/images/val/13210018.png,3,3,27.156936645507812,28.08692741394043,27.912080764770508,29.48000717163086,0.06301447004079819,0.15970928966999054,0.1340896487236023,0.643186628818512,,0
13210031.png,/home/ubuntu/SCB-05-Dataset/5k_HRW_Dataset_combined/images/val/13210031.png,2,3,26.577959060668945,28.946006774902344,29.24833869934082,31.104225158691406,0.008436338976025581,0.09007080644369125,0.12186672538518906,0.7796261310577393,,0
13210038.png,/home/ubuntu/SCB-05-Dataset/5k_HRW_Dataset_combined/images/val/13210038.png,3,3,29.915481567382812,31.17821502685547,31.193262100219727,32.137611389160156,0.057634565979242325,0.20374229550361633,0.2068312019109726,0.5317919254302979,,0
13210039.png,/home/ubuntu/SCB-05-Dataset/5k_HRW_Dataset_combined/images/val/13210039.png,3,3,31.12167739868164,33.20567321777344,33.25776290893555,33.8873291015625,0.02994716912508011,0.24067091941833496,0.25353965163230896,0.47584226727485657,,0
13210040.png,/home/ubuntu/SCB-05-Dataset/5k_HRW_Dataset_combined/images/val/13210040.png,3,3,29.854372024536133,29.697406768798828,29.96634864807129,30.735925674438477,0.18560214340686798,0.15864041447639465,0.20759351551532745,0.4481638967990875,,0
1322001.png,/home/ubuntu/SCB-05-Dataset/5k_HRW_Dataset_combined/images/val/1322001.png,3,3,24.94015121459961,26.683504104614258,26.60890769958496,28.752225875854492,0.017462292686104774,0.09982281178236008,0.09264735132455826,0.7900675535202026,,0
1322004.png,/home/ubuntu/SCB-05-Dataset/5k_HRW_Dataset_combined/images/val/1322004.png,3,1,29.79529571533203,31.408428192138672,30.052900314331055,29.595613479614258,0.12298118323087692,0.6171818971633911,0.15911638736724854,0.10072047263383865,,0
1322006.png,/home/ubuntu/SCB-05-Dataset/5k_HRW_Dataset_combined/images/val/1322006.png,2,3,28.062461853027344,27.462017059326172,29.130966186523438,30.850114822387695,0.04830348119139671,0.026497723534703255,0.14061251282691956,0.7845863103866577,,0
1322014.png,/home/ubuntu/SCB-05-Dataset/5k_HRW_Dataset_combined/images/val/1322014.png,2,3,28.857404708862305,29.44837188720703,30.82413673400879,31.3515567779541,0.04532172158360481,0.08183897286653519,0.3239270746707916,0.5489122271537781,,0
1322009.png,/home/ubuntu/SCB-05-Dataset/5k_HRW_Dataset_combined/images/val/1322009.png,3,3,28.748870849609375,30.789804458618164,30.997657775878906,31.386137008666992,0.031105194240808487,0.23944133520126343,0.2947600781917572,0.4346933960914612,,0
1322025.png,/home/ubuntu/SCB-05-Dataset/5k_HRW_Dataset_combined/images/val/1322025.png,3,3,29.524438858032227,30.860488891601562,31.346426010131836,32.03865051269531,0.04283574968576431,0.1629466712474823,0.2649020850658417,0.5293155312538147,,0
1322033.png,/home/ubuntu/SCB-05-Dataset/5k_HRW_Dataset_combined/images/val/1322033.png,3,3,28.10003089904785,29.616487503051758,29.610321044921875,29.74563217163086,0.06549550592899323,0.29840096831321716,0.29656654596328735,0.3395369350910187,,0
1322021.png,/home/ubuntu/SCB-05-Dataset/5k_HRW_Dataset_combined/images/val/1322021.png,3,3,28.190988540649414,28.675704956054688,28.933805465698242,31.77541160583496,0.024534987285733223,0.039837807416915894,0.051568806171417236,0.8840583562850952,,0
1325002.png,/home/ubuntu/SCB-05-Dataset/5k_HRW_Dataset_combined/images/val/1325002.png,3,3,29.282041549682617,31.56603240966797,31.323444366455078,32.53177261352539,0.022573066875338554,0.221572145819664,0.1738443374633789,0.5820105075836182,,0
1325003.png,/home/ubuntu/SCB-05-Dataset/5k_HRW_Dataset_combined/images/val/1325003.png,3,3,29.642135620117188,30.39061164855957,30.808835983276367,31.060832977294922,0.09563073515892029,0.20214198529720306,0.30710649490356445,0.3951208293437958,,0
1325005.png,/home/ubuntu/SCB-05-Dataset/5k_HRW_Dataset_combined/images/val/1325005.png,2,3,29.56576919555664,31.71125030517578,31.161087036132812,32.40708541870117,0.03163119778037071,0.27032503485679626,0.155938521027565,0.5421052575111389,,0
1325006.png,/home/ubuntu/SCB-05-Dataset/5k_HRW_Dataset_combined/images/val/1325006.png,2,1,30.266042709350586,32.390342712402344,31.50649642944336,32.12508773803711,0.051970116794109344,0.4348360002040863,0.17967015504837036,0.3335237205028534,,0
1325025.png,/home/ubuntu/SCB-05-Dataset/5k_HRW_Dataset_combined/images/val/1325025.png,3,3,27.74806022644043,30.090707778930664,30.735408782958984,31.958908081054688,0.010136286728084087,0.10550615191459656,0.20103323459625244,0.6833242774009705,,0
1325030.png,/home/ubuntu/SCB-05-Dataset/5k_HRW_Dataset_combined/images/val/1325030.png,3,3,28.900659561157227,31.10169792175293,31.096290588378906,34.30398178100586,0.004146568942815065,0.037461716681718826,0.037259697914123535,0.9211320877075195,,0
1325031.png,/home/ubuntu/SCB-05-Dataset/5k_HRW_Dataset_combined/images/val/1325031.png,3,3,27.737194061279297,30.26195526123047,30.56637954711914,32.84983825683594,0.005088318604975939,0.06354248523712158,0.08615370094776154,0.8452155590057373,,0
1325034.png,/home/ubuntu/SCB-05-Dataset/5k_HRW_Dataset_combined/images/val/1325034.png,3,3,29.126516342163086,31.966140747070312,31.334877014160156,33.62698745727539,0.008527354337275028,0.14589737355709076,0.07760561257600784,0.7679696679115295,,0
1325038.png,/home/ubuntu/SCB-05-Dataset/5k_HRW_Dataset_combined/images/val/1325038.png,3,3,27.868961334228516,29.99357795715332,29.571311950683594,33.664215087890625,0.0029104275163263083,0.02435937337577343,0.015969019383192062,0.9567611217498779,,0
1325047.png,/home/ubuntu/SCB-05-Dataset/5k_HRW_Dataset_combined/images/val/1325047.png,3,3,26.61171531677246,28.212839126586914,28.51530647277832,31.87558937072754,0.00485679367557168,0.024082904681563377,0.03258882835507393,0.9384714961051941,,0
1325053.png,/home/ubuntu/SCB-05-Dataset/5k_HRW_Dataset_combined/images/val/1325053.png,3,3,27.5122127532959,28.419572830200195,29.097366333007812,31.232824325561523,0.020142020657658577,0.04990735277533531,0.09829387813806534,0.8316567540168762,,0
1329015.png,/home/ubuntu/SCB-05-Dataset/5k_HRW_Dataset_combined/images/val/1329015.png,3,3,29.125186920166016,30.46579360961914,31.03712272644043,31.579113006591797,0.04306359216570854,0.16456155478954315,0.2913757860660553,0.5009989738464355,,0
1329024.png,/home/ubuntu/SCB-05-Dataset/5k_HRW_Dataset_combined/images/val/1329024.png,3,3,29.24984359741211,31.294261932373047,30.534780502319336,31.352943420410156,0.04870771989226341,0.3762507736682892,0.17605112493038177,0.3989903926849365,,0
1330016.png,/home/ubuntu/SCB-05-Dataset/5k_HRW_Dataset_combined/images/val/1330016.png,3,3,24.5722713470459,25.0281925201416,24.154964447021484,25.91788101196289,0.14130337536334991,0.2229238748550415,0.09309329837560654,0.5426794290542603,,0
1330037.png,/home/ubuntu/SCB-05-Dataset/5k_HRW_Dataset_combined/images/val/1330037.png,3,3,28.129249572753906,30.0626163482666,29.996538162231445,30.23695945739746,0.044222649186849594,0.30569988489151,0.286152720451355,0.36392471194267273,,0
1330041.png,/home/ubuntu/SCB-05-Dataset/5k_HRW_Dataset_combined/images/val/1330041.png,2,3,30.21114158630371,31.39146614074707,32.095314025878906,32.79640197753906,0.04148847609758377,0.13506285846233368,0.27303174138069153,0.5504169464111328,,0
1330044.png,/home/ubuntu/SCB-05-Dataset/5k_HRW_Dataset_combined/images/val/1330044.png,3,3,28.948497772216797,29.878198623657227,30.282835006713867,31.20437240600586,0.059259723871946335,0.150149405002594,0.22503753006458282,0.5655533075332642,,0
1330048.png,/home/ubuntu/SCB-05-Dataset/5k_HRW_Dataset_combined/images/val/1330048.png,3,3,28.859365463256836,27.66383934020996,30.125423431396484,31.072742462158203,0.07144928723573685,0.021616606041789055,0.2534194588661194,0.6535146236419678,,0
1331001.png,/home/ubuntu/SCB-05-Dataset/5k_HRW_Dataset_combined/images/val/1331001.png,3,2,28.079912185668945,28.780723571777344,29.845172882080078,29.671070098876953,0.07263264805078506,0.14638292789459229,0.4243995249271393,0.35658496618270874,,0
1331003.png,/home/ubuntu/SCB-05-Dataset/5k_HRW_Dataset_combined/images/val/1331003.png,3,1,25.393537521362305,26.353164672851562,26.14348793029785,25.585872650146484,0.14409856498241425,0.3762013912200928,0.30504152178764343,0.17465849220752716,,0
1331018.png,/home/ubuntu/SCB-05-Dataset/5k_HRW_Dataset_combined/images/val/1331018.png,3,3,24.49753761291504,25.440608978271484,25.727590560913086,27.924983978271484,0.026464015245437622,0.06795578449964523,0.09054426848888397,0.8150359988212585,,0
1331022.png,/home/ubuntu/SCB-05-Dataset/5k_HRW_Dataset_combined/images/val/1331022.png,3,3,29.308425903320312,28.477394104003906,29.784404754638672,31.570096969604492,0.07908698171377182,0.03445025533437729,0.1272975355386734,0.7591651678085327,,0
1331034.png,/home/ubuntu/SCB-05-Dataset/5k_HRW_Dataset_combined/images/val/1331034.png,2,2,29.43257713317871,30.10803985595703,30.839916229248047,30.131990432739258,0.110343798995018,0.216819167137146,0.45076224207878113,0.22207479178905487,,0
1331044.png,/home/ubuntu/SCB-05-Dataset/5k_HRW_Dataset_combined/images/val/1331044.png,3,3,25.596704483032227,27.409385681152344,28.558528900146484,29.401159286499023,0.014013290405273438,0.08585736900568008,0.270921915769577,0.62920743227005,,0
1332001.png,/home/ubuntu/SCB-05-Dataset/5k_HRW_Dataset_combined/images/val/1332001.png,2,3,30.834787368774414,31.69768524169922,31.503524780273438,32.431800842285156,0.0974653884768486,0.2309948056936264,0.19023017585277557,0.4813096225261688,,0
1332007.png,/home/ubuntu/SCB-05-Dataset/5k_HRW_Dataset_combined/images/val/1332007.png,3,2,30.05242919921875,30.735830307006836,31.28529167175293,31.157493591308594,0.10603263974189758,0.21000851690769196,0.36380189657211304,0.3201569616794586,,0
1332009.png,/home/ubuntu/SCB-05-Dataset/5k_HRW_Dataset_combined/images/val/1332009.png,3,1,30.290096282958984,32.089019775390625,30.466306686401367,31.875926971435547,0.07622431218624115,0.4606340825557709,0.09091189503669739,0.3722297251224518,,0
1332015.png,/home/ubuntu/SCB-05-Dataset/5k_HRW_Dataset_combined/images/val/1332015.png,3,3,27.96218490600586,29.451305389404297,30.117685317993164,31.410280227661133,0.021975191310048103,0.09742031246423721,0.18969444930553436,0.6909100413322449,,0
1332016.png,/home/ubuntu/SCB-05-Dataset/5k_HRW_Dataset_combined/images/val/1332016.png,3,3,28.765911102294922,31.234010696411133,31.01836395263672,31.75295066833496,0.02373158372938633,0.2800327241420746,0.22571195662021637,0.4705237150192261,,0
1332029.png,/home/ubuntu/SCB-05-Dataset/5k_HRW_Dataset_combined/images/val/1332029.png,3,2,30.578018188476562,31.624555587768555,32.6451416015625,31.356752395629883,0.0717950090765953,0.2044559270143509,0.5673283934593201,0.15642069280147552,,0
1332030.png,/home/ubuntu/SCB-05-Dataset/5k_HRW_Dataset_combined/images/val/1332030.png,3,2,30.016332626342773,31.856626510620117,32.1435661315918,31.011903762817383,0.0543588250875473,0.3423730134963989,0.4561585485935211,0.14710962772369385,,0
1332034.png,/home/ubuntu/SCB-05-Dataset/5k_HRW_Dataset_combined/images/val/1332034.png,3,3,27.11597442626953,28.85033416748047,29.261852264404297,30.27988052368164,0.02572169154882431,0.14572109282016754,0.2199087291955948,0.608648419380188,,0
1332036.png,/home/ubuntu/SCB-05-Dataset/5k_HRW_Dataset_combined/images/val/1332036.png,3,1,28.870365142822266,29.855411529541016,29.844738006591797,29.7327880859375,0.11499097943305969,0.30793848633766174,0.30466920137405396,0.2724013924598694,,0
1332049.png,/home/ubuntu/SCB-05-Dataset/5k_HRW_Dataset_combined/images/val/1332049.png,3,3,28.968311309814453,30.24134063720703,29.543804168701172,32.17668533325195,0.0321662463247776,0.11488676816225052,0.057191796600818634,0.7957552075386047,,0
1332040.png,/home/ubuntu/SCB-05-Dataset/5k_HRW_Dataset_combined/images/val/1332040.png,3,3,26.12290382385254,26.99205207824707,27.24623680114746,28.294450759887695,0.06565208733081818,0.15657226741313934,0.20188583433628082,0.5758898258209229,,0
1333035.png,/home/ubuntu/SCB-05-Dataset/5k_HRW_Dataset_combined/images/val/1333035.png,3,3,28.854019165039062,30.757213592529297,31.2829532623291,31.723102569580078,0.02726658619940281,0.1828847974538803,0.3093879818916321,0.48046067357063293,,0
1333038.png,/home/ubuntu/SCB-05-Dataset/5k_HRW_Dataset_combined/images/val/1333038.png,3,3,27.53826141357422,28.37451171875,29.329875946044922,30.687814712524414,0.03064432367682457,0.07071782648563385,0.18383929133415222,0.7147985100746155,,0
1333045.png,/home/ubuntu/SCB-05-Dataset/5k_HRW_Dataset_combined/images/val/1333045.png,3,3,28.759166717529297,31.52761459350586,30.236345291137695,32.92027282714844,0.011701807379722595,0.18645523488521576,0.0512605719268322,0.7505823969841003,,0
1333048.png,/home/ubuntu/SCB-05-Dataset/5k_HRW_Dataset_combined/images/val/1333048.png,3,3,29.44902801513672,32.531105041503906,30.815872192382812,34.06026077270508,0.007853319868445396,0.1712309718132019,0.030808186158537865,0.7901075482368469,,0
1333050.png,/home/ubuntu/SCB-05-Dataset/5k_HRW_Dataset_combined/images/val/1333050.png,3,3,27.86760711669922,30.943532943725586,29.48162841796875,32.28877639770508,0.009018237702548504,0.1954246163368225,0.04529833421111107,0.75025874376297,,0
1335003.png,/home/ubuntu/SCB-05-Dataset/5k_HRW_Dataset_combined/images/val/1335003.png,2,3,27.410888671875,27.768144607543945,29.232906341552734,30.072599411010742,0.04360244423151016,0.06232540309429169,0.2696516513824463,0.6244204640388489,,0
1335004.png,/home/ubuntu/SCB-05-Dataset/5k_HRW_Dataset_combined/images/val/1335004.png,3,3,26.488525390625,27.70148277282715,28.87548828125,31.874635696411133,0.004280890803784132,0.014398421160876751,0.04657780006527901,0.9347428679466248,,0
1335010.png,/home/ubuntu/SCB-05-Dataset/5k_HRW_Dataset_combined/images/val/1335010.png,3,3,25.452159881591797,27.45380973815918,28.177303314208984,31.03766441345215,0.0034459633752703667,0.02550446055829525,0.052580587565898895,0.9184688925743103,,0
1335017.png,/home/ubuntu/SCB-05-Dataset/5k_HRW_Dataset_combined/images/val/1335017.png,3,1,27.899682998657227,29.24582290649414,27.86397933959961,28.160186767578125,0.14074449241161346,0.5408197641372681,0.1358080506324768,0.18262773752212524,,0
1340003.png,/home/ubuntu/SCB-05-Dataset/5k_HRW_Dataset_combined/images/val/1340003.png,3,3,27.61220932006836,27.49672508239746,29.793554306030273,30.556053161621094,0.033627185970544815,0.029959624633193016,0.29787677526474,0.6385363936424255,,0
1335020.png,/home/ubuntu/SCB-05-Dataset/5k_HRW_Dataset_combined/images/val/1335020.png,3,3,27.554136276245117,28.48076820373535,28.782575607299805,30.169719696044922,0.048503488302230835,0.12251917272806168,0.16568277776241302,0.6632944941520691,,0
1340005.png,/home/ubuntu/SCB-05-Dataset/5k_HRW_Dataset_combined/images/val/1340005.png,3,2,28.6473445892334,29.873403549194336,30.08477020263672,29.841920852661133,0.08389420062303543,0.28589239716529846,0.35318151116371155,0.27703192830085754,,0
1340007.png,/home/ubuntu/SCB-05-Dataset/5k_HRW_Dataset_combined/images/val/1340007.png,3,3,30.28060531616211,29.002094268798828,29.383241653442383,30.568622589111328,0.33113953471183777,0.09220632910728455,0.13498669862747192,0.441667377948761,,0
1340010.png,/home/ubuntu/SCB-05-Dataset/5k_HRW_Dataset_combined/images/val/1340010.png,3,2,29.816797256469727,29.79726791381836,30.622610092163086,30.33108139038086,0.1697327196598053,0.16645009815692902,0.37994927167892456,0.28386789560317993,,0
1340012.png,/home/ubuntu/SCB-05-Dataset/5k_HRW_Dataset_combined/images/val/1340012.png,2,3,27.628087997436523,28.23638916015625,29.313329696655273,29.579078674316406,0.06550197303295135,0.12034726142883301,0.3533015847206116,0.46084922552108765,,0
1340013.png,/home/ubuntu/SCB-05-Dataset/5k_HRW_Dataset_combined/images/val/1340013.png,3,3,30.28017807006836,30.788724899291992,30.840660095214844,31.042367935180664,0.15250054001808167,0.25358903408050537,0.267107218503952,0.32680314779281616,,0
1340018.png,/home/ubuntu/SCB-05-Dataset/5k_HRW_Dataset_combined/images/val/1340018.png,2,3,29.572650909423828,29.621196746826172,30.26004981994629,32.01836395263672,0.06419698894023895,0.06739036738872528,0.12765806913375854,0.7407546043395996,,0
1340019.png,/home/ubuntu/SCB-05-Dataset/5k_HRW_Dataset_combined/images/val/1340019.png,3,3,30.148225784301758,31.39997100830078,31.513261795043945,32.79005432128906,0.0445411391556263,0.15573540329933167,0.17441703379154205,0.6253064274787903,,0
1358005.png,/home/ubuntu/SCB-05-Dataset/5k_HRW_Dataset_combined/images/val/1358005.png,3,3,31.509559631347656,30.99833106994629,30.546194076538086,32.349029541015625,0.23274736106395721,0.13959215581417084,0.08881789445877075,0.5388426184654236,,0
1358006.png,/home/ubuntu/SCB-05-Dataset/5k_HRW_Dataset_combined/images/val/1358006.png,2,3,28.903165817260742,29.584688186645508,29.741317749023438,30.6732120513916,0.0896049365401268,0.17713867127895355,0.20717468857765198,0.5260817408561707,,0
1358011.png,/home/ubuntu/SCB-05-Dataset/5k_HRW_Dataset_combined/images/val/1358011.png,2,1,31.237459182739258,31.600168228149414,31.260562896728516,30.317533493041992,0.25912514328956604,0.37241923809051514,0.26518163084983826,0.10327398031949997,,0
1358019.png,/home/ubuntu/SCB-05-Dataset/5k_HRW_Dataset_combined/images/val/1358019.png,3,3,29.45222282409668,30.706607818603516,31.420623779296875,31.54275131225586,0.050622422248125076,0.17746610939502716,0.3624170422554016,0.4094943404197693,,0
1358020.png,/home/ubuntu/SCB-05-Dataset/5k_HRW_Dataset_combined/images/val/1358020.png,3,3,28.6783390045166,30.940967559814453,29.853158950805664,32.728912353515625,0.014029919169843197,0.13480384647846222,0.04542270675301552,0.8057435154914856,,0
1363012.png,/home/ubuntu/SCB-05-Dataset/5k_HRW_Dataset_combined/images/val/1363012.png,2,3,29.827939987182617,30.081647872924805,30.675935745239258,30.704885482788086,0.14230206608772278,0.18339823186397552,0.33226996660232544,0.3420296907424927,,0
1363017.png,/home/ubuntu/SCB-05-Dataset/5k_HRW_Dataset_combined/images/val/1363017.png,3,3,29.426204681396484,31.12565803527832,30.568572998046875,31.274789810180664,0.06267248839139938,0.34287840127944946,0.19642700254917145,0.3980221450328827,,0
1363018.png,/home/ubuntu/SCB-05-Dataset/5k_HRW_Dataset_combined/images/val/1363018.png,3,3,28.79963493347168,29.01967430114746,28.340274810791016,30.510334014892578,0.11889700591564178,0.14816060662269592,0.07510577142238617,0.6578366756439209,,0
1363025.png,/home/ubuntu/SCB-05-Dataset/5k_HRW_Dataset_combined/images/val/1363025.png,3,3,29.27334213256836,31.443225860595703,31.344688415527344,34.316532135009766,0.005791852716356516,0.05072079226374626,0.04596124589443207,0.8975261449813843,,0
1363032.png,/home/ubuntu/SCB-05-Dataset/5k_HRW_Dataset_combined/images/val/1363032.png,3,3,28.7655029296875,30.705543518066406,30.29309844970703,32.536293029785156,0.017863374203443527,0.12431181222200394,0.08229809254407883,0.775526762008667,,0
1363041.png,/home/ubuntu/SCB-05-Dataset/5k_HRW_Dataset_combined/images/val/1363041.png,3,3,28.142303466796875,29.436010360717773,30.627918243408203,33.2545280456543,0.005473630502820015,0.0199583787471056,0.06573010236024857,0.9088378548622131,,0
1363034.png,/home/ubuntu/SCB-05-Dataset/5k_HRW_Dataset_combined/images/val/1363034.png,3,3,29.102760314941406,32.03614044189453,30.236928939819336,33.03505325317383,0.013527503237128258,0.2541958689689636,0.04205143824219704,0.6902251839637756,,0
1367001.png,/home/ubuntu/SCB-05-Dataset/5k_HRW_Dataset_combined/images/val/1367001.png,2,2,28.47541618347168,30.259817123413086,30.97193145751953,30.745384216308594,0.03475212678313255,0.2069840431213379,0.4218948185443878,0.33636900782585144,,0
1367003.png,/home/ubuntu/SCB-05-Dataset/5k_HRW_Dataset_combined/images/val/1367003.png,3,3,28.367874145507812,29.06070327758789,30.575483322143555,31.427648544311523,0.02992573007941246,0.05983242765069008,0.27214306592941284,0.6380987763404846,,0
1367006.png,/home/ubuntu/SCB-05-Dataset/5k_HRW_Dataset_combined/images/val/1367006.png,2,1,29.803966522216797,31.372133255004883,30.942481994628906,31.08791732788086,0.07980302721261978,0.3828825354576111,0.2491554468870163,0.28815898299217224,,0
1379041.png,/home/ubuntu/SCB-05-Dataset/5k_HRW_Dataset_combined/images/val/1379041.png,2,2,27.550960540771484,28.669166564941406,29.321693420410156,27.637800216674805,0.09070096909999847,0.27748697996139526,0.5328825116157532,0.0989295244216919,,0
1379035.png,/home/ubuntu/SCB-05-Dataset/5k_HRW_Dataset_combined/images/val/1379035.png,2,2,29.967153549194336,29.9158878326416,30.386198043823242,28.7080020904541,0.2663520574569702,0.25304144620895386,0.40499046444892883,0.07561597228050232,,0
1395005.png,/home/ubuntu/SCB-05-Dataset/5k_HRW_Dataset_combined/images/val/1395005.png,2,3,27.56901741027832,27.778715133666992,28.237014770507812,29.186513900756836,0.10841178894042969,0.13370482623577118,0.21143852174282074,0.546444833278656,,0
1395008.png,/home/ubuntu/SCB-05-Dataset/5k_HRW_Dataset_combined/images/val/1395008.png,2,3,26.448387145996094,27.24594497680664,27.379619598388672,28.19548225402832,0.08698936551809311,0.19312618672847748,0.22074724733829498,0.4991372227668762,,0
1399008.png,/home/ubuntu/SCB-05-Dataset/5k_HRW_Dataset_combined/images/val/1399008.png,2,2,30.01527214050293,30.4935359954834,31.06584930419922,28.621408462524414,0.17480416595935822,0.28200653195381165,0.49981772899627686,0.04337150231003761,,0
1395010.png,/home/ubuntu/SCB-05-Dataset/5k_HRW_Dataset_combined/images/val/1395010.png,2,2,27.170303344726562,26.7514591217041,28.257333755493164,27.621095657348633,0.16147741675376892,0.10622091591358185,0.4788539707660675,0.2534477412700653,,0
1399009.png,/home/ubuntu/SCB-05-Dataset/5k_HRW_Dataset_combined/images/val/1399009.png,2,3,28.69548797607422,29.579999923706055,29.700178146362305,30.5455322265625,0.07991711050271988,0.1935434490442276,0.21825852990150452,0.5082809329032898,,0
1399010.png,/home/ubuntu/SCB-05-Dataset/5k_HRW_Dataset_combined/images/val/1399010.png,2,3,28.209165573120117,29.50173568725586,29.290393829345703,31.364574432373047,0.03220294415950775,0.11728747934103012,0.09494388848543167,0.7555656433105469,,0
1399026.png,/home/ubuntu/SCB-05-Dataset/5k_HRW_Dataset_combined/images/val/1399026.png,2,3,29.2605037689209,28.929046630859375,28.725238800048828,29.328393936157227,0.2964158356189728,0.2127901017665863,0.1735556572675705,0.31723839044570923,,0
1399027.png,/home/ubuntu/SCB-05-Dataset/5k_HRW_Dataset_combined/images/val/1399027.png,2,0,31.106414794921875,30.163288116455078,30.205440521240234,29.995161056518555,0.4706484377384186,0.18327444791793823,0.1911650449037552,0.154912069439888,,0
1424001.png,/home/ubuntu/SCB-05-Dataset/5k_HRW_Dataset_combined/images/val/1424001.png,2,2,30.217689514160156,30.711591720581055,31.40204620361328,31.259536743164062,0.11439383029937744,0.18745698034763336,0.37390580773353577,0.32424336671829224,,0
1424002.png,/home/ubuntu/SCB-05-Dataset/5k_HRW_Dataset_combined/images/val/1424002.png,2,2,29.605663299560547,30.964115142822266,31.363975524902344,30.735877990722656,0.07252093404531479,0.28211846947669983,0.4208125174045563,0.2245480865240097,,0
1424036.png,/home/ubuntu/SCB-05-Dataset/5k_HRW_Dataset_combined/images/val/1424036.png,2,2,28.076780319213867,29.345474243164062,29.66771125793457,29.022342681884766,0.08306487649679184,0.29539573192596436,0.40770870447158813,0.21383064985275269,,0
1427005.png,/home/ubuntu/SCB-05-Dataset/5k_HRW_Dataset_combined/images/val/1427005.png,2,3,29.382381439208984,29.36481475830078,29.348548889160156,29.760616302490234,0.22680748999118805,0.2228580117225647,0.21926234662532806,0.3310721814632416,,0
1429002.png,/home/ubuntu/SCB-05-Dataset/5k_HRW_Dataset_combined/images/val/1429002.png,2,2,29.960927963256836,30.12681007385254,30.88872528076172,30.20462989807129,0.16707514226436615,0.19722117483615875,0.42252177000045776,0.21318186819553375,,0
1429021.png,/home/ubuntu/SCB-05-Dataset/5k_HRW_Dataset_combined/images/val/1429021.png,2,2,28.716367721557617,29.508176803588867,30.68038558959961,30.295351028442383,0.06585308164358139,0.1453631967306137,0.4693947434425354,0.3193889260292053,,0
1429022.png,/home/ubuntu/SCB-05-Dataset/5k_HRW_Dataset_combined/images/val/1429022.png,2,2,29.720199584960938,30.426048278808594,31.75885772705078,31.048723220825195,0.06905444711446762,0.13987426459789276,0.530358612537384,0.2607126533985138,,0
1429024.png,/home/ubuntu/SCB-05-Dataset/5k_HRW_Dataset_combined/images/val/1429024.png,2,3,30.824268341064453,30.877351760864258,31.231224060058594,32.331172943115234,0.12392348051071167,0.13067950308322906,0.18616250157356262,0.5592344999313354,,0
1429026.png,/home/ubuntu/SCB-05-Dataset/5k_HRW_Dataset_combined/images/val/1429026.png,2,2,28.21364402770996,27.075416564941406,28.598060607910156,27.41933250427246,0.3085433542728424,0.09885309636592865,0.45317524671554565,0.13942834734916687,,0
1429029.png,/home/ubuntu/SCB-05-Dataset/5k_HRW_Dataset_combined/images/val/1429029.png,2,3,27.951934814453125,27.716428756713867,28.322586059570312,28.59112548828125,0.1947876662015915,0.15391553938388824,0.28218454122543335,0.3691122233867645,,0
1429033.png,/home/ubuntu/SCB-05-Dataset/5k_HRW_Dataset_combined/images/val/1429033.png,2,1,29.044553756713867,30.3924560546875,30.180221557617188,26.559608459472656,0.12428652495145798,0.4784213900566101,0.386935293674469,0.010356809943914413,,0
1429035.png,/home/ubuntu/SCB-05-Dataset/5k_HRW_Dataset_combined/images/val/1429035.png,2,2,30.82129669189453,30.871877670288086,30.951663970947266,29.22509002685547,0.29465556144714355,0.30994293093681335,0.3356854021549225,0.059716030955314636,,0
1431001.png,/home/ubuntu/SCB-05-Dataset/5k_HRW_Dataset_combined/images/val/1431001.png,2,3,26.219308853149414,24.305715560913086,27.46504020690918,27.646005630493164,0.11379227042198181,0.016789963468909264,0.39548224210739136,0.4739355444908142,,0
1431004.png,/home/ubuntu/SCB-05-Dataset/5k_HRW_Dataset_combined/images/val/1431004.png,2,1,28.19483184814453,29.860624313354492,29.455718994140625,28.771522521972656,0.08621766418218613,0.4560796916484833,0.30422335863113403,0.15347930788993835,,0
1431010.png,/home/ubuntu/SCB-05-Dataset/5k_HRW_Dataset_combined/images/val/1431010.png,2,3,27.695877075195312,27.740007400512695,29.690780639648438,30.854732513427734,0.030357997864484787,0.031727708876132965,0.22317665815353394,0.714737594127655,,0
1431013.png,/home/ubuntu/SCB-05-Dataset/5k_HRW_Dataset_combined/images/val/1431013.png,2,2,26.77432632446289,25.236875534057617,27.33241844177246,26.90904998779297,0.24351730942726135,0.05233876034617424,0.42550647258758545,0.27863749861717224,,0
1431015.png,/home/ubuntu/SCB-05-Dataset/5k_HRW_Dataset_combined/images/val/1431015.png,2,2,28.851806640625,29.672080993652344,30.005603790283203,29.173486709594727,0.12786456942558289,0.29039615392684937,0.405357301235199,0.17638196051120758,,0
1433002.png,/home/ubuntu/SCB-05-Dataset/5k_HRW_Dataset_combined/images/val/1433002.png,2,0,29.216693878173828,28.025442123413086,27.771818161010742,25.94074058532715,0.6339558959007263,0.19262158870697021,0.1494711935520172,0.02395137958228588,,0
1433005.png,/home/ubuntu/SCB-05-Dataset/5k_HRW_Dataset_combined/images/val/1433005.png,2,2,27.456480026245117,27.5418701171875,27.764404296875,27.20060920715332,0.23674346506595612,0.2578471899032593,0.32211264967918396,0.18329669535160065,,0
1433010.png,/home/ubuntu/SCB-05-Dataset/5k_HRW_Dataset_combined/images/val/1433010.png,2,2,26.63152503967285,25.70333480834961,26.90229034423828,25.081993103027344,0.342631995677948,0.13543160259723663,0.44917938113212585,0.07275699824094772,,0
1433011.png,/home/ubuntu/SCB-05-Dataset/5k_HRW_Dataset_combined/images/val/1433011.png,2,2,28.121631622314453,27.687829971313477,28.50571060180664,26.5129451751709,0.3015270233154297,0.19540178775787354,0.4427204728126526,0.06035073474049568,,0
1433016.png,/home/ubuntu/SCB-05-Dataset/5k_HRW_Dataset_combined/images/val/1433016.png,2,3,28.896745681762695,27.748424530029297,29.182371139526367,29.79203987121582,0.19623932242393494,0.06224098801612854,0.2611148953437805,0.4804048240184784,,0
2110008.png,/home/ubuntu/SCB-05-Dataset/5k_HRW_Dataset_combined/images/val/2110008.png,3,3,31.15813446044922,32.15962600708008,31.547016143798828,34.19230651855469,0.038489025086164474,0.1047801822423935,0.0567840076982975,0.7999467253684998,,0
2110014.png,/home/ubuntu/SCB-05-Dataset/5k_HRW_Dataset_combined/images/val/2110014.png,2,3,30.05319595336914,31.624675750732422,31.116352081298828,33.21332931518555,0.030976057052612305,0.14911147952079773,0.08969101309776306,0.7302214503288269,,0
2110017.png,/home/ubuntu/SCB-05-Dataset/5k_HRW_Dataset_combined/images/val/2110017.png,3,3,31.49764633178711,32.9084587097168,32.276241302490234,33.38996505737305,0.07187817990779877,0.2946490943431854,0.1565800905227661,0.4768926799297333,,0
2110038.png,/home/ubuntu/SCB-05-Dataset/5k_HRW_Dataset_combined/images/val/2110038.png,3,3,26.85161590576172,26.39092254638672,26.486087799072266,28.995872497558594,0.09207790344953537,0.05808698385953903,0.06388641893863678,0.7859486937522888,,0
3000002.png,/home/ubuntu/SCB-05-Dataset/5k_HRW_Dataset_combined/images/val/3000002.png,3,3,27.447256088256836,27.50576400756836,27.35420799255371,28.12283706665039,0.20256951451301575,0.2147749960422516,0.18457114696502686,0.3980844020843506,,0
3000003.png,/home/ubuntu/SCB-05-Dataset/5k_HRW_Dataset_combined/images/val/3000003.png,2,1,28.613018035888672,29.9768009185791,29.59641456604004,28.58670997619629,0.11684268712997437,0.4569670557975769,0.31238141655921936,0.11380885541439056,,0
3000009.png,/home/ubuntu/SCB-05-Dataset/5k_HRW_Dataset_combined/images/val/3000009.png,2,2,28.817235946655273,29.440324783325195,29.549968719482422,28.360933303833008,0.17924165725708008,0.33422812819480896,0.3729586899280548,0.11357146501541138,,0
3000008.png,/home/ubuntu/SCB-05-Dataset/5k_HRW_Dataset_combined/images/val/3000008.png,2,2,29.065370559692383,29.9862060546875,30.34447479248047,29.79387664794922,0.10897056013345718,0.2736673653125763,0.39157694578170776,0.22578516602516174,,0
3000010.png,/home/ubuntu/SCB-05-Dataset/5k_HRW_Dataset_combined/images/val/3000010.png,2,2,29.69387435913086,30.236772537231445,30.34589385986328,29.379653930664062,0.18619343638420105,0.3204365372657776,0.3573821485042572,0.13598787784576416,,0
3000014.png,/home/ubuntu/SCB-05-Dataset/5k_HRW_Dataset_combined/images/val/3000014.png,2,2,29.69827651977539,30.200593948364258,30.735469818115234,29.85834503173828,0.15043418109416962,0.24859948456287384,0.42441806197166443,0.17654825747013092,,0
3000021.png,/home/ubuntu/SCB-05-Dataset/5k_HRW_Dataset_combined/images/val/3000021.png,3,1,27.60116958618164,28.68840789794922,27.667369842529297,27.594715118408203,0.16589035093784332,0.492042601108551,0.17724400758743286,0.16482305526733398,,0
3000022.png,/home/ubuntu/SCB-05-Dataset/5k_HRW_Dataset_combined/images/val/3000022.png,3,3,29.62847900390625,30.33362579345703,29.095867156982422,30.61127281188965,0.15915650129318237,0.322155624628067,0.09343595057725906,0.42525193095207214,,0
3000023.png,/home/ubuntu/SCB-05-Dataset/5k_HRW_Dataset_combined/images/val/3000023.png,2,2,29.835620880126953,31.079578399658203,31.15619468688965,29.933292388916016,0.10732507705688477,0.37234464287757874,0.40199360251426697,0.11833669245243073,,0
3000025.png,/home/ubuntu/SCB-05-Dataset/5k_HRW_Dataset_combined/images/val/3000025.png,2,3,30.281003952026367,30.554237365722656,30.492990493774414,30.859529495239258,0.18748553097248077,0.2463947832584381,0.23175670206546783,0.3343629837036133,,0
3000030.png,/home/ubuntu/SCB-05-Dataset/5k_HRW_Dataset_combined/images/val/3000030.png,2,1,28.610506057739258,30.494842529296875,30.288604736328125,29.737890243530273,0.062402814626693726,0.4107344150543213,0.334189772605896,0.19267302751541138,,0
3000032.png,/home/ubuntu/SCB-05-Dataset/5k_HRW_Dataset_combined/images/val/3000032.png,2,2,23.266883850097656,21.209856033325195,23.36530303955078,23.10564422607422,0.32442814111709595,0.04147273674607277,0.35798218846321106,0.27611690759658813,,0
3000035.png,/home/ubuntu/SCB-05-Dataset/5k_HRW_Dataset_combined/images/val/3000035.png,2,1,29.95728302001953,30.7948055267334,30.41450309753418,30.101526260375977,0.16541293263435364,0.3822089433670044,0.26129889488220215,0.19107922911643982,,0
3000039.png,/home/ubuntu/SCB-05-Dataset/5k_HRW_Dataset_combined/images/val/3000039.png,2,3,25.161203384399414,23.200838088989258,24.45840835571289,25.574674606323242,0.31765562295913696,0.044728126376867294,0.1573028266429901,0.4803135097026825,,0
3000056.png,/home/ubuntu/SCB-05-Dataset/5k_HRW_Dataset_combined/images/val/3000056.png,2,0,27.0815486907959,26.587121963500977,26.50164031982422,26.548725128173828,0.36273738741874695,0.22124093770980835,0.20311468839645386,0.21290701627731323,,0
3000068.png,/home/ubuntu/SCB-05-Dataset/5k_HRW_Dataset_combined/images/val/3000068.png,2,2,29.126659393310547,30.80916404724121,30.94388198852539,30.03249740600586,0.0666322112083435,0.3584154546260834,0.410103976726532,0.16484840214252472,,0
3000080.png,/home/ubuntu/SCB-05-Dataset/5k_HRW_Dataset_combined/images/val/3000080.png,3,1,29.166183471679688,31.647428512573242,31.448116302490234,30.81394386291504,0.03578192740678787,0.4278137981891632,0.3505053222179413,0.18589898943901062,,0
3000082.png,/home/ubuntu/SCB-05-Dataset/5k_HRW_Dataset_combined/images/val/3000082.png,2,0,30.143796920776367,28.490947723388672,29.336780548095703,28.977388381958008,0.5130377411842346,0.09824852645397186,0.22891095280647278,0.15980283915996552,,0
3000084.png,/home/ubuntu/SCB-05-Dataset/5k_HRW_Dataset_combined/images/val/3000084.png,3,1,30.74386215209961,31.905689239501953,31.18010711669922,31.68724822998047,0.12031783908605576,0.38450777530670166,0.1861182004213333,0.3090561628341675,,0
3000087.png,/home/ubuntu/SCB-05-Dataset/5k_HRW_Dataset_combined/images/val/3000087.png,2,0,28.0552921295166,26.41226577758789,27.656217575073242,26.602428436279297,0.4765912890434265,0.09216983616352081,0.31976449489593506,0.11147446185350418,,0
3000090.png,/home/ubuntu/SCB-05-Dataset/5k_HRW_Dataset_combined/images/val/3000090.png,2,2,28.146448135375977,27.369504928588867,28.678829193115234,26.41862678527832,0.29935967922210693,0.13764841854572296,0.5098043084144592,0.05318755656480789,,0
3000102.png,/home/ubuntu/SCB-05-Dataset/5k_HRW_Dataset_combined/images/val/3000102.png,2,2,30.863689422607422,30.80923843383789,31.055419921875,30.75098991394043,0.2468058168888092,0.23372632265090942,0.29896676540374756,0.22050103545188904,,0
3000105.png,/home/ubuntu/SCB-05-Dataset/5k_HRW_Dataset_combined/images/val/3000105.png,2,2,30.371458053588867,31.440507888793945,32.16626739501953,31.43359375,0.07798194885253906,0.22713106870651245,0.4693208932876587,0.2255660891532898,,0
3000108.png,/home/ubuntu/SCB-05-Dataset/5k_HRW_Dataset_combined/images/val/3000108.png,2,0,30.73815155029297,30.650257110595703,30.7012939453125,29.310911178588867,0.3205496668815613,0.29357782006263733,0.3089500665664673,0.07692238688468933,,0
3000112.png,/home/ubuntu/SCB-05-Dataset/5k_HRW_Dataset_combined/images/val/3000112.png,2,3,30.799209594726562,31.89884376525879,32.344482421875,32.896995544433594,0.0593809112906456,0.1783248633146286,0.27845197916030884,0.4838421940803528,,0
3000115.png,/home/ubuntu/SCB-05-Dataset/5k_HRW_Dataset_combined/images/val/3000115.png,2,2,28.404224395751953,28.67795181274414,29.485511779785156,27.847909927368164,0.1713312417268753,0.22527596354484558,0.5051655173301697,0.09822730720043182,,0
3000125.png,/home/ubuntu/SCB-05-Dataset/5k_HRW_Dataset_combined/images/val/3000125.png,2,0,30.13823699951172,29.800397872924805,29.934585571289062,29.113191604614258,0.34627994894981384,0.24700497090816498,0.2824766933917999,0.12423837929964066,,0
3000128.png,/home/ubuntu/SCB-05-Dataset/5k_HRW_Dataset_combined/images/val/3000128.png,2,2,29.53569793701172,29.520401000976562,29.994943618774414,28.75769805908203,0.24832239747047424,0.24455274641513824,0.3930644690990448,0.11406039446592331,,0
3000136.png,/home/ubuntu/SCB-05-Dataset/5k_HRW_Dataset_combined/images/val/3000136.png,2,3,28.963008880615234,29.769962310791016,30.176713943481445,30.436098098754883,0.09116024523973465,0.20429648458957672,0.3068392276763916,0.39770403504371643,,0
3000141.png,/home/ubuntu/SCB-05-Dataset/5k_HRW_Dataset_combined/images/val/3000141.png,2,2,29.16988182067871,29.93682098388672,30.166404724121094,29.270965576171875,0.14350534975528717,0.3089907765388489,0.38873395323753357,0.1587699055671692,,0
3000147.png,/home/ubuntu/SCB-05-Dataset/5k_HRW_Dataset_combined/images/val/3000147.png,2,1,29.357337951660156,31.01934242248535,30.932828903198242,28.73150062561035,0.08592696487903595,0.45282337069511414,0.4152947962284088,0.04595489427447319,,0
3000170.png,/home/ubuntu/SCB-05-Dataset/5k_HRW_Dataset_combined/images/val/3000170.png,2,3,29.9794921875,31.716320037841797,31.292871475219727,31.941068649291992,0.057114969938993454,0.3243729770183563,0.21239450573921204,0.4061175286769867,,0
3000184.png,/home/ubuntu/SCB-05-Dataset/5k_HRW_Dataset_combined/images/val/3000184.png,2,2,29.344398498535156,30.2302188873291,30.56128692626953,28.519624710083008,0.138122096657753,0.3349423408508301,0.46639198064804077,0.06054363027215004,,0
3000187.png,/home/ubuntu/SCB-05-Dataset/5k_HRW_Dataset_combined/images/val/3000187.png,2,2,30.612564086914062,31.36954689025879,32.10895538330078,31.260787963867188,0.1051577776670456,0.2241789549589157,0.4695867896080017,0.20107653737068176,,0
3000188.png,/home/ubuntu/SCB-05-Dataset/5k_HRW_Dataset_combined/images/val/3000188.png,2,2,30.41583251953125,31.112470626831055,31.754911422729492,29.748210906982422,0.13632431626319885,0.27360206842422485,0.5201491713523865,0.06992442905902863,,0
3000192.png,/home/ubuntu/SCB-05-Dataset/5k_HRW_Dataset_combined/images/val/3000192.png,2,2,28.967052459716797,29.19733428955078,29.93862533569336,29.63728904724121,0.14586293697357178,0.18363483250141144,0.3853839933872223,0.2851182222366333,,0
3000198.png,/home/ubuntu/SCB-05-Dataset/5k_HRW_Dataset_combined/images/val/3000198.png,2,2,27.141735076904297,27.861202239990234,28.20878028869629,27.019479751586914,0.14609120786190033,0.2999747693538666,0.42465466260910034,0.12927937507629395,,0
3000199.png,/home/ubuntu/SCB-05-Dataset/5k_HRW_Dataset_combined/images/val/3000199.png,2,2,27.757572174072266,27.967716217041016,28.309011459350586,27.454132080078125,0.2124098539352417,0.26208311319351196,0.36869028210639954,0.15681669116020203,,0
3000202.png,/home/ubuntu/SCB-05-Dataset/5k_HRW_Dataset_combined/images/val/3000202.png,2,2,29.49506950378418,29.78360366821289,30.434703826904297,28.295177459716797,0.19250231981277466,0.25688856840133667,0.4926222562789917,0.057986851781606674,,0
3000205.png,/home/ubuntu/SCB-05-Dataset/5k_HRW_Dataset_combined/images/val/3000205.png,3,3,26.5555419921875,26.99747085571289,26.700592041015625,28.164138793945312,0.11484222859144211,0.17866063117980957,0.13276880979537964,0.5737283825874329,,0
3000239.png,/home/ubuntu/SCB-05-Dataset/5k_HRW_Dataset_combined/images/val/3000239.png,2,2,30.883174896240234,31.664079666137695,31.671194076538086,30.112886428833008,0.17107579112052917,0.3735348880290985,0.3762018382549286,0.07918747514486313,,0
3000250.png,/home/ubuntu/SCB-05-Dataset/5k_HRW_Dataset_combined/images/val/3000250.png,2,1,29.028013229370117,30.228179931640625,29.93695068359375,28.873910903930664,0.1305561512708664,0.4335339665412903,0.3239991366863251,0.11191068589687347,,0
3001002.png,/home/ubuntu/SCB-05-Dataset/5k_HRW_Dataset_combined/images/val/3001002.png,3,2,30.49823570251465,30.20748519897461,30.68813705444336,29.767555236816406,0.2908318042755127,0.21745558083057404,0.3516535460948944,0.14005912840366364,,0
3001001.png,/home/ubuntu/SCB-05-Dataset/5k_HRW_Dataset_combined/images/val/3001001.png,3,1,31.12974739074707,31.216096878051758,31.043567657470703,30.72972869873047,0.2718924880027771,0.29641371965408325,0.24944214522838593,0.18225158751010895,,0
3001014.png,/home/ubuntu/SCB-05-Dataset/5k_HRW_Dataset_combined/images/val/3001014.png,2,1,33.78965377807617,35.55155563354492,35.36301040649414,33.155120849609375,0.08212544023990631,0.4782577157020569,0.39607536792755127,0.043541520833969116,,0
3001020.png,/home/ubuntu/SCB-05-Dataset/5k_HRW_Dataset_combined/images/val/3001020.png,2,3,29.572650909423828,29.621196746826172,30.26004981994629,32.01836395263672,0.06419698894023895,0.06739036738872528,0.12765806913375854,0.7407546043395996,,0
3001025.png,/home/ubuntu/SCB-05-Dataset/5k_HRW_Dataset_combined/images/val/3001025.png,3,3,27.890789031982422,29.39956283569336,29.91875457763672,30.99129867553711,0.028305308893322945,0.12797348201274872,0.21508103609085083,0.6286401152610779,,0
3001023.png,/home/ubuntu/SCB-05-Dataset/5k_HRW_Dataset_combined/images/val/3001023.png,3,3,29.120546340942383,29.765626907348633,30.19270896911621,32.45952606201172,0.029396040365099907,0.056032996624708176,0.0858861580491066,0.8286846876144409,,0
3001026.png,/home/ubuntu/SCB-05-Dataset/5k_HRW_Dataset_combined/images/val/3001026.png,3,3,28.83595848083496,28.54146957397461,29.349618911743164,30.24382972717285,0.13327015936374664,0.09927456080913544,0.22274746000766754,0.5447077751159668,,0
3001032.png,/home/ubuntu/SCB-05-Dataset/5k_HRW_Dataset_combined/images/val/3001032.png,3,3,27.763641357421875,29.15825843811035,29.764860153198242,31.487083435058594,0.01857418194413185,0.07491765916347504,0.13741303980350494,0.7690951228141785,,0
3001033.png,/home/ubuntu/SCB-05-Dataset/5k_HRW_Dataset_combined/images/val/3001033.png,3,3,28.304136276245117,28.911855697631836,29.499513626098633,30.687171936035156,0.0588969923555851,0.10814893990755081,0.194643035531044,0.6383110284805298,,0
3001036.png,/home/ubuntu/SCB-05-Dataset/5k_HRW_Dataset_combined/images/val/3001036.png,3,1,28.29526138305664,30.68099594116211,29.902851104736328,30.13214683532715,0.04322498291730881,0.4697277247905731,0.215725839138031,0.2713213860988617,,0
3001038.png,/home/ubuntu/SCB-05-Dataset/5k_HRW_Dataset_combined/images/val/3001038.png,3,3,28.309322357177734,30.105018615722656,29.483407974243164,31.410205841064453,0.030791571363806725,0.18547819554805756,0.09961637854576111,0.6841139197349548,,0
3001049.png,/home/ubuntu/SCB-05-Dataset/5k_HRW_Dataset_combined/images/val/3001049.png,3,1,31.12974739074707,31.216096878051758,31.043567657470703,30.72972869873047,0.2718924880027771,0.29641371965408325,0.24944214522838593,0.18225158751010895,,0
3001053.png,/home/ubuntu/SCB-05-Dataset/5k_HRW_Dataset_combined/images/val/3001053.png,3,2,27.779542922973633,28.71895980834961,29.96840476989746,29.733997344970703,0.05116763338446617,0.13091182708740234,0.45667365193367004,0.36124691367149353,,0
3001056.png,/home/ubuntu/SCB-05-Dataset/5k_HRW_Dataset_combined/images/val/3001056.png,3,3,26.72847557067871,27.59367561340332,28.170467376708984,28.95929718017578,0.0591292530298233,0.14046043157577515,0.2500641942024231,0.5503461360931396,,0
3001070.png,/home/ubuntu/SCB-05-Dataset/5k_HRW_Dataset_combined/images/val/3001070.png,3,2,29.995054244995117,30.61867332458496,31.274913787841797,30.634611129760742,0.11965380609035492,0.22323426604270935,0.43029120564460754,0.22682063281536102,,0
3001080.png,/home/ubuntu/SCB-05-Dataset/5k_HRW_Dataset_combined/images/val/3001080.png,3,3,25.184036254882812,26.124595642089844,27.08640480041504,28.205841064453125,0.032476529479026794,0.0831858366727829,0.21764953434467316,0.6666882038116455,,0
3001083.png,/home/ubuntu/SCB-05-Dataset/5k_HRW_Dataset_combined/images/val/3001083.png,3,2,27.642471313476562,29.6932430267334,30.96378517150879,30.732934951782227,0.01710633374750614,0.13298287987709045,0.473789244890213,0.3761215806007385,,0
3001085.png,/home/ubuntu/SCB-05-Dataset/5k_HRW_Dataset_combined/images/val/3001085.png,3,2,29.65422821044922,31.830257415771484,32.961395263671875,31.765975952148438,0.022035375237464905,0.19415919482707977,0.6017343997955322,0.1820710301399231,,0
3001097.png,/home/ubuntu/SCB-05-Dataset/5k_HRW_Dataset_combined/images/val/3001097.png,3,3,29.89960289001465,31.294876098632812,30.45966339111328,33.07439422607422,0.032564081251621246,0.13143114745616913,0.05701248720288277,0.7789922952651978,,0
3001101.png,/home/ubuntu/SCB-05-Dataset/5k_HRW_Dataset_combined/images/val/3001101.png,3,3,30.220115661621094,30.593904495239258,30.151975631713867,31.107563018798828,0.1719311624765396,0.24985554814338684,0.1606059968471527,0.41760730743408203,,0
3001103.png,/home/ubuntu/SCB-05-Dataset/5k_HRW_Dataset_combined/images/val/3001103.png,3,3,30.754596710205078,31.137371063232422,30.827409744262695,31.179309844970703,0.19719867408275604,0.28916171193122864,0.21209298074245453,0.30154669284820557,,0
3001109.png,/home/ubuntu/SCB-05-Dataset/5k_HRW_Dataset_combined/images/val/3001109.png,3,3,30.605243682861328,32.958396911621094,31.874561309814453,33.1251220703125,0.03635808825492859,0.3824393153190613,0.12937748432159424,0.4518250823020935,,0
3001110.png,/home/ubuntu/SCB-05-Dataset/5k_HRW_Dataset_combined/images/val/3001110.png,3,1,32.08100891113281,33.78691482543945,33.67655944824219,32.54405212402344,0.07676766812801361,0.4227113127708435,0.3785446882247925,0.12197630852460861,,0
3001124.png,/home/ubuntu/SCB-05-Dataset/5k_HRW_Dataset_combined/images/val/3001124.png,2,3,29.97785186767578,30.487247467041016,30.826148986816406,31.67971420288086,0.09538250416517258,0.15874367952346802,0.2227816879749298,0.5230920910835266,,0
3001125.png,/home/ubuntu/SCB-05-Dataset/5k_HRW_Dataset_combined/images/val/3001125.png,2,3,29.24489974975586,30.47298240661621,30.667560577392578,30.95606231689453,0.07093098014593124,0.24220632016658783,0.2942318618297577,0.3926308751106262,,0
3001131.png,/home/ubuntu/SCB-05-Dataset/5k_HRW_Dataset_combined/images/val/3001131.png,2,2,30.568222045898438,30.191993713378906,31.590248107910156,30.923370361328125,0.16973154246807098,0.11651145666837692,0.4716532230377197,0.2421037256717682,,0
3001136.png,/home/ubuntu/SCB-05-Dataset/5k_HRW_Dataset_combined/images/val/3001136.png,2,2,28.29302215576172,29.230764389038086,29.40886878967285,29.362991333007812,0.1050238236784935,0.2682527005672455,0.3205485939979553,0.3061748743057251,,0
3001158.png,/home/ubuntu/SCB-05-Dataset/5k_HRW_Dataset_combined/images/val/3001158.png,2,2,29.7546329498291,30.041717529296875,30.276819229125977,28.327604293823242,0.2348373383283615,0.3129294216632843,0.39586740732192993,0.056365903466939926,,0
3001159.png,/home/ubuntu/SCB-05-Dataset/5k_HRW_Dataset_combined/images/val/3001159.png,2,2,27.553537368774414,28.60415267944336,29.239940643310547,26.978445053100586,0.10181135684251785,0.29112040996551514,0.5497837662696838,0.057284463196992874,,0
3001160.png,/home/ubuntu/SCB-05-Dataset/5k_HRW_Dataset_combined/images/val/3001160.png,2,2,29.243343353271484,30.053817749023438,31.24020767211914,30.97735023498535,0.06143186613917351,0.13815870881080627,0.4525023400783539,0.3479071259498596,,0
3001167.png,/home/ubuntu/SCB-05-Dataset/5k_HRW_Dataset_combined/images/val/3001167.png,2,2,29.406944274902344,30.542394638061523,32.27741241455078,31.507789611816406,0.03341025859117508,0.10399194061756134,0.589533269405365,0.27306458353996277,,0
3001169.png,/home/ubuntu/SCB-05-Dataset/5k_HRW_Dataset_combined/images/val/3001169.png,2,3,30.29549789428711,29.747962951660156,30.11993980407715,31.84576416015625,0.14025072753429413,0.08111734688282013,0.11766877770423889,0.6609631180763245,,0
3001176.png,/home/ubuntu/SCB-05-Dataset/5k_HRW_Dataset_combined/images/val/3001176.png,2,2,28.862194061279297,30.365812301635742,31.180727005004883,30.579269409179688,0.04711000993847847,0.21189774572849274,0.47867336869239807,0.262318879365921,,0
3001180.png,/home/ubuntu/SCB-05-Dataset/5k_HRW_Dataset_combined/images/val/3001180.png,2,1,29.938453674316406,31.290966033935547,31.227779388427734,30.382728576660156,0.09943494945764542,0.3845277726650238,0.3609824776649475,0.15505480766296387,,0
3001185.png,/home/ubuntu/SCB-05-Dataset/5k_HRW_Dataset_combined/images/val/3001185.png,2,3,26.60001564025879,26.999069213867188,29.644588470458984,29.907915115356445,0.019677625969052315,0.02932780236005783,0.41325101256370544,0.5377435684204102,,0
3001189.png,/home/ubuntu/SCB-05-Dataset/5k_HRW_Dataset_combined/images/val/3001189.png,3,3,28.315567016601562,29.735889434814453,30.639097213745117,31.14412498474121,0.03098742477595806,0.12824004888534546,0.31643301248550415,0.524339497089386,,0
3001192.png,/home/ubuntu/SCB-05-Dataset/5k_HRW_Dataset_combined/images/val/3001192.png,2,1,27.967735290527344,29.050630569458008,28.937339782714844,27.593311309814453,0.13740406930446625,0.40578413009643555,0.36232101917266846,0.09449075907468796,,0
3001190.png,/home/ubuntu/SCB-05-Dataset/5k_HRW_Dataset_combined/images/val/3001190.png,3,2,29.944324493408203,31.82368278503418,32.96046829223633,32.74509811401367,0.02251283824443817,0.14744333922863007,0.4595416188240051,0.37050220370292664,,0
3001195.png,/home/ubuntu/SCB-05-Dataset/5k_HRW_Dataset_combined/images/val/3001195.png,2,2,29.6013240814209,31.42975616455078,31.9205322265625,30.30205726623535,0.051527880132198334,0.3207157254219055,0.5239158868789673,0.10384051501750946,,0
3001196.png,/home/ubuntu/SCB-05-Dataset/5k_HRW_Dataset_combined/images/val/3001196.png,2,2,29.674793243408203,29.70768165588379,30.532190322875977,28.961198806762695,0.20490404963493347,0.21175506711006165,0.4829624593257904,0.10037843883037567,,0
3001204.png,/home/ubuntu/SCB-05-Dataset/5k_HRW_Dataset_combined/images/val/3001204.png,3,3,30.388399124145508,30.61017417907715,31.495302200317383,31.8547420501709,0.10409482568502426,0.12994058430194855,0.31488433480262756,0.45108020305633545,,0
3001207.png,/home/ubuntu/SCB-05-Dataset/5k_HRW_Dataset_combined/images/val/3001207.png,2,2,26.53266143798828,27.45448875427246,29.1109676361084,28.548080444335938,0.041335031390190125,0.10391130298376083,0.5445809364318848,0.3101727366447449,,0
3001210.png,/home/ubuntu/SCB-05-Dataset/5k_HRW_Dataset_combined/images/val/3001210.png,2,2,24.45589828491211,24.936649322509766,27.894145965576172,27.573841094970703,0.017746392637491226,0.028701037168502808,0.5524869561195374,0.4010655879974365,,0
3001222.png,/home/ubuntu/SCB-05-Dataset/5k_HRW_Dataset_combined/images/val/3001222.png,2,2,29.181772232055664,29.415712356567383,29.937854766845703,28.072664260864258,0.21171468496322632,0.2675160765647888,0.450934499502182,0.06983473896980286,,0
3001224.png,/home/ubuntu/SCB-05-Dataset/5k_HRW_Dataset_combined/images/val/3001224.png,2,0,28.73623275756836,27.915292739868164,28.23746109008789,26.81325340270996,0.45589974522590637,0.20060402154922485,0.27685701847076416,0.0666392371058464,,0
3001241.png,/home/ubuntu/SCB-05-Dataset/5k_HRW_Dataset_combined/images/val/3001241.png,2,2,29.117172241210938,29.583951950073242,30.0236873626709,29.582061767578125,0.15009678900241852,0.2393818348646164,0.37159159779548645,0.23892980813980103,,0
3001244.png,/home/ubuntu/SCB-05-Dataset/5k_HRW_Dataset_combined/images/val/3001244.png,2,1,28.582365036010742,29.74004364013672,29.087717056274414,29.14826202392578,0.131559357047081,0.4186924397945404,0.2180687040090561,0.2316795140504837,,0
3001251.png,/home/ubuntu/SCB-05-Dataset/5k_HRW_Dataset_combined/images/val/3001251.png,2,1,27.632369995117188,28.473005294799805,26.64574432373047,25.88614273071289,0.2587253749370575,0.5996837019920349,0.09646125882863998,0.04512966796755791,,0
3001255.png,/home/ubuntu/SCB-05-Dataset/5k_HRW_Dataset_combined/images/val/3001255.png,2,1,28.829652786254883,29.42125701904297,27.790700912475586,27.9875431060791,0.2784343659877777,0.5030987858772278,0.09851712733507156,0.11994972079992294,,0
3001260.png,/home/ubuntu/SCB-05-Dataset/5k_HRW_Dataset_combined/images/val/3001260.png,2,2,28.979679107666016,29.238956451416016,30.749404907226562,29.13097381591797,0.10719749331474304,0.13892722129821777,0.6291682124137878,0.12470708042383194,,0
3001264.png,/home/ubuntu/SCB-05-Dataset/5k_HRW_Dataset_combined/images/val/3001264.png,2,0,29.399112701416016,28.860727310180664,28.685367584228516,28.54788589477539,0.39993804693222046,0.23343981802463531,0.19589219987392426,0.17072990536689758,,0
3001267.png,/home/ubuntu/SCB-05-Dataset/5k_HRW_Dataset_combined/images/val/3001267.png,2,2,28.875709533691406,28.650850296020508,29.036258697509766,28.46868133544922,0.2748453617095947,0.2194993793964386,0.32271119952201843,0.18294405937194824,,0
3001268.png,/home/ubuntu/SCB-05-Dataset/5k_HRW_Dataset_combined/images/val/3001268.png,2,3,29.030683517456055,27.22433853149414,28.51515769958496,29.034263610839844,0.3616602122783661,0.0594039112329483,0.21597859263420105,0.36295729875564575,,0
3001270.png,/home/ubuntu/SCB-05-Dataset/5k_HRW_Dataset_combined/images/val/3001270.png,3,1,28.084653854370117,29.605072021484375,29.302135467529297,29.047000885009766,0.08642565459012985,0.3953228294849396,0.2920036017894745,0.22624795138835907,,0
3001274.png,/home/ubuntu/SCB-05-Dataset/5k_HRW_Dataset_combined/images/val/3001274.png,2,2,29.795242309570312,30.615360260009766,30.72846221923828,29.213909149169922,0.15692174434661865,0.35633280873298645,0.3990022838115692,0.08774317800998688,,0
3001293.png,/home/ubuntu/SCB-05-Dataset/5k_HRW_Dataset_combined/images/val/3001293.png,2,3,27.75963020324707,29.220182418823242,29.514240264892578,30.6130313873291,0.035166431218385696,0.1515088677406311,0.20330390334129333,0.6100208163261414,,0
3001295.png,/home/ubuntu/SCB-05-Dataset/5k_HRW_Dataset_combined/images/val/3001295.png,2,1,29.928529739379883,31.280263900756836,30.722257614135742,29.491853713989258,0.1295013576745987,0.5004088878631592,0.28640851378440857,0.08368127793073654,,0
3001294.png,/home/ubuntu/SCB-05-Dataset/5k_HRW_Dataset_combined/images/val/3001294.png,2,1,28.80263328552246,30.271610260009766,30.075794219970703,29.097944259643555,0.0974615290760994,0.42344969511032104,0.34814485907554626,0.13094386458396912,,0
3001306.png,/home/ubuntu/SCB-05-Dataset/5k_HRW_Dataset_combined/images/val/3001306.png,2,0,31.4793701171875,31.385478973388672,31.46112823486328,30.33300018310547,0.3115173876285553,0.28359976410865784,0.30588623881340027,0.09899657219648361,,0
3001324.png,/home/ubuntu/SCB-05-Dataset/5k_HRW_Dataset_combined/images/val/3001324.png,2,2,28.733482360839844,28.346330642700195,29.025142669677734,27.962251663208008,0.2873497009277344,0.19510701298713684,0.38466018438339233,0.13288304209709167,,0
3001333.png,/home/ubuntu/SCB-05-Dataset/5k_HRW_Dataset_combined/images/val/3001333.png,2,3,29.76689338684082,30.943458557128906,30.359437942504883,31.178089141845703,0.09849638491868973,0.31944501399993896,0.17813906073570251,0.403919517993927,,0
3001334.png,/home/ubuntu/SCB-05-Dataset/5k_HRW_Dataset_combined/images/val/3001334.png,2,3,26.919660568237305,26.870357513427734,28.149620056152344,28.897708892822266,0.07935497164726257,0.07553741335868835,0.27148059010505676,0.5736269950866699,,0
3001337.png,/home/ubuntu/SCB-05-Dataset/5k_HRW_Dataset_combined/images/val/3001337.png,2,2,28.291284561157227,28.821975708007812,29.152694702148438,28.547657012939453,0.15726147592067719,0.2673613131046295,0.37215855717658997,0.20321862399578094,,0
3001341.png,/home/ubuntu/SCB-05-Dataset/5k_HRW_Dataset_combined/images/val/3001341.png,2,2,28.10433578491211,28.30424690246582,29.195945739746094,28.042200088500977,0.16286338865756989,0.1989041119813919,0.4851808547973633,0.1530517339706421,,0
3001343.png,/home/ubuntu/SCB-05-Dataset/5k_HRW_Dataset_combined/images/val/3001343.png,2,0,30.57686996459961,30.36315155029297,30.21303939819336,28.85202980041504,0.37302491068840027,0.30124586820602417,0.25925564765930176,0.06647361069917679,,0
3001348.png,/home/ubuntu/SCB-05-Dataset/5k_HRW_Dataset_combined/images/val/3001348.png,2,1,28.420188903808594,30.613807678222656,30.459522247314453,29.365467071533203,0.04943980276584625,0.4433566629886627,0.3799687922000885,0.12723477184772491,,0
3001354.png,/home/ubuntu/SCB-05-Dataset/5k_HRW_Dataset_combined/images/val/3001354.png,2,3,26.68092918395996,27.296367645263672,28.0541934967041,29.005653381347656,0.0587456189095974,0.10870687663555145,0.23194050788879395,0.6006070375442505,,0
3001359.png,/home/ubuntu/SCB-05-Dataset/5k_HRW_Dataset_combined/images/val/3001359.png,2,3,21.242521286010742,20.047250747680664,22.5253963470459,23.24843978881836,0.08102063089609146,0.024518631398677826,0.29224100708961487,0.6022197008132935,,0
3001362.png,/home/ubuntu/SCB-05-Dataset/5k_HRW_Dataset_combined/images/val/3001362.png,2,3,26.41802406311035,28.141292572021484,28.58167266845703,29.214359283447266,0.03155555948615074,0.17679984867572784,0.2746227979660034,0.5170217752456665,,0
3001366.png,/home/ubuntu/SCB-05-Dataset/5k_HRW_Dataset_combined/images/val/3001366.png,3,2,28.91582489013672,29.431665420532227,30.469650268554688,30.362991333007812,0.08579547703266144,0.14371135830879211,0.4057721197605133,0.36472102999687195,,0
3001375.png,/home/ubuntu/SCB-05-Dataset/5k_HRW_Dataset_combined/images/val/3001375.png,2,1,27.597129821777344,28.432828903198242,27.77288055419922,28.10230255126953,0.16244740784168243,0.37467288970947266,0.1936601996421814,0.2692195177078247,,0
3001377.png,/home/ubuntu/SCB-05-Dataset/5k_HRW_Dataset_combined/images/val/3001377.png,2,2,25.66794204711914,26.987842559814453,27.7320556640625,27.07440185546875,0.059870053082704544,0.22409655153751373,0.47167494893074036,0.24435846507549286,,0
3001382.png,/home/ubuntu/SCB-05-Dataset/5k_HRW_Dataset_combined/images/val/3001382.png,2,2,28.997539520263672,29.423158645629883,30.493282318115234,28.99485206604004,0.12514856457710266,0.1915445625782013,0.5584942102432251,0.12481268495321274,,0
3001383.png,/home/ubuntu/SCB-05-Dataset/5k_HRW_Dataset_combined/images/val/3001383.png,2,2,28.77293586730957,28.083389282226562,29.183670043945312,26.404644012451172,0.3222305178642273,0.1616964042186737,0.48589926958084106,0.030173838138580322,,0
3001385.png,/home/ubuntu/SCB-05-Dataset/5k_HRW_Dataset_combined/images/val/3001385.png,2,1,29.044553756713867,30.3924560546875,30.180221557617188,26.559608459472656,0.12428652495145798,0.4784213900566101,0.386935293674469,0.010356809943914413,,0
3001389.png,/home/ubuntu/SCB-05-Dataset/5k_HRW_Dataset_combined/images/val/3001389.png,2,2,30.624601364135742,29.880029678344727,31.091896057128906,29.717296600341797,0.28783440589904785,0.13670340180397034,0.45928916335105896,0.11617301404476166,,0
3001387.png,/home/ubuntu/SCB-05-Dataset/5k_HRW_Dataset_combined/images/val/3001387.png,2,2,28.306198120117188,28.28923225402832,29.384597778320312,28.230989456176758,0.1709197759628296,0.16804443299770355,0.5024991631507874,0.1585366278886795,,0
3001393.png,/home/ubuntu/SCB-05-Dataset/5k_HRW_Dataset_combined/images/val/3001393.png,2,2,30.494218826293945,31.85883140563965,32.83488845825195,32.77139663696289,0.039917729794979095,0.15624623000621796,0.41467297077178955,0.3891630470752716,,0
3002005.png,/home/ubuntu/SCB-05-Dataset/5k_HRW_Dataset_combined/images/val/3002005.png,2,2,28.920310974121094,29.545862197875977,30.453603744506836,29.471641540527344,0.10824567079544067,0.20234103500843048,0.5015463829040527,0.1878669261932373,,0
3002008.png,/home/ubuntu/SCB-05-Dataset/5k_HRW_Dataset_combined/images/val/3002008.png,2,1,30.473358154296875,31.161149978637695,30.27081871032715,29.129623413085938,0.2458910495042801,0.48915544152259827,0.20080797374248505,0.06414549052715302,,0
3002009.png,/home/ubuntu/SCB-05-Dataset/5k_HRW_Dataset_combined/images/val/3002009.png,2,1,30.33863639831543,31.134002685546875,30.615795135498047,29.972064971923828,0.19128742814064026,0.4237499237060547,0.25238004326820374,0.13258258998394012,,0
3002010.png,/home/ubuntu/SCB-05-Dataset/5k_HRW_Dataset_combined/images/val/3002010.png,2,2,29.114093780517578,29.809581756591797,30.258502960205078,30.20162582397461,0.10974279791116714,0.21999996900558472,0.3446566164493561,0.32560062408447266,,0
3002018.png,/home/ubuntu/SCB-05-Dataset/5k_HRW_Dataset_combined/images/val/3002018.png,3,1,29.607603073120117,31.991535186767578,30.080646514892578,30.68027114868164,0.06106679141521454,0.6624203324317932,0.09800433367490768,0.17850850522518158,,0
3002033.png,/home/ubuntu/SCB-05-Dataset/5k_HRW_Dataset_combined/images/val/3002033.png,2,0,28.00712013244629,27.296812057495117,27.937206268310547,27.231117248535156,0.34671550989151,0.17040815949440002,0.3233032524585724,0.159573033452034,,0
3002034.png,/home/ubuntu/SCB-05-Dataset/5k_HRW_Dataset_combined/images/val/3002034.png,2,2,28.203529357910156,28.851348876953125,29.818517684936523,28.9484806060791,0.09954670071601868,0.19027043879032135,0.5005038380622864,0.20967906713485718,,0
3002037.png,/home/ubuntu/SCB-05-Dataset/5k_HRW_Dataset_combined/images/val/3002037.png,2,2,30.078102111816406,29.878000259399414,30.773317337036133,30.5612735748291,0.18368861079216003,0.15037620067596436,0.36813777685165405,0.29779744148254395,,0
3002043.png,/home/ubuntu/SCB-05-Dataset/5k_HRW_Dataset_combined/images/val/3002043.png,2,2,28.716856002807617,30.15500259399414,30.654603958129883,30.58513641357422,0.053667861968278885,0.2260962724685669,0.37262117862701416,0.34761470556259155,,0
3002044.png,/home/ubuntu/SCB-05-Dataset/5k_HRW_Dataset_combined/images/val/3002044.png,2,0,31.028444290161133,30.949798583984375,30.898357391357422,29.504119873046875,0.3311088979244232,0.30606624484062195,0.2907199561595917,0.07210496813058853,,0
3002045.png,/home/ubuntu/SCB-05-Dataset/5k_HRW_Dataset_combined/images/val/3002045.png,2,1,28.66603660583496,30.78771209716797,29.8978328704834,29.568422317504883,0.06562555581331253,0.5476523041725159,0.2249237596988678,0.161798357963562,,0
3002055.png,/home/ubuntu/SCB-05-Dataset/5k_HRW_Dataset_combined/images/val/3002055.png,2,1,31.309720993041992,32.125831604003906,32.00347900390625,31.669553756713867,0.14934293925762177,0.3377668857574463,0.2988683879375458,0.21402183175086975,,0
3002059.png,/home/ubuntu/SCB-05-Dataset/5k_HRW_Dataset_combined/images/val/3002059.png,2,3,28.468154907226562,26.9683780670166,28.883739471435547,30.113712310791016,0.12622541189193726,0.028170982375741005,0.1912638247013092,0.6543397307395935,,0
3002060.png,/home/ubuntu/SCB-05-Dataset/5k_HRW_Dataset_combined/images/val/3002060.png,2,3,28.775409698486328,29.050004959106445,29.95758056640625,30.200559616088867,0.10271237045526505,0.13516925275325775,0.33499088883399963,0.4271274507045746,,0
3002063.png,/home/ubuntu/SCB-05-Dataset/5k_HRW_Dataset_combined/images/val/3002063.png,2,2,27.891450881958008,28.681516647338867,29.52399253845215,28.792757034301758,0.09273666143417358,0.20434905588626862,0.47452083230018616,0.22839350998401642,,0
3002066.png,/home/ubuntu/SCB-05-Dataset/5k_HRW_Dataset_combined/images/val/3002066.png,2,3,29.73606300354004,31.46519660949707,31.09813117980957,32.60417556762695,0.035531818866729736,0.20024912059307098,0.13872544467449188,0.625493586063385,,0
3002069.png,/home/ubuntu/SCB-05-Dataset/5k_HRW_Dataset_combined/images/val/3002069.png,2,2,28.4880428314209,28.544435501098633,29.64504623413086,29.2962589263916,0.13364867866039276,0.14140206575393677,0.42505475878715515,0.2998945116996765,,0
3002071.png,/home/ubuntu/SCB-05-Dataset/5k_HRW_Dataset_combined/images/val/3002071.png,3,3,29.778675079345703,30.837541580200195,30.35803985595703,31.603673934936523,0.0842403694987297,0.24287348985671997,0.15036100149154663,0.5225251317024231,,0
3002079.png,/home/ubuntu/SCB-05-Dataset/5k_HRW_Dataset_combined/images/val/3002079.png,2,1,30.990800857543945,32.00285339355469,31.78533363342285,31.05587387084961,0.14220936596393585,0.39125239849090576,0.31476712226867676,0.15177108347415924,,0
3002083.png,/home/ubuntu/SCB-05-Dataset/5k_HRW_Dataset_combined/images/val/3002083.png,3,3,30.67401123046875,30.68950843811035,30.809926986694336,31.408864974975586,0.19060762226581573,0.19358448684215546,0.21835727989673615,0.39745059609413147,,0
3002106.png,/home/ubuntu/SCB-05-Dataset/5k_HRW_Dataset_combined/images/val/3002106.png,2,2,28.918758392333984,28.558027267456055,29.25023651123047,28.874248504638672,0.24711750447750092,0.17228202521800995,0.3442409932613373,0.23635949194431305,,0
3002107.png,/home/ubuntu/SCB-05-Dataset/5k_HRW_Dataset_combined/images/val/3002107.png,2,0,29.973161697387695,29.768299102783203,29.875123977661133,29.28500747680664,0.31018558144569397,0.25272658467292786,0.2812187969684601,0.15586911141872406,,0
3002108.png,/home/ubuntu/SCB-05-Dataset/5k_HRW_Dataset_combined/images/val/3002108.png,2,2,29.419004440307617,29.473888397216797,29.874351501464844,28.101428985595703,0.2563496232032776,0.27081239223480225,0.4041917324066162,0.06864626705646515,,0
3002118.png,/home/ubuntu/SCB-05-Dataset/5k_HRW_Dataset_combined/images/val/3002118.png,3,3,28.71575927734375,30.56078338623047,31.045669555664062,31.779300689697266,0.02563544362783432,0.1622275710105896,0.26345595717430115,0.5486810803413391,,0
3002123.png,/home/ubuntu/SCB-05-Dataset/5k_HRW_Dataset_combined/images/val/3002123.png,2,3,29.887020111083984,29.751876831054688,30.46584129333496,30.470550537109375,0.18349029123783112,0.16029541194438934,0.32733461260795593,0.3288797438144684,,0
3002125.png,/home/ubuntu/SCB-05-Dataset/5k_HRW_Dataset_combined/images/val/3002125.png,2,2,31.16362762451172,32.93036651611328,33.31889724731445,32.3887825012207,0.052947454154491425,0.30983468890190125,0.45694801211357117,0.18026985228061676,,0
3002126.png,/home/ubuntu/SCB-05-Dataset/5k_HRW_Dataset_combined/images/val/3002126.png,2,1,29.033857345581055,29.61372184753418,29.532390594482422,28.76350212097168,0.1924850195646286,0.3437390625476837,0.3168889880180359,0.1468869298696518,,0
3002128.png,/home/ubuntu/SCB-05-Dataset/5k_HRW_Dataset_combined/images/val/3002128.png,2,2,28.69633674621582,29.867399215698242,31.287595748901367,30.064531326293945,0.046511124819517136,0.15001779794692993,0.6207636594772339,0.18270741403102875,,0
3002133.png,/home/ubuntu/SCB-05-Dataset/5k_HRW_Dataset_combined/images/val/3002133.png,2,2,29.709941864013672,28.804134368896484,30.387073516845703,29.584062576293945,0.23506401479244232,0.0950164794921875,0.4626586437225342,0.20726093649864197,,0
3002135.png,/home/ubuntu/SCB-05-Dataset/5k_HRW_Dataset_combined/images/val/3002135.png,2,2,29.066669464111328,29.52039337158203,30.6915340423584,27.54663848876953,0.1270551234483719,0.20000551640987396,0.6451517939567566,0.027787605300545692,,0
3002140.png,/home/ubuntu/SCB-05-Dataset/5k_HRW_Dataset_combined/images/val/3002140.png,2,1,30.080020904541016,30.115859985351562,29.937606811523438,28.625741958618164,0.31874340772628784,0.3303740322589874,0.276434063911438,0.07444848865270615,,0
3002156.png,/home/ubuntu/SCB-05-Dataset/5k_HRW_Dataset_combined/images/val/3002156.png,2,2,29.174644470214844,30.556827545166016,30.844079971313477,30.05523109436035,0.0787087231874466,0.3135432004928589,0.4178779721260071,0.1898701936006546,,0
3002157.png,/home/ubuntu/SCB-05-Dataset/5k_HRW_Dataset_combined/images/val/3002157.png,2,2,30.032554626464844,30.51697540283203,30.7592716217041,29.83028793334961,0.18154121935367584,0.29468396306037903,0.37547793984413147,0.14829686284065247,,0
3002165.png,/home/ubuntu/SCB-05-Dataset/5k_HRW_Dataset_combined/images/val/3002165.png,2,1,29.3177433013916,30.692916870117188,29.156217575073242,28.22334098815918,0.16283072531223297,0.6441197395324707,0.13854365050792694,0.05450588837265968,,0
3002173.png,/home/ubuntu/SCB-05-Dataset/5k_HRW_Dataset_combined/images/val/3002173.png,2,3,28.729787826538086,28.626811981201172,29.52072525024414,29.755889892578125,0.14497417211532593,0.13078826665878296,0.31973516941070557,0.40450239181518555,,0
3002177.png,/home/ubuntu/SCB-05-Dataset/5k_HRW_Dataset_combined/images/val/3002177.png,2,1,29.689502716064453,30.028060913085938,29.98580551147461,29.53740882873535,0.21707475185394287,0.3045392334461212,0.2919389009475708,0.1864471435546875,,0
3002198.png,/home/ubuntu/SCB-05-Dataset/5k_HRW_Dataset_combined/images/val/3002198.png,2,2,27.178606033325195,29.59778594970703,30.53170394897461,30.30073356628418,0.01574247144162655,0.1768925040960312,0.45009568333625793,0.357269287109375,,0
3002189.png,/home/ubuntu/SCB-05-Dataset/5k_HRW_Dataset_combined/images/val/3002189.png,2,1,27.597129821777344,28.432828903198242,27.77288055419922,28.10230255126953,0.16244740784168243,0.37467288970947266,0.1936601996421814,0.2692195177078247,,0
3002236.png,/home/ubuntu/SCB-05-Dataset/5k_HRW_Dataset_combined/images/val/3002236.png,2,2,29.27155876159668,29.96718978881836,30.567096710205078,28.905248641967773,0.13603180646896362,0.2727402150630951,0.49691882729530334,0.09430919587612152,,0
3002209.png,/home/ubuntu/SCB-05-Dataset/5k_HRW_Dataset_combined/images/val/3002209.png,2,3,27.115631103515625,27.887529373168945,29.02025032043457,30.004926681518555,0.03589200600981712,0.07766562700271606,0.24108120799064636,0.6453611850738525,,0
3002238.png,/home/ubuntu/SCB-05-Dataset/5k_HRW_Dataset_combined/images/val/3002238.png,2,2,27.96168327331543,28.55716896057129,29.010700225830078,27.987640380859375,0.14936403930187225,0.2709331512451172,0.4264109134674072,0.15329186618328094,,0
3002245.png,/home/ubuntu/SCB-05-Dataset/5k_HRW_Dataset_combined/images/val/3002245.png,3,3,26.261430740356445,26.967832565307617,27.174514770507812,30.879138946533203,0.009365017525851727,0.01897994801402092,0.023337585851550102,0.9483175277709961,,0
3002248.png,/home/ubuntu/SCB-05-Dataset/5k_HRW_Dataset_combined/images/val/3002248.png,2,2,29.559791564941406,29.938566207885742,31.359922409057617,30.98234748840332,0.0789974182844162,0.11537525057792664,0.47796908020973206,0.3276582658290863,,0
3003003.png,/home/ubuntu/SCB-05-Dataset/5k_HRW_Dataset_combined/images/val/3003003.png,3,3,27.34365463256836,28.443740844726562,27.634668350219727,29.466766357421875,0.07299637794494629,0.2193121463060379,0.09765330702066422,0.610038161277771,,0
3003006.png,/home/ubuntu/SCB-05-Dataset/5k_HRW_Dataset_combined/images/val/3003006.png,3,3,28.175193786621094,29.139909744262695,28.30131721496582,30.395963668823242,0.07156717777252197,0.18779529631137848,0.08118739724159241,0.6594501733779907,,0
3003007.png,/home/ubuntu/SCB-05-Dataset/5k_HRW_Dataset_combined/images/val/3003007.png,3,1,28.628772735595703,30.605960845947266,29.21600914001465,29.70709800720215,0.07715354114770889,0.5572341680526733,0.1387999802827835,0.22681228816509247,,0
3003018.png,/home/ubuntu/SCB-05-Dataset/5k_HRW_Dataset_combined/images/val/3003018.png,2,3,26.88692283630371,28.85530662536621,29.2475643157959,30.197202682495117,0.02166864462196827,0.15512792766094208,0.22963882982730865,0.5935646295547485,,0
3003021.png,/home/ubuntu/SCB-05-Dataset/5k_HRW_Dataset_combined/images/val/3003021.png,2,1,28.693967819213867,30.732036590576172,30.23238754272461,29.55992889404297,0.06365256011486053,0.4885825216770172,0.296444296836853,0.15132059156894684,,0
3003030.png,/home/ubuntu/SCB-05-Dataset/5k_HRW_Dataset_combined/images/val/3003030.png,2,2,27.549945831298828,28.426956176757812,29.22162628173828,28.587745666503906,0.0865965485572815,0.20815236866474152,0.4607890844345093,0.2444619983434677,,0
3003036.png,/home/ubuntu/SCB-05-Dataset/5k_HRW_Dataset_combined/images/val/3003036.png,2,1,29.353225708007812,31.216577529907227,31.0819149017334,29.46544075012207,0.07043582946062088,0.45398029685020447,0.39678364992141724,0.07880032062530518,,0
3003048.png,/home/ubuntu/SCB-05-Dataset/5k_HRW_Dataset_combined/images/val/3003048.png,3,3,28.21743392944336,28.048023223876953,28.32966423034668,29.30980110168457,0.16822963953018188,0.1420130878686905,0.1882103532552719,0.5015469193458557,,0
3003053.png,/home/ubuntu/SCB-05-Dataset/5k_HRW_Dataset_combined/images/val/3003053.png,3,3,29.11742401123047,30.191410064697266,29.763248443603516,31.67458724975586,0.05337957665324211,0.15624327957630157,0.10182469338178635,0.6885524392127991,,0
3003059.png,/home/ubuntu/SCB-05-Dataset/5k_HRW_Dataset_combined/images/val/3003059.png,3,3,26.964797973632812,26.52336883544922,26.387697219848633,29.39906120300293,0.07346431165933609,0.04724612087011337,0.041251976042985916,0.8380376100540161,,0
3003067.png,/home/ubuntu/SCB-05-Dataset/5k_HRW_Dataset_combined/images/val/3003067.png,3,1,27.784788131713867,29.239971160888672,28.709745407104492,28.593822479248047,0.09947510063648224,0.42627742886543274,0.25085240602493286,0.22339503467082977,,0
3003069.png,/home/ubuntu/SCB-05-Dataset/5k_HRW_Dataset_combined/images/val/3003069.png,3,3,27.107677459716797,27.742259979248047,28.512298583984375,30.38286590576172,0.029932567849755287,0.05645983666181564,0.12194477021694183,0.7916628122329712,,0
3003077.png,/home/ubuntu/SCB-05-Dataset/5k_HRW_Dataset_combined/images/val/3003077.png,3,3,30.11884307861328,30.596872329711914,31.234519958496094,31.63361930847168,0.09791510552167892,0.1579265594482422,0.2988009750843048,0.44535738229751587,,0
3003079.png,/home/ubuntu/SCB-05-Dataset/5k_HRW_Dataset_combined/images/val/3003079.png,2,2,27.79077911376953,29.30964469909668,31.14967918395996,30.408382415771484,0.02082143723964691,0.09509236365556717,0.5987733602523804,0.2853128910064697,,0
3003082.png,/home/ubuntu/SCB-05-Dataset/5k_HRW_Dataset_combined/images/val/3003082.png,3,3,27.905332565307617,28.76541519165039,30.431514739990234,30.87635612487793,0.02826383337378502,0.06679750233888626,0.3534581959247589,0.5514805316925049,,0
3003083.png,/home/ubuntu/SCB-05-Dataset/5k_HRW_Dataset_combined/images/val/3003083.png,2,2,27.000410079956055,28.139007568359375,30.13234519958496,28.78108024597168,0.030326463282108307,0.09469092637300491,0.6950305700302124,0.17995211482048035,,0
3003087.png,/home/ubuntu/SCB-05-Dataset/5k_HRW_Dataset_combined/images/val/3003087.png,3,3,28.517797470092773,30.178874969482422,29.341026306152344,31.192964553833008,0.04336965084075928,0.22834038734436035,0.09878925234079361,0.629500687122345,,0
3003091.png,/home/ubuntu/SCB-05-Dataset/5k_HRW_Dataset_combined/images/val/3003091.png,3,3,28.199970245361328,29.102197647094727,29.94805908203125,30.459495544433594,0.05322760343551636,0.13121071457862854,0.30571889877319336,0.5098428130149841,,0
3003095.png,/home/ubuntu/SCB-05-Dataset/5k_HRW_Dataset_combined/images/val/3003095.png,3,3,27.62352752685547,29.72559928894043,27.66847038269043,30.23054313659668,0.04203870892524719,0.3440072238445282,0.04397115111351013,0.5699829459190369,,0
3003098.png,/home/ubuntu/SCB-05-Dataset/5k_HRW_Dataset_combined/images/val/3003098.png,3,3,29.1601505279541,29.734294891357422,29.375356674194336,31.783458709716797,0.05618935450911522,0.09977040439844131,0.06968140602111816,0.774358868598938,,0
3003102.png,/home/ubuntu/SCB-05-Dataset/5k_HRW_Dataset_combined/images/val/3003102.png,2,2,26.16918182373047,25.033151626586914,27.696483612060547,26.204469680786133,0.14362157881259918,0.04611562192440033,0.6614826321601868,0.14878016710281372,,0
3003110.png,/home/ubuntu/SCB-05-Dataset/5k_HRW_Dataset_combined/images/val/3003110.png,3,3,27.929040908813477,28.209978103637695,28.074514389038086,29.364601135253906,0.1301582306623459,0.17237772047519684,0.1505393534898758,0.5469247102737427,,0
3003139.png,/home/ubuntu/SCB-05-Dataset/5k_HRW_Dataset_combined/images/val/3003139.png,3,3,26.608848571777344,28.732215881347656,28.304180145263672,30.538610458374023,0.01522010937333107,0.1272285282611847,0.08292604237794876,0.774625301361084,,0
3003140.png,/home/ubuntu/SCB-05-Dataset/5k_HRW_Dataset_combined/images/val/3003140.png,3,3,27.987367630004883,28.2125301361084,28.462488174438477,29.288679122924805,0.13271670043468475,0.1662311553955078,0.2134360671043396,0.48761603236198425,,0
3003141.png,/home/ubuntu/SCB-05-Dataset/5k_HRW_Dataset_combined/images/val/3003141.png,2,1,31.038063049316406,32.37283706665039,32.32996368408203,31.193315505981445,0.10409307479858398,0.39546385407447815,0.3788672983646393,0.12157579511404037,,0
3003158.png,/home/ubuntu/SCB-05-Dataset/5k_HRW_Dataset_combined/images/val/3003158.png,2,2,30.700756072998047,31.135665893554688,31.82811737060547,30.584054946899414,0.15332311391830444,0.23685719072818756,0.47338491678237915,0.13643473386764526,,0
3003162.png,/home/ubuntu/SCB-05-Dataset/5k_HRW_Dataset_combined/images/val/3003162.png,3,3,30.657512664794922,32.396427154541016,32.091712951660156,32.865089416503906,0.05004728212952614,0.28482720255851746,0.21001280844211578,0.45511263608932495,,0
3003167.png,/home/ubuntu/SCB-05-Dataset/5k_HRW_Dataset_combined/images/val/3003167.png,3,3,29.06282615661621,30.400081634521484,30.27559471130371,30.720115661621094,0.07453545928001404,0.2838740050792694,0.2506465017795563,0.39094406366348267,,0
3004001.png,/home/ubuntu/SCB-05-Dataset/5k_HRW_Dataset_combined/images/val/3004001.png,3,3,27.291683197021484,29.079330444335938,28.127792358398438,30.492996215820312,0.029544269666075706,0.1765381544828415,0.06816961616277695,0.7257479429244995,,0
3004003.png,/home/ubuntu/SCB-05-Dataset/5k_HRW_Dataset_combined/images/val/3004003.png,2,3,27.89183235168457,29.651123046875,29.632991790771484,30.093017578125,0.046408046036958694,0.269552618265152,0.26470932364463806,0.419329971075058,,0
3004012.png,/home/ubuntu/SCB-05-Dataset/5k_HRW_Dataset_combined/images/val/3004012.png,3,3,28.751951217651367,28.178321838378906,29.090604782104492,29.210134506225586,0.2198897749185562,0.12390276044607162,0.3085179626941681,0.3476894795894623,,0
3004010.png,/home/ubuntu/SCB-05-Dataset/5k_HRW_Dataset_combined/images/val/3004010.png,2,1,30.35449981689453,30.708921432495117,30.13315773010254,28.901737213134766,0.2889570891857147,0.4118667244911194,0.23158247768878937,0.06759375333786011,,0
3004028.png,/home/ubuntu/SCB-05-Dataset/5k_HRW_Dataset_combined/images/val/3004028.png,3,3,27.421998977661133,27.90961265563965,27.562179565429688,29.776269912719727,0.06988434493541718,0.11380146443843842,0.08040065318346024,0.7359135746955872,,0
3004032.png,/home/ubuntu/SCB-05-Dataset/5k_HRW_Dataset_combined/images/val/3004032.png,3,1,28.47539710998535,30.26189422607422,29.09809684753418,29.946956634521484,0.07582372426986694,0.4525545537471771,0.14133188128471375,0.33028990030288696,,0
3004015.png,/home/ubuntu/SCB-05-Dataset/5k_HRW_Dataset_combined/images/val/3004015.png,2,1,30.129886627197266,31.10641860961914,30.087249755859375,29.37856674194336,0.1966477483510971,0.5221453905105591,0.1884395331144333,0.09276729822158813,,0
3004034.png,/home/ubuntu/SCB-05-Dataset/5k_HRW_Dataset_combined/images/val/3004034.png,3,3,29.186939239501953,30.35074234008789,31.678268432617188,32.19424819946289,0.027388041839003563,0.08769891411066055,0.33077409863471985,0.5541388988494873,,0
3004035.png,/home/ubuntu/SCB-05-Dataset/5k_HRW_Dataset_combined/images/val/3004035.png,2,3,28.9698486328125,28.963720321655273,29.19651222229004,29.553688049316406,0.1983651965856552,0.1971532553434372,0.24883083999156952,0.35565072298049927,,0
3004036.png,/home/ubuntu/SCB-05-Dataset/5k_HRW_Dataset_combined/images/val/3004036.png,3,3,28.797101974487305,29.29730987548828,29.524568557739258,30.310688018798828,0.10796935856342316,0.17804840207099915,0.22347824275493622,0.49050405621528625,,0
3004041.png,/home/ubuntu/SCB-05-Dataset/5k_HRW_Dataset_combined/images/val/3004041.png,2,1,28.954578399658203,29.035114288330078,28.701868057250977,27.50372886657715,0.3231089115142822,0.3502073287963867,0.25095638632774353,0.07572740316390991,,0
3004047.png,/home/ubuntu/SCB-05-Dataset/5k_HRW_Dataset_combined/images/val/3004047.png,2,1,29.1843204498291,29.832834243774414,29.16442108154297,28.263654708862305,0.23303250968456268,0.4457203149795532,0.22844111919403076,0.09280607104301453,,0
3004073.png,/home/ubuntu/SCB-05-Dataset/5k_HRW_Dataset_combined/images/val/3004073.png,2,1,28.889137268066406,29.624113082885742,28.965641021728516,28.966962814331055,0.19062606990337372,0.3975376486778259,0.20578204095363617,0.2060542106628418,,0
3004077.png,/home/ubuntu/SCB-05-Dataset/5k_HRW_Dataset_combined/images/val/3004077.png,2,1,30.836719512939453,31.327856063842773,30.41657829284668,29.298171997070312,0.2852400541305542,0.46613144874572754,0.18738961219787598,0.06123896315693855,,0
3004078.png,/home/ubuntu/SCB-05-Dataset/5k_HRW_Dataset_combined/images/val/3004078.png,2,2,30.814807891845703,31.000173568725586,31.426698684692383,30.38793182373047,0.21276064217090607,0.2560911476612091,0.3923124372959137,0.13883575797080994,,0
3004079.png,/home/ubuntu/SCB-05-Dataset/5k_HRW_Dataset_combined/images/val/3004079.png,2,2,28.45858383178711,28.570655822753906,29.400300979614258,27.595149993896484,0.19589844346046448,0.2191307097673416,0.5023582577705383,0.08261262625455856,,0
3004084.png,/home/ubuntu/SCB-05-Dataset/5k_HRW_Dataset_combined/images/val/3004084.png,2,1,30.912738800048828,31.497827529907227,29.89129638671875,29.732440948486328,0.2888159453868866,0.5184680223464966,0.10399544984102249,0.08872056752443314,,0
3004085.png,/home/ubuntu/SCB-05-Dataset/5k_HRW_Dataset_combined/images/val/3004085.png,2,1,30.4415283203125,31.53620147705078,30.805625915527344,30.21927833557129,0.1605616807937622,0.4797913730144501,0.2310827523469925,0.12856417894363403,,0
3004088.png,/home/ubuntu/SCB-05-Dataset/5k_HRW_Dataset_combined/images/val/3004088.png,2,2,30.436185836791992,30.5416259765625,31.299962997436523,29.273134231567383,0.20851430296897888,0.23170100152492523,0.4946174919605255,0.06516718119382858,,0
3004090.png,/home/ubuntu/SCB-05-Dataset/5k_HRW_Dataset_combined/images/val/3004090.png,2,1,29.610010147094727,29.911523818969727,29.37228775024414,27.833959579467773,0.3021485209465027,0.40847569704055786,0.23822040855884552,0.05115540698170662,,0
3004092.png,/home/ubuntu/SCB-05-Dataset/5k_HRW_Dataset_combined/images/val/3004092.png,2,0,29.08698272705078,28.818571090698242,28.582561492919922,26.768625259399414,0.4053698182106018,0.30994293093681335,0.24478457868099213,0.03990263491868973,,0
3004094.png,/home/ubuntu/SCB-05-Dataset/5k_HRW_Dataset_combined/images/val/3004094.png,2,1,29.407590866088867,30.802669525146484,30.127573013305664,30.19389533996582,0.10770109295845032,0.43460533022880554,0.22126074135303497,0.23643285036087036,,0
3004099.png,/home/ubuntu/SCB-05-Dataset/5k_HRW_Dataset_combined/images/val/3004099.png,2,1,28.489267349243164,30.100608825683594,29.345718383789062,28.393169403076172,0.1078435629606247,0.5402452349662781,0.25394880771636963,0.0979624018073082,,0
3004110.png,/home/ubuntu/SCB-05-Dataset/5k_HRW_Dataset_combined/images/val/3004110.png,2,1,29.936166763305664,30.868806838989258,29.980138778686523,29.542699813842773,0.1900824010372162,0.48303917050361633,0.19862720370292664,0.12825119495391846,,0
3004113.png,/home/ubuntu/SCB-05-Dataset/5k_HRW_Dataset_combined/images/val/3004113.png,2,1,29.921913146972656,30.702829360961914,29.850505828857422,28.92015838623047,0.22312518954277039,0.48718756437301636,0.20774796605110168,0.08193925768136978,,0
3004114.png,/home/ubuntu/SCB-05-Dataset/5k_HRW_Dataset_combined/images/val/3004114.png,2,1,29.943634033203125,31.132516860961914,30.609447479248047,29.86209487915039,0.13983704149723053,0.4591425061225891,0.27213311195373535,0.128887340426445,,0
3004115.png,/home/ubuntu/SCB-05-Dataset/5k_HRW_Dataset_combined/images/val/3004115.png,2,1,30.50599479675293,31.51055335998535,30.82187271118164,29.60889434814453,0.18149100244045258,0.495597779750824,0.2489081770181656,0.07400300353765488,,0
3004116.png,/home/ubuntu/SCB-05-Dataset/5k_HRW_Dataset_combined/images/val/3004116.png,2,3,29.560768127441406,29.483428955078125,29.209209442138672,29.87177276611328,0.25037795305252075,0.23174378275871277,0.17616356909275055,0.3417147099971771,,0
3004134.png,/home/ubuntu/SCB-05-Dataset/5k_HRW_Dataset_combined/images/val/3004134.png,2,1,28.764707565307617,30.426437377929688,29.580652236938477,29.583293914794922,0.09261815994977951,0.48795101046562195,0.20943844318389893,0.2099924385547638,,0
3004136.png,/home/ubuntu/SCB-05-Dataset/5k_HRW_Dataset_combined/images/val/3004136.png,2,1,27.978347778320312,30.17934226989746,29.184919357299805,28.880062103271484,0.06313201040029526,0.5703341960906982,0.2109876424074173,0.1555461287498474,,0
3004138.png,/home/ubuntu/SCB-05-Dataset/5k_HRW_Dataset_combined/images/val/3004138.png,2,1,27.231666564941406,27.695571899414062,27.072912216186523,24.703506469726562,0.2838261127471924,0.4513608515262604,0.24216212332248688,0.0226509477943182,,0
3004144.png,/home/ubuntu/SCB-05-Dataset/5k_HRW_Dataset_combined/images/val/3004144.png,2,1,29.253637313842773,29.6173152923584,29.512739181518555,28.30020523071289,0.24273066222667694,0.3491950035095215,0.3145221173763275,0.09355228394269943,,0
3004151.png,/home/ubuntu/SCB-05-Dataset/5k_HRW_Dataset_combined/images/val/3004151.png,2,2,29.366132736206055,29.936552047729492,30.616992950439453,30.28596305847168,0.11400922387838364,0.20168328285217285,0.3982737362384796,0.2860337197780609,,0
3004152.png,/home/ubuntu/SCB-05-Dataset/5k_HRW_Dataset_combined/images/val/3004152.png,2,2,29.569059371948242,29.80780601501465,30.209524154663086,28.83370590209961,0.21522247791290283,0.27325865626335144,0.4083550274372101,0.10316387563943863,,0
3004160.png,/home/ubuntu/SCB-05-Dataset/5k_HRW_Dataset_combined/images/val/3004160.png,2,2,28.562366485595703,28.819751739501953,29.55242347717285,27.18570899963379,0.1909361630678177,0.24698422849178314,0.5138832926750183,0.04819627106189728,,0
3004181.png,/home/ubuntu/SCB-05-Dataset/5k_HRW_Dataset_combined/images/val/3004181.png,2,2,25.64522933959961,25.550634384155273,26.94286346435547,26.754989624023438,0.11622502654790878,0.10573472082614899,0.42545634508132935,0.3525838851928711,,0
3004188.png,/home/ubuntu/SCB-05-Dataset/5k_HRW_Dataset_combined/images/val/3004188.png,2,1,29.61644172668457,30.539804458618164,30.080636978149414,29.771249771118164,0.15933945775032043,0.40117570757865906,0.2534666061401367,0.18601825833320618,,0
3004190.png,/home/ubuntu/SCB-05-Dataset/5k_HRW_Dataset_combined/images/val/3004190.png,2,1,29.514144897460938,29.978612899780273,29.94300651550293,29.67313003540039,0.18871499598026276,0.30027714371681213,0.28977346420288086,0.22123444080352783,,0
3004213.png,/home/ubuntu/SCB-05-Dataset/5k_HRW_Dataset_combined/images/val/3004213.png,2,2,28.759252548217773,28.52545166015625,29.189098358154297,28.632471084594727,0.23755982518196106,0.18803320825099945,0.3651343286037445,0.20927266776561737,,0
3005002.png,/home/ubuntu/SCB-05-Dataset/5k_HRW_Dataset_combined/images/val/3005002.png,2,2,30.719959259033203,32.186676025390625,32.62730407714844,31.262609481811523,0.07251252233982086,0.3143402338027954,0.48838499188423157,0.12476218491792679,,0
3005006.png,/home/ubuntu/SCB-05-Dataset/5k_HRW_Dataset_combined/images/val/3005006.png,2,2,30.590423583984375,32.30553436279297,32.829742431640625,31.603187561035156,0.05348329618573189,0.2972222566604614,0.5020442605018616,0.1472502201795578,,0
3005010.png,/home/ubuntu/SCB-05-Dataset/5k_HRW_Dataset_combined/images/val/3005010.png,2,2,30.68028450012207,31.713468551635742,32.40675735473633,30.387466430664062,0.0982612669467926,0.2761140465736389,0.5523062944412231,0.07331842184066772,,0
3005013.png,/home/ubuntu/SCB-05-Dataset/5k_HRW_Dataset_combined/images/val/3005013.png,2,2,29.78343391418457,30.649906158447266,32.06393051147461,29.194536209106445,0.07291296869516373,0.1734238862991333,0.7132009267807007,0.040462229400873184,,0
3005018.png,/home/ubuntu/SCB-05-Dataset/5k_HRW_Dataset_combined/images/val/3005018.png,2,2,28.4033260345459,29.21821403503418,30.111343383789062,28.763187408447266,0.09794258326292038,0.2212447226047516,0.5404481887817383,0.14036452770233154,,0
3005014.png,/home/ubuntu/SCB-05-Dataset/5k_HRW_Dataset_combined/images/val/3005014.png,2,2,29.401594161987305,30.70138168334961,31.22189712524414,29.95386505126953,0.07949479669332504,0.29162803292274475,0.490779310464859,0.1380978524684906,,0
3005021.png,/home/ubuntu/SCB-05-Dataset/5k_HRW_Dataset_combined/images/val/3005021.png,2,3,29.88765525817871,30.003578186035156,29.17599105834961,31.207529067993164,0.1573147028684616,0.17665013670921326,0.07721424847841263,0.5888208746910095,,0
3005023.png,/home/ubuntu/SCB-05-Dataset/5k_HRW_Dataset_combined/images/val/3005023.png,2,3,30.742900848388672,30.967695236206055,30.185863494873047,31.26586151123047,0.2216319739818573,0.27749770879745483,0.12697380781173706,0.3738964796066284,,0
3005024.png,/home/ubuntu/SCB-05-Dataset/5k_HRW_Dataset_combined/images/val/3005024.png,2,0,31.575485229492188,30.57946014404297,31.215131759643555,31.565750122070312,0.32710883021354675,0.12081590294837952,0.22813543677330017,0.32393985986709595,,0
3005029.png,/home/ubuntu/SCB-05-Dataset/5k_HRW_Dataset_combined/images/val/3005029.png,2,1,29.618471145629883,31.455564498901367,30.503976821899414,31.111549377441406,0.07065516710281372,0.4435916841030121,0.17128294706344604,0.31447023153305054,,0
3005033.png,/home/ubuntu/SCB-05-Dataset/5k_HRW_Dataset_combined/images/val/3005033.png,2,3,29.266023635864258,30.392322540283203,29.50453758239746,31.30352783203125,0.07677531242370605,0.23679198324680328,0.09745561331510544,0.5889770984649658,,0
3005034.png,/home/ubuntu/SCB-05-Dataset/5k_HRW_Dataset_combined/images/val/3005034.png,2,1,29.79680061340332,31.286954879760742,30.386150360107422,31.037097930908203,0.09348208457231522,0.41485291719436646,0.16853098571300507,0.3231339752674103,,0
3005037.png,/home/ubuntu/SCB-05-Dataset/5k_HRW_Dataset_combined/images/val/3005037.png,2,3,31.47486114501953,32.34992599487305,31.338298797607422,32.3749885559082,0.14855971932411194,0.35639938712120056,0.12959636747837067,0.36544451117515564,,0
3005040.png,/home/ubuntu/SCB-05-Dataset/5k_HRW_Dataset_combined/images/val/3005040.png,2,1,29.316843032836914,31.081628799438477,30.18529510498047,30.581865310668945,0.0783286988735199,0.4574647545814514,0.18667443096637726,0.27753204107284546,,0
3005049.png,/home/ubuntu/SCB-05-Dataset/5k_HRW_Dataset_combined/images/val/3005049.png,2,1,29.949790954589844,31.258995056152344,30.757492065429688,28.999126434326172,0.13637997210025787,0.5050457119941711,0.30586564540863037,0.05270868167281151,,0
3005055.png,/home/ubuntu/SCB-05-Dataset/5k_HRW_Dataset_combined/images/val/3005055.png,2,1,28.8352108001709,29.30726432800293,29.148595809936523,28.322511672973633,0.2188083976507187,0.35081183910369873,0.2993404269218445,0.1310393214225769,,0
3005067.png,/home/ubuntu/SCB-05-Dataset/5k_HRW_Dataset_combined/images/val/3005067.png,2,1,28.62788963317871,29.566925048828125,29.278221130371094,29.08453941345215,0.14179439842700958,0.36264103651046753,0.27170297503471375,0.22386156022548676,,0
3005078.png,/home/ubuntu/SCB-05-Dataset/5k_HRW_Dataset_combined/images/val/3005078.png,2,2,25.9945125579834,26.279449462890625,27.782682418823242,26.846986770629883,0.0938647910952568,0.12480996549129486,0.561170756816864,0.22015449404716492,,0
3005079.png,/home/ubuntu/SCB-05-Dataset/5k_HRW_Dataset_combined/images/val/3005079.png,2,2,29.33424949645996,30.45619773864746,30.88437271118164,29.469961166381836,0.10072284191846848,0.30930283665657043,0.47461116313934326,0.11536307632923126,,0
3005096.png,/home/ubuntu/SCB-05-Dataset/5k_HRW_Dataset_combined/images/val/3005096.png,2,2,29.8945255279541,29.99425506591797,31.18453025817871,31.089496612548828,0.11060553789138794,0.12220495939254761,0.4018082022666931,0.36538124084472656,,0
3005101.png,/home/ubuntu/SCB-05-Dataset/5k_HRW_Dataset_combined/images/val/3005101.png,2,2,28.416114807128906,29.243846893310547,30.196094512939453,28.583141326904297,0.09615713357925415,0.2200193852186203,0.5701863765716553,0.11363709717988968,,0
3005107.png,/home/ubuntu/SCB-05-Dataset/5k_HRW_Dataset_combined/images/val/3005107.png,2,2,27.511507034301758,28.155399322509766,30.016321182250977,28.85821533203125,0.052659545093774796,0.10025729238986969,0.644620418548584,0.20246273279190063,,0
3005118.png,/home/ubuntu/SCB-05-Dataset/5k_HRW_Dataset_combined/images/val/3005118.png,2,1,30.177751541137695,31.013816833496094,30.268049240112305,28.89615249633789,0.21370428800582886,0.49307361245155334,0.2338993400335312,0.05932283028960228,,0
3005127.png,/home/ubuntu/SCB-05-Dataset/5k_HRW_Dataset_combined/images/val/3005127.png,2,1,27.883630752563477,29.580228805541992,29.50812339782715,29.12851333618164,0.06665010005235672,0.36360010504722595,0.3383054733276367,0.23144428431987762,,0
3005140.png,/home/ubuntu/SCB-05-Dataset/5k_HRW_Dataset_combined/images/val/3005140.png,3,3,27.878643035888672,30.054235458374023,30.093563079833984,30.447256088256836,0.031234586611390114,0.27509552240371704,0.2861299216747284,0.407539963722229,,0
3005139.png,/home/ubuntu/SCB-05-Dataset/5k_HRW_Dataset_combined/images/val/3005139.png,2,3,25.678199768066406,27.769561767578125,28.98942756652832,29.455684661865234,0.012465612031519413,0.10092078149318695,0.3417917788028717,0.5448217988014221,,0
3005164.png,/home/ubuntu/SCB-05-Dataset/5k_HRW_Dataset_combined/images/val/3005164.png,2,2,28.426509857177734,28.0388240814209,28.981369018554688,28.692256927490234,0.2116524577140808,0.14363276958465576,0.3686341643333435,0.27608054876327515,,0
3005168.png,/home/ubuntu/SCB-05-Dataset/5k_HRW_Dataset_combined/images/val/3005168.png,2,1,28.623884201049805,28.982555389404297,28.69272232055664,28.544647216796875,0.22591161727905273,0.32337579131126404,0.2420107126235962,0.20870190858840942,,0
3005188.png,/home/ubuntu/SCB-05-Dataset/5k_HRW_Dataset_combined/images/val/3005188.png,2,2,29.93317222595215,31.019556045532227,32.12846374511719,30.47102165222168,0.06821990758180618,0.20217227935791016,0.6127934455871582,0.11681434512138367,,0
3005195.png,/home/ubuntu/SCB-05-Dataset/5k_HRW_Dataset_combined/images/val/3005195.png,2,0,28.811744689941406,28.17227554321289,28.679340362548828,27.388185501098633,0.37815555930137634,0.19950444996356964,0.33125928044319153,0.09108074754476547,,0
3005221.png,/home/ubuntu/SCB-05-Dataset/5k_HRW_Dataset_combined/images/val/3005221.png,2,0,27.946788787841797,26.670080184936523,27.863019943237305,26.598674774169922,0.4067806601524353,0.1134730651974678,0.37409329414367676,0.10565300285816193,,0
3005215.png,/home/ubuntu/SCB-05-Dataset/5k_HRW_Dataset_combined/images/val/3005215.png,2,3,30.469310760498047,31.76404571533203,31.297651290893555,31.932193756103516,0.08882623165845871,0.3242182433605194,0.20336909592151642,0.38358643651008606,,0
3005224.png,/home/ubuntu/SCB-05-Dataset/5k_HRW_Dataset_combined/images/val/3005224.png,2,2,27.826797485351562,29.524272918701172,29.72652244567871,29.41706085205078,0.05540398508310318,0.30251383781433105,0.3703233301639557,0.2717588245868683,,0
3005231.png,/home/ubuntu/SCB-05-Dataset/5k_HRW_Dataset_combined/images/val/3005231.png,3,3,27.003658294677734,28.315874099731445,28.323162078857422,29.31363296508789,0.05396616831421852,0.20045165717601776,0.2019178867340088,0.5436643362045288,,0
3005242.png,/home/ubuntu/SCB-05-Dataset/5k_HRW_Dataset_combined/images/val/3005242.png,2,1,30.411075592041016,31.077089309692383,30.7530460357666,30.031150817871094,0.1984877586364746,0.38634902238845825,0.27941495180130005,0.13574832677841187,,0
3005258.png,/home/ubuntu/SCB-05-Dataset/5k_HRW_Dataset_combined/images/val/3005258.png,2,1,29.082468032836914,30.097257614135742,29.449155807495117,27.81797981262207,0.18234486877918243,0.5030498504638672,0.2631140351295471,0.051491230726242065,,0
3005273.png,/home/ubuntu/SCB-05-Dataset/5k_HRW_Dataset_combined/images/val/3005273.png,2,3,29.774856567382812,31.72275161743164,31.60489845275879,32.84569549560547,0.027926689013838768,0.19587524235248566,0.1740991175174713,0.6020989418029785,,0
3005276.png,/home/ubuntu/SCB-05-Dataset/5k_HRW_Dataset_combined/images/val/3005276.png,3,3,29.586877822875977,31.557130813598633,31.154495239257812,31.834671020507812,0.04457416385412216,0.3197077810764313,0.2137424349784851,0.42197564244270325,,0
3005277.png,/home/ubuntu/SCB-05-Dataset/5k_HRW_Dataset_combined/images/val/3005277.png,3,3,29.218534469604492,30.838268280029297,31.39784049987793,31.99043846130371,0.032382410019636154,0.16358770430088043,0.2862659990787506,0.5177639126777649,,0
3005278.png,/home/ubuntu/SCB-05-Dataset/5k_HRW_Dataset_combined/images/val/3005278.png,2,3,28.646656036376953,29.955106735229492,30.815113067626953,31.444135665893555,0.03350255265831947,0.12397406250238419,0.29297247529029846,0.5495508313179016,,0
3005283.png,/home/ubuntu/SCB-05-Dataset/5k_HRW_Dataset_combined/images/val/3005283.png,2,1,30.503698348999023,31.479984283447266,30.855009078979492,29.633485794067383,0.18200448155403137,0.48314523696899414,0.2586154043674469,0.0762348622083664,,0
3005294.png,/home/ubuntu/SCB-05-Dataset/5k_HRW_Dataset_combined/images/val/3005294.png,2,2,30.166593551635742,30.014291763305664,31.052043914794922,30.899343490600586,0.1571437567472458,0.1349439173936844,0.3809283673763275,0.32698389887809753,,0
