image_id,image_path,ground_truth,predicted,sim_0,sim_1,sim_2,sim_3,p_0,p_1,p_2,p_3,stderr,returncode
40010001.png,/home/ubuntu/SCB-05-Dataset/5k_HRW_Dataset_combined/images/val/40010001.png,1,0,30.052947998046875,29.74567985534668,30.033552169799805,28.65379524230957,0.337490051984787,0.2482081949710846,0.3310072124004364,0.08329456299543381,,0
40010011.png,/home/ubuntu/SCB-05-Dataset/5k_HRW_Dataset_combined/images/val/40010011.png,1,2,29.878299713134766,29.60847282409668,29.994218826293945,28.757566452026367,0.31128817796707153,0.23767215013504028,0.34954705834388733,0.10149259120225906,,0
40010021.png,/home/ubuntu/SCB-05-Dataset/5k_HRW_Dataset_combined/images/val/40010021.png,1,2,30.316329956054688,29.885568618774414,30.482223510742188,28.96924591064453,0.32357653975486755,0.21032929420471191,0.38196513056755066,0.08412903547286987,,0
40010029.png,/home/ubuntu/SCB-05-Dataset/5k_HRW_Dataset_combined/images/val/40010029.png,1,2,30.52758026123047,30.2149658203125,30.63035011291504,29.314607620239258,0.3187677264213562,0.23318877816200256,0.3532699644565582,0.09477353096008301,,0
40010036.png,/home/ubuntu/SCB-05-Dataset/5k_HRW_Dataset_combined/images/val/40010036.png,1,2,30.70938491821289,30.206008911132812,30.875804901123047,29.250478744506836,0.3313401937484741,0.20029067993164062,0.391335666179657,0.07703343033790588,,0
40010037.png,/home/ubuntu/SCB-05-Dataset/5k_HRW_Dataset_combined/images/val/40010037.png,1,2,30.32767105102539,29.939348220825195,30.554039001464844,29.100605010986328,0.31004080176353455,0.21026763319969177,0.3888026177883148,0.09088890254497528,,0
40010042.png,/home/ubuntu/SCB-05-Dataset/5k_HRW_Dataset_combined/images/val/40010042.png,1,2,30.489381790161133,30.249332427978516,30.567508697509766,29.231231689453125,0.31725606322288513,0.24955013394355774,0.3430362343788147,0.09015758335590363,,0
40010049.png,/home/ubuntu/SCB-05-Dataset/5k_HRW_Dataset_combined/images/val/40010049.png,1,2,31.109905242919922,30.64240264892578,31.278682708740234,29.697572708129883,0.3274398446083069,0.2051623910665512,0.3876418173313141,0.0797559842467308,,0
40010044.png,/home/ubuntu/SCB-05-Dataset/5k_HRW_Dataset_combined/images/val/40010044.png,1,2,31.00416374206543,30.64046859741211,31.165611267089844,29.70111656188965,0.31826695799827576,0.22122833132743835,0.3740307688713074,0.0864739641547203,,0
40010054.png,/home/ubuntu/SCB-05-Dataset/5k_HRW_Dataset_combined/images/val/40010054.png,1,2,30.587678909301758,30.217796325683594,30.653249740600586,29.248214721679688,0.3310633599758148,0.22870369255542755,0.35349899530410767,0.08673396706581116,,0
40010058.png,/home/ubuntu/SCB-05-Dataset/5k_HRW_Dataset_combined/images/val/40010058.png,1,2,30.78999900817871,30.2999267578125,31.009990692138672,29.43056869506836,0.32098037004470825,0.19662682712078094,0.39996281266212463,0.08243001252412796,,0
40010064.png,/home/ubuntu/SCB-05-Dataset/5k_HRW_Dataset_combined/images/val/40010064.png,1,2,30.50469207763672,30.124401092529297,30.602323532104492,29.29839515686035,0.3240942060947418,0.22157104313373566,0.35733214020729065,0.0970025584101677,,0
40010067.png,/home/ubuntu/SCB-05-Dataset/5k_HRW_Dataset_combined/images/val/40010067.png,1,2,30.432022094726562,29.958980560302734,30.520843505859375,29.018815994262695,0.33791184425354004,0.21055428683757782,0.3692989647388458,0.08223483711481094,,0
40010084.png,/home/ubuntu/SCB-05-Dataset/5k_HRW_Dataset_combined/images/val/40010084.png,1,2,30.434947967529297,30.02043914794922,30.593828201293945,29.23562240600586,0.31905460357666016,0.21078811585903168,0.37399500608444214,0.09616222977638245,,0
40010082.png,/home/ubuntu/SCB-05-Dataset/5k_HRW_Dataset_combined/images/val/40010082.png,1,2,30.741783142089844,30.11031723022461,30.98910140991211,29.318416595458984,0.32751449942588806,0.17417602241039276,0.41941067576408386,0.07889878004789352,,0
40010089.png,/home/ubuntu/SCB-05-Dataset/5k_HRW_Dataset_combined/images/val/40010089.png,1,2,30.743724822998047,30.381620407104492,30.97368812561035,29.48583984375,0.30873554944992065,0.21494467556476593,0.38856029510498047,0.08775950223207474,,0
40010095.png,/home/ubuntu/SCB-05-Dataset/5k_HRW_Dataset_combined/images/val/40010095.png,1,2,30.376821517944336,30.000761032104492,30.57512092590332,29.151248931884766,0.31255102157592773,0.21458527445793152,0.3811020255088806,0.09176171571016312,,0
40010098.png,/home/ubuntu/SCB-05-Dataset/5k_HRW_Dataset_combined/images/val/40010098.png,1,2,31.210342407226562,30.631620407104492,31.433319091796875,29.73706817626953,0.3289928734302521,0.18443813920021057,0.41117244958877563,0.0753965675830841,,0
40010099.png,/home/ubuntu/SCB-05-Dataset/5k_HRW_Dataset_combined/images/val/40010099.png,1,2,30.873416900634766,30.45060920715332,31.065685272216797,29.471317291259766,0.32120463252067566,0.2104547619819641,0.3892986476421356,0.07904195785522461,,0
40010105.png,/home/ubuntu/SCB-05-Dataset/5k_HRW_Dataset_combined/images/val/40010105.png,1,2,30.4962215423584,30.060741424560547,30.578052520751953,29.016948699951172,0.3378344774246216,0.21856334805488586,0.36664238572120667,0.07695979624986649,,0
40010107.png,/home/ubuntu/SCB-05-Dataset/5k_HRW_Dataset_combined/images/val/40010107.png,1,2,30.38422203063965,29.87419319152832,30.593997955322266,29.17550277709961,0.31923794746398926,0.1916954517364502,0.39374861121177673,0.09531789273023605,,0
40010106.png,/home/ubuntu/SCB-05-Dataset/5k_HRW_Dataset_combined/images/val/40010106.png,1,2,30.955347061157227,30.247241973876953,31.2557373046875,29.65637969970703,0.3209473490715027,0.15809118747711182,0.4334026873111725,0.08755872398614883,,0
40010110.png,/home/ubuntu/SCB-05-Dataset/5k_HRW_Dataset_combined/images/val/40010110.png,1,2,30.32892417907715,29.883390426635742,30.592710494995117,29.19680404663086,0.3063086271286011,0.19618524610996246,0.3987678587436676,0.09873830527067184,,0
40010114.png,/home/ubuntu/SCB-05-Dataset/5k_HRW_Dataset_combined/images/val/40010114.png,1,2,30.065107345581055,29.449283599853516,30.274295806884766,28.69426918029785,0.33038556575775146,0.1784728616476059,0.4072587490081787,0.08388292044401169,,0
40010120.png,/home/ubuntu/SCB-05-Dataset/5k_HRW_Dataset_combined/images/val/40010120.png,1,2,30.69455337524414,30.09805679321289,30.953041076660156,29.236146926879883,0.3248530924320221,0.17890885472297668,0.4206750988960266,0.0755629912018776,,0
40010123.png,/home/ubuntu/SCB-05-Dataset/5k_HRW_Dataset_combined/images/val/40010123.png,1,2,30.275943756103516,29.803123474121094,30.325191497802734,28.731224060058594,0.3463689982891083,0.21587173640727997,0.36385390162467957,0.0739053338766098,,0
40010135.png,/home/ubuntu/SCB-05-Dataset/5k_HRW_Dataset_combined/images/val/40010135.png,1,2,31.15273666381836,30.588180541992188,31.26156234741211,29.588233947753906,0.34568914771080017,0.19656315445899963,0.38543233275413513,0.07231540977954865,,0
40020002.png,/home/ubuntu/SCB-05-Dataset/5k_HRW_Dataset_combined/images/val/40020002.png,1,2,30.591238021850586,30.22571563720703,30.59310531616211,29.15831756591797,0.3407951593399048,0.2364552915096283,0.341432124376297,0.0813174918293953,,0
40020003.png,/home/ubuntu/SCB-05-Dataset/5k_HRW_Dataset_combined/images/val/40020003.png,1,2,31.11360740661621,30.485960006713867,31.299468994140625,29.423465728759766,0.3421616852283478,0.1826617270708084,0.4120500981807709,0.0631265640258789,,0
40020019.png,/home/ubuntu/SCB-05-Dataset/5k_HRW_Dataset_combined/images/val/40020019.png,1,2,30.99345588684082,30.508787155151367,31.04613494873047,29.467487335205078,0.34633198380470276,0.2133062779903412,0.3650655448436737,0.07529617100954056,,0
40020021.png,/home/ubuntu/SCB-05-Dataset/5k_HRW_Dataset_combined/images/val/40020021.png,1,2,31.301259994506836,30.70796775817871,31.41706657409668,29.66250991821289,0.34849196672439575,0.1925436556339264,0.39127933979034424,0.06768503785133362,,0
40020022.png,/home/ubuntu/SCB-05-Dataset/5k_HRW_Dataset_combined/images/val/40020022.png,1,2,31.33905029296875,30.749801635742188,31.500083923339844,29.657962799072266,0.3429778814315796,0.19026491045951843,0.40290454030036926,0.06385268270969391,,0
40020026.png,/home/ubuntu/SCB-05-Dataset/5k_HRW_Dataset_combined/images/val/40020026.png,1,0,31.10443878173828,30.729490280151367,31.022438049316406,29.586225509643555,0.35364440083503723,0.24306853115558624,0.32580241560935974,0.07748456299304962,,0
40020034.png,/home/ubuntu/SCB-05-Dataset/5k_HRW_Dataset_combined/images/val/40020034.png,1,2,30.865882873535156,30.42800521850586,30.9293212890625,29.284631729125977,0.3428630828857422,0.22128546237945557,0.36531850695610046,0.07053295522928238,,0
40020044.png,/home/ubuntu/SCB-05-Dataset/5k_HRW_Dataset_combined/images/val/40020044.png,1,2,31.237831115722656,30.686918258666992,31.389921188354492,29.52669334411621,0.3423076570034027,0.19731414318084717,0.3985368609428406,0.06184135004878044,,0
40020045.png,/home/ubuntu/SCB-05-Dataset/5k_HRW_Dataset_combined/images/val/40020045.png,1,0,30.648698806762695,30.274248123168945,30.609661102294922,28.969005584716797,0.352632611989975,0.24249377846717834,0.3391318917274475,0.06574170291423798,,0
40020046.png,/home/ubuntu/SCB-05-Dataset/5k_HRW_Dataset_combined/images/val/40020046.png,1,2,30.794261932373047,30.303800582885742,30.819732666015625,29.09356689453125,0.354522168636322,0.21708944439888,0.3636680841445923,0.06472036242485046,,0
40020049.png,/home/ubuntu/SCB-05-Dataset/5k_HRW_Dataset_combined/images/val/40020049.png,1,2,30.816661834716797,30.37500762939453,30.833261489868164,29.151460647583008,0.3510172665119171,0.22569425404071808,0.3568926751613617,0.0663958266377449,,0
40020050.png,/home/ubuntu/SCB-05-Dataset/5k_HRW_Dataset_combined/images/val/40020050.png,0,2,30.68285369873047,30.258190155029297,30.70104217529297,29.08412742614746,0.3478867709636688,0.22751440107822418,0.35427218675613403,0.07032664865255356,,0
40020058.png,/home/ubuntu/SCB-05-Dataset/5k_HRW_Dataset_combined/images/val/40020058.png,1,2,30.616701126098633,30.05613899230957,30.660173416137695,29.083967208862305,0.35319918394088745,0.20163719356060028,0.36889219284057617,0.0762714147567749,,0
40020077.png,/home/ubuntu/SCB-05-Dataset/5k_HRW_Dataset_combined/images/val/40020077.png,0,2,30.46702766418457,30.1027774810791,30.508220672607422,28.777021408081055,0.3423146605491638,0.23781192302703857,0.3567100763320923,0.06316333264112473,,0
40020078.png,/home/ubuntu/SCB-05-Dataset/5k_HRW_Dataset_combined/images/val/40020078.png,0,0,30.293010711669922,30.088741302490234,30.18062400817871,28.587413787841797,0.3459482789039612,0.2820318043231964,0.3091735243797302,0.06284631788730621,,0
40020083.png,/home/ubuntu/SCB-05-Dataset/5k_HRW_Dataset_combined/images/val/40020083.png,0,0,30.491098403930664,30.05316925048828,30.48917007446289,28.795412063598633,0.3537420928478241,0.22829505801200867,0.35306063294410706,0.06490221619606018,,0
40020073.png,/home/ubuntu/SCB-05-Dataset/5k_HRW_Dataset_combined/images/val/40020073.png,0,2,31.13448715209961,30.462451934814453,31.285350799560547,29.29350471496582,0.3530864119529724,0.18031002581119537,0.41058236360549927,0.05602121725678444,,0
40020097.png,/home/ubuntu/SCB-05-Dataset/5k_HRW_Dataset_combined/images/val/40020097.png,0,0,30.447059631347656,30.214139938354492,30.267623901367188,28.970855712890625,0.3500833809375763,0.2773420512676239,0.2925792336463928,0.07999525964260101,,0
40020086.png,/home/ubuntu/SCB-05-Dataset/5k_HRW_Dataset_combined/images/val/40020086.png,0,2,30.98638916015625,30.49488067626953,31.06555938720703,29.266353607177734,0.3480498790740967,0.21290314197540283,0.3767251968383789,0.062321737408638,,0
40020103.png,/home/ubuntu/SCB-05-Dataset/5k_HRW_Dataset_combined/images/val/40020103.png,0,0,30.603622436523438,30.286317825317383,30.391773223876953,29.001096725463867,0.3651523292064667,0.26587069034576416,0.2954398989677429,0.07353701442480087,,0
40020105.png,/home/ubuntu/SCB-05-Dataset/5k_HRW_Dataset_combined/images/val/40020105.png,0,0,29.928918838500977,29.795377731323242,29.763662338256836,28.367212295532227,0.34101229906082153,0.29838287830352783,0.2890680432319641,0.07153680175542831,,0
40020110.png,/home/ubuntu/SCB-05-Dataset/5k_HRW_Dataset_combined/images/val/40020110.png,0,0,30.138063430786133,29.93115234375,29.98332405090332,28.623998641967773,0.3460513949394226,0.2813715934753418,0.29644089937210083,0.07613609731197357,,0
40020122.png,/home/ubuntu/SCB-05-Dataset/5k_HRW_Dataset_combined/images/val/40020122.png,1,2,31.318668365478516,30.72637367248535,31.4554443359375,29.50342559814453,0.34935393929481506,0.19321255385875702,0.4005591869354248,0.05687425285577774,,0
40020141.png,/home/ubuntu/SCB-05-Dataset/5k_HRW_Dataset_combined/images/val/40020141.png,1,0,30.544191360473633,30.23052215576172,30.519046783447266,28.774404525756836,0.34766900539398193,0.25406286120414734,0.3390360176563263,0.05923213064670563,,0
40020148.png,/home/ubuntu/SCB-05-Dataset/5k_HRW_Dataset_combined/images/val/40020148.png,1,2,31.373023986816406,30.980533599853516,31.58740997314453,29.724544525146484,0.3218729794025421,0.21738426387310028,0.3988330662250519,0.0619097463786602,,0
40020150.png,/home/ubuntu/SCB-05-Dataset/5k_HRW_Dataset_combined/images/val/40020150.png,1,2,30.797082901000977,30.437973022460938,30.86355972290039,28.848155975341797,0.34370630979537964,0.24000929296016693,0.3673313558101654,0.048952993005514145,,0
40020119.png,/home/ubuntu/SCB-05-Dataset/5k_HRW_Dataset_combined/images/val/40020119.png,1,2,31.002056121826172,30.395572662353516,31.15125846862793,29.186132431030273,0.34857046604156494,0.1900632679462433,0.4046581983566284,0.05670807883143425,,0
40020144.png,/home/ubuntu/SCB-05-Dataset/5k_HRW_Dataset_combined/images/val/40020144.png,1,2,30.609107971191406,30.210224151611328,30.775856018066406,28.95659828186035,0.3285050094127655,0.22044941782951355,0.38811439275741577,0.06293121725320816,,0
40020153.png,/home/ubuntu/SCB-05-Dataset/5k_HRW_Dataset_combined/images/val/40020153.png,1,2,31.142553329467773,30.599674224853516,31.25516128540039,29.41092872619629,0.3475525677204132,0.20195338129997253,0.3889784514904022,0.06151563674211502,,0
40020061.png,/home/ubuntu/SCB-05-Dataset/5k_HRW_Dataset_combined/images/val/40020061.png,1,0,30.7955265045166,30.441123962402344,30.776628494262695,29.353641510009766,0.3425416052341461,0.24032461643218994,0.33612900972366333,0.08100477606058121,,0
40020167.png,/home/ubuntu/SCB-05-Dataset/5k_HRW_Dataset_combined/images/val/40020167.png,0,2,30.384830474853516,30.024639129638672,30.466535568237305,28.697412490844727,0.33696410059928894,0.2350468933582306,0.36565178632736206,0.062337204813957214,,0
40020168.png,/home/ubuntu/SCB-05-Dataset/5k_HRW_Dataset_combined/images/val/40020168.png,1,2,30.18297004699707,29.817703247070312,30.343891143798828,28.51313018798828,0.32713085412979126,0.22703255712985992,0.384245365858078,0.06159128621220589,,0
40020174.png,/home/ubuntu/SCB-05-Dataset/5k_HRW_Dataset_combined/images/val/40020174.png,0,2,30.74834632873535,30.161357879638672,30.901504516601562,28.78481674194336,0.34942179918289185,0.19427824020385742,0.4072543978691101,0.049045588821172714,,0
40020170.png,/home/ubuntu/SCB-05-Dataset/5k_HRW_Dataset_combined/images/val/40020170.png,1,2,30.577165603637695,30.176315307617188,30.660856246948242,28.81690788269043,0.3414084017276764,0.22865839302539825,0.3712107837200165,0.05872242525219917,,0
40020182.png,/home/ubuntu/SCB-05-Dataset/5k_HRW_Dataset_combined/images/val/40020182.png,1,2,30.95180892944336,30.506345748901367,31.141387939453125,29.282033920288086,0.32921186089515686,0.21086925268173218,0.3979317545890808,0.06198710948228836,,0
40020156.png,/home/ubuntu/SCB-05-Dataset/5k_HRW_Dataset_combined/images/val/40020156.png,1,2,30.360368728637695,29.86539077758789,30.55852699279785,28.697484970092773,0.33130893111228943,0.2019607275724411,0.4039170444011688,0.06281334161758423,,0
40020164.png,/home/ubuntu/SCB-05-Dataset/5k_HRW_Dataset_combined/images/val/40020164.png,1,2,31.11981773376465,30.515295028686523,31.38167953491211,29.305744171142578,0.33237266540527344,0.1815868765115738,0.431867390871048,0.05417303740978241,,0
40020177.png,/home/ubuntu/SCB-05-Dataset/5k_HRW_Dataset_combined/images/val/40020177.png,0,2,30.332597732543945,29.899459838867188,30.388444900512695,28.562604904174805,0.34767594933509827,0.2254577875137329,0.3676450848579407,0.05922111123800278,,0
40020202.png,/home/ubuntu/SCB-05-Dataset/5k_HRW_Dataset_combined/images/val/40020202.png,0,2,30.867259979248047,30.47744369506836,31.038738250732422,29.222070693969727,0.32709500193595886,0.2215026319026947,0.38828086853027344,0.063121497631073,,0
40020194.png,/home/ubuntu/SCB-05-Dataset/5k_HRW_Dataset_combined/images/val/40020194.png,0,2,30.60826301574707,30.17369270324707,30.731380462646484,28.889209747314453,0.33808958530426025,0.21892748773097992,0.38238516449928284,0.0605977438390255,,0
40020203.png,/home/ubuntu/SCB-05-Dataset/5k_HRW_Dataset_combined/images/val/40020203.png,0,2,31.51821517944336,30.941333770751953,31.890535354614258,29.83568572998047,0.31263208389282227,0.1755889356136322,0.45365965366363525,0.05811929330229759,,0
40020210.png,/home/ubuntu/SCB-05-Dataset/5k_HRW_Dataset_combined/images/val/40020210.png,0,2,30.88143539428711,30.416255950927734,31.084203720092773,29.221752166748047,0.3286219537258148,0.20638196170330048,0.4024924635887146,0.0625036433339119,,0
40020215.png,/home/ubuntu/SCB-05-Dataset/5k_HRW_Dataset_combined/images/val/40020215.png,1,2,30.865447998046875,30.25261116027832,31.066829681396484,29.2021484375,0.33847641944885254,0.18339046835899353,0.4139876365661621,0.06414555758237839,,0
40020216.png,/home/ubuntu/SCB-05-Dataset/5k_HRW_Dataset_combined/images/val/40020216.png,0,2,31.01426887512207,30.371042251586914,31.299755096435547,29.30070686340332,0.3293563723564148,0.17310765385627747,0.43817856907844543,0.05935749411582947,,0
40020218.png,/home/ubuntu/SCB-05-Dataset/5k_HRW_Dataset_combined/images/val/40020218.png,0,2,30.96272087097168,30.473167419433594,31.093955993652344,29.268281936645508,0.3405022919178009,0.20869384706020355,0.3882528841495514,0.06255103647708893,,0
40030006.png,/home/ubuntu/SCB-05-Dataset/5k_HRW_Dataset_combined/images/val/40030006.png,1,2,30.479341506958008,30.288898468017578,30.51354217529297,29.23495101928711,0.31751054525375366,0.2624519467353821,0.32855746150016785,0.09148002415895462,,0
40020160.png,/home/ubuntu/SCB-05-Dataset/5k_HRW_Dataset_combined/images/val/40020160.png,1,2,30.374038696289062,29.960832595825195,30.530101776123047,28.56409454345703,0.3339914083480835,0.22094394266605377,0.39040252566337585,0.054662130773067474,,0
40020208.png,/home/ubuntu/SCB-05-Dataset/5k_HRW_Dataset_combined/images/val/40020208.png,0,2,30.65835189819336,30.274259567260742,30.7810001373291,28.970163345336914,0.3337327837944031,0.2272948920726776,0.37728047370910645,0.06169186532497406,,0
40020217.png,/home/ubuntu/SCB-05-Dataset/5k_HRW_Dataset_combined/images/val/40020217.png,0,2,30.96432113647461,30.379074096679688,31.102783203125,29.132675170898438,0.348964124917984,0.19436192512512207,0.4007874131202698,0.055886514484882355,,0
40020221.png,/home/ubuntu/SCB-05-Dataset/5k_HRW_Dataset_combined/images/val/40020221.png,0,2,31.07186508178711,30.52545166015625,31.164146423339844,29.240140914916992,0.35263004899024963,0.20418083667755127,0.3867199718952179,0.05646919831633568,,0
40020158.png,/home/ubuntu/SCB-05-Dataset/5k_HRW_Dataset_combined/images/val/40020158.png,1,2,30.365848541259766,29.96877098083496,30.49233627319336,28.576772689819336,0.33622124791145325,0.22603543102741241,0.38155579566955566,0.056187454611063004,,0
40030020.png,/home/ubuntu/SCB-05-Dataset/5k_HRW_Dataset_combined/images/val/40030020.png,1,0,30.738662719726562,30.583984375,30.609359741210938,29.415691375732422,0.33313998579978943,0.2853979170322418,0.2927326560020447,0.08872941881418228,,0
40030024.png,/home/ubuntu/SCB-05-Dataset/5k_HRW_Dataset_combined/images/val/40030024.png,1,0,31.19113540649414,30.928876876831055,31.097990036010742,29.72941017150879,0.34338194131851196,0.2641679048538208,0.31284192204475403,0.07960828393697739,,0
40030028.png,/home/ubuntu/SCB-05-Dataset/5k_HRW_Dataset_combined/images/val/40030028.png,1,0,31.309980392456055,30.932811737060547,31.215530395507812,29.79022216796875,0.35531067848205566,0.2436721920967102,0.323287695646286,0.07772946357727051,,0
40030030.png,/home/ubuntu/SCB-05-Dataset/5k_HRW_Dataset_combined/images/val/40030030.png,1,0,31.047893524169922,30.760618209838867,30.944067001342773,29.587871551513672,0.34675049781799316,0.2601687014102936,0.3125545382499695,0.08052626997232437,,0
40030037.png,/home/ubuntu/SCB-05-Dataset/5k_HRW_Dataset_combined/images/val/40030037.png,1,0,30.729616165161133,30.517932891845703,30.581727981567383,29.213642120361328,0.345860093832016,0.2798772156238556,0.29831385612487793,0.07594886422157288,,0
40020126.png,/home/ubuntu/SCB-05-Dataset/5k_HRW_Dataset_combined/images/val/40020126.png,1,2,31.20998764038086,30.69448471069336,31.384254455566406,29.517799377441406,0.33650892972946167,0.20096319913864136,0.40057119727134705,0.0619567409157753,,0
40030033.png,/home/ubuntu/SCB-05-Dataset/5k_HRW_Dataset_combined/images/val/40030033.png,1,0,30.624536514282227,30.455184936523438,30.389392852783203,29.186779022216797,0.34817376732826233,0.2939324975013733,0.2752164900302887,0.08267723023891449,,0
40030002.png,/home/ubuntu/SCB-05-Dataset/5k_HRW_Dataset_combined/images/val/40030002.png,1,0,30.274232864379883,29.99528694152832,30.20707893371582,28.827241897583008,0.3416573405265808,0.2584913969039917,0.31946712732315063,0.08038417994976044,,0
40030048.png,/home/ubuntu/SCB-05-Dataset/5k_HRW_Dataset_combined/images/val/40030048.png,1,0,30.844444274902344,30.71504020690918,30.67546844482422,29.296472549438477,0.3406195044517517,0.2992747128009796,0.28766316175460815,0.07244257628917694,,0
40030042.png,/home/ubuntu/SCB-05-Dataset/5k_HRW_Dataset_combined/images/val/40030042.png,1,0,30.469900131225586,30.322006225585938,30.379899978637695,29.107492446899414,0.32976120710372925,0.2844265103340149,0.3013790249824524,0.08443322777748108,,0
40030050.png,/home/ubuntu/SCB-05-Dataset/5k_HRW_Dataset_combined/images/val/40030050.png,1,2,31.13921546936035,30.687490463256836,31.15935707092285,29.64344024658203,0.34710773825645447,0.22094421088695526,0.35416993498802185,0.07777811586856842,,0
40030052.png,/home/ubuntu/SCB-05-Dataset/5k_HRW_Dataset_combined/images/val/40030052.png,1,0,30.735515594482422,30.646190643310547,30.542627334594727,29.382566452026367,0.33360031247138977,0.3050936162471771,0.2750781774520874,0.08622796088457108,,0
40030059.png,/home/ubuntu/SCB-05-Dataset/5k_HRW_Dataset_combined/images/val/40030059.png,1,2,31.134700775146484,30.67523765563965,31.20036506652832,29.755416870117188,0.33883950114250183,0.21401871740818024,0.36183592677116394,0.08530581742525101,,0
40030069.png,/home/ubuntu/SCB-05-Dataset/5k_HRW_Dataset_combined/images/val/40030069.png,1,2,30.968141555786133,30.56236457824707,31.051250457763672,29.618797302246094,0.3319469690322876,0.22122898697853088,0.36071354150772095,0.08611047267913818,,0
40030070.png,/home/ubuntu/SCB-05-Dataset/5k_HRW_Dataset_combined/images/val/40030070.png,1,2,30.884572982788086,30.55269432067871,30.889583587646484,29.505157470703125,0.3362109363079071,0.24125635623931885,0.337899774312973,0.08463290333747864,,0
40030072.png,/home/ubuntu/SCB-05-Dataset/5k_HRW_Dataset_combined/images/val/40030072.png,1,2,30.568584442138672,30.063522338867188,30.711090087890625,29.171615600585938,0.33289244771003723,0.2008899599313736,0.38387811183929443,0.08233947306871414,,0
40030088.png,/home/ubuntu/SCB-05-Dataset/5k_HRW_Dataset_combined/images/val/40030088.png,1,2,31.039127349853516,30.517240524291992,31.1251277923584,29.507028579711914,0.34491226077079773,0.20467086136341095,0.3758877217769623,0.07452922314405441,,0
40030092.png,/home/ubuntu/SCB-05-Dataset/5k_HRW_Dataset_combined/images/val/40030092.png,1,2,30.688873291015625,30.16280174255371,30.845966339111328,29.395732879638672,0.32944220304489136,0.19467459619045258,0.3854818046092987,0.09040147066116333,,0
40030100.png,/home/ubuntu/SCB-05-Dataset/5k_HRW_Dataset_combined/images/val/40030100.png,1,2,30.555374145507812,30.22081184387207,30.616485595703125,29.14181137084961,0.33091288805007935,0.23681822419166565,0.35176610946655273,0.08050282299518585,,0
40030108.png,/home/ubuntu/SCB-05-Dataset/5k_HRW_Dataset_combined/images/val/40030108.png,1,0,30.65978240966797,30.492794036865234,30.57374382019043,29.25834083557129,0.3322248160839081,0.281131774187088,0.30483579635620117,0.08180761337280273,,0
40030111.png,/home/ubuntu/SCB-05-Dataset/5k_HRW_Dataset_combined/images/val/40030111.png,1,2,30.842939376831055,30.490123748779297,30.856826782226562,29.268821716308594,0.34201115369796753,0.24033352732658386,0.34679391980171204,0.07086139172315598,,0
40030113.png,/home/ubuntu/SCB-05-Dataset/5k_HRW_Dataset_combined/images/val/40030113.png,1,0,31.007272720336914,30.786823272705078,30.89844512939453,29.621845245361328,0.33906808495521545,0.2719862461090088,0.30410507321357727,0.08484053611755371,,0
40030114.png,/home/ubuntu/SCB-05-Dataset/5k_HRW_Dataset_combined/images/val/40030114.png,1,0,31.129825592041016,30.83901023864746,31.011459350585938,29.62710952758789,0.3498277962207794,0.26155003905296326,0.3107767403125763,0.07784540951251984,,0
40030116.png,/home/ubuntu/SCB-05-Dataset/5k_HRW_Dataset_combined/images/val/40030116.png,1,0,30.880271911621094,30.646451950073242,30.761978149414062,29.41501808166504,0.34352943301200867,0.2719050347805023,0.3052035868167877,0.0793619453907013,,0
40030130.png,/home/ubuntu/SCB-05-Dataset/5k_HRW_Dataset_combined/images/val/40030130.png,1,0,30.237627029418945,29.933107376098633,30.01064109802246,28.620094299316406,0.3659254312515259,0.26986178755760193,0.2916176915168762,0.07259505987167358,,0
40030131.png,/home/ubuntu/SCB-05-Dataset/5k_HRW_Dataset_combined/images/val/40030131.png,1,0,30.65394401550293,30.30927276611328,30.446699142456055,29.170026779174805,0.3638981580734253,0.257804811000824,0.2957839369773865,0.08251307904720306,,0
40030142.png,/home/ubuntu/SCB-05-Dataset/5k_HRW_Dataset_combined/images/val/40030142.png,1,0,30.083965301513672,29.780410766601562,29.95964241027832,28.513479232788086,0.35345324873924255,0.2609155476093292,0.31213268637657166,0.07349850982427597,,0
40030144.png,/home/ubuntu/SCB-05-Dataset/5k_HRW_Dataset_combined/images/val/40030144.png,1,0,30.480581283569336,30.11298179626465,30.43798828125,28.64728546142578,0.35579827427864075,0.24635273218154907,0.3409619629383087,0.05688707157969475,,0
40030148.png,/home/ubuntu/SCB-05-Dataset/5k_HRW_Dataset_combined/images/val/40030148.png,1,2,30.51664161682129,30.014657974243164,30.539148330688477,28.937652587890625,0.35282403230667114,0.21357452869415283,0.36085498332977295,0.07274647057056427,,0
40030150.png,/home/ubuntu/SCB-05-Dataset/5k_HRW_Dataset_combined/images/val/40030150.png,1,2,30.785184860229492,30.276063919067383,30.804079055786133,28.998497009277344,0.3587300181388855,0.2156052440404892,0.36557236313819885,0.06009233370423317,,0
40030160.png,/home/ubuntu/SCB-05-Dataset/5k_HRW_Dataset_combined/images/val/40030160.png,1,0,30.826906204223633,30.452430725097656,30.755847930908203,29.335111618041992,0.35161420702934265,0.24178746342658997,0.32749617099761963,0.07910215109586716,,0
40030162.png,/home/ubuntu/SCB-05-Dataset/5k_HRW_Dataset_combined/images/val/40030162.png,1,0,30.75844383239746,30.51100730895996,30.69997215270996,29.44182777404785,0.3342195153236389,0.2609585225582123,0.31523749232292175,0.08958446234464645,,0
40030157.png,/home/ubuntu/SCB-05-Dataset/5k_HRW_Dataset_combined/images/val/40030157.png,1,0,30.687246322631836,30.366409301757812,30.637248992919922,29.089923858642578,0.34731733798980713,0.2519931495189667,0.3303793668746948,0.07031017541885376,,0
40030165.png,/home/ubuntu/SCB-05-Dataset/5k_HRW_Dataset_combined/images/val/40030165.png,1,0,30.986297607421875,30.8277645111084,30.9300537109375,29.58906364440918,0.32830122113227844,0.2801705002784729,0.31034594774246216,0.0811823308467865,,0
40030169.png,/home/ubuntu/SCB-05-Dataset/5k_HRW_Dataset_combined/images/val/40030169.png,1,0,31.00837516784668,30.901103973388672,30.859363555908203,29.625404357910156,0.3321515917778015,0.2983658015727997,0.2861682176589966,0.08331434428691864,,0
40030172.png,/home/ubuntu/SCB-05-Dataset/5k_HRW_Dataset_combined/images/val/40030172.png,1,0,31.033039093017578,30.823928833007812,30.89554214477539,29.6380672454834,0.34121742844581604,0.2768316864967346,0.2973836362361908,0.08456733077764511,,0
40030168.png,/home/ubuntu/SCB-05-Dataset/5k_HRW_Dataset_combined/images/val/40030168.png,1,2,30.799949645996094,30.588048934936523,30.808792114257812,29.473892211914062,0.3243121802806854,0.2623831629753113,0.32719263434410095,0.08611203730106354,,0
40030177.png,/home/ubuntu/SCB-05-Dataset/5k_HRW_Dataset_combined/images/val/40030177.png,1,0,31.636005401611328,31.305736541748047,31.541654586791992,30.001657485961914,0.35413607954978943,0.2545284032821655,0.3222509026527405,0.06908469647169113,,0
40030176.png,/home/ubuntu/SCB-05-Dataset/5k_HRW_Dataset_combined/images/val/40030176.png,1,2,31.013164520263672,30.741071701049805,31.11812400817871,29.80516815185547,0.31533360481262207,0.2402159571647644,0.3502301871776581,0.09422022104263306,,0
40030184.png,/home/ubuntu/SCB-05-Dataset/5k_HRW_Dataset_combined/images/val/40030184.png,2,2,31.122859954833984,30.661348342895508,31.196361541748047,29.61676788330078,0.3414863049983978,0.21524907648563385,0.36753153800964355,0.07573310285806656,,0
40030185.png,/home/ubuntu/SCB-05-Dataset/5k_HRW_Dataset_combined/images/val/40030185.png,2,0,30.935413360595703,30.647254943847656,30.89677619934082,29.59741973876953,0.33623456954956055,0.2520558536052704,0.3234911859035492,0.08821839094161987,,0
40030187.png,/home/ubuntu/SCB-05-Dataset/5k_HRW_Dataset_combined/images/val/40030187.png,1,0,30.77310562133789,30.444494247436523,30.713668823242188,29.425281524658203,0.3422286808490753,0.24637821316719055,0.3224804103374481,0.08891269564628601,,0
40030193.png,/home/ubuntu/SCB-05-Dataset/5k_HRW_Dataset_combined/images/val/40030193.png,1,0,31.02935218811035,30.7454833984375,30.89098358154297,29.687755584716797,0.3466119170188904,0.2609521448612213,0.30182191729545593,0.09061403572559357,,0
40030200.png,/home/ubuntu/SCB-05-Dataset/5k_HRW_Dataset_combined/images/val/40030200.png,1,0,30.944807052612305,30.56570816040039,30.830568313598633,29.372846603393555,0.3591746687889099,0.24584713578224182,0.3203999698162079,0.07457821071147919,,0
40030202.png,/home/ubuntu/SCB-05-Dataset/5k_HRW_Dataset_combined/images/val/40030202.png,1,0,30.827150344848633,30.417282104492188,30.578475952148438,29.168474197387695,0.3796561360359192,0.2519921064376831,0.2960686981678009,0.0722830668091774,,0
40030209.png,/home/ubuntu/SCB-05-Dataset/5k_HRW_Dataset_combined/images/val/40030209.png,1,0,30.558622360229492,30.226909637451172,30.35903549194336,29.003662109375,0.36390623450279236,0.26117315888404846,0.29806435108184814,0.07685618847608566,,0
40030212.png,/home/ubuntu/SCB-05-Dataset/5k_HRW_Dataset_combined/images/val/40030212.png,1,0,30.76586151123047,30.38132095336914,30.67516326904297,29.147144317626953,0.3581393361091614,0.24380813539028168,0.3270862400531769,0.07096628099679947,,0
40030217.png,/home/ubuntu/SCB-05-Dataset/5k_HRW_Dataset_combined/images/val/40030217.png,1,0,31.111419677734375,30.725204467773438,31.10474395751953,29.549514770507812,0.3468961715698242,0.23575906455516815,0.34458810091018677,0.07275667041540146,,0
40030222.png,/home/ubuntu/SCB-05-Dataset/5k_HRW_Dataset_combined/images/val/40030222.png,1,0,31.063318252563477,30.58537483215332,30.97101402282715,29.490386962890625,0.3650539517402649,0.22635434567928314,0.33286628127098083,0.07572541385889053,,0
40030233.png,/home/ubuntu/SCB-05-Dataset/5k_HRW_Dataset_combined/images/val/40030233.png,1,0,31.05091667175293,30.89235496520996,30.79442024230957,29.76587677001953,0.3443801701068878,0.2938838303089142,0.26646682620048523,0.09526918083429337,,0
40030239.png,/home/ubuntu/SCB-05-Dataset/5k_HRW_Dataset_combined/images/val/40030239.png,1,0,31.009647369384766,30.716833114624023,30.903846740722656,29.706737518310547,0.3427586853504181,0.2557530403137207,0.30834707617759705,0.09314122051000595,,0
40030245.png,/home/ubuntu/SCB-05-Dataset/5k_HRW_Dataset_combined/images/val/40030245.png,1,0,30.974275588989258,30.61937141418457,30.626243591308594,29.393312454223633,0.38268813490867615,0.26835644245147705,0.270207017660141,0.07874833792448044,,0
40030246.png,/home/ubuntu/SCB-05-Dataset/5k_HRW_Dataset_combined/images/val/40030246.png,1,0,30.952390670776367,30.692386627197266,30.72632598876953,29.534435272216797,0.35575494170188904,0.2743043005466461,0.2837737798690796,0.08616695553064346,,0
40030254.png,/home/ubuntu/SCB-05-Dataset/5k_HRW_Dataset_combined/images/val/40030254.png,1,0,31.004186630249023,30.730688095092773,30.727985382080078,29.507844924926758,0.3645215928554535,0.2772964835166931,0.27654802799224854,0.08163386583328247,,0
40030255.png,/home/ubuntu/SCB-05-Dataset/5k_HRW_Dataset_combined/images/val/40030255.png,1,0,30.616575241088867,30.383920669555664,30.50101661682129,29.336620330810547,0.3376843333244324,0.2675902843475342,0.30083227157592773,0.09389306604862213,,0
40030256.png,/home/ubuntu/SCB-05-Dataset/5k_HRW_Dataset_combined/images/val/40030256.png,1,0,30.78952980041504,30.578088760375977,30.6755428314209,29.391687393188477,0.3391191363334656,0.27448877692222595,0.3025856912136078,0.08380637317895889,,0
40030259.png,/home/ubuntu/SCB-05-Dataset/5k_HRW_Dataset_combined/images/val/40030259.png,1,0,31.1583309173584,31.0658016204834,30.959091186523438,29.808443069458008,0.33442071080207825,0.30486544966697693,0.27400878071784973,0.0867050439119339,,0
40030257.png,/home/ubuntu/SCB-05-Dataset/5k_HRW_Dataset_combined/images/val/40030257.png,1,0,31.172025680541992,30.953168869018555,30.961400985717773,29.75655746459961,0.35009998083114624,0.2812831997871399,0.2836083173751831,0.08500844240188599,,0
40030268.png,/home/ubuntu/SCB-05-Dataset/5k_HRW_Dataset_combined/images/val/40030268.png,1,0,30.665645599365234,30.23897933959961,30.64737319946289,29.046804428100586,0.35301968455314636,0.23040936887264252,0.34662774205207825,0.0699431449174881,,0
40030274.png,/home/ubuntu/SCB-05-Dataset/5k_HRW_Dataset_combined/images/val/40030274.png,1,0,30.893335342407227,30.591129302978516,30.66057777404785,29.240375518798828,0.36724016070365906,0.2714587152004242,0.29098114371299744,0.0703200027346611,,0
40030283.png,/home/ubuntu/SCB-05-Dataset/5k_HRW_Dataset_combined/images/val/40030283.png,1,0,30.861833572387695,30.47610855102539,30.598718643188477,29.281230926513672,0.37672415375709534,0.25615638494491577,0.2895703613758087,0.077549047768116,,0
40030289.png,/home/ubuntu/SCB-05-Dataset/5k_HRW_Dataset_combined/images/val/40030289.png,1,0,31.127300262451172,30.796850204467773,30.918989181518555,29.537242889404297,0.3657017648220062,0.2627933919429779,0.2969331741333008,0.07457166910171509,,0
40030291.png,/home/ubuntu/SCB-05-Dataset/5k_HRW_Dataset_combined/images/val/40030291.png,1,0,30.81394386291504,30.531728744506836,30.492198944091797,29.137664794921875,0.37508487701416016,0.2828558087348938,0.2718926668167114,0.07016665488481522,,0
40030295.png,/home/ubuntu/SCB-05-Dataset/5k_HRW_Dataset_combined/images/val/40030295.png,1,0,30.80561065673828,30.557754516601562,30.59016990661621,29.203689575195312,0.3586585819721222,0.2799230217933655,0.2891455292701721,0.07227294147014618,,0
0001001.png,/home/ubuntu/SCB-05-Dataset/5k_HRW_Dataset_combined/images/val/0001001.png,3,2,27.386198043823242,26.60304069519043,27.632930755615234,26.39681053161621,0.3216879963874817,0.14699885249137878,0.41170820593833923,0.11960498988628387,,0
0001002.png,/home/ubuntu/SCB-05-Dataset/5k_HRW_Dataset_combined/images/val/0001002.png,3,2,28.143516540527344,27.373943328857422,28.562456130981445,27.47269630432129,0.2861354649066925,0.1325410157442093,0.4350256323814392,0.14629793167114258,,0
0001007.png,/home/ubuntu/SCB-05-Dataset/5k_HRW_Dataset_combined/images/val/0001007.png,3,0,30.19488525390625,29.74587059020996,30.10625457763672,28.940671920776367,0.35226893424987793,0.2248380035161972,0.32239070534706116,0.1005023941397667,,0
0001009.png,/home/ubuntu/SCB-05-Dataset/5k_HRW_Dataset_combined/images/val/0001009.png,3,2,25.62097930908203,25.39014434814453,26.147600173950195,24.931493759155273,0.2506953179836273,0.19901961088180542,0.42447757720947266,0.1258074790239334,,0
0001027.png,/home/ubuntu/SCB-05-Dataset/5k_HRW_Dataset_combined/images/val/0001027.png,3,2,26.645565032958984,26.16653060913086,26.79660987854004,25.70805549621582,0.3150566816329956,0.19514019787311554,0.3664263188838959,0.12337680160999298,,0
0001028.png,/home/ubuntu/SCB-05-Dataset/5k_HRW_Dataset_combined/images/val/0001028.png,3,0,29.8007869720459,29.127927780151367,29.496517181396484,27.929126739501953,0.4163583517074585,0.21244584023952484,0.30713164806365967,0.06406421959400177,,0
0001030.png,/home/ubuntu/SCB-05-Dataset/5k_HRW_Dataset_combined/images/val/0001030.png,3,2,27.235477447509766,26.401222229003906,27.3106746673584,25.76141357421875,0.3647921085357666,0.15839190781116486,0.39328116178512573,0.083534836769104,,0
0001040.png,/home/ubuntu/SCB-05-Dataset/5k_HRW_Dataset_combined/images/val/0001040.png,3,0,26.30380630493164,25.706327438354492,26.27323341369629,25.50286293029785,0.33681467175483704,0.18531443178653717,0.32667309045791626,0.1511978805065155,,0
0001031.png,/home/ubuntu/SCB-05-Dataset/5k_HRW_Dataset_combined/images/val/0001031.png,3,2,26.09609603881836,25.353702545166016,26.130258560180664,25.32832908630371,0.33616000413894653,0.1600031703710556,0.3478424847126007,0.15599441528320312,,0
0001048.png,/home/ubuntu/SCB-05-Dataset/5k_HRW_Dataset_combined/images/val/0001048.png,3,2,27.038806915283203,26.149341583251953,27.482742309570312,26.085460662841797,0.29804888367652893,0.12246094644069672,0.46460747718811035,0.11488267034292221,,0
0001041.png,/home/ubuntu/SCB-05-Dataset/5k_HRW_Dataset_combined/images/val/0001041.png,3,1,28.52414894104004,28.83497428894043,28.816783905029297,28.42328643798828,0.21698743104934692,0.29609039425849915,0.2907530963420868,0.19616909325122833,,0
0001052.png,/home/ubuntu/SCB-05-Dataset/5k_HRW_Dataset_combined/images/val/0001052.png,2,1,28.771894454956055,29.264772415161133,28.128681182861328,27.890098571777344,0.2795904278755188,0.457695335149765,0.14695295691490173,0.11576124280691147,,0
0001058.png,/home/ubuntu/SCB-05-Dataset/5k_HRW_Dataset_combined/images/val/0001058.png,3,0,29.81281280517578,29.43604850769043,29.346216201782227,29.37178611755371,0.33822789788246155,0.23205064237117767,0.2121139019727707,0.2176075577735901,,0
0001060.png,/home/ubuntu/SCB-05-Dataset/5k_HRW_Dataset_combined/images/val/0001060.png,3,2,27.708934783935547,27.4720401763916,27.952198028564453,27.406478881835938,0.2629171311855316,0.2074611783027649,0.3353256285190582,0.19429604709148407,,0
0001059.png,/home/ubuntu/SCB-05-Dataset/5k_HRW_Dataset_combined/images/val/0001059.png,2,2,28.444480895996094,27.920917510986328,28.824138641357422,27.441734313964844,0.292307049036026,0.17316439747810364,0.42728978395462036,0.10723879188299179,,0
0001063.png,/home/ubuntu/SCB-05-Dataset/5k_HRW_Dataset_combined/images/val/0001063.png,3,2,26.903703689575195,26.25448989868164,27.646562576293945,26.548582077026367,0.23118816316127777,0.12078572809696198,0.4859427511692047,0.16208328306674957,,0
0001066.png,/home/ubuntu/SCB-05-Dataset/5k_HRW_Dataset_combined/images/val/0001066.png,2,2,27.290285110473633,27.338590621948242,27.42849349975586,27.332874298095703,0.2357814759016037,0.24745060503482819,0.2707277834415436,0.24604013562202454,,0
0001068.png,/home/ubuntu/SCB-05-Dataset/5k_HRW_Dataset_combined/images/val/0001068.png,3,2,27.245777130126953,26.521018981933594,27.568143844604492,25.790149688720703,0.3227798640727997,0.15636804699897766,0.4455624222755432,0.07528968900442123,,0
0001069.png,/home/ubuntu/SCB-05-Dataset/5k_HRW_Dataset_combined/images/val/0001069.png,3,2,26.96242332458496,26.659500122070312,27.810272216796875,26.291093826293945,0.21813562512397766,0.16112715005874634,0.5092636942863464,0.11147357523441315,,0
0001078.png,/home/ubuntu/SCB-05-Dataset/5k_HRW_Dataset_combined/images/val/0001078.png,3,2,26.02035140991211,25.55784797668457,26.465368270874023,25.202617645263672,0.2753567397594452,0.1733935922384262,0.42969873547554016,0.12155096977949142,,0
0001086.png,/home/ubuntu/SCB-05-Dataset/5k_HRW_Dataset_combined/images/val/0001086.png,3,2,29.486709594726562,28.499286651611328,29.761943817138672,28.55982208251953,0.32413250207901,0.12075086683034897,0.42683035135269165,0.12828634679317474,,0
0001087.png,/home/ubuntu/SCB-05-Dataset/5k_HRW_Dataset_combined/images/val/0001087.png,3,2,28.607013702392578,27.073368072509766,28.892711639404297,27.084165573120117,0.3617253601551056,0.07804141193628311,0.4813444912433624,0.07888863235712051,,0
0002007.png,/home/ubuntu/SCB-05-Dataset/5k_HRW_Dataset_combined/images/val/0002007.png,3,3,26.124492645263672,26.715320587158203,26.689231872558594,26.83173179626465,0.15167933702468872,0.27385443449020386,0.2668023109436035,0.30766385793685913,,0
0002009.png,/home/ubuntu/SCB-05-Dataset/5k_HRW_Dataset_combined/images/val/0002009.png,3,2,27.78257942199707,27.75026512145996,28.103559494018555,27.747356414794922,0.23190715909004211,0.22453302145004272,0.31967893242836,0.22388087213039398,,0
0002017.png,/home/ubuntu/SCB-05-Dataset/5k_HRW_Dataset_combined/images/val/0002017.png,3,2,27.949010848999023,27.60116958618164,28.15342903137207,27.415407180786133,0.2841304838657379,0.20065607130527496,0.3485744297504425,0.16663901507854462,,0
0002022.png,/home/ubuntu/SCB-05-Dataset/5k_HRW_Dataset_combined/images/val/0002022.png,3,0,25.614038467407227,24.738264083862305,25.523353576660156,24.55585289001465,0.3735622465610504,0.15560336410999298,0.34117648005485535,0.12965784966945648,,0
0002018.png,/home/ubuntu/SCB-05-Dataset/5k_HRW_Dataset_combined/images/val/0002018.png,3,0,28.818952560424805,28.612789154052734,28.806957244873047,28.595966339111328,0.2776310443878174,0.22590841352939606,0.27432069182395935,0.22213980555534363,,0
0002025.png,/home/ubuntu/SCB-05-Dataset/5k_HRW_Dataset_combined/images/val/0002025.png,2,2,28.689178466796875,28.263547897338867,29.217016220092773,28.0033016204834,0.25958725810050964,0.1696033477783203,0.44006866216659546,0.13074073195457458,,0
0002029.png,/home/ubuntu/SCB-05-Dataset/5k_HRW_Dataset_combined/images/val/0002029.png,3,0,24.59895896911621,24.345508575439453,24.379770278930664,23.805639266967773,0.32985565066337585,0.25600701570510864,0.26493024826049805,0.14920713007450104,,0
0002034.png,/home/ubuntu/SCB-05-Dataset/5k_HRW_Dataset_combined/images/val/0002034.png,3,2,27.38594627380371,27.18602752685547,27.85477066040039,26.461563110351562,0.26221340894699097,0.21469959616661072,0.41904696822166443,0.1040400043129921,,0
0002036.png,/home/ubuntu/SCB-05-Dataset/5k_HRW_Dataset_combined/images/val/0002036.png,3,2,27.493915557861328,27.399795532226562,27.92510986328125,27.57970428466797,0.2203204184770584,0.2005297988653183,0.339093953371048,0.2400558441877365,,0
0002041.png,/home/ubuntu/SCB-05-Dataset/5k_HRW_Dataset_combined/images/val/0002041.png,3,0,29.071613311767578,28.814443588256836,28.862380981445312,28.631383895874023,0.30975744128227234,0.23951590061187744,0.251277357339859,0.1994493156671524,,0
0002043.png,/home/ubuntu/SCB-05-Dataset/5k_HRW_Dataset_combined/images/val/0002043.png,3,2,28.104007720947266,28.186262130737305,28.195358276367188,27.832210540771484,0.2535886764526367,0.2753293216228485,0.277845174074173,0.1932367980480194,,0
0002044.png,/home/ubuntu/SCB-05-Dataset/5k_HRW_Dataset_combined/images/val/0002044.png,3,2,26.122570037841797,25.569927215576172,26.538976669311523,25.26903533935547,0.2842656373977661,0.16357414424419403,0.43108952045440674,0.12107067555189133,,0
0002045.png,/home/ubuntu/SCB-05-Dataset/5k_HRW_Dataset_combined/images/val/0002045.png,2,2,26.876487731933594,27.054622650146484,27.425125122070312,26.925107955932617,0.20097671449184418,0.24016444385051727,0.3478691577911377,0.21098968386650085,,0
0002052.png,/home/ubuntu/SCB-05-Dataset/5k_HRW_Dataset_combined/images/val/0002052.png,3,2,28.004043579101562,27.93228530883789,28.64280128479004,27.038637161254883,0.23777195811271667,0.221307635307312,0.45037010312080383,0.09055030345916748,,0
0002053.png,/home/ubuntu/SCB-05-Dataset/5k_HRW_Dataset_combined/images/val/0002053.png,3,2,24.539371490478516,24.196401596069336,25.339258193969727,23.851417541503906,0.22534947097301483,0.15992140769958496,0.5014677047729492,0.11326140910387039,,0
0002059.png,/home/ubuntu/SCB-05-Dataset/5k_HRW_Dataset_combined/images/val/0002059.png,3,2,29.152423858642578,29.15127944946289,29.85614585876465,28.68339729309082,0.21525147557258606,0.2150052785873413,0.4350796043872833,0.1346636861562729,,0
0002075.png,/home/ubuntu/SCB-05-Dataset/5k_HRW_Dataset_combined/images/val/0002075.png,3,2,26.45835304260254,25.614925384521484,26.955812454223633,24.875041961669922,0.30487197637557983,0.13116607069969177,0.5013734698295593,0.06258845329284668,,0
0002074.png,/home/ubuntu/SCB-05-Dataset/5k_HRW_Dataset_combined/images/val/0002074.png,3,2,28.56178855895996,27.148157119750977,29.498001098632812,28.03611183166504,0.2280648797750473,0.05547867342829704,0.5816347599029541,0.13482172787189484,,0
00030001.png,/home/ubuntu/SCB-05-Dataset/5k_HRW_Dataset_combined/images/val/00030001.png,2,2,29.51267433166504,29.51553726196289,29.793676376342773,29.654375076293945,0.22323647141456604,0.223876491189003,0.2956669330596924,0.25722014904022217,,0
00030005.png,/home/ubuntu/SCB-05-Dataset/5k_HRW_Dataset_combined/images/val/00030005.png,3,0,29.656299591064453,29.27147102355957,29.543628692626953,28.57542610168457,0.3432520627975464,0.23360611498355865,0.3066767454147339,0.11646509170532227,,0
00030010.png,/home/ubuntu/SCB-05-Dataset/5k_HRW_Dataset_combined/images/val/00030010.png,3,2,26.355712890625,26.423322677612305,26.438283920288086,25.715229034423828,0.2715132534503937,0.2905050218105316,0.2948840260505676,0.1430976390838623,,0
00030018.png,/home/ubuntu/SCB-05-Dataset/5k_HRW_Dataset_combined/images/val/00030018.png,3,1,27.643495559692383,27.763534545898438,27.7502384185791,26.466041564941406,0.28182899951934814,0.317773699760437,0.31357648968696594,0.0868208259344101,,0
00030014.png,/home/ubuntu/SCB-05-Dataset/5k_HRW_Dataset_combined/images/val/00030014.png,3,1,27.576074600219727,28.033170700073242,27.854839324951172,27.02247428894043,0.22342106699943542,0.3528892397880554,0.2952501177787781,0.1284395009279251,,0
00030019.png,/home/ubuntu/SCB-05-Dataset/5k_HRW_Dataset_combined/images/val/00030019.png,3,2,28.379779815673828,28.436189651489258,28.739965438842773,27.32495880126953,0.2604247033596039,0.2755374610424042,0.37334367632865906,0.0906941369175911,,0
00030020.png,/home/ubuntu/SCB-05-Dataset/5k_HRW_Dataset_combined/images/val/00030020.png,2,2,27.762996673583984,27.9836483001709,28.418514251708984,28.067365646362305,0.1808711588382721,0.22552628815174103,0.3483830392360687,0.24521957337856293,,0
0006003.png,/home/ubuntu/SCB-05-Dataset/5k_HRW_Dataset_combined/images/val/0006003.png,3,2,29.44432258605957,28.9886531829834,29.860519409179688,29.192501068115234,0.25460895895957947,0.1614280641078949,0.38603413105010986,0.19792881608009338,,0
0006011.png,/home/ubuntu/SCB-05-Dataset/5k_HRW_Dataset_combined/images/val/0006011.png,3,2,29.40934944152832,28.63239860534668,29.549121856689453,28.517168045043945,0.33117201924324036,0.15227484703063965,0.38085177540779114,0.13570134341716766,,0
0006015.png,/home/ubuntu/SCB-05-Dataset/5k_HRW_Dataset_combined/images/val/0006015.png,3,2,30.073570251464844,30.00882911682129,30.23777961730957,29.281871795654297,0.2802026569843292,0.2626367509365082,0.330207884311676,0.12695270776748657,,0
0006019.png,/home/ubuntu/SCB-05-Dataset/5k_HRW_Dataset_combined/images/val/0006019.png,3,3,27.04004669189453,26.752674102783203,27.059459686279297,27.260129928588867,0.24900303781032562,0.18681007623672485,0.2538841664791107,0.3103027045726776,,0
0006021.png,/home/ubuntu/SCB-05-Dataset/5k_HRW_Dataset_combined/images/val/0006021.png,3,2,28.314838409423828,27.406888961791992,28.646421432495117,28.0697078704834,0.27939796447753906,0.11269529163837433,0.389249324798584,0.2186574935913086,,0
0008005.png,/home/ubuntu/SCB-05-Dataset/5k_HRW_Dataset_combined/images/val/0008005.png,2,2,25.15963363647461,24.988300323486328,25.770198822021484,25.704652786254883,0.18488891422748566,0.15577641129493713,0.3404676914215088,0.318867027759552,,0
0008007.png,/home/ubuntu/SCB-05-Dataset/5k_HRW_Dataset_combined/images/val/0008007.png,3,2,28.261295318603516,27.545621871948242,29.08942413330078,27.360292434692383,0.2390025109052658,0.11683942377567291,0.5470842719078064,0.0970737561583519,,0
0008009.png,/home/ubuntu/SCB-05-Dataset/5k_HRW_Dataset_combined/images/val/0008009.png,3,2,28.68509864807129,27.87485694885254,29.157089233398438,27.045551300048828,0.30845150351524353,0.13718396425247192,0.4945039749145508,0.05986052751541138,,0
0008019.png,/home/ubuntu/SCB-05-Dataset/5k_HRW_Dataset_combined/images/val/0008019.png,3,2,29.014373779296875,28.58955192565918,29.958858489990234,28.526809692382812,0.20663315057754517,0.13511456549167633,0.5313546657562256,0.1268976479768753,,0
0008022.png,/home/ubuntu/SCB-05-Dataset/5k_HRW_Dataset_combined/images/val/0008022.png,3,1,24.508432388305664,24.6977596282959,24.669811248779297,24.330259323120117,0.23694638907909393,0.2863346338272095,0.2784428298473358,0.19827616214752197,,0
0008033.png,/home/ubuntu/SCB-05-Dataset/5k_HRW_Dataset_combined/images/val/0008033.png,3,2,28.959487915039062,28.319856643676758,29.202068328857422,28.030454635620117,0.31279754638671875,0.16499662399291992,0.39867103099823,0.12353480607271194,,0
0008034.png,/home/ubuntu/SCB-05-Dataset/5k_HRW_Dataset_combined/images/val/0008034.png,3,2,29.180818557739258,28.121694564819336,29.56879997253418,28.559810638427734,0.29778170585632324,0.10325862467288971,0.4389309585094452,0.16002865135669708,,0
0009008.png,/home/ubuntu/SCB-05-Dataset/5k_HRW_Dataset_combined/images/val/0009008.png,2,2,24.558603286743164,24.735414505004883,25.55984878540039,25.554454803466797,0.13119736313819885,0.15657170116901398,0.35707587003707886,0.35515502095222473,,0
0009005.png,/home/ubuntu/SCB-05-Dataset/5k_HRW_Dataset_combined/images/val/0009005.png,2,2,25.663543701171875,26.00255012512207,26.526185989379883,26.128028869628906,0.1571299284696579,0.22054007649421692,0.372305691242218,0.25002428889274597,,0
0009012.png,/home/ubuntu/SCB-05-Dataset/5k_HRW_Dataset_combined/images/val/0009012.png,2,2,27.745433807373047,27.68198585510254,28.01128387451172,27.521461486816406,0.24737781286239624,0.2321697622537613,0.3227141201496124,0.19773831963539124,,0
0009013.png,/home/ubuntu/SCB-05-Dataset/5k_HRW_Dataset_combined/images/val/0009013.png,2,1,29.08393096923828,29.434255599975586,28.927248001098633,28.760290145874023,0.2501242160797119,0.3550584018230438,0.2138499915599823,0.18096739053726196,,0
0009014.png,/home/ubuntu/SCB-05-Dataset/5k_HRW_Dataset_combined/images/val/0009014.png,2,1,29.57056999206543,29.814502716064453,29.495351791381836,29.35953712463379,0.2491561621427536,0.31798768043518066,0.2311025857925415,0.20175358653068542,,0
0009022.png,/home/ubuntu/SCB-05-Dataset/5k_HRW_Dataset_combined/images/val/0009022.png,2,1,29.771944046020508,30.004579544067383,29.340604782104492,29.32122039794922,0.28179121017456055,0.3555983603000641,0.18306240439414978,0.17954802513122559,,0
0009031.png,/home/ubuntu/SCB-05-Dataset/5k_HRW_Dataset_combined/images/val/0009031.png,2,2,28.56273651123047,28.43814468383789,28.881805419921875,28.220298767089844,0.2519690990447998,0.22245271503925323,0.3466707170009613,0.17890746891498566,,0
0009036.png,/home/ubuntu/SCB-05-Dataset/5k_HRW_Dataset_combined/images/val/0009036.png,2,1,30.014646530151367,30.125078201293945,29.84267234802246,29.677518844604492,0.2722882330417633,0.30408063530921936,0.229266956448555,0.19436416029930115,,0
0009040.png,/home/ubuntu/SCB-05-Dataset/5k_HRW_Dataset_combined/images/val/0009040.png,2,1,26.459959030151367,27.44654083251953,26.68353271484375,26.144927978515625,0.1766049712896347,0.4736635088920593,0.22085118293762207,0.1288803219795227,,0
0009047.png,/home/ubuntu/SCB-05-Dataset/5k_HRW_Dataset_combined/images/val/0009047.png,2,2,28.89557456970215,28.94092559814453,29.140945434570312,28.291723251342773,0.25831833481788635,0.27030304074287415,0.3301554322242737,0.14122316241264343,,0
0009048.png,/home/ubuntu/SCB-05-Dataset/5k_HRW_Dataset_combined/images/val/0009048.png,2,1,29.50957679748535,29.92182731628418,29.31528091430664,28.549116134643555,0.269081711769104,0.406370609998703,0.22156570851802826,0.10298201441764832,,0
0011006.png,/home/ubuntu/SCB-05-Dataset/5k_HRW_Dataset_combined/images/val/0011006.png,2,0,30.43478775024414,29.975778579711914,30.190166473388672,29.162683486938477,0.3710366189479828,0.23446153104305267,0.290522038936615,0.10397977381944656,,0
0011008.png,/home/ubuntu/SCB-05-Dataset/5k_HRW_Dataset_combined/images/val/0011008.png,3,2,29.84558868408203,29.357051849365234,30.356365203857422,29.359844207763672,0.2567165195941925,0.15750160813331604,0.42783984541893005,0.1579420119524002,,0
0011032.png,/home/ubuntu/SCB-05-Dataset/5k_HRW_Dataset_combined/images/val/0011032.png,2,1,28.420888900756836,28.50210952758789,28.370094299316406,27.559471130371094,0.28921404480934143,0.31368449330329895,0.2748904228210449,0.1222110390663147,,0
0011026.png,/home/ubuntu/SCB-05-Dataset/5k_HRW_Dataset_combined/images/val/0011026.png,2,1,26.304784774780273,26.476808547973633,26.105430603027344,26.418331146240234,0.24229446053504944,0.28777459263801575,0.1985020637512207,0.2714288830757141,,0
0011033.png,/home/ubuntu/SCB-05-Dataset/5k_HRW_Dataset_combined/images/val/0011033.png,2,1,26.60774040222168,27.543628692626953,26.49894142150879,26.417985916137695,0.1896256059408188,0.4834461212158203,0.17007721960544586,0.15685111284255981,,0
0012001.png,/home/ubuntu/SCB-05-Dataset/5k_HRW_Dataset_combined/images/val/0012001.png,2,0,24.532527923583984,24.236066818237305,24.351293563842773,24.389480590820312,0.2903265357017517,0.21584169566631317,0.24220196902751923,0.2516298294067383,,0
0012004.png,/home/ubuntu/SCB-05-Dataset/5k_HRW_Dataset_combined/images/val/0012004.png,2,2,29.269908905029297,29.234859466552734,29.698688507080078,29.030466079711914,0.23320859670639038,0.22517633438110352,0.3580644130706787,0.1835506111383438,,0
0012014.png,/home/ubuntu/SCB-05-Dataset/5k_HRW_Dataset_combined/images/val/0012014.png,2,2,28.35112762451172,28.348508834838867,28.635183334350586,27.356550216674805,0.2705794870853424,0.26987186074256897,0.3594667315483093,0.10008187592029572,,0
0013006.png,/home/ubuntu/SCB-05-Dataset/5k_HRW_Dataset_combined/images/val/0013006.png,2,1,28.123306274414062,28.706724166870117,28.223176956176758,28.423053741455078,0.19059602916240692,0.34157729148864746,0.2106139212846756,0.25721275806427,,0
0013008.png,/home/ubuntu/SCB-05-Dataset/5k_HRW_Dataset_combined/images/val/0013008.png,2,1,25.310697555541992,26.89950180053711,25.420618057250977,26.61723518371582,0.0933929830789566,0.4574284255504608,0.10424425452947617,0.34493425488471985,,0
0013016.png,/home/ubuntu/SCB-05-Dataset/5k_HRW_Dataset_combined/images/val/0013016.png,2,1,28.527528762817383,28.98753547668457,28.740215301513672,28.952285766601562,0.1869053989648819,0.2960739731788635,0.2312013953924179,0.28581926226615906,,0
0014010.png,/home/ubuntu/SCB-05-Dataset/5k_HRW_Dataset_combined/images/val/0014010.png,2,2,29.0858097076416,28.760028839111328,29.168678283691406,28.546419143676758,0.2948577404022217,0.21287648379802704,0.3203331530094147,0.17193257808685303,,0
0014013.png,/home/ubuntu/SCB-05-Dataset/5k_HRW_Dataset_combined/images/val/0014013.png,2,2,29.036300659179688,28.75174903869629,29.481351852416992,28.325759887695312,0.2628604471683502,0.19776345789432526,0.4102121591567993,0.1291639506816864,,0
0014019.png,/home/ubuntu/SCB-05-Dataset/5k_HRW_Dataset_combined/images/val/0014019.png,2,1,28.622425079345703,28.817880630493164,28.637224197387695,28.11679458618164,0.2608310878276825,0.3171353042125702,0.2647198438644409,0.1573137789964676,,0
0014018.png,/home/ubuntu/SCB-05-Dataset/5k_HRW_Dataset_combined/images/val/0014018.png,2,2,28.938119888305664,28.958093643188477,29.089170455932617,28.52108383178711,0.2602657079696655,0.265516459941864,0.30270346999168396,0.1715143769979477,,0
0015012.png,/home/ubuntu/SCB-05-Dataset/5k_HRW_Dataset_combined/images/val/0015012.png,3,2,26.580921173095703,26.819744110107422,26.870960235595703,25.998268127441406,0.24011632800102234,0.3048885762691498,0.32091060280799866,0.1340845376253128,,0
0015013.png,/home/ubuntu/SCB-05-Dataset/5k_HRW_Dataset_combined/images/val/0015013.png,3,1,27.457805633544922,27.786296844482422,27.63280487060547,26.842235565185547,0.2426919937133789,0.3370678722858429,0.28910568356513977,0.13113445043563843,,0
0015016.png,/home/ubuntu/SCB-05-Dataset/5k_HRW_Dataset_combined/images/val/0015016.png,2,2,27.9460391998291,27.922040939331055,28.10759162902832,27.149614334106445,0.2775803804397583,0.2709982693195343,0.3262496888637543,0.12517161667346954,,0
0014012.png,/home/ubuntu/SCB-05-Dataset/5k_HRW_Dataset_combined/images/val/0014012.png,2,2,26.99456214904785,27.189916610717773,27.537254333496094,26.48731803894043,0.22033576667308807,0.2678714394569397,0.3791169822216034,0.13267579674720764,,0
0015018.png,/home/ubuntu/SCB-05-Dataset/5k_HRW_Dataset_combined/images/val/0015018.png,2,1,28.34717559814453,28.5120849609375,28.17513084411621,27.59982681274414,0.2861354351043701,0.3374355733394623,0.24090930819511414,0.1355196237564087,,0
0016004.png,/home/ubuntu/SCB-05-Dataset/5k_HRW_Dataset_combined/images/val/0016004.png,2,1,25.89975929260254,27.226266860961914,26.233619689941406,26.010311126708984,0.13734181225299835,0.5174849033355713,0.19177699089050293,0.15339627861976624,,0
0016006.png,/home/ubuntu/SCB-05-Dataset/5k_HRW_Dataset_combined/images/val/0016006.png,2,2,28.277259826660156,28.020891189575195,28.91025161743164,28.136491775512695,0.22095619142055511,0.17098841071128845,0.4161127209663391,0.19194260239601135,,0
0016007.png,/home/ubuntu/SCB-05-Dataset/5k_HRW_Dataset_combined/images/val/0016007.png,2,3,26.540014266967773,27.40950584411621,27.050804138183594,27.88357162475586,0.11254977434873581,0.26850971579551697,0.1875762641429901,0.4313642680644989,,0
0016014.png,/home/ubuntu/SCB-05-Dataset/5k_HRW_Dataset_combined/images/val/0016014.png,2,2,28.144948959350586,28.04737091064453,28.96997833251953,28.302175521850586,0.18659363687038422,0.16924630105495453,0.4257969260215759,0.2183631956577301,,0
0016021.png,/home/ubuntu/SCB-05-Dataset/5k_HRW_Dataset_combined/images/val/0016021.png,2,2,27.258094787597656,27.330286026000977,27.808439254760742,27.488554000854492,0.197320818901062,0.21209242939949036,0.34212473034858704,0.2484620362520218,,0
0016026.png,/home/ubuntu/SCB-05-Dataset/5k_HRW_Dataset_combined/images/val/0016026.png,2,2,28.823911666870117,28.68566131591797,29.059946060180664,27.868398666381836,0.2839527130126953,0.24728889763355255,0.3595459759235382,0.10921239852905273,,0
0016028.png,/home/ubuntu/SCB-05-Dataset/5k_HRW_Dataset_combined/images/val/0016028.png,2,3,24.64989471435547,25.849327087402344,24.967134475708008,25.969743728637695,0.10599484294652939,0.3517155647277832,0.14556610584259033,0.3967234492301941,,0
0020003.png,/home/ubuntu/SCB-05-Dataset/5k_HRW_Dataset_combined/images/val/0020003.png,2,2,27.949703216552734,28.09484100341797,28.4139404296875,27.385988235473633,0.2316911667585373,0.2678810656070709,0.3685743510723114,0.1318533569574356,,0
0020006.png,/home/ubuntu/SCB-05-Dataset/5k_HRW_Dataset_combined/images/val/0020006.png,2,2,28.910863876342773,28.732892990112305,29.262754440307617,28.779804229736328,0.24178621172904968,0.20236702263355255,0.34376025199890137,0.2120864987373352,,0
0022003.png,/home/ubuntu/SCB-05-Dataset/5k_HRW_Dataset_combined/images/val/0022003.png,2,2,29.433307647705078,29.037553787231445,30.116897583007812,28.697004318237305,0.24195323884487152,0.16287624835968018,0.4793037176132202,0.11586680263280869,,0
0022005.png,/home/ubuntu/SCB-05-Dataset/5k_HRW_Dataset_combined/images/val/0022005.png,2,2,29.850324630737305,29.490577697753906,30.018455505371094,29.11587142944336,0.29755598306655884,0.2076503038406372,0.3520359396934509,0.14275777339935303,,0
0022009.png,/home/ubuntu/SCB-05-Dataset/5k_HRW_Dataset_combined/images/val/0022009.png,2,0,30.796327590942383,30.178752899169922,30.70541000366211,29.58029556274414,0.3638020157814026,0.19618047773838043,0.3321850895881653,0.10783236473798752,,0
0023007.png,/home/ubuntu/SCB-05-Dataset/5k_HRW_Dataset_combined/images/val/0023007.png,2,0,30.8866024017334,30.443849563598633,30.671131134033203,29.90618896484375,0.3541599214076996,0.22746485471725464,0.2855100929737091,0.13286520540714264,,0
0023013.png,/home/ubuntu/SCB-05-Dataset/5k_HRW_Dataset_combined/images/val/0023013.png,2,1,29.565338134765625,29.931684494018555,29.92319679260254,29.229063034057617,0.21800053119659424,0.31445589661598206,0.31179818511009216,0.15574535727500916,,0
0023025.png,/home/ubuntu/SCB-05-Dataset/5k_HRW_Dataset_combined/images/val/0023025.png,2,3,25.229982376098633,25.96524429321289,25.8764591217041,26.370399475097656,0.12310867756605148,0.25680816173553467,0.23499029874801636,0.3850928843021393,,0
0023030.png,/home/ubuntu/SCB-05-Dataset/5k_HRW_Dataset_combined/images/val/0023030.png,2,1,28.217632293701172,28.63279914855957,28.34733772277832,28.13928985595703,0.2184472531080246,0.3308653235435486,0.24870067834854126,0.20198677480220795,,0
0023033.png,/home/ubuntu/SCB-05-Dataset/5k_HRW_Dataset_combined/images/val/0023033.png,2,1,27.477020263671875,28.28492546081543,27.49813461303711,27.932870864868164,0.17117257416248322,0.38397499918937683,0.17482520639896393,0.270027220249176,,0
0024004.png,/home/ubuntu/SCB-05-Dataset/5k_HRW_Dataset_combined/images/val/0024004.png,2,2,25.016307830810547,25.275527954101562,25.4636287689209,24.873722076416016,0.21154403686523438,0.27414393424987793,0.33087942004203796,0.18343259394168854,,0
0024008.png,/home/ubuntu/SCB-05-Dataset/5k_HRW_Dataset_combined/images/val/0024008.png,2,2,28.060657501220703,28.07410430908203,28.37032699584961,28.159927368164062,0.22317062318325043,0.22619181871414185,0.30417588353157043,0.2464616745710373,,0
0024009.png,/home/ubuntu/SCB-05-Dataset/5k_HRW_Dataset_combined/images/val/0024009.png,2,2,28.19080352783203,28.238046646118164,28.28788185119629,27.825767517089844,0.2601121664047241,0.2726955711841583,0.28662973642349243,0.18056248128414154,,0
0024012.png,/home/ubuntu/SCB-05-Dataset/5k_HRW_Dataset_combined/images/val/0024012.png,2,1,28.049867630004883,28.429370880126953,28.045251846313477,28.312746047973633,0.21018904447555542,0.3072035610675812,0.20922109484672546,0.27338626980781555,,0
0024022.png,/home/ubuntu/SCB-05-Dataset/5k_HRW_Dataset_combined/images/val/0024022.png,2,2,26.978713989257812,27.220327377319336,27.399396896362305,26.464962005615234,0.227554589509964,0.28974565863609314,0.34656593203544617,0.13613379001617432,,0
0024037.png,/home/ubuntu/SCB-05-Dataset/5k_HRW_Dataset_combined/images/val/0024037.png,2,2,28.98835563659668,28.7569580078125,29.197620391845703,28.754497528076172,0.2619399130344391,0.20782940089702606,0.3229120075702667,0.20731864869594574,,0
0024038.png,/home/ubuntu/SCB-05-Dataset/5k_HRW_Dataset_combined/images/val/0024038.png,2,1,30.309608459472656,30.331623077392578,30.04494285583496,29.223119735717773,0.3197830021381378,0.32690098881721497,0.24542149901390076,0.10789451003074646,,0
0024054.png,/home/ubuntu/SCB-05-Dataset/5k_HRW_Dataset_combined/images/val/0024054.png,2,1,29.31913185119629,29.46243667602539,29.293352127075195,28.672821044921875,0.2737770974636078,0.3159610629081726,0.2668093740940094,0.14345242083072662,,0
0024070.png,/home/ubuntu/SCB-05-Dataset/5k_HRW_Dataset_combined/images/val/0024070.png,2,1,27.626636505126953,28.35921859741211,27.660167694091797,27.910978317260742,0.18370762467384338,0.3821936845779419,0.18997198343276978,0.24412667751312256,,0
0025002.png,/home/ubuntu/SCB-05-Dataset/5k_HRW_Dataset_combined/images/val/0025002.png,2,1,27.9754581451416,28.452280044555664,28.308883666992188,27.852439880371094,0.20445987582206726,0.32937389612197876,0.2853730618953705,0.18079312145709991,,0
0025003.png,/home/ubuntu/SCB-05-Dataset/5k_HRW_Dataset_combined/images/val/0025003.png,2,2,29.587560653686523,29.484525680541992,29.752958297729492,29.12517547607422,0.26941564679145813,0.243038609623909,0.3178732991218567,0.16967248916625977,,0
0025004.png,/home/ubuntu/SCB-05-Dataset/5k_HRW_Dataset_combined/images/val/0025004.png,2,0,28.94045639038086,28.80980682373047,28.842506408691406,27.973907470703125,0.31599441170692444,0.27729305624961853,0.28651028871536255,0.12020223587751389,,0
0025012.png,/home/ubuntu/SCB-05-Dataset/5k_HRW_Dataset_combined/images/val/0025012.png,2,1,28.481292724609375,29.17852020263672,27.829917907714844,27.864450454711914,0.24575145542621613,0.49351251125335693,0.12811726331710815,0.1326187402009964,,0
0025009.png,/home/ubuntu/SCB-05-Dataset/5k_HRW_Dataset_combined/images/val/0025009.png,2,1,28.97159767150879,29.107433319091797,28.541873931884766,28.369728088378906,0.2990458607673645,0.34255510568618774,0.19458578526973724,0.1638132929801941,,0
0025018.png,/home/ubuntu/SCB-05-Dataset/5k_HRW_Dataset_combined/images/val/0025018.png,2,0,28.613365173339844,28.559038162231445,28.510087966918945,28.490459442138672,0.2678562104701996,0.2536925971508026,0.24157334864139557,0.23687784373760223,,0
0025021.png,/home/ubuntu/SCB-05-Dataset/5k_HRW_Dataset_combined/images/val/0025021.png,2,0,29.871475219726562,29.82477569580078,29.66560935974121,29.573884963989258,0.28482547402381897,0.2718300521373749,0.23183149099349976,0.2115129828453064,,0
0025022.png,/home/ubuntu/SCB-05-Dataset/5k_HRW_Dataset_combined/images/val/0025022.png,2,1,29.365163803100586,29.62311553955078,29.087520599365234,29.194215774536133,0.25675860047340393,0.3323166072368622,0.19451186060905457,0.21641294658184052,,0
0026012.png,/home/ubuntu/SCB-05-Dataset/5k_HRW_Dataset_combined/images/val/0026012.png,2,1,29.323301315307617,29.97455596923828,29.174110412597656,29.03826904296875,0.22068525850772858,0.4232623279094696,0.19009929895401,0.16595309972763062,,0
0026013.png,/home/ubuntu/SCB-05-Dataset/5k_HRW_Dataset_combined/images/val/0026013.png,2,1,29.313846588134766,29.6563720703125,29.221683502197266,29.23722267150879,0.2354772537946701,0.33166974782943726,0.21474497020244598,0.21810802817344666,,0
0025069.png,/home/ubuntu/SCB-05-Dataset/5k_HRW_Dataset_combined/images/val/0025069.png,2,1,28.63568687438965,28.794837951660156,28.361082077026367,28.17767906188965,0.28051042556762695,0.3289026916027069,0.21315212547779083,0.1774347722530365,,0
0026015.png,/home/ubuntu/SCB-05-Dataset/5k_HRW_Dataset_combined/images/val/0026015.png,2,0,28.928789138793945,28.902912139892578,28.74213981628418,28.286128997802734,0.30029296875,0.2926219701766968,0.24916349351406097,0.15792155265808105,,0
0026017.png,/home/ubuntu/SCB-05-Dataset/5k_HRW_Dataset_combined/images/val/0026017.png,2,0,29.69469451904297,29.584335327148438,29.373159408569336,28.347379684448242,0.34716376662254333,0.31088945269584656,0.25170594453811646,0.09024081379175186,,0
0100012.png,/home/ubuntu/SCB-05-Dataset/5k_HRW_Dataset_combined/images/val/0100012.png,3,1,28.302085876464844,28.766124725341797,28.4993896484375,27.388090133666992,0.23755688965320587,0.3778305947780609,0.28937140107154846,0.09524108469486237,,0
0100017.png,/home/ubuntu/SCB-05-Dataset/5k_HRW_Dataset_combined/images/val/0100017.png,3,1,29.17140769958496,29.181236267089844,28.973764419555664,28.8594970703125,0.2806949317455292,0.2834673821926117,0.23035582900047302,0.2054818868637085,,0
0100019.png,/home/ubuntu/SCB-05-Dataset/5k_HRW_Dataset_combined/images/val/0100019.png,3,0,29.187416076660156,28.968778610229492,28.976900100708008,28.71808433532715,0.3087182939052582,0.24809004366397858,0.2501130998134613,0.19307862222194672,,0
0100029.png,/home/ubuntu/SCB-05-Dataset/5k_HRW_Dataset_combined/images/val/0100029.png,3,2,27.323514938354492,26.30698013305664,27.935392379760742,26.63526153564453,0.2696733772754669,0.09758041054010391,0.4972480237483978,0.13549816608428955,,0
0100034.png,/home/ubuntu/SCB-05-Dataset/5k_HRW_Dataset_combined/images/val/0100034.png,3,2,21.208141326904297,21.10597038269043,21.942731857299805,21.40749740600586,0.1920078545808792,0.17335914075374603,0.4002649784088135,0.23436793684959412,,0
0100057.png,/home/ubuntu/SCB-05-Dataset/5k_HRW_Dataset_combined/images/val/0100057.png,3,2,26.5159969329834,25.577932357788086,26.773204803466797,25.377849578857422,0.33276644349098206,0.13023966550827026,0.4303714632987976,0.10662239044904709,,0
0100056.png,/home/ubuntu/SCB-05-Dataset/5k_HRW_Dataset_combined/images/val/0100056.png,3,2,30.34143829345703,29.700305938720703,30.577739715576172,29.217294692993164,0.32069966197013855,0.1689111292362213,0.4061840772628784,0.10420513898134232,,0
0100067.png,/home/ubuntu/SCB-05-Dataset/5k_HRW_Dataset_combined/images/val/0100067.png,3,0,28.339445114135742,28.008264541625977,28.32685661315918,27.26129913330078,0.3283218741416931,0.235759899020195,0.3242146968841553,0.1117035448551178,,0
0101007.png,/home/ubuntu/SCB-05-Dataset/5k_HRW_Dataset_combined/images/val/0101007.png,3,1,26.34816551208496,26.858312606811523,26.569355010986328,26.500051498413086,0.1969619244337082,0.3280472159385681,0.24572177231311798,0.2292691022157669,,0
0101004.png,/home/ubuntu/SCB-05-Dataset/5k_HRW_Dataset_combined/images/val/0101004.png,3,2,27.969383239746094,27.456634521484375,28.389041900634766,26.711687088012695,0.29372045397758484,0.17589369416236877,0.44687867164611816,0.08350715786218643,,0
0101008.png,/home/ubuntu/SCB-05-Dataset/5k_HRW_Dataset_combined/images/val/0101008.png,3,1,28.210384368896484,28.38518524169922,28.126256942749023,27.51188850402832,0.2771883010864258,0.3301337659358978,0.25482311844825745,0.13785482943058014,,0
0101011.png,/home/ubuntu/SCB-05-Dataset/5k_HRW_Dataset_combined/images/val/0101011.png,3,1,28.07685089111328,28.3317928314209,28.162363052368164,28.01660919189453,0.23141729831695557,0.29861778020858765,0.25207701325416565,0.21788792312145233,,0
0101012.png,/home/ubuntu/SCB-05-Dataset/5k_HRW_Dataset_combined/images/val/0101012.png,3,1,28.494354248046875,28.615129470825195,28.512794494628906,28.1700439453125,0.2583973705768585,0.29156816005706787,0.26320648193359375,0.18682798743247986,,0
0101016.png,/home/ubuntu/SCB-05-Dataset/5k_HRW_Dataset_combined/images/val/0101016.png,3,1,26.83639144897461,27.24968719482422,26.993993759155273,26.854408264160156,0.21273550391197205,0.32161185145378113,0.249049574136734,0.21660305559635162,,0
0101018.png,/home/ubuntu/SCB-05-Dataset/5k_HRW_Dataset_combined/images/val/0101018.png,3,1,25.101736068725586,25.870222091674805,25.71316146850586,25.790510177612305,0.143044576048851,0.30847546458244324,0.2636392414569855,0.28484079241752625,,0
0101019.png,/home/ubuntu/SCB-05-Dataset/5k_HRW_Dataset_combined/images/val/0101019.png,3,2,28.142850875854492,28.446102142333984,28.63312339782715,27.926652908325195,0.20865537226200104,0.28257253766059875,0.3406843841075897,0.16808770596981049,,0
0101028.png,/home/ubuntu/SCB-05-Dataset/5k_HRW_Dataset_combined/images/val/0101028.png,3,2,29.010967254638672,28.994829177856445,29.57076644897461,28.352535247802734,0.23518483340740204,0.2314198762178421,0.4116489589214325,0.12174633890390396,,0
0101041.png,/home/ubuntu/SCB-05-Dataset/5k_HRW_Dataset_combined/images/val/0101041.png,3,2,30.53681182861328,29.39821434020996,31.493362426757812,29.436859130859375,0.23497025668621063,0.075253427028656,0.6115578413009644,0.0782185047864914,,0
0101046.png,/home/ubuntu/SCB-05-Dataset/5k_HRW_Dataset_combined/images/val/0101046.png,3,2,26.25904083251953,25.653310775756836,26.857227325439453,25.961071014404297,0.2434975653886795,0.13287076354026794,0.4428776204586029,0.18075403571128845,,0
0101048.png,/home/ubuntu/SCB-05-Dataset/5k_HRW_Dataset_combined/images/val/0101048.png,3,2,26.7965145111084,26.861343383789062,27.468523025512695,26.7253360748291,0.2017577737569809,0.2152707725763321,0.395075261592865,0.18789613246917725,,0
0101051.png,/home/ubuntu/SCB-05-Dataset/5k_HRW_Dataset_combined/images/val/0101051.png,3,0,28.485715866088867,28.29983901977539,28.426790237426758,26.816242218017578,0.3376668393611908,0.2803903818130493,0.31834450364112854,0.06359826028347015,,0
0101053.png,/home/ubuntu/SCB-05-Dataset/5k_HRW_Dataset_combined/images/val/0101053.png,3,1,29.845874786376953,29.89263916015625,29.502517700195312,29.27798843383789,0.3008439838886261,0.31524690985679626,0.21341416239738464,0.1704949140548706,,0
0101054.png,/home/ubuntu/SCB-05-Dataset/5k_HRW_Dataset_combined/images/val/0101054.png,3,0,27.911270141601562,27.585983276367188,27.78009796142578,26.253437042236328,0.3584308326244354,0.25890180468559265,0.31436777114868164,0.06829951703548431,,0
0101056.png,/home/ubuntu/SCB-05-Dataset/5k_HRW_Dataset_combined/images/val/0101056.png,3,1,30.15403175354004,30.250417709350586,29.785669326782227,29.3428897857666,0.308889776468277,0.34014448523521423,0.2137104570865631,0.13725529611110687,,0
0101065.png,/home/ubuntu/SCB-05-Dataset/5k_HRW_Dataset_combined/images/val/0101065.png,3,2,25.588897705078125,25.801834106445312,26.27658462524414,25.38507652282715,0.19833308458328247,0.24539868533611298,0.3945061266422272,0.161762073636055,,0
0101066.png,/home/ubuntu/SCB-05-Dataset/5k_HRW_Dataset_combined/images/val/0101066.png,3,2,24.45119857788086,24.001710891723633,24.764888763427734,22.86531639099121,0.3114112615585327,0.19866634905338287,0.4261556565761566,0.06376677006483078,,0
0101080.png,/home/ubuntu/SCB-05-Dataset/5k_HRW_Dataset_combined/images/val/0101080.png,3,2,28.84751319885254,27.74384307861328,29.025667190551758,27.46196174621582,0.3601207137107849,0.11943462491035461,0.43034759163856506,0.0900970846414566,,0
0102002.png,/home/ubuntu/SCB-05-Dataset/5k_HRW_Dataset_combined/images/val/0102002.png,3,2,31.221681594848633,30.543350219726562,31.2979793548584,29.860370635986328,0.3517322838306427,0.17849113047122955,0.37961897253990173,0.09015759825706482,,0
0102016.png,/home/ubuntu/SCB-05-Dataset/5k_HRW_Dataset_combined/images/val/0102016.png,3,2,28.16537857055664,27.59441375732422,28.820117950439453,26.87512969970703,0.2656167149543762,0.15006814897060394,0.5112167596817017,0.073098324239254,,0
0102014.png,/home/ubuntu/SCB-05-Dataset/5k_HRW_Dataset_combined/images/val/0102014.png,2,2,30.66539764404297,30.57023048400879,30.907512664794922,29.80438232421875,0.27732372283935547,0.25214850902557373,0.3532939553260803,0.11723378300666809,,0
0102024.png,/home/ubuntu/SCB-05-Dataset/5k_HRW_Dataset_combined/images/val/0102024.png,3,2,29.186443328857422,28.071550369262695,29.810894012451172,28.206562042236328,0.2800707519054413,0.09184931963682175,0.5229537487030029,0.10512614995241165,,0
0102045.png,/home/ubuntu/SCB-05-Dataset/5k_HRW_Dataset_combined/images/val/0102045.png,3,1,26.9315185546875,27.158767700195312,27.14523696899414,26.605499267578125,0.23723623156547546,0.2977652847766876,0.2937634587287903,0.17123505473136902,,0
0102048.png,/home/ubuntu/SCB-05-Dataset/5k_HRW_Dataset_combined/images/val/0102048.png,3,2,25.433189392089844,24.855548858642578,26.330608367919922,25.466785430908203,0.19807273149490356,0.11116257309913635,0.48592451214790344,0.20484022796154022,,0
0102050.png,/home/ubuntu/SCB-05-Dataset/5k_HRW_Dataset_combined/images/val/0102050.png,3,2,24.8001708984375,24.408348083496094,25.462453842163086,25.208351135253906,0.19534622132778168,0.13201963901519775,0.37881821393966675,0.2938160002231598,,0
0103002.png,/home/ubuntu/SCB-05-Dataset/5k_HRW_Dataset_combined/images/val/0103002.png,2,2,28.096590042114258,28.174039840698242,28.82656478881836,27.98932456970215,0.197869211435318,0.2138032168149948,0.4105842113494873,0.17774339020252228,,0
0103014.png,/home/ubuntu/SCB-05-Dataset/5k_HRW_Dataset_combined/images/val/0103014.png,3,1,26.38290023803711,26.78508758544922,26.476594924926758,25.856929779052734,0.2389887422323227,0.357310026884079,0.2624633014202118,0.14123795926570892,,0
0103017.png,/home/ubuntu/SCB-05-Dataset/5k_HRW_Dataset_combined/images/val/0103017.png,3,2,29.554445266723633,29.437768936157227,30.000627517700195,29.35548973083496,0.234093576669693,0.20831361413002014,0.365732878446579,0.1918599009513855,,0
0103022.png,/home/ubuntu/SCB-05-Dataset/5k_HRW_Dataset_combined/images/val/0103022.png,3,2,28.247961044311523,27.977323532104492,28.61764144897461,27.47357177734375,0.27239418029785156,0.20780761539936066,0.3942284882068634,0.125569686293602,,0
0103030.png,/home/ubuntu/SCB-05-Dataset/5k_HRW_Dataset_combined/images/val/0103030.png,3,2,30.343584060668945,29.957469940185547,30.373239517211914,29.486339569091797,0.31906858086586,0.21686868369579315,0.3286724388599396,0.1353902965784073,,0
0103044.png,/home/ubuntu/SCB-05-Dataset/5k_HRW_Dataset_combined/images/val/0103044.png,3,2,27.79623794555664,27.79885482788086,27.976327896118164,26.954036712646484,0.2754284739494324,0.2761501967906952,0.32977741956710815,0.11864391714334488,,0
0104005.png,/home/ubuntu/SCB-05-Dataset/5k_HRW_Dataset_combined/images/val/0104005.png,2,2,28.799396514892578,28.828195571899414,29.2635555267334,28.622610092163086,0.22432328760623932,0.23087750375270844,0.3568256199359894,0.18797364830970764,,0
0104011.png,/home/ubuntu/SCB-05-Dataset/5k_HRW_Dataset_combined/images/val/0104011.png,3,2,29.53043556213379,29.274250030517578,29.774391174316406,28.517488479614258,0.29296016693115234,0.2267507016658783,0.37390145659446716,0.106387659907341,,0
0104007.png,/home/ubuntu/SCB-05-Dataset/5k_HRW_Dataset_combined/images/val/0104007.png,3,2,26.10385513305664,25.924678802490234,26.830976486206055,26.058780670166016,0.2057189792394638,0.17197251319885254,0.42565634846687317,0.19665215909481049,,0
0104029.png,/home/ubuntu/SCB-05-Dataset/5k_HRW_Dataset_combined/images/val/0104029.png,3,2,28.31898307800293,27.80664825439453,28.6186580657959,28.12024688720703,0.2653729319572449,0.15898366272449493,0.3580996096134186,0.21754375100135803,,0
0104040.png,/home/ubuntu/SCB-05-Dataset/5k_HRW_Dataset_combined/images/val/0104040.png,3,2,25.38842010498047,24.441532135009766,25.43008041381836,23.953733444213867,0.3747175335884094,0.14537034928798676,0.39065811038017273,0.0892539694905281,,0
0104037.png,/home/ubuntu/SCB-05-Dataset/5k_HRW_Dataset_combined/images/val/0104037.png,2,0,30.263805389404297,29.49783706665039,29.972440719604492,28.824440002441406,0.40829578042030334,0.18980999290943146,0.30509620904922485,0.09679801762104034,,0
0104041.png,/home/ubuntu/SCB-05-Dataset/5k_HRW_Dataset_combined/images/val/0104041.png,3,2,28.31745147705078,28.00676727294922,28.883420944213867,27.395790100097656,0.2569401264190674,0.18832306563854218,0.4525112211704254,0.10222556442022324,,0
0104042.png,/home/ubuntu/SCB-05-Dataset/5k_HRW_Dataset_combined/images/val/0104042.png,3,2,24.045961380004883,23.47343635559082,24.950942993164062,23.548215866088867,0.21533694863319397,0.12147140502929688,0.5322884321212769,0.1309032291173935,,0
0105007.png,/home/ubuntu/SCB-05-Dataset/5k_HRW_Dataset_combined/images/val/0105007.png,2,1,27.754762649536133,28.38395881652832,27.749914169311523,27.85572052001953,0.20090429484844208,0.37691688537597656,0.1999325454235077,0.22224633395671844,,0
0105012.png,/home/ubuntu/SCB-05-Dataset/5k_HRW_Dataset_combined/images/val/0105012.png,3,1,26.3977108001709,27.05072784423828,26.583892822265625,26.654020309448242,0.18456576764583588,0.35461151599884033,0.2223355770111084,0.2384871393442154,,0
0105014.png,/home/ubuntu/SCB-05-Dataset/5k_HRW_Dataset_combined/images/val/0105014.png,3,2,27.004405975341797,26.960960388183594,27.110279083251953,26.22954559326172,0.28329145908355713,0.2712472379207611,0.31492966413497925,0.1305316686630249,,0
0105013.png,/home/ubuntu/SCB-05-Dataset/5k_HRW_Dataset_combined/images/val/0105013.png,3,2,26.16828727722168,25.946327209472656,26.601165771484375,25.4183406829834,0.2621212601661682,0.20994536578655243,0.40410947799682617,0.12382394820451736,,0
0105016.png,/home/ubuntu/SCB-05-Dataset/5k_HRW_Dataset_combined/images/val/0105016.png,3,1,27.321592330932617,27.330726623535156,27.28162384033203,26.64642333984375,0.2874334454536438,0.2900709807872772,0.2761717438697815,0.14632385969161987,,0
0105026.png,/home/ubuntu/SCB-05-Dataset/5k_HRW_Dataset_combined/images/val/0105026.png,2,1,30.442787170410156,30.66360855102539,29.92745590209961,29.225927352905273,0.3184143304824829,0.3970946967601776,0.19018973410129547,0.09430116415023804,,0
0105035.png,/home/ubuntu/SCB-05-Dataset/5k_HRW_Dataset_combined/images/val/0105035.png,3,1,26.960872650146484,27.586942672729492,27.056724548339844,27.010011672973633,0.19915525615215302,0.37246930599212646,0.21918947994709015,0.20918597280979156,,0
0105020.png,/home/ubuntu/SCB-05-Dataset/5k_HRW_Dataset_combined/images/val/0105020.png,3,1,26.47370719909668,27.113359451293945,26.309934616088867,25.96140480041504,0.23020942509174347,0.4364359378814697,0.1954328417778015,0.13792182505130768,,0
0105037.png,/home/ubuntu/SCB-05-Dataset/5k_HRW_Dataset_combined/images/val/0105037.png,2,1,26.41975212097168,27.237272262573242,26.338397979736328,26.623790740966797,0.1847374141216278,0.4184073805809021,0.1703033596277237,0.22655190527439117,,0
0106003.png,/home/ubuntu/SCB-05-Dataset/5k_HRW_Dataset_combined/images/val/0106003.png,2,2,29.983854293823242,30.1295166015625,30.16433334350586,29.147064208984375,0.26401281356811523,0.3054114580154419,0.31623217463493347,0.1143435537815094,,0
0106008.png,/home/ubuntu/SCB-05-Dataset/5k_HRW_Dataset_combined/images/val/0106008.png,2,1,30.370580673217773,30.650211334228516,30.272972106933594,29.75006103515625,0.2654413878917694,0.3510837256908417,0.24075636267662048,0.14271853864192963,,0
0106006.png,/home/ubuntu/SCB-05-Dataset/5k_HRW_Dataset_combined/images/val/0106006.png,3,1,24.67414665222168,24.819454193115234,23.962207794189453,23.955150604248047,0.31904762983322144,0.3689451217651367,0.15655408799648285,0.1554531455039978,,0
0106026.png,/home/ubuntu/SCB-05-Dataset/5k_HRW_Dataset_combined/images/val/0106026.png,3,2,26.594341278076172,26.477479934692383,27.147138595581055,25.989925384521484,0.23956631124019623,0.21314416825771332,0.41639214754104614,0.13089746236801147,,0
0106035.png,/home/ubuntu/SCB-05-Dataset/5k_HRW_Dataset_combined/images/val/0106035.png,3,2,27.38814926147461,27.59176254272461,27.59505271911621,27.36022186279297,0.22582809627056122,0.276825487613678,0.2777378261089325,0.21960857510566711,,0
0106038.png,/home/ubuntu/SCB-05-Dataset/5k_HRW_Dataset_combined/images/val/0106038.png,3,0,29.832441329956055,29.30043601989746,29.644485473632812,27.63844108581543,0.3956405222415924,0.23240944743156433,0.32784804701805115,0.044102031737565994,,0
0106041.png,/home/ubuntu/SCB-05-Dataset/5k_HRW_Dataset_combined/images/val/0106041.png,3,1,27.4027042388916,27.777433395385742,27.44084358215332,27.237133026123047,0.23036786913871765,0.3350925147533417,0.2393236756324768,0.19521592557430267,,0
0107009.png,/home/ubuntu/SCB-05-Dataset/5k_HRW_Dataset_combined/images/val/0107009.png,3,2,29.4047794342041,28.9093074798584,30.12731170654297,28.616273880004883,0.2425154149532318,0.14776058495044708,0.4994949400424957,0.11022896319627762,,0
0107012.png,/home/ubuntu/SCB-05-Dataset/5k_HRW_Dataset_combined/images/val/0107012.png,3,2,30.900821685791016,30.15334701538086,31.4328556060791,29.4687442779541,0.2928459644317627,0.13868041336536407,0.49853843450546265,0.06993521749973297,,0
0107010.png,/home/ubuntu/SCB-05-Dataset/5k_HRW_Dataset_combined/images/val/0107010.png,3,2,29.246599197387695,28.649383544921875,29.833763122558594,28.179628372192383,0.27076274156570435,0.14901207387447357,0.4870695471763611,0.09315569698810577,,0
0107013.png,/home/ubuntu/SCB-05-Dataset/5k_HRW_Dataset_combined/images/val/0107013.png,3,1,25.645553588867188,26.034212112426758,25.432342529296875,25.59872817993164,0.23600265383720398,0.3481041193008423,0.19068674743175507,0.22520649433135986,,0
0107024.png,/home/ubuntu/SCB-05-Dataset/5k_HRW_Dataset_combined/images/val/0107024.png,3,1,24.147680282592773,24.3272762298584,24.261470794677734,23.318885803222656,0.26639485359191895,0.31880369782447815,0.29850006103515625,0.11630140990018845,,0
0107026.png,/home/ubuntu/SCB-05-Dataset/5k_HRW_Dataset_combined/images/val/0107026.png,3,2,26.639589309692383,26.317462921142578,27.4316463470459,26.00935173034668,0.2239638864994049,0.1622857004404068,0.4944973886013031,0.1192530021071434,,0
0107030.png,/home/ubuntu/SCB-05-Dataset/5k_HRW_Dataset_combined/images/val/0107030.png,3,1,22.542739868164062,22.68242835998535,22.246253967285156,22.30562973022461,0.27157336473464966,0.3122864365577698,0.20189474523067474,0.21424542367458344,,0
0107027.png,/home/ubuntu/SCB-05-Dataset/5k_HRW_Dataset_combined/images/val/0107027.png,3,2,28.934019088745117,28.501691818237305,28.9608097076416,28.381071090698242,0.30755969882011414,0.1996053159236908,0.31591078639030457,0.17692416906356812,,0
0107037.png,/home/ubuntu/SCB-05-Dataset/5k_HRW_Dataset_combined/images/val/0107037.png,3,2,24.10538673400879,23.63197898864746,24.69802474975586,23.265281677246094,0.2588464021682739,0.1612292230129242,0.46818938851356506,0.11173497140407562,,0
0107041.png,/home/ubuntu/SCB-05-Dataset/5k_HRW_Dataset_combined/images/val/0107041.png,3,2,30.388587951660156,30.227100372314453,30.913415908813477,29.174030303955078,0.2605600953102112,0.2217046022415161,0.44039034843444824,0.07734499871730804,,0
0107042.png,/home/ubuntu/SCB-05-Dataset/5k_HRW_Dataset_combined/images/val/0107042.png,3,2,29.217613220214844,28.98862075805664,29.234262466430664,27.74553871154785,0.3287773132324219,0.2614879608154297,0.3342970311641693,0.07543763518333435,,0
0108015.png,/home/ubuntu/SCB-05-Dataset/5k_HRW_Dataset_combined/images/val/0108015.png,3,2,25.472787857055664,25.834232330322266,25.981409072875977,24.691612243652344,0.21947798132896423,0.3150389790534973,0.364991158246994,0.10049181431531906,,0
0108031.png,/home/ubuntu/SCB-05-Dataset/5k_HRW_Dataset_combined/images/val/0108031.png,3,1,28.19157600402832,28.52433967590332,28.142648696899414,27.71229362487793,0.2521244287490845,0.351667582988739,0.24008555710315704,0.15612241625785828,,0
0108020.png,/home/ubuntu/SCB-05-Dataset/5k_HRW_Dataset_combined/images/val/0108020.png,3,1,29.26525115966797,29.799758911132812,29.382902145385742,28.390491485595703,0.23538152873516083,0.40170401334762573,0.2647692561149597,0.09814520180225372,,0
0108032.png,/home/ubuntu/SCB-05-Dataset/5k_HRW_Dataset_combined/images/val/0108032.png,3,1,28.667133331298828,29.068025588989258,28.48455810546875,28.331958770751953,0.2474333941936493,0.36945676803588867,0.20614218711853027,0.17696765065193176,,0
0108035.png,/home/ubuntu/SCB-05-Dataset/5k_HRW_Dataset_combined/images/val/0108035.png,3,2,24.91761589050293,24.818483352661133,26.20578956604004,25.156705856323242,0.14701832830905914,0.1331431269645691,0.5331116914749146,0.186726912856102,,0
0108040.png,/home/ubuntu/SCB-05-Dataset/5k_HRW_Dataset_combined/images/val/0108040.png,3,2,25.493684768676758,25.214427947998047,26.106721878051758,24.864347457885742,0.24181923270225525,0.18289892375469208,0.44640544056892395,0.12887632846832275,,0
0108046.png,/home/ubuntu/SCB-05-Dataset/5k_HRW_Dataset_combined/images/val/0108046.png,3,2,28.08942222595215,27.840896606445312,28.30894660949707,27.288692474365234,0.2878165543079376,0.2244824767112732,0.35847097635269165,0.12922997772693634,,0
0200008.png,/home/ubuntu/SCB-05-Dataset/5k_HRW_Dataset_combined/images/val/0200008.png,3,2,24.490978240966797,23.809173583984375,25.134082794189453,24.015640258789062,0.24815398454666138,0.12549234926700592,0.47208261489868164,0.15427111089229584,,0
0200014.png,/home/ubuntu/SCB-05-Dataset/5k_HRW_Dataset_combined/images/val/0200014.png,3,2,28.476518630981445,27.9382381439209,28.778501510620117,27.389892578125,0.30547016859054565,0.1783185750246048,0.4131600260734558,0.10305122286081314,,0
0200021.png,/home/ubuntu/SCB-05-Dataset/5k_HRW_Dataset_combined/images/val/0200021.png,3,2,28.140047073364258,27.954721450805664,28.68558692932129,27.546167373657227,0.24339459836483002,0.20222045481204987,0.4199870526790619,0.13439784944057465,,0
0200025.png,/home/ubuntu/SCB-05-Dataset/5k_HRW_Dataset_combined/images/val/0200025.png,3,1,28.378217697143555,28.928524017333984,28.15750503540039,26.772567749023438,0.26763084530830383,0.46401408314704895,0.2146257758140564,0.053729306906461716,,0
0200034.png,/home/ubuntu/SCB-05-Dataset/5k_HRW_Dataset_combined/images/val/0200034.png,3,0,29.49374008178711,29.17598533630371,29.353342056274414,28.264225006103516,0.3461132347583771,0.2518947124481201,0.3007766604423523,0.10121539235115051,,0
0202002.png,/home/ubuntu/SCB-05-Dataset/5k_HRW_Dataset_combined/images/val/0202002.png,3,1,26.85462188720703,27.270122528076172,27.246034622192383,26.558027267456055,0.21107988059520721,0.31981325149536133,0.3122016489505768,0.15690521895885468,,0
0202004.png,/home/ubuntu/SCB-05-Dataset/5k_HRW_Dataset_combined/images/val/0202004.png,3,2,28.105453491210938,27.2729434967041,28.116086959838867,26.828676223754883,0.3670288920402527,0.15964147448539734,0.3709525167942047,0.10237711668014526,,0
0202007.png,/home/ubuntu/SCB-05-Dataset/5k_HRW_Dataset_combined/images/val/0202007.png,3,1,28.547531127929688,29.052532196044922,28.672588348388672,28.710355758666992,0.20132750272750854,0.3335971236228943,0.2281470149755478,0.2369283139705658,,0
0202025.png,/home/ubuntu/SCB-05-Dataset/5k_HRW_Dataset_combined/images/val/0202025.png,3,2,28.77773666381836,27.606645584106445,29.43800163269043,27.952333450317383,0.27148887515068054,0.08416929841041565,0.5254138112068176,0.1189279705286026,,0
0203003.png,/home/ubuntu/SCB-05-Dataset/5k_HRW_Dataset_combined/images/val/0203003.png,3,2,27.76338768005371,27.51292610168457,27.84327507019043,27.344614028930664,0.28413450717926025,0.22118209302425385,0.30776458978652954,0.18691878020763397,,0
0203004.png,/home/ubuntu/SCB-05-Dataset/5k_HRW_Dataset_combined/images/val/0203004.png,3,0,29.785764694213867,29.214780807495117,29.542720794677734,28.49890899658203,0.3809024393558502,0.21519817411899567,0.29871779680252075,0.10518151521682739,,0
0203008.png,/home/ubuntu/SCB-05-Dataset/5k_HRW_Dataset_combined/images/val/0203008.png,3,0,26.99337387084961,26.729961395263672,26.971202850341797,25.927427291870117,0.3235304057598114,0.2486088126897812,0.31643638014793396,0.11142442375421524,,0
0203016.png,/home/ubuntu/SCB-05-Dataset/5k_HRW_Dataset_combined/images/val/0203016.png,3,2,28.221431732177734,27.7253360748291,28.474199295043945,27.589881896972656,0.29169362783432007,0.1776132434606552,0.3755800426006317,0.15511305630207062,,0
0204003.png,/home/ubuntu/SCB-05-Dataset/5k_HRW_Dataset_combined/images/val/0204003.png,3,2,27.15744400024414,27.059999465942383,27.342554092407227,26.156631469726562,0.2875145971775055,0.2608196437358856,0.3459809720516205,0.1056848093867302,,0
0205007.png,/home/ubuntu/SCB-05-Dataset/5k_HRW_Dataset_combined/images/val/0205007.png,3,1,28.388277053833008,28.753202438354492,28.2780704498291,28.05342674255371,0.24682210385799408,0.3555241823196411,0.22106599807739258,0.17658768594264984,,0
0400002.png,/home/ubuntu/SCB-05-Dataset/5k_HRW_Dataset_combined/images/val/0400002.png,3,1,27.14785385131836,27.308263778686523,27.009260177612305,26.15934944152832,0.2926795184612274,0.3436034023761749,0.2548014223575592,0.10891565680503845,,0
0400003.png,/home/ubuntu/SCB-05-Dataset/5k_HRW_Dataset_combined/images/val/0400003.png,3,2,30.25173568725586,29.63589096069336,30.33791732788086,28.126277923583984,0.36369362473487854,0.19646161794662476,0.39642760157585144,0.043417129665613174,,0
0400012.png,/home/ubuntu/SCB-05-Dataset/5k_HRW_Dataset_combined/images/val/0400012.png,3,2,26.27256202697754,25.635597229003906,27.441442489624023,25.954532623291016,0.18265293538570404,0.09660427272319794,0.587847888469696,0.13289488852024078,,0
0400021.png,/home/ubuntu/SCB-05-Dataset/5k_HRW_Dataset_combined/images/val/0400021.png,3,2,28.971031188964844,28.307384490966797,29.270278930664062,27.98550033569336,0.30892282724380493,0.1590859591960907,0.41668859124183655,0.115302674472332,,0
0400022.png,/home/ubuntu/SCB-05-Dataset/5k_HRW_Dataset_combined/images/val/0400022.png,3,2,27.820283889770508,27.453964233398438,27.9386043548584,27.589454650878906,0.2767966091632843,0.19189788401126862,0.3115635812282562,0.21974192559719086,,0
0400024.png,/home/ubuntu/SCB-05-Dataset/5k_HRW_Dataset_combined/images/val/0400024.png,3,2,28.37604331970215,27.671844482421875,28.941429138183594,27.916574478149414,0.2573174238204956,0.12724465131759644,0.4529113173484802,0.16252662241458893,,0
0400027.png,/home/ubuntu/SCB-05-Dataset/5k_HRW_Dataset_combined/images/val/0400027.png,3,2,26.80130386352539,26.173343658447266,27.527915954589844,26.14438247680664,0.24270746111869812,0.12952792644500732,0.5019341707229614,0.12583045661449432,,0
0400026.png,/home/ubuntu/SCB-05-Dataset/5k_HRW_Dataset_combined/images/val/0400026.png,3,2,26.464107513427734,26.19086265563965,27.287960052490234,25.931039810180664,0.2161240428686142,0.16445016860961914,0.49260371923446655,0.12682203948497772,,0
0401001.png,/home/ubuntu/SCB-05-Dataset/5k_HRW_Dataset_combined/images/val/0401001.png,3,2,29.454437255859375,28.462297439575195,30.142778396606445,28.879474639892578,0.2548472285270691,0.09449288249015808,0.5072507262229919,0.1434091478586197,,0
0400034.png,/home/ubuntu/SCB-05-Dataset/5k_HRW_Dataset_combined/images/val/0400034.png,3,2,26.280475616455078,26.097753524780273,26.77416229248047,26.370031356811523,0.21905647218227386,0.18247392773628235,0.3588900864124298,0.2395794838666916,,0
0401009.png,/home/ubuntu/SCB-05-Dataset/5k_HRW_Dataset_combined/images/val/0401009.png,3,2,28.316556930541992,27.457910537719727,28.8950138092041,27.39065933227539,0.2775314152240753,0.11759985238313675,0.49491748213768005,0.1099511906504631,,0
0401005.png,/home/ubuntu/SCB-05-Dataset/5k_HRW_Dataset_combined/images/val/0401005.png,2,2,25.6900634765625,25.288740158081055,26.553800582885742,26.09198760986328,0.18063125014305115,0.12092062830924988,0.42845889925956726,0.26998916268348694,,0
0401019.png,/home/ubuntu/SCB-05-Dataset/5k_HRW_Dataset_combined/images/val/0401019.png,3,2,23.892139434814453,23.430574417114258,24.517505645751953,23.79668426513672,0.2268507033586502,0.14298319816589355,0.4239681363105774,0.20619800686836243,,0
0401026.png,/home/ubuntu/SCB-05-Dataset/5k_HRW_Dataset_combined/images/val/0401026.png,3,1,27.193370819091797,27.917007446289062,27.62660026550293,27.429765701293945,0.1703338772058487,0.3512144982814789,0.26269403100013733,0.2157575637102127,,0
0401027.png,/home/ubuntu/SCB-05-Dataset/5k_HRW_Dataset_combined/images/val/0401027.png,3,2,29.854339599609375,29.552532196044922,30.112415313720703,28.778093338012695,0.2963147461414337,0.21911896765232086,0.3835607171058655,0.10100559890270233,,0
0401021.png,/home/ubuntu/SCB-05-Dataset/5k_HRW_Dataset_combined/images/val/0401021.png,3,2,23.618892669677734,23.594512939453125,24.420669555664062,23.2886905670166,0.2030789703130722,0.19818782806396484,0.4527643620967865,0.14596879482269287,,0
0401028.png,/home/ubuntu/SCB-05-Dataset/5k_HRW_Dataset_combined/images/val/0401028.png,3,2,29.45985221862793,29.369232177734375,30.018413543701172,29.106403350830078,0.22915901243686676,0.2093057483434677,0.40060561895370483,0.16092965006828308,,0
0401049.png,/home/ubuntu/SCB-05-Dataset/5k_HRW_Dataset_combined/images/val/0401049.png,2,2,28.76514434814453,28.65837860107422,29.03042221069336,28.07326889038086,0.27003923058509827,0.24269400537014008,0.3520753085613251,0.1351914256811142,,0
0401040.png,/home/ubuntu/SCB-05-Dataset/5k_HRW_Dataset_combined/images/val/0401040.png,3,2,28.202390670776367,27.98232078552246,28.717788696289062,28.272151947021484,0.2198275625705719,0.17640343308448792,0.36805835366249084,0.23571060597896576,,0
0401054.png,/home/ubuntu/SCB-05-Dataset/5k_HRW_Dataset_combined/images/val/0401054.png,3,2,27.81873321533203,27.900737762451172,28.117979049682617,27.321720123291016,0.2473626732826233,0.26850250363349915,0.33365297317504883,0.15048186480998993,,0
0401055.png,/home/ubuntu/SCB-05-Dataset/5k_HRW_Dataset_combined/images/val/0401055.png,3,2,29.876249313354492,29.64116859436035,30.127038955688477,29.053508758544922,0.284513384103775,0.22490982711315155,0.3656109869480133,0.12496575713157654,,0
0401070.png,/home/ubuntu/SCB-05-Dataset/5k_HRW_Dataset_combined/images/val/0401070.png,3,2,27.384841918945312,26.388830184936523,28.434738159179688,26.582727432250977,0.2138999104499817,0.07900384068489075,0.6111878752708435,0.09590841084718704,,0
0401074.png,/home/ubuntu/SCB-05-Dataset/5k_HRW_Dataset_combined/images/val/0401074.png,3,2,27.419048309326172,26.055744171142578,27.672941207885742,26.630569458007812,0.3334018290042877,0.0852888897061348,0.4297661781311035,0.1515430361032486,,0
0402012.png,/home/ubuntu/SCB-05-Dataset/5k_HRW_Dataset_combined/images/val/0402012.png,3,2,29.010095596313477,28.497310638427734,29.17116355895996,28.353713989257812,0.3037376403808594,0.18188586831092834,0.356820285320282,0.15755626559257507,,0
0402013.png,/home/ubuntu/SCB-05-Dataset/5k_HRW_Dataset_combined/images/val/0402013.png,2,2,28.433979034423828,28.115493774414062,28.807540893554688,28.190685272216797,0.2522582411766052,0.1834547519683838,0.36650609970092773,0.19778083264827728,,0
0402017.png,/home/ubuntu/SCB-05-Dataset/5k_HRW_Dataset_combined/images/val/0402017.png,3,1,25.27995491027832,25.71947479248047,25.571199417114258,25.04299545288086,0.21371738612651825,0.3316812217235565,0.2859734296798706,0.16862796247005463,,0
0402022.png,/home/ubuntu/SCB-05-Dataset/5k_HRW_Dataset_combined/images/val/0402022.png,3,2,27.262434005737305,26.99747657775879,27.496967315673828,26.65240478515625,0.2797287106513977,0.21461865305900574,0.353666216135025,0.15198640525341034,,0
0402025.png,/home/ubuntu/SCB-05-Dataset/5k_HRW_Dataset_combined/images/val/0402025.png,3,2,26.317028045654297,26.136213302612305,26.48104476928711,25.883769989013672,0.27313321828842163,0.2279542237520218,0.3218148350715637,0.17709770798683167,,0
0402030.png,/home/ubuntu/SCB-05-Dataset/5k_HRW_Dataset_combined/images/val/0402030.png,3,0,26.33154296875,25.36083221435547,26.314693450927734,24.85368537902832,0.38606593012809753,0.14624705910682678,0.3796153664588928,0.08807164430618286,,0
0402033.png,/home/ubuntu/SCB-05-Dataset/5k_HRW_Dataset_combined/images/val/0402033.png,2,2,30.403846740722656,29.960983276367188,30.522382736206055,29.876480102539062,0.2977786362171173,0.19123192131519318,0.3352532982826233,0.17573614418506622,,0
0402036.png,/home/ubuntu/SCB-05-Dataset/5k_HRW_Dataset_combined/images/val/0402036.png,3,1,26.380712509155273,26.6881046295166,26.437774658203125,25.808059692382812,0.2510908246040344,0.34145188331604004,0.2658352851867676,0.14162203669548035,,0
0403006.png,/home/ubuntu/SCB-05-Dataset/5k_HRW_Dataset_combined/images/val/0403006.png,3,2,25.690608978271484,25.49379539489746,25.794960021972656,24.49061393737793,0.3093552589416504,0.25408700108528137,0.34338125586509705,0.0931764766573906,,0
0403013.png,/home/ubuntu/SCB-05-Dataset/5k_HRW_Dataset_combined/images/val/0403013.png,3,2,29.305530548095703,29.128042221069336,29.435707092285156,29.00760841369629,0.2689068913459778,0.22517476975917816,0.306292861700058,0.19962549209594727,,0
0403020.png,/home/ubuntu/SCB-05-Dataset/5k_HRW_Dataset_combined/images/val/0403020.png,3,2,28.117891311645508,27.955049514770508,28.732072830200195,27.525312423706055,0.2352515608072281,0.19989928603172302,0.4347786009311676,0.1300704926252365,,0
0403022.png,/home/ubuntu/SCB-05-Dataset/5k_HRW_Dataset_combined/images/val/0403022.png,3,1,26.97385597229004,27.699291229248047,27.061752319335938,27.06999397277832,0.19017134606838226,0.39282363653182983,0.2076433300971985,0.2093617171049118,,0
0403035.png,/home/ubuntu/SCB-05-Dataset/5k_HRW_Dataset_combined/images/val/0403035.png,3,2,27.38085174560547,27.628236770629883,27.64400291442871,26.839542388916016,0.24017207324504852,0.30758169293403625,0.312469482421875,0.13977672159671783,,0
0403037.png,/home/ubuntu/SCB-05-Dataset/5k_HRW_Dataset_combined/images/val/0403037.png,3,1,26.936180114746094,27.195960998535156,26.79224967956543,26.8527889251709,0.24494285881519318,0.3176041543483734,0.21210776269435883,0.22534528374671936,,0
0403038.png,/home/ubuntu/SCB-05-Dataset/5k_HRW_Dataset_combined/images/val/0403038.png,3,2,27.11181640625,26.69401741027832,27.56902503967285,26.710826873779297,0.2558978199958801,0.16850732266902924,0.40423110127449036,0.17136377096176147,,0
0403040.png,/home/ubuntu/SCB-05-Dataset/5k_HRW_Dataset_combined/images/val/0403040.png,3,0,29.546493530273438,28.843753814697266,28.918228149414062,28.22185707092285,0.43579769134521484,0.2158186286687851,0.23250524699687958,0.11587844789028168,,0
0403043.png,/home/ubuntu/SCB-05-Dataset/5k_HRW_Dataset_combined/images/val/0403043.png,3,2,28.644298553466797,28.36644744873047,29.053253173828125,27.53095054626465,0.2784653902053833,0.21091236174106598,0.4191581904888153,0.09146403521299362,,0
0403052.png,/home/ubuntu/SCB-05-Dataset/5k_HRW_Dataset_combined/images/val/0403052.png,2,1,27.702701568603516,27.871353149414062,27.691469192504883,27.798580169677734,0.23401866853237152,0.27700966596603394,0.23140479624271393,0.2575668692588806,,0
0404001.png,/home/ubuntu/SCB-05-Dataset/5k_HRW_Dataset_combined/images/val/0404001.png,3,2,25.283357620239258,25.333702087402344,25.3693790435791,25.12238883972168,0.2504519820213318,0.2633836269378662,0.2729499936103821,0.2132144272327423,,0
0404016.png,/home/ubuntu/SCB-05-Dataset/5k_HRW_Dataset_combined/images/val/0404016.png,3,2,27.841163635253906,27.260536193847656,27.865760803222656,26.79329490661621,0.3406999707221985,0.1906377077102661,0.34918415546417236,0.11947814375162125,,0
0404023.png,/home/ubuntu/SCB-05-Dataset/5k_HRW_Dataset_combined/images/val/0404023.png,3,2,28.37839698791504,28.089338302612305,28.754934310913086,28.436485290527344,0.23441125452518463,0.17556658387184143,0.34159108996391296,0.2484310418367386,,0
0404033.png,/home/ubuntu/SCB-05-Dataset/5k_HRW_Dataset_combined/images/val/0404033.png,3,2,29.66884422302246,28.955963134765625,30.046588897705078,28.369182586669922,0.3103812634944916,0.15215812623500824,0.45284324884414673,0.08461738377809525,,0
0404029.png,/home/ubuntu/SCB-05-Dataset/5k_HRW_Dataset_combined/images/val/0404029.png,2,2,30.017200469970703,29.55797004699707,30.514379501342773,28.775115966796875,0.28053414821624756,0.17723298072814941,0.4612197279930115,0.08101311326026917,,0
0404035.png,/home/ubuntu/SCB-05-Dataset/5k_HRW_Dataset_combined/images/val/0404035.png,3,2,26.693382263183594,26.778167724609375,26.897546768188477,26.62146759033203,0.2355383187532425,0.2563796043395996,0.28888773918151855,0.21919439733028412,,0
0404041.png,/home/ubuntu/SCB-05-Dataset/5k_HRW_Dataset_combined/images/val/0404041.png,3,2,24.860721588134766,24.135107040405273,25.426462173461914,24.95998764038086,0.22993060946464539,0.11129261553287506,0.4048506021499634,0.25392618775367737,,0
0404043.png,/home/ubuntu/SCB-05-Dataset/5k_HRW_Dataset_combined/images/val/0404043.png,3,2,24.581422805786133,24.50444984436035,24.838191986083984,24.4997501373291,0.24153219163417816,0.22363826632499695,0.31223994493484497,0.22258968651294708,,0
0404047.png,/home/ubuntu/SCB-05-Dataset/5k_HRW_Dataset_combined/images/val/0404047.png,2,1,27.95374298095703,28.237354278564453,27.84783172607422,27.533239364624023,0.2574574649333954,0.34188205003738403,0.23158413171768188,0.16907642781734467,,0
0404050.png,/home/ubuntu/SCB-05-Dataset/5k_HRW_Dataset_combined/images/val/0404050.png,3,2,29.550525665283203,28.39992904663086,29.709875106811523,28.08370590209961,0.3676668405532837,0.11634740978479385,0.4311804473400116,0.08480525016784668,,0
06000014.png,/home/ubuntu/SCB-05-Dataset/5k_HRW_Dataset_combined/images/val/06000014.png,3,2,29.464590072631836,28.839445114135742,29.480892181396484,28.205385208129883,0.3526715934276581,0.18874414265155792,0.3584679961204529,0.1001162901520729,,0
06000017.png,/home/ubuntu/SCB-05-Dataset/5k_HRW_Dataset_combined/images/val/06000017.png,3,0,27.29536247253418,26.84115219116211,27.22477912902832,26.220348358154297,0.34386804699897766,0.218338742852211,0.32043346762657166,0.11735972762107849,,0
06000018.png,/home/ubuntu/SCB-05-Dataset/5k_HRW_Dataset_combined/images/val/06000018.png,3,1,27.480506896972656,27.778730392456055,27.371973037719727,26.847469329833984,0.2648594081401825,0.3568882346153259,0.23761823773384094,0.14063411951065063,,0
06000022.png,/home/ubuntu/SCB-05-Dataset/5k_HRW_Dataset_combined/images/val/06000022.png,3,2,27.11162567138672,26.703876495361328,27.27298355102539,26.5690860748291,0.29226765036582947,0.19440056383609772,0.3434453308582306,0.1698864847421646,,0
06000024.png,/home/ubuntu/SCB-05-Dataset/5k_HRW_Dataset_combined/images/val/06000024.png,3,2,27.680564880371094,27.54586410522461,27.92896270751953,27.402713775634766,0.2555350959300995,0.22333189845085144,0.32758828997612,0.19354473054409027,,0
06000028.png,/home/ubuntu/SCB-05-Dataset/5k_HRW_Dataset_combined/images/val/06000028.png,3,3,25.42308235168457,25.41718864440918,25.622976303100586,25.694530487060547,0.22088417410850525,0.21958617866039276,0.2697599232196808,0.2897697389125824,,0
06000053.png,/home/ubuntu/SCB-05-Dataset/5k_HRW_Dataset_combined/images/val/06000053.png,3,1,28.627010345458984,29.372798919677734,28.72258186340332,28.594356536865234,0.19318950176239014,0.4072633981704712,0.21256400644779205,0.18698301911354065,,0
06000063.png,/home/ubuntu/SCB-05-Dataset/5k_HRW_Dataset_combined/images/val/06000063.png,3,2,27.501636505126953,26.329946517944336,27.76671028137207,25.834566116333008,0.35686635971069336,0.11057249456644058,0.4651849567890167,0.06737613677978516,,0
06000074.png,/home/ubuntu/SCB-05-Dataset/5k_HRW_Dataset_combined/images/val/06000074.png,3,0,30.553552627563477,30.125696182250977,30.0437068939209,29.109169006347656,0.4018671214580536,0.26197919249534607,0.24135665595531464,0.09479701519012451,,0
06000077.png,/home/ubuntu/SCB-05-Dataset/5k_HRW_Dataset_combined/images/val/06000077.png,3,0,29.619848251342773,29.206317901611328,29.326683044433594,28.058544158935547,0.38210633397102356,0.2526912987232208,0.28501269221305847,0.08018967509269714,,0
06000088.png,/home/ubuntu/SCB-05-Dataset/5k_HRW_Dataset_combined/images/val/06000088.png,3,2,26.734682083129883,26.39318084716797,26.952320098876953,26.239952087402344,0.2806170582771301,0.1994352638721466,0.3488454222679138,0.17110218107700348,,0
06010025.png,/home/ubuntu/SCB-05-Dataset/5k_HRW_Dataset_combined/images/val/06010025.png,3,3,27.307096481323242,28.023178100585938,27.60079574584961,28.219274520874023,0.14540128409862518,0.2975490093231201,0.19503843784332275,0.36201128363609314,,0
06010028.png,/home/ubuntu/SCB-05-Dataset/5k_HRW_Dataset_combined/images/val/06010028.png,3,1,26.591941833496094,26.649145126342773,26.4775447845459,25.29759407043457,0.3100918233394623,0.32834723591804504,0.2765720784664154,0.08498889952898026,,0
06010030.png,/home/ubuntu/SCB-05-Dataset/5k_HRW_Dataset_combined/images/val/06010030.png,3,0,29.77733039855957,29.397254943847656,29.531387329101562,28.55171775817871,0.36240366101264954,0.24781517684459686,0.28338760137557983,0.10639365017414093,,0
06010032.png,/home/ubuntu/SCB-05-Dataset/5k_HRW_Dataset_combined/images/val/06010032.png,3,2,23.73724937438965,24.12303352355957,24.643644332885742,24.40439796447754,0.14503635466098785,0.2133147120475769,0.359020471572876,0.28262844681739807,,0
06010031.png,/home/ubuntu/SCB-05-Dataset/5k_HRW_Dataset_combined/images/val/06010031.png,3,2,26.651817321777344,26.290468215942383,27.31751251220703,26.832775115966797,0.2065713256597519,0.14392562210559845,0.4019553065299988,0.24754776060581207,,0
06010037.png,/home/ubuntu/SCB-05-Dataset/5k_HRW_Dataset_combined/images/val/06010037.png,3,1,29.996055603027344,30.043476104736328,29.458436965942383,29.125869750976562,0.3276997208595276,0.34361374378204346,0.1914217472076416,0.13726478815078735,,0
0800002.png,/home/ubuntu/SCB-05-Dataset/5k_HRW_Dataset_combined/images/val/0800002.png,3,2,29.338016510009766,28.270288467407227,29.890621185302734,27.860191345214844,0.30214259028434753,0.10387321561574936,0.5250554084777832,0.0689287930727005,,0
0800004.png,/home/ubuntu/SCB-05-Dataset/5k_HRW_Dataset_combined/images/val/0800004.png,3,1,29.049182891845703,29.299819946289062,29.177152633666992,28.562414169311523,0.24777181446552277,0.3183480501174927,0.2815972864627838,0.15228283405303955,,0
0800005.png,/home/ubuntu/SCB-05-Dataset/5k_HRW_Dataset_combined/images/val/0800005.png,3,2,29.857444763183594,29.861623764038086,29.888872146606445,28.94251251220703,0.29098036885261536,0.29219889640808105,0.30027034878730774,0.11655037105083466,,0
0800007.png,/home/ubuntu/SCB-05-Dataset/5k_HRW_Dataset_combined/images/val/0800007.png,3,2,27.617517471313477,27.138916015625,27.853404998779297,27.259313583374023,0.27897024154663086,0.17286373674869537,0.3531852066516876,0.19498081505298615,,0
0800009.png,/home/ubuntu/SCB-05-Dataset/5k_HRW_Dataset_combined/images/val/0800009.png,3,2,28.53068733215332,28.383487701416016,28.63936996459961,28.05304527282715,0.2779187262058258,0.23987767100334167,0.309826135635376,0.17237746715545654,,0
0800024.png,/home/ubuntu/SCB-05-Dataset/5k_HRW_Dataset_combined/images/val/0800024.png,3,2,27.894607543945312,26.80356788635254,28.182220458984375,26.38246726989746,0.3460751473903656,0.11623527109622955,0.4614016115665436,0.07628799974918365,,0
0800025.png,/home/ubuntu/SCB-05-Dataset/5k_HRW_Dataset_combined/images/val/0800025.png,3,2,27.427217483520508,26.64120864868164,27.795028686523438,26.823091506958008,0.2901257574558258,0.13219864666461945,0.41910675168037415,0.15856879949569702,,0
0800028.png,/home/ubuntu/SCB-05-Dataset/5k_HRW_Dataset_combined/images/val/0800028.png,3,2,27.10932159423828,26.299509048461914,27.732192993164062,26.34926414489746,0.26477059721946716,0.11780741810798645,0.49360477924346924,0.12381721287965775,,0
0800031.png,/home/ubuntu/SCB-05-Dataset/5k_HRW_Dataset_combined/images/val/0800031.png,3,2,28.791248321533203,28.196245193481445,29.00475311279297,27.520824432373047,0.32570287585258484,0.17964495718479156,0.4032232463359833,0.09142890572547913,,0
0800035.png,/home/ubuntu/SCB-05-Dataset/5k_HRW_Dataset_combined/images/val/0800035.png,3,2,26.753408432006836,26.770273208618164,27.213525772094727,26.116334915161133,0.2421245574951172,0.24624256789684296,0.3835882246494293,0.12804462015628815,,0
0800036.png,/home/ubuntu/SCB-05-Dataset/5k_HRW_Dataset_combined/images/val/0800036.png,3,2,26.94147300720215,26.652509689331055,27.420066833496094,27.004783630371094,0.22582533955574036,0.1691521406173706,0.3644377291202545,0.24058477580547333,,0
1000005.png,/home/ubuntu/SCB-05-Dataset/5k_HRW_Dataset_combined/images/val/1000005.png,3,2,28.276357650756836,28.15633773803711,28.379201889038086,27.225425720214844,0.2989685833454132,0.2651560604572296,0.33135247230529785,0.10452292859554291,,0
1000011.png,/home/ubuntu/SCB-05-Dataset/5k_HRW_Dataset_combined/images/val/1000011.png,3,2,26.325693130493164,25.94471549987793,26.973114013671875,26.74102210998535,0.19574570655822754,0.1337321400642395,0.37399306893348694,0.2965291142463684,,0
1000014.png,/home/ubuntu/SCB-05-Dataset/5k_HRW_Dataset_combined/images/val/1000014.png,3,3,27.520517349243164,27.17266082763672,27.728281021118164,27.756006240844727,0.23794510960578918,0.16803689301013947,0.2928919494152069,0.30112603306770325,,0
1000021.png,/home/ubuntu/SCB-05-Dataset/5k_HRW_Dataset_combined/images/val/1000021.png,3,2,27.84281349182129,27.149951934814453,27.993864059448242,26.82257652282715,0.3307197690010071,0.16540713608264923,0.3846454620361328,0.11922763288021088,,0
1000026.png,/home/ubuntu/SCB-05-Dataset/5k_HRW_Dataset_combined/images/val/1000026.png,3,0,26.9345760345459,26.648616790771484,26.472002029418945,26.056825637817383,0.3575679659843445,0.26863840222358704,0.22514651715755463,0.14864709973335266,,0
1000018.png,/home/ubuntu/SCB-05-Dataset/5k_HRW_Dataset_combined/images/val/1000018.png,3,0,28.642553329467773,28.515275955200195,28.625234603881836,27.632587432861328,0.30983245372772217,0.2728041708469391,0.30451273918151855,0.11285070329904556,,0
1000027.png,/home/ubuntu/SCB-05-Dataset/5k_HRW_Dataset_combined/images/val/1000027.png,2,2,25.12234115600586,25.705068588256836,25.74542808532715,25.5924072265625,0.1598544418811798,0.286285936832428,0.2980765998363495,0.2557830512523651,,0
1000041.png,/home/ubuntu/SCB-05-Dataset/5k_HRW_Dataset_combined/images/val/1000041.png,2,2,28.370820999145508,27.99152183532715,28.670915603637695,28.487131118774414,0.24051924049854279,0.16459713876247406,0.32469773292541504,0.2701858878135681,,0
1000047.png,/home/ubuntu/SCB-05-Dataset/5k_HRW_Dataset_combined/images/val/1000047.png,3,2,26.90343475341797,26.617795944213867,27.402002334594727,26.17041778564453,0.25784143805503845,0.19377659261226654,0.42450010776519775,0.12388177961111069,,0
1000049.png,/home/ubuntu/SCB-05-Dataset/5k_HRW_Dataset_combined/images/val/1000049.png,3,2,27.25103187561035,27.281444549560547,27.417394638061523,26.511648178100586,0.2710549235343933,0.2794250547885895,0.32011622190475464,0.12940378487110138,,0
1000053.png,/home/ubuntu/SCB-05-Dataset/5k_HRW_Dataset_combined/images/val/1000053.png,2,2,29.737600326538086,29.207765579223633,30.040740966796875,29.156553268432617,0.2855413556098938,0.16809885203838348,0.38665294647216797,0.15970683097839355,,0
1119001.png,/home/ubuntu/SCB-05-Dataset/5k_HRW_Dataset_combined/images/val/1119001.png,3,0,28.052600860595703,26.530319213867188,28.031816482543945,26.1113338470459,0.42713767290115356,0.09320718050003052,0.41835150122642517,0.061303649097681046,,0
1119011.png,/home/ubuntu/SCB-05-Dataset/5k_HRW_Dataset_combined/images/val/1119011.png,3,2,27.168333053588867,27.37751579284668,27.462636947631836,27.432418823242188,0.20503979921340942,0.25274646282196045,0.2752027213573456,0.26701101660728455,,0
1119015.png,/home/ubuntu/SCB-05-Dataset/5k_HRW_Dataset_combined/images/val/1119015.png,3,0,27.97309112548828,27.70557975769043,27.933942794799805,26.580577850341797,0.33609604835510254,0.2572081387042999,0.32319268584251404,0.08350309729576111,,0
1119018.png,/home/ubuntu/SCB-05-Dataset/5k_HRW_Dataset_combined/images/val/1119018.png,3,2,28.14032745361328,27.6648006439209,28.186166763305664,26.851377487182617,0.33967116475105286,0.2111251801252365,0.3556038439273834,0.09359978139400482,,0
1119023.png,/home/ubuntu/SCB-05-Dataset/5k_HRW_Dataset_combined/images/val/1119023.png,3,2,30.01202392578125,29.33332633972168,30.150054931640625,29.43093490600586,0.3110828995704651,0.15780527889728546,0.3571266233921051,0.17398522794246674,,0
1119033.png,/home/ubuntu/SCB-05-Dataset/5k_HRW_Dataset_combined/images/val/1119033.png,3,2,26.79564666748047,26.196521759033203,27.51370620727539,26.111042022705078,0.24366280436515808,0.13384205102920532,0.4996185302734375,0.1228766143321991,,0
1119041.png,/home/ubuntu/SCB-05-Dataset/5k_HRW_Dataset_combined/images/val/1119041.png,3,2,25.453414916992188,25.64191246032715,26.13530158996582,26.109516143798828,0.16360443830490112,0.19754159450531006,0.32354503870010376,0.31530892848968506,,0
1119057.png,/home/ubuntu/SCB-05-Dataset/5k_HRW_Dataset_combined/images/val/1119057.png,3,0,29.351564407348633,29.292577743530273,29.29743766784668,28.4261474609375,0.30428457260131836,0.28685495257377625,0.28825244307518005,0.12060809135437012,,0
1119058.png,/home/ubuntu/SCB-05-Dataset/5k_HRW_Dataset_combined/images/val/1119058.png,3,0,29.416311264038086,29.24869728088379,29.308927536010742,28.830921173095703,0.30296146869659424,0.25620850920677185,0.27211421728134155,0.16871577501296997,,0
1119059.png,/home/ubuntu/SCB-05-Dataset/5k_HRW_Dataset_combined/images/val/1119059.png,3,2,24.78720474243164,24.513322830200195,25.431676864624023,24.327896118164062,0.23271383345127106,0.17696069180965424,0.44331544637680054,0.14701004326343536,,0
1120017.png,/home/ubuntu/SCB-05-Dataset/5k_HRW_Dataset_combined/images/val/1120017.png,3,2,29.49588966369629,28.470685958862305,30.34747886657715,28.511125564575195,0.24536150693893433,0.08801691979169846,0.5749723315238953,0.09164923429489136,,0
1120024.png,/home/ubuntu/SCB-05-Dataset/5k_HRW_Dataset_combined/images/val/1120024.png,3,2,25.419267654418945,24.627779006958008,25.968111038208008,24.912803649902344,0.26405835151672363,0.11966323852539062,0.4571508765220642,0.15912754833698273,,0
1120028.png,/home/ubuntu/SCB-05-Dataset/5k_HRW_Dataset_combined/images/val/1120028.png,3,2,25.018173217773438,24.103656768798828,25.522666931152344,24.716115951538086,0.2634245753288269,0.10555694997310638,0.43626976013183594,0.1947486698627472,,0
1120037.png,/home/ubuntu/SCB-05-Dataset/5k_HRW_Dataset_combined/images/val/1120037.png,3,2,27.110830307006836,26.73040008544922,27.340423583984375,25.87297821044922,0.3094383180141449,0.2115219086408615,0.38930070400238037,0.0897391140460968,,0
1120041.png,/home/ubuntu/SCB-05-Dataset/5k_HRW_Dataset_combined/images/val/1120041.png,3,2,26.947975158691406,26.429119110107422,27.42704963684082,26.02809715270996,0.2771351635456085,0.1649511158466339,0.4474566578865051,0.11045710742473602,,0
1120061.png,/home/ubuntu/SCB-05-Dataset/5k_HRW_Dataset_combined/images/val/1120061.png,3,2,27.914396286010742,27.629535675048828,28.34241485595703,27.103248596191406,0.2680475413799286,0.20160366594791412,0.41124242544174194,0.11910634487867355,,0
1120063.png,/home/ubuntu/SCB-05-Dataset/5k_HRW_Dataset_combined/images/val/1120063.png,3,0,28.10118865966797,28.05392837524414,27.616552352905273,27.29569435119629,0.3314960300922394,0.3161938786506653,0.2041754424571991,0.14813463389873505,,0
1120064.png,/home/ubuntu/SCB-05-Dataset/5k_HRW_Dataset_combined/images/val/1120064.png,3,0,28.576385498046875,28.535524368286133,28.425539016723633,27.799230575561523,0.30491021275520325,0.2927023470401764,0.26221659779548645,0.1401709020137787,,0
1121005.png,/home/ubuntu/SCB-05-Dataset/5k_HRW_Dataset_combined/images/val/1121005.png,3,1,27.30742645263672,27.684831619262695,27.170974731445312,26.697063446044922,0.2581246495246887,0.3764735162258148,0.22520042955875397,0.14020134508609772,,0
1121006.png,/home/ubuntu/SCB-05-Dataset/5k_HRW_Dataset_combined/images/val/1121006.png,3,1,28.428951263427734,28.57451057434082,28.56311798095703,28.403860092163086,0.23389126360416412,0.2705388367176056,0.2674741744995117,0.22809568047523499,,0
1121009.png,/home/ubuntu/SCB-05-Dataset/5k_HRW_Dataset_combined/images/val/1121009.png,3,2,28.85303497314453,28.267066955566406,28.863937377929688,27.471771240234375,0.35476216673851013,0.19744884967803955,0.3586511015892029,0.08913783729076385,,0
1121020.png,/home/ubuntu/SCB-05-Dataset/5k_HRW_Dataset_combined/images/val/1121020.png,3,3,27.889156341552734,27.848630905151367,28.097156524658203,28.15229034423828,0.2225932478904724,0.2137528955936432,0.2740597724914551,0.28959405422210693,,0
1121013.png,/home/ubuntu/SCB-05-Dataset/5k_HRW_Dataset_combined/images/val/1121013.png,3,0,26.541412353515625,26.487401962280273,26.310867309570312,25.784751892089844,0.31145334243774414,0.2950778305530548,0.24732530117034912,0.14614351093769073,,0
1121022.png,/home/ubuntu/SCB-05-Dataset/5k_HRW_Dataset_combined/images/val/1121022.png,3,0,29.425256729125977,28.973323822021484,29.341571807861328,28.630374908447266,0.3324741721153259,0.21158552169799805,0.3057834804058075,0.15015684068202972,,0
1121029.png,/home/ubuntu/SCB-05-Dataset/5k_HRW_Dataset_combined/images/val/1121029.png,3,2,27.045562744140625,27.366193771362305,27.597978591918945,27.345905303955078,0.18295705318450928,0.25211426615715027,0.317877858877182,0.24705080687999725,,0
1128007.png,/home/ubuntu/SCB-05-Dataset/5k_HRW_Dataset_combined/images/val/1128007.png,3,2,29.767333984375,29.416114807128906,30.260536193847656,28.84119415283203,0.2675613462924957,0.18831756711006165,0.4381455183029175,0.10597561299800873,,0
1128023.png,/home/ubuntu/SCB-05-Dataset/5k_HRW_Dataset_combined/images/val/1128023.png,3,2,27.808273315429688,27.32956314086914,28.167299270629883,26.688114166259766,0.2960556149482727,0.1834307461977005,0.42393210530281067,0.0965815931558609,,0
1128032.png,/home/ubuntu/SCB-05-Dataset/5k_HRW_Dataset_combined/images/val/1128032.png,3,1,27.248397827148438,27.791696548461914,27.775169372558594,27.142841339111328,0.18814828991889954,0.323930561542511,0.318620890378952,0.16930027306079865,,0
1128026.png,/home/ubuntu/SCB-05-Dataset/5k_HRW_Dataset_combined/images/val/1128026.png,3,2,28.609954833984375,28.339529037475586,29.051837921142578,28.587011337280273,0.23277434706687927,0.17761950194835663,0.3621116280555725,0.227494478225708,,0
1130002.png,/home/ubuntu/SCB-05-Dataset/5k_HRW_Dataset_combined/images/val/1130002.png,3,2,26.533491134643555,25.855510711669922,26.705371856689453,25.90876007080078,0.30954164266586304,0.15713609755039215,0.367591917514801,0.165730282664299,,0
1130014.png,/home/ubuntu/SCB-05-Dataset/5k_HRW_Dataset_combined/images/val/1130014.png,3,0,29.29631805419922,27.992511749267578,29.215530395507812,27.336734771728516,0.4283016324043274,0.1162823736667633,0.3950609266757965,0.060355041176080704,,0
1130021.png,/home/ubuntu/SCB-05-Dataset/5k_HRW_Dataset_combined/images/val/1130021.png,3,2,28.807222366333008,27.66940689086914,29.201984405517578,27.278867721557617,0.33096784353256226,0.1060812920331955,0.49116650223731995,0.0717843547463417,,0
1130030.png,/home/ubuntu/SCB-05-Dataset/5k_HRW_Dataset_combined/images/val/1130030.png,2,1,27.855649948120117,28.32823371887207,28.273212432861328,28.204513549804688,0.18051043152809143,0.289562851190567,0.2740611135959625,0.25586557388305664,,0
1130060.png,/home/ubuntu/SCB-05-Dataset/5k_HRW_Dataset_combined/images/val/1130060.png,3,0,29.5567569732666,29.465669631958008,29.400842666625977,29.18376350402832,0.2892480492591858,0.26406553387641907,0.2474900186061859,0.19919636845588684,,0
1180028.png,/home/ubuntu/SCB-05-Dataset/5k_HRW_Dataset_combined/images/val/1180028.png,3,0,30.3869686126709,30.04066276550293,30.281478881835938,29.142799377441406,0.34538018703460693,0.24428607523441315,0.31080201268196106,0.09953174740076065,,0
1180030.png,/home/ubuntu/SCB-05-Dataset/5k_HRW_Dataset_combined/images/val/1180030.png,3,2,29.539775848388672,29.47554588317871,29.559797286987305,28.74067497253418,0.29344913363456726,0.275193452835083,0.29938361048698425,0.13197380304336548,,0
1180036.png,/home/ubuntu/SCB-05-Dataset/5k_HRW_Dataset_combined/images/val/1180036.png,3,1,27.113365173339844,27.6427059173584,27.56337547302246,26.94655990600586,0.19559882581233978,0.3320901691913605,0.3067632019519806,0.16554787755012512,,0
1180032.png,/home/ubuntu/SCB-05-Dataset/5k_HRW_Dataset_combined/images/val/1180032.png,3,2,28.387248992919922,28.431507110595703,28.479703903198242,27.846891403198242,0.26848122477531433,0.28063052892684937,0.29448726773262024,0.15640100836753845,,0
1180037.png,/home/ubuntu/SCB-05-Dataset/5k_HRW_Dataset_combined/images/val/1180037.png,3,0,25.962167739868164,25.731369018554688,25.923669815063477,25.748056411743164,0.28063151240348816,0.22279316186904907,0.2700330913066864,0.2265421748161316,,0
1180042.png,/home/ubuntu/SCB-05-Dataset/5k_HRW_Dataset_combined/images/val/1180042.png,3,1,24.121450424194336,24.420154571533203,24.263511657714844,23.711929321289062,0.240111842751503,0.3236973285675049,0.2767642140388489,0.15942661464214325,,0
1180047.png,/home/ubuntu/SCB-05-Dataset/5k_HRW_Dataset_combined/images/val/1180047.png,3,1,26.597864151000977,27.134782791137695,26.758119583129883,26.92718505859375,0.18958920240402222,0.3243354558944702,0.22254182398319244,0.2635335326194763,,0
1180048.png,/home/ubuntu/SCB-05-Dataset/5k_HRW_Dataset_combined/images/val/1180048.png,3,2,28.564077377319336,28.60614585876465,28.686063766479492,27.602046966552734,0.281308114528656,0.2933947741985321,0.3178046643733978,0.10749240219593048,,0
1243003.png,/home/ubuntu/SCB-05-Dataset/5k_HRW_Dataset_combined/images/val/1243003.png,3,1,25.294267654418945,25.842090606689453,25.328550338745117,24.98250389099121,0.2223944514989853,0.3846275806427002,0.23015090823173523,0.16282708942890167,,0
1243008.png,/home/ubuntu/SCB-05-Dataset/5k_HRW_Dataset_combined/images/val/1243008.png,3,2,28.552326202392578,28.493562698364258,29.325210571289062,28.417850494384766,0.20067794620990753,0.1892251968383789,0.4346693754196167,0.17542746663093567,,0
1243010.png,/home/ubuntu/SCB-05-Dataset/5k_HRW_Dataset_combined/images/val/1243010.png,2,3,26.427989959716797,27.020973205566406,26.812326431274414,27.31086540222168,0.1493460237979889,0.2702234387397766,0.21933546662330627,0.3610951006412506,,0
1243011.png,/home/ubuntu/SCB-05-Dataset/5k_HRW_Dataset_combined/images/val/1243011.png,3,3,26.582569122314453,27.088659286499023,27.144485473632812,27.58087158203125,0.14032144844532013,0.23276422917842865,0.24612809717655182,0.380786269903183,,0
1243012.png,/home/ubuntu/SCB-05-Dataset/5k_HRW_Dataset_combined/images/val/1243012.png,3,2,27.951478958129883,27.869516372680664,28.95783233642578,28.112464904785156,0.17148005962371826,0.15798567235469818,0.46910202503204346,0.20143219828605652,,0
1243015.png,/home/ubuntu/SCB-05-Dataset/5k_HRW_Dataset_combined/images/val/1243015.png,3,2,27.290523529052734,27.519067764282227,28.299182891845703,28.08045196533203,0.13885165750980377,0.17450445890426636,0.38072049617767334,0.30592337250709534,,0
1243021.png,/home/ubuntu/SCB-05-Dataset/5k_HRW_Dataset_combined/images/val/1243021.png,3,2,27.77783203125,27.539676666259766,28.20184898376465,27.093446731567383,0.26174119114875793,0.20627306401729584,0.39996346831321716,0.13202230632305145,,0
1243028.png,/home/ubuntu/SCB-05-Dataset/5k_HRW_Dataset_combined/images/val/1243028.png,3,1,27.042770385742188,27.22662353515625,27.075233459472656,26.52227210998535,0.2611607611179352,0.3138732612133026,0.26977792382240295,0.15518808364868164,,0
1243032.png,/home/ubuntu/SCB-05-Dataset/5k_HRW_Dataset_combined/images/val/1243032.png,3,1,28.932851791381836,29.1484317779541,29.115665435791016,28.860923767089844,0.22874030470848083,0.28377091884613037,0.27462348341941833,0.21286523342132568,,0
1246027.png,/home/ubuntu/SCB-05-Dataset/5k_HRW_Dataset_combined/images/val/1246027.png,3,2,27.54698371887207,27.11826515197754,27.8922176361084,26.850799560546875,0.2807295322418213,0.18285128474235535,0.396479994058609,0.1399391144514084,,0
1246029.png,/home/ubuntu/SCB-05-Dataset/5k_HRW_Dataset_combined/images/val/1246029.png,3,2,27.87274932861328,26.82110023498535,28.725608825683594,26.471038818359375,0.253685861825943,0.08862798660993576,0.5952349305152893,0.06245124340057373,,0
1246034.png,/home/ubuntu/SCB-05-Dataset/5k_HRW_Dataset_combined/images/val/1246034.png,3,2,26.89385986328125,26.723852157592773,27.101734161376953,25.70810890197754,0.29583755135536194,0.24958579242229462,0.36419329047203064,0.09038329869508743,,0
1246039.png,/home/ubuntu/SCB-05-Dataset/5k_HRW_Dataset_combined/images/val/1246039.png,3,2,28.87522315979004,28.865224838256836,29.094186782836914,27.924591064453125,0.27614134550094604,0.2733941376209259,0.343736857175827,0.1067277044057846,,0
1246048.png,/home/ubuntu/SCB-05-Dataset/5k_HRW_Dataset_combined/images/val/1246048.png,3,2,27.62358856201172,27.471641540527344,28.212961196899414,26.787811279296875,0.24417471885681152,0.2097543478012085,0.44021210074424744,0.10585886985063553,,0
1246040.png,/home/ubuntu/SCB-05-Dataset/5k_HRW_Dataset_combined/images/val/1246040.png,2,1,27.693580627441406,28.073549270629883,27.106082916259766,26.36167335510254,0.3046989440917969,0.445542573928833,0.16932611167430878,0.08043237775564194,,0
1246050.png,/home/ubuntu/SCB-05-Dataset/5k_HRW_Dataset_combined/images/val/1246050.png,3,2,29.031267166137695,28.838930130004883,29.095401763916016,28.68994140625,0.2776164412498474,0.22904154658317566,0.29600462317466736,0.197337344288826,,0
1249003.png,/home/ubuntu/SCB-05-Dataset/5k_HRW_Dataset_combined/images/val/1249003.png,3,2,28.863351821899414,28.680238723754883,29.316463470458984,28.002946853637695,0.2611740231513977,0.21747282147407532,0.4108789265155792,0.11047420650720596,,0
1249010.png,/home/ubuntu/SCB-05-Dataset/5k_HRW_Dataset_combined/images/val/1249010.png,3,3,25.8365535736084,26.17681884765625,26.15060806274414,26.870500564575195,0.1518273502588272,0.2133660763502121,0.2078462541103363,0.4269603192806244,,0
1249012.png,/home/ubuntu/SCB-05-Dataset/5k_HRW_Dataset_combined/images/val/1249012.png,2,2,30.29012680053711,29.891813278198242,30.468114852905273,29.758167266845703,0.2895432710647583,0.19441425800323486,0.3459494709968567,0.17009297013282776,,0
1249022.png,/home/ubuntu/SCB-05-Dataset/5k_HRW_Dataset_combined/images/val/1249022.png,3,0,29.385303497314453,28.703170776367188,29.27826690673828,28.08446502685547,0.37364545464515686,0.18889185786247253,0.3357177674770355,0.10174492001533508,,0
1249023.png,/home/ubuntu/SCB-05-Dataset/5k_HRW_Dataset_combined/images/val/1249023.png,3,0,29.54510498046875,29.095077514648438,29.331666946411133,28.330352783203125,0.36467117071151733,0.23251822590827942,0.29458215832710266,0.1082284078001976,,0
1249042.png,/home/ubuntu/SCB-05-Dataset/5k_HRW_Dataset_combined/images/val/1249042.png,3,2,28.6842041015625,28.396766662597656,28.8719482421875,27.946107864379883,0.2911435663700104,0.21841110289096832,0.35127192735671997,0.13917335867881775,,0
1249043.png,/home/ubuntu/SCB-05-Dataset/5k_HRW_Dataset_combined/images/val/1249043.png,3,2,30.30613136291504,29.42129898071289,30.402368545532227,28.92378044128418,0.3616909384727478,0.1492999941110611,0.3982290029525757,0.09078001230955124,,0
1249052.png,/home/ubuntu/SCB-05-Dataset/5k_HRW_Dataset_combined/images/val/1249052.png,3,2,29.437816619873047,28.98484992980957,29.828935623168945,28.605440139770508,0.2817386984825134,0.17911235988140106,0.41658854484558105,0.12256035208702087,,0
1249063.png,/home/ubuntu/SCB-05-Dataset/5k_HRW_Dataset_combined/images/val/1249063.png,3,3,26.021039962768555,25.984487533569336,26.278596878051758,26.399139404296875,0.21198201179504395,0.20437349379062653,0.27425500750541687,0.30938947200775146,,0
1249054.png,/home/ubuntu/SCB-05-Dataset/5k_HRW_Dataset_combined/images/val/1249054.png,3,2,29.23832893371582,28.852069854736328,29.355653762817383,28.255048751831055,0.314647376537323,0.21383260190486908,0.35381612181663513,0.11770391464233398,,0
1249068.png,/home/ubuntu/SCB-05-Dataset/5k_HRW_Dataset_combined/images/val/1249068.png,3,2,29.446041107177734,29.15654182434082,29.72507095336914,28.194040298461914,0.29793673753738403,0.22304683923721313,0.3938266932964325,0.08518968522548676,,0
1252006.png,/home/ubuntu/SCB-05-Dataset/5k_HRW_Dataset_combined/images/val/1252006.png,3,2,31.207853317260742,30.24333381652832,31.314329147338867,29.557100296020508,0.3723808526992798,0.14193901419639587,0.4142182171344757,0.07146187126636505,,0
1252007.png,/home/ubuntu/SCB-05-Dataset/5k_HRW_Dataset_combined/images/val/1252007.png,2,2,30.74430274963379,29.974729537963867,31.026721954345703,29.20737648010254,0.3328245282173157,0.15416789054870605,0.44143667817115784,0.07157094031572342,,0
1252035.png,/home/ubuntu/SCB-05-Dataset/5k_HRW_Dataset_combined/images/val/1252035.png,3,2,29.856243133544922,29.767641067504883,30.389434814453125,29.34369468688965,0.23704880475997925,0.21694935858249664,0.4040173292160034,0.1419844627380371,,0
1252031.png,/home/ubuntu/SCB-05-Dataset/5k_HRW_Dataset_combined/images/val/1252031.png,3,1,29.273963928222656,29.770484924316406,29.01099967956543,28.67569923400879,0.2524277865886688,0.41473764181137085,0.19405873119831085,0.13877591490745544,,0
1253001.png,/home/ubuntu/SCB-05-Dataset/5k_HRW_Dataset_combined/images/val/1253001.png,3,2,29.258283615112305,28.79751968383789,29.5264835357666,28.32769203186035,0.30005428194999695,0.18927471339702606,0.39235353469848633,0.11831750720739365,,0
1253034.png,/home/ubuntu/SCB-05-Dataset/5k_HRW_Dataset_combined/images/val/1253034.png,3,1,26.804086685180664,27.162221908569336,27.097949981689453,26.36808204650879,0.22630195319652557,0.323760986328125,0.3036068379878998,0.14633019268512726,,0
1253044.png,/home/ubuntu/SCB-05-Dataset/5k_HRW_Dataset_combined/images/val/1253044.png,3,2,28.219451904296875,27.43147087097168,28.648483276367188,27.342754364013672,0.2935403883457184,0.13349102437496185,0.4508103132247925,0.12215831130743027,,0
1253052.png,/home/ubuntu/SCB-05-Dataset/5k_HRW_Dataset_combined/images/val/1253052.png,3,3,24.623271942138672,24.644397735595703,24.991640090942383,25.27080726623535,0.18595828115940094,0.1899285763502121,0.26877927780151367,0.3553338348865509,,0
1254012.png,/home/ubuntu/SCB-05-Dataset/5k_HRW_Dataset_combined/images/val/1254012.png,3,2,27.740848541259766,27.771102905273438,28.4542179107666,27.775278091430664,0.19582493603229523,0.20184002816677094,0.3996504843235016,0.20268449187278748,,0
1254013.png,/home/ubuntu/SCB-05-Dataset/5k_HRW_Dataset_combined/images/val/1254013.png,3,2,28.354698181152344,27.91046714782715,28.786373138427734,27.820926666259766,0.2654251158237457,0.1702217012643814,0.4087107479572296,0.15564242005348206,,0
1254015.png,/home/ubuntu/SCB-05-Dataset/5k_HRW_Dataset_combined/images/val/1254015.png,3,2,28.16954803466797,27.483823776245117,29.134929656982422,27.19089126586914,0.22195929288864136,0.11180651932954788,0.5828183889389038,0.08341576159000397,,0
1254016.png,/home/ubuntu/SCB-05-Dataset/5k_HRW_Dataset_combined/images/val/1254016.png,3,1,28.862911224365234,28.905057907104492,28.68433952331543,28.004074096679688,0.30273985862731934,0.31577202677726746,0.253231018781662,0.12825709581375122,,0
1254026.png,/home/ubuntu/SCB-05-Dataset/5k_HRW_Dataset_combined/images/val/1254026.png,3,2,27.34389877319336,26.79693031311035,27.58823013305664,26.05360221862793,0.319421648979187,0.1848497986793518,0.40782713890075684,0.08790138363838196,,0
1254022.png,/home/ubuntu/SCB-05-Dataset/5k_HRW_Dataset_combined/images/val/1254022.png,3,1,27.466541290283203,27.576217651367188,27.51041603088379,26.73404312133789,0.27461400628089905,0.3064464032649994,0.2869308292865753,0.13200876116752625,,0
1254032.png,/home/ubuntu/SCB-05-Dataset/5k_HRW_Dataset_combined/images/val/1254032.png,3,2,29.563486099243164,29.389339447021484,29.969945907592773,28.615934371948242,0.26814284920692444,0.2252865433692932,0.402614563703537,0.10395604372024536,,0
1255004.png,/home/ubuntu/SCB-05-Dataset/5k_HRW_Dataset_combined/images/val/1255004.png,3,2,26.839750289916992,26.710247039794922,26.94704818725586,26.409175872802734,0.2745794653892517,0.24122676253318787,0.30567991733551025,0.17851385474205017,,0
1255007.png,/home/ubuntu/SCB-05-Dataset/5k_HRW_Dataset_combined/images/val/1255007.png,2,0,29.020427703857422,28.486284255981445,28.847822189331055,28.1530818939209,0.35115987062454224,0.20583978295326233,0.2954903244972229,0.14750997722148895,,0
1255009.png,/home/ubuntu/SCB-05-Dataset/5k_HRW_Dataset_combined/images/val/1255009.png,2,0,30.06351089477539,29.396289825439453,29.928844451904297,29.06157112121582,0.3630678057670593,0.18630191683769226,0.3173239529132843,0.1333063542842865,,0
1256001.png,/home/ubuntu/SCB-05-Dataset/5k_HRW_Dataset_combined/images/val/1256001.png,2,1,27.010679244995117,27.025901794433594,27.011131286621094,26.808849334716797,0.26089054346084595,0.2648923695087433,0.26100850105285645,0.2132086157798767,,0
1256028.png,/home/ubuntu/SCB-05-Dataset/5k_HRW_Dataset_combined/images/val/1256028.png,2,1,29.327234268188477,29.483928680419922,29.12193489074707,28.425216674804688,0.29500335454940796,0.3450472056865692,0.24025176465511322,0.1196976825594902,,0
1256039.png,/home/ubuntu/SCB-05-Dataset/5k_HRW_Dataset_combined/images/val/1256039.png,3,2,29.83930778503418,29.247940063476562,30.17509651184082,28.227027893066406,0.31725427508354187,0.1756223440170288,0.4438525438308716,0.06327078491449356,,0
1256044.png,/home/ubuntu/SCB-05-Dataset/5k_HRW_Dataset_combined/images/val/1256044.png,3,2,28.820491790771484,28.18707847595215,29.641223907470703,28.41249656677246,0.22381770610809326,0.11879730224609375,0.5085502862930298,0.14883476495742798,,0
1256057.png,/home/ubuntu/SCB-05-Dataset/5k_HRW_Dataset_combined/images/val/1256057.png,3,2,27.651309967041016,27.420923233032227,28.237489700317383,27.316627502441406,0.2321854680776596,0.18440784513950348,0.4172627925872803,0.16614384949207306,,0
1256058.png,/home/ubuntu/SCB-05-Dataset/5k_HRW_Dataset_combined/images/val/1256058.png,3,3,25.19368553161621,25.489547729492188,25.672452926635742,25.802391052246094,0.17252030968666077,0.23191644251346588,0.2784622013568878,0.31710103154182434,,0
1257001.png,/home/ubuntu/SCB-05-Dataset/5k_HRW_Dataset_combined/images/val/1257001.png,3,2,23.55841636657715,23.44736671447754,23.99402618408203,23.228668212890625,0.2403901070356369,0.2151237577199936,0.37162038683891296,0.17286568880081177,,0
1257004.png,/home/ubuntu/SCB-05-Dataset/5k_HRW_Dataset_combined/images/val/1257004.png,3,0,30.23741912841797,29.637258529663086,30.13138771057129,28.827486038208008,0.37143245339393616,0.20381370186805725,0.3340650200843811,0.0906888097524643,,0
1257006.png,/home/ubuntu/SCB-05-Dataset/5k_HRW_Dataset_combined/images/val/1257006.png,2,2,29.423702239990234,29.21479606628418,29.67115592956543,28.815725326538086,0.27497586607933044,0.2231350541114807,0.3521781265735626,0.14971095323562622,,0
1257011.png,/home/ubuntu/SCB-05-Dataset/5k_HRW_Dataset_combined/images/val/1257011.png,3,2,29.60943603515625,29.235315322875977,29.843616485595703,29.28961753845215,0.27188339829444885,0.18702691793441772,0.3436259627342224,0.197463721036911,,0
1257016.png,/home/ubuntu/SCB-05-Dataset/5k_HRW_Dataset_combined/images/val/1257016.png,3,2,26.772403717041016,26.59137535095215,27.43170928955078,25.6749324798584,0.2438087910413742,0.20343691110610962,0.4713919460773468,0.08136238902807236,,0
1257020.png,/home/ubuntu/SCB-05-Dataset/5k_HRW_Dataset_combined/images/val/1257020.png,3,2,24.74445152282715,24.245914459228516,26.02606773376465,24.82849884033203,0.15879175066947937,0.09645306318998337,0.5720404982566833,0.17271466553211212,,0
1257022.png,/home/ubuntu/SCB-05-Dataset/5k_HRW_Dataset_combined/images/val/1257022.png,2,2,23.857173919677734,23.47324562072754,24.55550765991211,23.933759689331055,0.20959195494651794,0.14276990294456482,0.4213637113571167,0.22627438604831696,,0
1257028.png,/home/ubuntu/SCB-05-Dataset/5k_HRW_Dataset_combined/images/val/1257028.png,3,2,27.231168746948242,26.848108291625977,27.248823165893555,26.49984359741211,0.3143810033798218,0.2143360823392868,0.31998053193092346,0.15130241215229034,,0
1257033.png,/home/ubuntu/SCB-05-Dataset/5k_HRW_Dataset_combined/images/val/1257033.png,3,0,29.03904914855957,28.72840690612793,29.017433166503906,27.87036895751953,0.3308663070201874,0.24251708388328552,0.3237910568714142,0.1028255745768547,,0
1257031.png,/home/ubuntu/SCB-05-Dataset/5k_HRW_Dataset_combined/images/val/1257031.png,3,2,28.8125,28.347917556762695,29.08173179626465,27.362668991088867,0.3152619004249573,0.19810977578163147,0.4126647710800171,0.07396357506513596,,0
1257034.png,/home/ubuntu/SCB-05-Dataset/5k_HRW_Dataset_combined/images/val/1257034.png,3,0,28.67112159729004,28.600374221801758,28.441116333007812,27.67379379272461,0.32309234142303467,0.30102425813674927,0.2567063868045807,0.11917707324028015,,0
1262004.png,/home/ubuntu/SCB-05-Dataset/5k_HRW_Dataset_combined/images/val/1262004.png,3,2,29.107105255126953,28.49633026123047,29.229991912841797,27.908750534057617,0.33609190583229065,0.18247437477111816,0.3800380527973175,0.1013956293463707,,0
1262011.png,/home/ubuntu/SCB-05-Dataset/5k_HRW_Dataset_combined/images/val/1262011.png,3,0,25.07861328125,25.00588035583496,25.011693954467773,24.258827209472656,0.3025127947330475,0.28129124641418457,0.28293129801750183,0.1332647055387497,,0
1262012.png,/home/ubuntu/SCB-05-Dataset/5k_HRW_Dataset_combined/images/val/1262012.png,3,1,28.571081161499023,28.64498519897461,28.191524505615234,27.22364044189453,0.3310411274433136,0.35643312335014343,0.22648663818836212,0.08603910356760025,,0
1262013.png,/home/ubuntu/SCB-05-Dataset/5k_HRW_Dataset_combined/images/val/1262013.png,3,0,28.625715255737305,28.375553131103516,28.346765518188477,27.121868133544922,0.36264392733573914,0.2823815941810608,0.27436837553977966,0.08060610294342041,,0
1262031.png,/home/ubuntu/SCB-05-Dataset/5k_HRW_Dataset_combined/images/val/1262031.png,2,2,23.923782348632812,24.379716873168945,24.669017791748047,24.49705696105957,0.15483108162879944,0.24426878988742828,0.3262194097042084,0.2746807038784027,,0
1262025.png,/home/ubuntu/SCB-05-Dataset/5k_HRW_Dataset_combined/images/val/1262025.png,2,2,29.788366317749023,29.790925979614258,29.818798065185547,29.25177764892578,0.27638038992881775,0.2770887017250061,0.2849203944206238,0.16161052882671356,,0
1265001.png,/home/ubuntu/SCB-05-Dataset/5k_HRW_Dataset_combined/images/val/1265001.png,3,2,23.020496368408203,23.22860336303711,23.86573028564453,23.315021514892578,0.1694238781929016,0.20861922204494476,0.3945072889328003,0.22744962573051453,,0
1265003.png,/home/ubuntu/SCB-05-Dataset/5k_HRW_Dataset_combined/images/val/1265003.png,2,1,28.351003646850586,28.76252555847168,28.13785743713379,27.909799575805664,0.25249895453453064,0.38104942440986633,0.20402875542640686,0.16242285072803497,,0
1265019.png,/home/ubuntu/SCB-05-Dataset/5k_HRW_Dataset_combined/images/val/1265019.png,3,2,25.98778533935547,25.959712982177734,26.86319923400879,26.403963088989258,0.16982708871364594,0.16512593626976013,0.4075626730918884,0.2574842572212219,,0
1265033.png,/home/ubuntu/SCB-05-Dataset/5k_HRW_Dataset_combined/images/val/1265033.png,3,1,25.84026527404785,26.11241340637207,25.99034881591797,26.0653076171875,0.21154671907424927,0.2777145802974701,0.24580273032188416,0.2649359703063965,,0
1265043.png,/home/ubuntu/SCB-05-Dataset/5k_HRW_Dataset_combined/images/val/1265043.png,3,2,29.1873779296875,28.572834014892578,29.296377182006836,27.773029327392578,0.3449307382106781,0.1865687221288681,0.3846534490585327,0.08384711295366287,,0
1265052.png,/home/ubuntu/SCB-05-Dataset/5k_HRW_Dataset_combined/images/val/1265052.png,3,3,26.764934539794922,26.90431785583496,27.47153663635254,27.633930206298828,0.1524118185043335,0.1752072423696518,0.3089527189731598,0.3634282052516937,,0
1265054.png,/home/ubuntu/SCB-05-Dataset/5k_HRW_Dataset_combined/images/val/1265054.png,3,2,23.704381942749023,23.208778381347656,24.027950286865234,23.556650161743164,0.25947633385658264,0.1580737829208374,0.3586094081401825,0.22384048998355865,,0
1265055.png,/home/ubuntu/SCB-05-Dataset/5k_HRW_Dataset_combined/images/val/1265055.png,3,0,30.401874542236328,29.11033058166504,30.220853805541992,28.706645965576172,0.4361438751220703,0.11987244337797165,0.36392632126808167,0.08005737513303757,,0
1265066.png,/home/ubuntu/SCB-05-Dataset/5k_HRW_Dataset_combined/images/val/1265066.png,3,0,25.16997528076172,24.545223236083984,24.676942825317383,24.043590545654297,0.40479785203933716,0.2167263925075531,0.24723897874355316,0.13123676180839539,,0
1265058.png,/home/ubuntu/SCB-05-Dataset/5k_HRW_Dataset_combined/images/val/1265058.png,3,0,30.703041076660156,29.43216896057129,30.61758804321289,29.23598289489746,0.4116435945034027,0.1155017614364624,0.3779284656047821,0.09492620080709457,,0
1265067.png,/home/ubuntu/SCB-05-Dataset/5k_HRW_Dataset_combined/images/val/1265067.png,3,0,25.194608688354492,24.757389068603516,24.667787551879883,24.143081665039062,0.3867405951023102,0.24976854026317596,0.22836221754550934,0.13512863218784332,,0
1265069.png,/home/ubuntu/SCB-05-Dataset/5k_HRW_Dataset_combined/images/val/1265069.png,3,0,29.494035720825195,29.03504753112793,29.47344207763672,28.571271896362305,0.33234086632728577,0.210013747215271,0.32556673884391785,0.1320786327123642,,0
1265070.png,/home/ubuntu/SCB-05-Dataset/5k_HRW_Dataset_combined/images/val/1265070.png,3,0,29.30006980895996,28.808462142944336,29.163827896118164,28.547725677490234,0.33834826946258545,0.20694811642169952,0.29525336623191833,0.1594502031803131,,0
1265071.png,/home/ubuntu/SCB-05-Dataset/5k_HRW_Dataset_combined/images/val/1265071.png,3,0,29.12417984008789,28.564067840576172,28.839614868164062,28.173490524291992,0.36900898814201355,0.21075765788555145,0.27762076258659363,0.14261257648468018,,0
1265073.png,/home/ubuntu/SCB-05-Dataset/5k_HRW_Dataset_combined/images/val/1265073.png,3,2,26.62763023376465,26.222309112548828,26.99529457092285,25.51387596130371,0.29074469208717346,0.19385771453380585,0.41993916034698486,0.09545847028493881,,0
1265074.png,/home/ubuntu/SCB-05-Dataset/5k_HRW_Dataset_combined/images/val/1265074.png,2,2,28.80483055114746,28.830116271972656,29.06452178955078,28.68851089477539,0.23739838600158691,0.2434777170419693,0.30779406428337097,0.21132980287075043,,0
1265083.png,/home/ubuntu/SCB-05-Dataset/5k_HRW_Dataset_combined/images/val/1265083.png,2,1,27.63351821899414,27.763029098510742,27.258241653442383,26.569015502929688,0.31543058156967163,0.3590455949306488,0.21673206984996796,0.108791783452034,,0
1265099.png,/home/ubuntu/SCB-05-Dataset/5k_HRW_Dataset_combined/images/val/1265099.png,3,0,27.86579132080078,27.858078002929688,27.68466567993164,27.561912536621094,0.28053662180900574,0.2783810794353485,0.23406025767326355,0.20702208578586578,,0
1265106.png,/home/ubuntu/SCB-05-Dataset/5k_HRW_Dataset_combined/images/val/1265106.png,3,2,26.657852172851562,26.38414192199707,27.08973503112793,26.102710723876953,0.25808459520339966,0.1962868869304657,0.3974902033805847,0.14813825488090515,,0
1265109.png,/home/ubuntu/SCB-05-Dataset/5k_HRW_Dataset_combined/images/val/1265109.png,3,2,25.388473510742188,24.714487075805664,25.435792922973633,24.10246467590332,0.3527957499027252,0.17981037497520447,0.36989110708236694,0.09750273078680038,,0
1266010.png,/home/ubuntu/SCB-05-Dataset/5k_HRW_Dataset_combined/images/val/1266010.png,3,3,27.382570266723633,27.621417999267578,27.732622146606445,27.801570892333984,0.1919618844985962,0.24375034868717194,0.2724210023880005,0.2918667495250702,,0
1266011.png,/home/ubuntu/SCB-05-Dataset/5k_HRW_Dataset_combined/images/val/1266011.png,3,2,30.310047149658203,30.282634735107422,30.737733840942383,29.977489471435547,0.23675626516342163,0.23035436868667603,0.3631144165992737,0.16977491974830627,,0
1266002.png,/home/ubuntu/SCB-05-Dataset/5k_HRW_Dataset_combined/images/val/1266002.png,3,0,30.44172477722168,29.800992965698242,30.085289001464844,29.30978012084961,0.3922368884086609,0.20667223632335663,0.2746315002441406,0.12645938992500305,,0
1266015.png,/home/ubuntu/SCB-05-Dataset/5k_HRW_Dataset_combined/images/val/1266015.png,3,2,30.079227447509766,30.183162689208984,30.647838592529297,30.479589462280273,0.18629930913448334,0.20670442283153534,0.32896971702575684,0.2780265510082245,,0
1266028.png,/home/ubuntu/SCB-05-Dataset/5k_HRW_Dataset_combined/images/val/1266028.png,3,3,22.00196075439453,21.971208572387695,22.043184280395508,22.193973541259766,0.23677118122577667,0.22960075736045837,0.24673570692539215,0.2868923246860504,,0
1266051.png,/home/ubuntu/SCB-05-Dataset/5k_HRW_Dataset_combined/images/val/1266051.png,2,0,29.233205795288086,28.02690315246582,28.796688079833984,27.29911231994629,0.47843676805496216,0.14319701492786407,0.3092055916786194,0.06916055083274841,,0
1266045.png,/home/ubuntu/SCB-05-Dataset/5k_HRW_Dataset_combined/images/val/1266045.png,3,2,25.662315368652344,25.609865188598633,26.177846908569336,25.103572845458984,0.23835869133472443,0.22617894411087036,0.3991383910179138,0.1363239735364914,,0
1266056.png,/home/ubuntu/SCB-05-Dataset/5k_HRW_Dataset_combined/images/val/1266056.png,3,2,29.510190963745117,29.25801658630371,29.845535278320312,28.533462524414062,0.2815258502960205,0.21877631545066833,0.3936918377876282,0.10600601136684418,,0
1266053.png,/home/ubuntu/SCB-05-Dataset/5k_HRW_Dataset_combined/images/val/1266053.png,3,1,28.903579711914062,28.98401641845703,28.908300399780273,28.534582138061523,0.2645559012889862,0.28671517968177795,0.26580774784088135,0.1829211264848709,,0
1267008.png,/home/ubuntu/SCB-05-Dataset/5k_HRW_Dataset_combined/images/val/1267008.png,3,2,29.23775291442871,28.19135856628418,29.421377182006836,27.31805419921875,0.37045031785964966,0.13010279834270477,0.44511985778808594,0.05432696267962456,,0
1267014.png,/home/ubuntu/SCB-05-Dataset/5k_HRW_Dataset_combined/images/val/1267014.png,3,2,26.393491744995117,25.97673225402832,27.39173126220703,26.018756866455078,0.19762255251407623,0.13026872277259827,0.5362489223480225,0.13585986196994781,,0
1267002.png,/home/ubuntu/SCB-05-Dataset/5k_HRW_Dataset_combined/images/val/1267002.png,3,2,29.709552764892578,28.55453109741211,30.247037887573242,28.97368621826172,0.2852385342121124,0.08986460417509079,0.48824188113212585,0.13665497303009033,,0
1267010.png,/home/ubuntu/SCB-05-Dataset/5k_HRW_Dataset_combined/images/val/1267010.png,2,2,29.135236740112305,28.181821823120117,29.553747177124023,27.221986770629883,0.3275768756866455,0.12625552713871002,0.4978173077106476,0.048350315541028976,,0
1267059.png,/home/ubuntu/SCB-05-Dataset/5k_HRW_Dataset_combined/images/val/1267059.png,3,2,26.282527923583984,26.419204711914062,26.654104232788086,26.257144927978516,0.21875077486038208,0.25078845024108887,0.3171926438808441,0.21326810121536255,,0
1267080.png,/home/ubuntu/SCB-05-Dataset/5k_HRW_Dataset_combined/images/val/1267080.png,3,2,29.29990577697754,28.63370132446289,29.59143829345703,27.906635284423828,0.32253968715667725,0.16567397117614746,0.43171200156211853,0.08007436245679855,,0
1267063.png,/home/ubuntu/SCB-05-Dataset/5k_HRW_Dataset_combined/images/val/1267063.png,3,2,29.58285903930664,29.17342185974121,29.69424819946289,28.537290573120117,0.3191477060317993,0.21192167699337006,0.35675278306007385,0.11217782646417618,,0
1267112.png,/home/ubuntu/SCB-05-Dataset/5k_HRW_Dataset_combined/images/val/1267112.png,3,1,24.91663360595703,25.767669677734375,25.308990478515625,25.33651351928711,0.1576213836669922,0.3691606819629669,0.23335310816764832,0.23986490070819855,,0
1270008.png,/home/ubuntu/SCB-05-Dataset/5k_HRW_Dataset_combined/images/val/1270008.png,3,1,27.952598571777344,28.50539779663086,27.927112579345703,27.66507339477539,0.2240612506866455,0.38944345712661743,0.21842296421527863,0.16807229816913605,,0
1267128.png,/home/ubuntu/SCB-05-Dataset/5k_HRW_Dataset_combined/images/val/1267128.png,2,2,29.310121536254883,29.00921058654785,29.751115798950195,28.522998809814453,0.26669883728027344,0.1973954439163208,0.4145171344280243,0.12138862907886505,,0
1270011.png,/home/ubuntu/SCB-05-Dataset/5k_HRW_Dataset_combined/images/val/1270011.png,3,2,27.158987045288086,26.958202362060547,27.20846176147461,26.51435661315918,0.29466676712036133,0.24106352031230927,0.309611976146698,0.1546577513217926,,0
1270019.png,/home/ubuntu/SCB-05-Dataset/5k_HRW_Dataset_combined/images/val/1270019.png,3,1,25.744417190551758,26.21967124938965,26.1990909576416,25.187896728515625,0.21020406484603882,0.3380969762802124,0.3312099575996399,0.1204889789223671,,0
1270044.png,/home/ubuntu/SCB-05-Dataset/5k_HRW_Dataset_combined/images/val/1270044.png,3,2,28.47184181213379,28.264469146728516,28.50775146484375,28.378381729125977,0.2659536898136139,0.21614500880241394,0.27567753195762634,0.2422237992286682,,0
1270048.png,/home/ubuntu/SCB-05-Dataset/5k_HRW_Dataset_combined/images/val/1270048.png,3,0,28.224796295166016,28.0396785736084,28.205013275146484,27.79390525817871,0.2889048159122467,0.2400817722082138,0.28324559330940247,0.18776781857013702,,0
1270049.png,/home/ubuntu/SCB-05-Dataset/5k_HRW_Dataset_combined/images/val/1270049.png,3,1,28.550148010253906,28.757465362548828,28.47689437866211,28.485397338867188,0.24407871067523956,0.30030784010887146,0.22683823108673096,0.2287752330303192,,0
1270052.png,/home/ubuntu/SCB-05-Dataset/5k_HRW_Dataset_combined/images/val/1270052.png,3,2,29.249303817749023,28.527307510375977,29.70181655883789,28.492563247680664,0.28350839018821716,0.13772311806678772,0.4457482695579529,0.13302020728588104,,0
1270055.png,/home/ubuntu/SCB-05-Dataset/5k_HRW_Dataset_combined/images/val/1270055.png,2,2,29.131555557250977,28.78929328918457,29.336843490600586,28.12347984313965,0.3027586340904236,0.21500766277313232,0.3717508316040039,0.1104828342795372,,0
1270058.png,/home/ubuntu/SCB-05-Dataset/5k_HRW_Dataset_combined/images/val/1270058.png,3,2,29.87529945373535,29.372596740722656,30.23931312561035,29.069686889648438,0.28646716475486755,0.17328216135501862,0.41225314140319824,0.12799757719039917,,0
1270076.png,/home/ubuntu/SCB-05-Dataset/5k_HRW_Dataset_combined/images/val/1270076.png,3,2,30.046659469604492,29.847124099731445,30.271629333496094,28.805219650268555,0.2975867986679077,0.24375669658184052,0.3726634681224823,0.08599302172660828,,0
1270063.png,/home/ubuntu/SCB-05-Dataset/5k_HRW_Dataset_combined/images/val/1270063.png,3,2,30.27263832092285,30.196290969848633,30.67245864868164,29.31433868408203,0.263047456741333,0.24371197819709778,0.3923501968383789,0.10089040547609329,,0
1270079.png,/home/ubuntu/SCB-05-Dataset/5k_HRW_Dataset_combined/images/val/1270079.png,3,1,29.99528694152832,30.147945404052734,30.102825164794922,28.894441604614258,0.27692776918411255,0.3226006329059601,0.3083682954311371,0.09210335463285446,,0
1270086.png,/home/ubuntu/SCB-05-Dataset/5k_HRW_Dataset_combined/images/val/1270086.png,3,0,28.383695602416992,27.911043167114258,28.118122100830078,27.639570236206055,0.349008172750473,0.21755307912826538,0.2676076292991638,0.16583113372325897,,0
1270095.png,/home/ubuntu/SCB-05-Dataset/5k_HRW_Dataset_combined/images/val/1270095.png,3,2,26.91405487060547,26.681236267089844,26.937557220458984,26.237361907958984,0.3008085787296295,0.23832982778549194,0.30796200037002563,0.15289954841136932,,0
1274007.png,/home/ubuntu/SCB-05-Dataset/5k_HRW_Dataset_combined/images/val/1274007.png,3,2,30.604938507080078,29.88232421875,30.791223526000977,29.141319274902344,0.3422730267047882,0.16616718471050262,0.41235873103141785,0.07920103520154953,,0
1270082.png,/home/ubuntu/SCB-05-Dataset/5k_HRW_Dataset_combined/images/val/1270082.png,3,0,28.613651275634766,28.01903533935547,28.525665283203125,27.80570411682129,0.34325096011161804,0.18939711153507233,0.314340204000473,0.153011754155159,,0
1274010.png,/home/ubuntu/SCB-05-Dataset/5k_HRW_Dataset_combined/images/val/1274010.png,2,2,29.955711364746094,29.560958862304688,30.354387283325195,29.14527702331543,0.2771340608596802,0.18674588203430176,0.4128883481025696,0.12323177605867386,,0
1274029.png,/home/ubuntu/SCB-05-Dataset/5k_HRW_Dataset_combined/images/val/1274029.png,3,2,27.20813751220703,26.554119110107422,27.98554229736328,26.779953002929688,0.23001928627490997,0.11959904432296753,0.5004801750183105,0.14990153908729553,,0
1274033.png,/home/ubuntu/SCB-05-Dataset/5k_HRW_Dataset_combined/images/val/1274033.png,3,1,26.318449020385742,26.421276092529297,25.93666648864746,25.8238468170166,0.29405221343040466,0.3258979618549347,0.20073281228542328,0.17931698262691498,,0
1274047.png,/home/ubuntu/SCB-05-Dataset/5k_HRW_Dataset_combined/images/val/1274047.png,2,1,27.708765029907227,27.728044509887695,27.673307418823242,27.53142738342285,0.2616344392299652,0.2667275369167328,0.25251999497413635,0.21911801397800446,,0
1274032.png,/home/ubuntu/SCB-05-Dataset/5k_HRW_Dataset_combined/images/val/1274032.png,2,1,25.771427154541016,25.913658142089844,25.301542282104492,25.043285369873047,0.30668050050735474,0.3535544276237488,0.1916980892419815,0.14806698262691498,,0
1274051.png,/home/ubuntu/SCB-05-Dataset/5k_HRW_Dataset_combined/images/val/1274051.png,2,2,29.150020599365234,28.564727783203125,29.328886032104492,28.7159481048584,0.2940599024295807,0.1637745350599289,0.35165441036224365,0.19051119685173035,,0
1276007.png,/home/ubuntu/SCB-05-Dataset/5k_HRW_Dataset_combined/images/val/1276007.png,3,2,30.610734939575195,29.973316192626953,31.254514694213867,29.688526153564453,0.2610994875431061,0.13803161680698395,0.4970453679561615,0.10382354259490967,,0
1276009.png,/home/ubuntu/SCB-05-Dataset/5k_HRW_Dataset_combined/images/val/1276009.png,3,2,29.29277992248535,29.230005264282227,29.492170333862305,28.970203399658203,0.2574602961540222,0.241795152425766,0.31427109241485596,0.18647347390651703,,0
1276011.png,/home/ubuntu/SCB-05-Dataset/5k_HRW_Dataset_combined/images/val/1276011.png,3,2,29.195064544677734,29.144886016845703,29.359132766723633,28.654415130615234,0.26941657066345215,0.2562312185764313,0.3174521028995514,0.15690010786056519,,0
1276018.png,/home/ubuntu/SCB-05-Dataset/5k_HRW_Dataset_combined/images/val/1276018.png,3,2,29.429637908935547,29.414901733398438,29.594017028808594,29.013750076293945,0.2615208327770233,0.2576952576637268,0.30824440717697144,0.17253947257995605,,0
1276030.png,/home/ubuntu/SCB-05-Dataset/5k_HRW_Dataset_combined/images/val/1276030.png,2,2,29.546669006347656,29.306089401245117,29.640548706054688,28.74534797668457,0.29999983310699463,0.2358514666557312,0.3295280933380127,0.13462065160274506,,0
1276028.png,/home/ubuntu/SCB-05-Dataset/5k_HRW_Dataset_combined/images/val/1276028.png,3,2,29.142839431762695,29.03828239440918,29.21334457397461,28.531192779541016,0.2843954563140869,0.2561616599559784,0.30517056584358215,0.15427227318286896,,0
1281003.png,/home/ubuntu/SCB-05-Dataset/5k_HRW_Dataset_combined/images/val/1281003.png,3,2,29.483179092407227,28.857370376586914,29.53282928466797,28.511398315429688,0.33736589550971985,0.1804329752922058,0.3545389771461487,0.12766216695308685,,0
1281013.png,/home/ubuntu/SCB-05-Dataset/5k_HRW_Dataset_combined/images/val/1281013.png,2,2,29.769277572631836,29.824066162109375,30.027515411376953,29.186988830566406,0.25578179955482483,0.27018675208091736,0.33114704489707947,0.14288440346717834,,0
1281035.png,/home/ubuntu/SCB-05-Dataset/5k_HRW_Dataset_combined/images/val/1281035.png,3,2,27.485004425048828,26.37424087524414,27.962940216064453,26.439884185791016,0.30361002683639526,0.09998102486133575,0.4896446168422699,0.10676432400941849,,0
1281028.png,/home/ubuntu/SCB-05-Dataset/5k_HRW_Dataset_combined/images/val/1281028.png,3,2,30.931686401367188,30.431730270385742,31.043046951293945,29.665624618530273,0.33263540267944336,0.20176240801811218,0.3718191087245941,0.09378315508365631,,0
1281036.png,/home/ubuntu/SCB-05-Dataset/5k_HRW_Dataset_combined/images/val/1281036.png,3,2,27.227643966674805,26.295228958129883,27.530061721801758,25.60485076904297,0.3396652638912201,0.1336929202079773,0.4596100151538849,0.06703182309865952,,0
1281040.png,/home/ubuntu/SCB-05-Dataset/5k_HRW_Dataset_combined/images/val/1281040.png,3,1,29.558876037597656,29.60718536376953,29.479854583740234,29.020837783813477,0.28110355138778687,0.2950168550014496,0.259745329618454,0.16413426399230957,,0
1281044.png,/home/ubuntu/SCB-05-Dataset/5k_HRW_Dataset_combined/images/val/1281044.png,3,2,28.94211196899414,28.783971786499023,29.294666290283203,28.617361068725586,0.25005412101745605,0.21347872912883759,0.3557512164115906,0.18071594834327698,,0
1281047.png,/home/ubuntu/SCB-05-Dataset/5k_HRW_Dataset_combined/images/val/1281047.png,3,0,30.673843383789062,30.236595153808594,30.52737808227539,29.94854736328125,0.3340294361114502,0.21571992337703705,0.28851982951164246,0.1617307811975479,,0
1281048.png,/home/ubuntu/SCB-05-Dataset/5k_HRW_Dataset_combined/images/val/1281048.png,3,2,30.14506721496582,30.168550491333008,30.547433853149414,29.817459106445312,0.23586207628250122,0.2414664328098297,0.35269859433174133,0.16997291147708893,,0
1283004.png,/home/ubuntu/SCB-05-Dataset/5k_HRW_Dataset_combined/images/val/1283004.png,3,0,26.32852554321289,25.43862533569336,26.298725128173828,24.781890869140625,0.3854605257511139,0.15830738842487335,0.374143123626709,0.08208900690078735,,0
1283015.png,/home/ubuntu/SCB-05-Dataset/5k_HRW_Dataset_combined/images/val/1283015.png,3,2,29.86362648010254,29.228614807128906,30.25226593017578,28.406435012817383,0.30885249376296997,0.16367001831531525,0.4555490016937256,0.0719284936785698,,0
1283016.png,/home/ubuntu/SCB-05-Dataset/5k_HRW_Dataset_combined/images/val/1283016.png,3,2,26.934803009033203,26.5751953125,27.291610717773438,26.446348190307617,0.26735931634902954,0.18660347163677216,0.3819926083087921,0.16404466331005096,,0
1283018.png,/home/ubuntu/SCB-05-Dataset/5k_HRW_Dataset_combined/images/val/1283018.png,3,2,29.09680938720703,28.08715057373047,29.970857620239258,28.019596099853516,0.24381445348262787,0.08883214741945267,0.584324061870575,0.0830293521285057,,0
1283020.png,/home/ubuntu/SCB-05-Dataset/5k_HRW_Dataset_combined/images/val/1283020.png,3,2,28.604232788085938,27.474924087524414,29.219745635986328,27.575387954711914,0.2831833064556122,0.0915408730506897,0.5240605473518372,0.10121525079011917,,0
1283026.png,/home/ubuntu/SCB-05-Dataset/5k_HRW_Dataset_combined/images/val/1283026.png,3,2,26.262914657592773,25.641923904418945,26.542896270751953,25.581031799316406,0.29707252979278564,0.1596502661705017,0.39305830001831055,0.1502189040184021,,0
1283028.png,/home/ubuntu/SCB-05-Dataset/5k_HRW_Dataset_combined/images/val/1283028.png,3,2,28.28177261352539,27.168935775756836,28.686952590942383,27.003032684326172,0.32189682126045227,0.10578346997499466,0.48270756006240845,0.08961216360330582,,0
1283033.png,/home/ubuntu/SCB-05-Dataset/5k_HRW_Dataset_combined/images/val/1283033.png,3,2,27.95424461364746,28.251720428466797,28.284770965576172,27.67825698852539,0.22237156331539154,0.29941344261169434,0.3094745874404907,0.16874048113822937,,0
1283035.png,/home/ubuntu/SCB-05-Dataset/5k_HRW_Dataset_combined/images/val/1283035.png,3,2,26.824670791625977,26.467456817626953,27.22333335876465,26.284223556518555,0.2651154696941376,0.18548081815242767,0.3949772119522095,0.15442650020122528,,0
1283040.png,/home/ubuntu/SCB-05-Dataset/5k_HRW_Dataset_combined/images/val/1283040.png,3,0,26.19258689880371,25.274166107177734,26.017587661743164,25.0340633392334,0.39176416397094727,0.15637223422527313,0.32886943221092224,0.12299411743879318,,0
1283039.png,/home/ubuntu/SCB-05-Dataset/5k_HRW_Dataset_combined/images/val/1283039.png,3,2,30.631053924560547,30.229461669921875,30.73645782470703,29.75548553466797,0.3127894997596741,0.20933550596237183,0.34755897521972656,0.13031597435474396,,0
1283051.png,/home/ubuntu/SCB-05-Dataset/5k_HRW_Dataset_combined/images/val/1283051.png,2,0,27.310401916503906,26.943937301635742,27.012575149536133,26.418563842773438,0.35143059492111206,0.2436048686504364,0.26091259717941284,0.14405196905136108,,0
1283043.png,/home/ubuntu/SCB-05-Dataset/5k_HRW_Dataset_combined/images/val/1283043.png,3,2,25.998943328857422,25.842126846313477,26.00349998474121,25.06049346923828,0.30762967467308044,0.262980580329895,0.30903464555740356,0.12035513669252396,,0
1290003.png,/home/ubuntu/SCB-05-Dataset/5k_HRW_Dataset_combined/images/val/1290003.png,3,1,28.62160873413086,28.841691970825195,28.688461303710938,28.271203994750977,0.2487735003232956,0.3100166618824005,0.26597315073013306,0.1752367615699768,,0
1290006.png,/home/ubuntu/SCB-05-Dataset/5k_HRW_Dataset_combined/images/val/1290006.png,2,0,27.622642517089844,27.26140022277832,27.458280563354492,27.077564239501953,0.3199957609176636,0.22297628223896027,0.2714955508708954,0.1855323761701584,,0
1290007.png,/home/ubuntu/SCB-05-Dataset/5k_HRW_Dataset_combined/images/val/1290007.png,3,0,28.183305740356445,27.788990020751953,27.88996124267578,27.445369720458984,0.34506484866142273,0.2326224446296692,0.257337361574173,0.1649753898382187,,0
1290013.png,/home/ubuntu/SCB-05-Dataset/5k_HRW_Dataset_combined/images/val/1290013.png,3,1,29.00330352783203,29.02276611328125,28.590110778808594,28.309858322143555,0.31436267495155334,0.3205409348011017,0.20796184241771698,0.1571345031261444,,0
1290017.png,/home/ubuntu/SCB-05-Dataset/5k_HRW_Dataset_combined/images/val/1290017.png,3,2,25.85619354248047,24.766305923461914,26.21866226196289,24.673860549926758,0.32470810413360596,0.10918448865413666,0.4665640592575073,0.09954338520765305,,0
1290019.png,/home/ubuntu/SCB-05-Dataset/5k_HRW_Dataset_combined/images/val/1290019.png,3,1,28.200796127319336,28.627168655395508,27.857574462890625,27.936073303222656,0.249464213848114,0.3821021616458893,0.1769901067018509,0.19144348800182343,,0
1292015.png,/home/ubuntu/SCB-05-Dataset/5k_HRW_Dataset_combined/images/val/1292015.png,3,1,28.86248207092285,29.08414077758789,28.583721160888672,28.622509002685547,0.26374679803848267,0.3291943371295929,0.19958269596099854,0.2074761837720871,,0
1292011.png,/home/ubuntu/SCB-05-Dataset/5k_HRW_Dataset_combined/images/val/1292011.png,2,1,28.301780700683594,28.677261352539062,28.389812469482422,28.514873504638672,0.2089771032333374,0.3042060434818268,0.2282077670097351,0.2586090564727783,,0
1292017.png,/home/ubuntu/SCB-05-Dataset/5k_HRW_Dataset_combined/images/val/1292017.png,3,2,28.186405181884766,27.8774356842041,28.988510131835938,27.748628616333008,0.2169242799282074,0.15926648676395416,0.4837911128997803,0.14001810550689697,,0
1294005.png,/home/ubuntu/SCB-05-Dataset/5k_HRW_Dataset_combined/images/val/1294005.png,3,3,24.69077491760254,24.370424270629883,25.498653411865234,25.952207565307617,0.1333419680595398,0.09679220616817474,0.2991052567958832,0.47076064348220825,,0
1294013.png,/home/ubuntu/SCB-05-Dataset/5k_HRW_Dataset_combined/images/val/1294013.png,3,0,26.097566604614258,25.972631454467773,26.067066192626953,25.819704055786133,0.277014821767807,0.24448058009147644,0.26869332790374756,0.2098112851381302,,0
1296001.png,/home/ubuntu/SCB-05-Dataset/5k_HRW_Dataset_combined/images/val/1296001.png,3,2,28.26341438293457,27.614154815673828,28.842967987060547,26.832923889160156,0.2819390892982483,0.14729411900043488,0.5033292770385742,0.06743745505809784,,0
1296002.png,/home/ubuntu/SCB-05-Dataset/5k_HRW_Dataset_combined/images/val/1296002.png,2,2,29.889314651489258,29.7298526763916,30.351184844970703,28.527084350585938,0.27058249711990356,0.23069928586483002,0.42942506074905396,0.06929320096969604,,0
1296008.png,/home/ubuntu/SCB-05-Dataset/5k_HRW_Dataset_combined/images/val/1296008.png,2,2,28.9825382232666,28.477073669433594,29.25872230529785,28.22294807434082,0.29505714774131775,0.17798593640327454,0.38891202211380005,0.13804489374160767,,0
1296009.png,/home/ubuntu/SCB-05-Dataset/5k_HRW_Dataset_combined/images/val/1296009.png,2,2,28.544504165649414,28.232324600219727,28.989490509033203,28.191364288330078,0.2503255605697632,0.18320077657699585,0.3906252384185791,0.17584842443466187,,0
1296013.png,/home/ubuntu/SCB-05-Dataset/5k_HRW_Dataset_combined/images/val/1296013.png,3,2,28.446632385253906,28.130266189575195,28.867250442504883,26.786636352539062,0.29054272174835205,0.21174536645412445,0.44246822595596313,0.05524371191859245,,0
1296015.png,/home/ubuntu/SCB-05-Dataset/5k_HRW_Dataset_combined/images/val/1296015.png,3,2,28.887775421142578,28.55915641784668,29.022878646850586,27.76031494140625,0.31363430619239807,0.22579075396060944,0.3590030372142792,0.10157192498445511,,0
1296026.png,/home/ubuntu/SCB-05-Dataset/5k_HRW_Dataset_combined/images/val/1296026.png,3,2,26.784900665283203,25.97564125061035,27.229196548461914,25.937152862548828,0.29129400849342346,0.12968049943447113,0.45424145460128784,0.12478411942720413,,0
1296028.png,/home/ubuntu/SCB-05-Dataset/5k_HRW_Dataset_combined/images/val/1296028.png,3,3,26.216352462768555,26.346195220947266,26.296606063842773,26.491304397583008,0.2203284651041031,0.25087684392929077,0.2387394905090332,0.29005521535873413,,0
1296033.png,/home/ubuntu/SCB-05-Dataset/5k_HRW_Dataset_combined/images/val/1296033.png,3,2,29.269853591918945,28.97994613647461,29.545778274536133,28.548946380615234,0.2815004587173462,0.21065601706504822,0.37094682455062866,0.13689672946929932,,0
1296032.png,/home/ubuntu/SCB-05-Dataset/5k_HRW_Dataset_combined/images/val/1296032.png,3,2,26.90838623046875,26.347068786621094,27.322038650512695,26.13852882385254,0.28201842308044434,0.16087940335273743,0.42650532722473145,0.1305968463420868,,0
1296036.png,/home/ubuntu/SCB-05-Dataset/5k_HRW_Dataset_combined/images/val/1296036.png,3,2,28.183942794799805,27.94744300842285,28.491735458374023,27.147930145263672,0.28533342480659485,0.22523823380470276,0.3881729543209076,0.1012553721666336,,0
1297001.png,/home/ubuntu/SCB-05-Dataset/5k_HRW_Dataset_combined/images/val/1297001.png,3,2,27.573505401611328,27.146026611328125,28.123733520507812,26.571897506713867,0.2664472758769989,0.1737639158964157,0.4619258642196655,0.09786298871040344,,0
1297003.png,/home/ubuntu/SCB-05-Dataset/5k_HRW_Dataset_combined/images/val/1297003.png,3,2,29.477855682373047,28.981399536132812,29.70195770263672,28.96711540222168,0.28902286291122437,0.17592357099056244,0.3616250157356262,0.1734285056591034,,0
1297004.png,/home/ubuntu/SCB-05-Dataset/5k_HRW_Dataset_combined/images/val/1297004.png,3,2,29.363584518432617,28.986167907714844,29.502307891845703,28.83022689819336,0.2923063039779663,0.20041409134864807,0.3358033299446106,0.17147623002529144,,0
1297011.png,/home/ubuntu/SCB-05-Dataset/5k_HRW_Dataset_combined/images/val/1297011.png,3,0,29.066389083862305,28.552669525146484,29.03640365600586,27.972877502441406,0.34438061714172363,0.20603126287460327,0.3342075049877167,0.11538057029247284,,0
1297016.png,/home/ubuntu/SCB-05-Dataset/5k_HRW_Dataset_combined/images/val/1297016.png,3,1,28.699016571044922,28.95435333251953,28.573305130004883,27.83966064453125,0.2780712842941284,0.35896116495132446,0.2452225238084793,0.11774501949548721,,0
1297030.png,/home/ubuntu/SCB-05-Dataset/5k_HRW_Dataset_combined/images/val/1297030.png,3,2,29.239154815673828,28.78287124633789,29.610183715820312,28.347427368164062,0.286302775144577,0.18141120672225952,0.41491711139678955,0.11736894398927689,,0
1297032.png,/home/ubuntu/SCB-05-Dataset/5k_HRW_Dataset_combined/images/val/1297032.png,3,2,28.44611358642578,28.013301849365234,28.482860565185547,27.619726181030273,0.32012903690338135,0.20766215026378632,0.3321116268634796,0.1400972306728363,,0
1297035.png,/home/ubuntu/SCB-05-Dataset/5k_HRW_Dataset_combined/images/val/1297035.png,3,0,29.594331741333008,29.38345718383789,29.21851348876953,28.71979522705078,0.34321117401123047,0.27795836329460144,0.23569241166114807,0.14313802123069763,,0
1298008.png,/home/ubuntu/SCB-05-Dataset/5k_HRW_Dataset_combined/images/val/1298008.png,3,1,27.233800888061523,27.560073852539062,27.3045597076416,26.636075973510742,0.24942772090435028,0.34565532207489014,0.26771631836891174,0.13720062375068665,,0
1298014.png,/home/ubuntu/SCB-05-Dataset/5k_HRW_Dataset_combined/images/val/1298014.png,3,1,28.16263771057129,28.478992462158203,28.32722282409668,27.571252822875977,0.24363021552562714,0.33428916335105896,0.2872166335582733,0.1348639726638794,,0
1298032.png,/home/ubuntu/SCB-05-Dataset/5k_HRW_Dataset_combined/images/val/1298032.png,3,2,26.78411293029785,26.883691787719727,27.20262908935547,26.235702514648438,0.23796617984771729,0.2628825604915619,0.3616383373737335,0.1375129520893097,,0
1298039.png,/home/ubuntu/SCB-05-Dataset/5k_HRW_Dataset_combined/images/val/1298039.png,3,0,29.428550720214844,28.843650817871094,29.22995948791504,28.089704513549805,0.37890347838401794,0.21111048758029938,0.310657262802124,0.09932877868413925,,0
1298041.png,/home/ubuntu/SCB-05-Dataset/5k_HRW_Dataset_combined/images/val/1298041.png,3,0,26.540952682495117,26.382503509521484,26.393089294433594,25.783283233642578,0.3139941096305847,0.26798340678215027,0.2708353102207184,0.14718714356422424,,0
1298051.png,/home/ubuntu/SCB-05-Dataset/5k_HRW_Dataset_combined/images/val/1298051.png,3,2,25.742773056030273,25.891082763671875,26.279333114624023,25.92192268371582,0.19738715887069702,0.2289438396692276,0.33755454421043396,0.23611444234848022,,0
1298058.png,/home/ubuntu/SCB-05-Dataset/5k_HRW_Dataset_combined/images/val/1298058.png,3,2,24.98073959350586,24.83493995666504,25.249008178710938,24.24519920349121,0.2738769054412842,0.2367202639579773,0.35814836621284485,0.13125452399253845,,0
1298059.png,/home/ubuntu/SCB-05-Dataset/5k_HRW_Dataset_combined/images/val/1298059.png,3,2,27.03463363647461,26.674070358276367,28.23687171936035,27.552587509155273,0.14917737245559692,0.1040189117193222,0.4963960647583008,0.2504076063632965,,0
1301003.png,/home/ubuntu/SCB-05-Dataset/5k_HRW_Dataset_combined/images/val/1301003.png,2,0,29.10759162902832,28.946300506591797,28.786266326904297,28.91124153137207,0.2942945659160614,0.2504577040672302,0.21341869235038757,0.241829052567482,,0
1301006.png,/home/ubuntu/SCB-05-Dataset/5k_HRW_Dataset_combined/images/val/1301006.png,3,2,30.917879104614258,30.16691780090332,30.946460723876953,29.076358795166016,0.376012921333313,0.17744527757167816,0.38691505789756775,0.059626683592796326,,0
1301015.png,/home/ubuntu/SCB-05-Dataset/5k_HRW_Dataset_combined/images/val/1301015.png,3,2,26.002004623413086,26.000335693359375,26.193246841430664,25.84461784362793,0.24609577655792236,0.2456853985786438,0.29796111583709717,0.21025772392749786,,0
1301022.png,/home/ubuntu/SCB-05-Dataset/5k_HRW_Dataset_combined/images/val/1301022.png,3,2,27.3109073638916,26.787158966064453,28.521209716796875,27.138397216796875,0.1727609783411026,0.1023256704211235,0.579526424407959,0.1453869491815567,,0
1302006.png,/home/ubuntu/SCB-05-Dataset/5k_HRW_Dataset_combined/images/val/1302006.png,3,2,28.498363494873047,28.55437469482422,28.885709762573242,27.852705001831055,0.24660953879356384,0.2608166038990021,0.3632722496986389,0.12930160760879517,,0
1302018.png,/home/ubuntu/SCB-05-Dataset/5k_HRW_Dataset_combined/images/val/1302018.png,3,2,29.947376251220703,28.781139373779297,30.520713806152344,28.67771339416504,0.2970319092273712,0.09253644943237305,0.526987612247467,0.08344407379627228,,0
1303003.png,/home/ubuntu/SCB-05-Dataset/5k_HRW_Dataset_combined/images/val/1303003.png,3,2,31.993209838867188,31.162113189697266,32.401161193847656,30.833969116210938,0.3074057400226593,0.13389714062213898,0.46225646138191223,0.09644065052270889,,0
1303006.png,/home/ubuntu/SCB-05-Dataset/5k_HRW_Dataset_combined/images/val/1303006.png,3,2,28.822607040405273,28.740966796875,29.02977180480957,27.928104400634766,0.2808516025543213,0.25883376598358154,0.3454994559288025,0.11481517553329468,,0
1303008.png,/home/ubuntu/SCB-05-Dataset/5k_HRW_Dataset_combined/images/val/1303008.png,3,2,29.14345932006836,28.009584426879883,29.832033157348633,27.830249786376953,0.27920377254486084,0.08984329551458359,0.5558595657348633,0.07509337365627289,,0
1303016.png,/home/ubuntu/SCB-05-Dataset/5k_HRW_Dataset_combined/images/val/1303016.png,3,2,25.068313598632812,24.804216384887695,25.488399505615234,24.223052978515625,0.2688579261302948,0.20645570755004883,0.40922656655311584,0.11545980721712112,,0
1303017.png,/home/ubuntu/SCB-05-Dataset/5k_HRW_Dataset_combined/images/val/1303017.png,3,0,21.779294967651367,21.344772338867188,21.66559600830078,21.328754425048828,0.314724326133728,0.20380721986293793,0.28089985251426697,0.20056866109371185,,0
1303031.png,/home/ubuntu/SCB-05-Dataset/5k_HRW_Dataset_combined/images/val/1303031.png,3,0,26.576623916625977,26.074275970458984,26.208749771118164,25.286909103393555,0.3887024521827698,0.23520706593990326,0.26906150579452515,0.10702894628047943,,0
1304005.png,/home/ubuntu/SCB-05-Dataset/5k_HRW_Dataset_combined/images/val/1304005.png,2,2,28.058116912841797,28.076738357543945,28.46980094909668,26.997079849243164,0.2581144869327545,0.26296597719192505,0.38958701491355896,0.08933257311582565,,0
1304013.png,/home/ubuntu/SCB-05-Dataset/5k_HRW_Dataset_combined/images/val/1304013.png,2,2,29.22988510131836,28.962173461914062,29.570018768310547,28.54095458984375,0.2723032534122467,0.20834693312644958,0.38262292742729187,0.13672694563865662,,0
1304011.png,/home/ubuntu/SCB-05-Dataset/5k_HRW_Dataset_combined/images/val/1304011.png,3,2,25.518131256103516,25.231992721557617,26.171831130981445,25.56856918334961,0.2116164118051529,0.15895748138427734,0.40686240792274475,0.22256365418434143,,0
1304019.png,/home/ubuntu/SCB-05-Dataset/5k_HRW_Dataset_combined/images/val/1304019.png,3,2,28.535240173339844,28.48314666748047,28.953371047973633,28.04497718811035,0.24504850804805756,0.23260986804962158,0.37225794792175293,0.15008370578289032,,0
1304022.png,/home/ubuntu/SCB-05-Dataset/5k_HRW_Dataset_combined/images/val/1304022.png,3,2,28.33799934387207,28.38759422302246,28.391143798828125,27.648651123046875,0.27721330523490906,0.29130831360816956,0.2923441529273987,0.1391342282295227,,0
1305022.png,/home/ubuntu/SCB-05-Dataset/5k_HRW_Dataset_combined/images/val/1305022.png,3,1,28.468692779541016,28.486913681030273,27.976585388183594,27.15974235534668,0.34484803676605225,0.3511890769004822,0.21081827580928802,0.09314464032649994,,0
1307005.png,/home/ubuntu/SCB-05-Dataset/5k_HRW_Dataset_combined/images/val/1307005.png,3,2,26.871517181396484,26.677927017211914,27.760488510131836,26.32227897644043,0.2068675309419632,0.17045792937278748,0.5032313466072083,0.1194431483745575,,0
1305009.png,/home/ubuntu/SCB-05-Dataset/5k_HRW_Dataset_combined/images/val/1305009.png,3,1,27.31861686706543,27.43796157836914,27.430980682373047,26.460243225097656,0.2725145220756531,0.3070579767227173,0.3049219250679016,0.11550552397966385,,0
1309022.png,/home/ubuntu/SCB-05-Dataset/5k_HRW_Dataset_combined/images/val/1309022.png,2,2,27.935516357421875,28.203805923461914,28.44635772705078,28.264793395996094,0.18641477823257446,0.24377942085266113,0.31069618463516235,0.25910961627960205,,0
1309037.png,/home/ubuntu/SCB-05-Dataset/5k_HRW_Dataset_combined/images/val/1309037.png,3,2,27.44607925415039,27.329265594482422,27.769025802612305,26.850723266601562,0.26162198185920715,0.232778400182724,0.36135005950927734,0.14424952864646912,,0
1310003.png,/home/ubuntu/SCB-05-Dataset/5k_HRW_Dataset_combined/images/val/1310003.png,3,2,28.526275634765625,28.20236587524414,28.660541534423828,26.955137252807617,0.3252222239971161,0.23523826897144318,0.37195563316345215,0.06758392602205276,,0
1310004.png,/home/ubuntu/SCB-05-Dataset/5k_HRW_Dataset_combined/images/val/1310004.png,3,2,29.244548797607422,28.901592254638672,29.602128982543945,27.92601203918457,0.2935081422328949,0.20829364657402039,0.41967707872390747,0.07852119952440262,,0
1310007.png,/home/ubuntu/SCB-05-Dataset/5k_HRW_Dataset_combined/images/val/1310007.png,3,1,27.153100967407227,28.002065658569336,27.45395851135254,27.440065383911133,0.16609586775302887,0.38820353150367737,0.22439831495285034,0.22130227088928223,,0
1310012.png,/home/ubuntu/SCB-05-Dataset/5k_HRW_Dataset_combined/images/val/1310012.png,2,1,28.998106002807617,29.739904403686523,28.901708602905273,28.67692756652832,0.2112777829170227,0.4436217248439789,0.19186201691627502,0.1532384753227234,,0
1310017.png,/home/ubuntu/SCB-05-Dataset/5k_HRW_Dataset_combined/images/val/1310017.png,3,1,27.373050689697266,27.925804138183594,27.800395965576172,27.43628692626953,0.18738900125026703,0.32568809390068054,0.2873014211654663,0.19962146878242493,,0
1310023.png,/home/ubuntu/SCB-05-Dataset/5k_HRW_Dataset_combined/images/val/1310023.png,3,0,29.320785522460938,29.206138610839844,29.07012939453125,28.844207763671875,0.3038704991340637,0.27095553278923035,0.2364993542432785,0.18867461383342743,,0
1311017.png,/home/ubuntu/SCB-05-Dataset/5k_HRW_Dataset_combined/images/val/1311017.png,3,2,28.26350975036621,27.668926239013672,29.149734497070312,27.852367401123047,0.21548758447170258,0.11890439689159393,0.5227628946304321,0.14284510910511017,,0
1311023.png,/home/ubuntu/SCB-05-Dataset/5k_HRW_Dataset_combined/images/val/1311023.png,3,2,30.07868194580078,29.75815200805664,30.924236297607422,29.062152862548828,0.226404070854187,0.16431599855422974,0.5273559093475342,0.08192402869462967,,0
1312024.png,/home/ubuntu/SCB-05-Dataset/5k_HRW_Dataset_combined/images/val/1312024.png,3,1,28.220561981201172,28.40961265563965,28.33278465270996,27.71698570251465,0.25437334179878235,0.30730900168418884,0.2845832407474518,0.15373444557189941,,0
1312025.png,/home/ubuntu/SCB-05-Dataset/5k_HRW_Dataset_combined/images/val/1312025.png,3,2,28.851240158081055,28.895187377929688,29.089427947998047,28.144241333007812,0.2626742422580719,0.27447548508644104,0.3333198130130768,0.1295304298400879,,0
1312026.png,/home/ubuntu/SCB-05-Dataset/5k_HRW_Dataset_combined/images/val/1312026.png,3,1,28.082048416137695,28.38243293762207,28.350921630859375,27.50798988342285,0.236848846077919,0.31983545422554016,0.30991417169570923,0.1334015280008316,,0
1312037.png,/home/ubuntu/SCB-05-Dataset/5k_HRW_Dataset_combined/images/val/1312037.png,3,1,29.951271057128906,30.312877655029297,29.570781707763672,29.59864044189453,0.26164329051971436,0.37562400102615356,0.17884020507335663,0.18389251828193665,,0
1313021.png,/home/ubuntu/SCB-05-Dataset/5k_HRW_Dataset_combined/images/val/1313021.png,3,2,27.929492950439453,27.245859146118164,28.497722625732422,26.8606014251709,0.2767547369003296,0.13970007002353668,0.48851069808006287,0.09503451734781265,,0
1313018.png,/home/ubuntu/SCB-05-Dataset/5k_HRW_Dataset_combined/images/val/1313018.png,3,0,29.250690460205078,28.9404354095459,29.18056869506836,29.012371063232422,0.28956204652786255,0.21232424676418304,0.2699529826641083,0.22816070914268494,,0
1313023.png,/home/ubuntu/SCB-05-Dataset/5k_HRW_Dataset_combined/images/val/1313023.png,3,1,28.170421600341797,28.552827835083008,28.008989334106445,27.533924102783203,0.260018914937973,0.3811376392841339,0.22125636041164398,0.1375870555639267,,0
1313024.png,/home/ubuntu/SCB-05-Dataset/5k_HRW_Dataset_combined/images/val/1313024.png,3,1,23.484689712524414,23.94649887084961,23.644372940063477,23.697683334350586,0.20010171830654144,0.3175499141216278,0.23474715650081635,0.2476012259721756,,0
1313032.png,/home/ubuntu/SCB-05-Dataset/5k_HRW_Dataset_combined/images/val/1313032.png,3,1,29.614078521728516,29.82577133178711,29.549705505371094,28.72107696533203,0.27910754084587097,0.34491223096847534,0.2617066204547882,0.11427360028028488,,0
1313036.png,/home/ubuntu/SCB-05-Dataset/5k_HRW_Dataset_combined/images/val/1313036.png,3,2,30.003822326660156,29.843791961669922,30.074649810791016,28.800811767578125,0.31000036001205444,0.26415687799453735,0.33275315165519714,0.09308964759111404,,0
1313038.png,/home/ubuntu/SCB-05-Dataset/5k_HRW_Dataset_combined/images/val/1313038.png,3,1,30.1293888092041,30.156171798706055,30.101091384887695,29.377819061279297,0.28811222314834595,0.2959330081939697,0.2800736427307129,0.13588111102581024,,0
1313039.png,/home/ubuntu/SCB-05-Dataset/5k_HRW_Dataset_combined/images/val/1313039.png,3,2,28.01724624633789,28.411888122558594,28.504905700683594,27.983749389648438,0.1968732327222824,0.29213088750839233,0.32060807943344116,0.19038783013820648,,0
1313041.png,/home/ubuntu/SCB-05-Dataset/5k_HRW_Dataset_combined/images/val/1313041.png,3,2,28.555383682250977,28.589075088500977,28.919769287109375,28.82390022277832,0.20912115275859833,0.2162867784500122,0.3010569214820862,0.27353519201278687,,0
1313047.png,/home/ubuntu/SCB-05-Dataset/5k_HRW_Dataset_combined/images/val/1313047.png,3,2,24.607290267944336,23.93060874938965,25.212055206298828,24.609375,0.230350524187088,0.11708740144968033,0.42173078656196594,0.23083123564720154,,0
1313050.png,/home/ubuntu/SCB-05-Dataset/5k_HRW_Dataset_combined/images/val/1313050.png,3,2,26.147708892822266,25.856164932250977,26.87466049194336,25.64832305908203,0.2261022925376892,0.16892310976982117,0.4677523970603943,0.13722223043441772,,0
1314006.png,/home/ubuntu/SCB-05-Dataset/5k_HRW_Dataset_combined/images/val/1314006.png,3,2,25.601184844970703,25.358692169189453,25.88026237487793,24.530141830444336,0.28991976380348206,0.22749119997024536,0.3832477927207947,0.09934128075838089,,0
1314010.png,/home/ubuntu/SCB-05-Dataset/5k_HRW_Dataset_combined/images/val/1314010.png,3,2,28.657207489013672,28.455415725708008,29.252391815185547,28.02151107788086,0.24037322402000427,0.19644863903522491,0.43588441610336304,0.12729361653327942,,0
1314021.png,/home/ubuntu/SCB-05-Dataset/5k_HRW_Dataset_combined/images/val/1314021.png,3,0,30.48272132873535,29.70171546936035,30.47252655029297,28.752656936645508,0.3809414803981781,0.17445029318332672,0.377077579498291,0.06753063201904297,,0
1314027.png,/home/ubuntu/SCB-05-Dataset/5k_HRW_Dataset_combined/images/val/1314027.png,3,2,24.83563995361328,24.69422149658203,25.320053100585938,24.31979751586914,0.24459770321846008,0.21234160661697388,0.39703643321990967,0.14602422714233398,,0
1314044.png,/home/ubuntu/SCB-05-Dataset/5k_HRW_Dataset_combined/images/val/1314044.png,3,2,26.51357078552246,26.21375274658203,27.539527893066406,26.607805252075195,0.177634596824646,0.13161888718605042,0.49555861949920654,0.19518795609474182,,0
1314052.png,/home/ubuntu/SCB-05-Dataset/5k_HRW_Dataset_combined/images/val/1314052.png,3,2,29.60140037536621,29.59834861755371,29.699033737182617,29.036470413208008,0.27263471484184265,0.27180397510528564,0.3005957007408142,0.1549655646085739,,0
1314046.png,/home/ubuntu/SCB-05-Dataset/5k_HRW_Dataset_combined/images/val/1314046.png,3,2,26.07010269165039,25.804351806640625,27.394163131713867,25.52889633178711,0.1637377142906189,0.12552626430988312,0.6154331564903259,0.09530283510684967,,0
1314054.png,/home/ubuntu/SCB-05-Dataset/5k_HRW_Dataset_combined/images/val/1314054.png,3,2,25.98104476928711,25.775659561157227,27.02464485168457,26.223968505859375,0.16867029666900635,0.13735388219356537,0.4789259433746338,0.21504980325698853,,0
1314055.png,/home/ubuntu/SCB-05-Dataset/5k_HRW_Dataset_combined/images/val/1314055.png,3,2,28.269723892211914,27.391069412231445,29.160863876342773,27.697265625,0.22637824714183807,0.09402425587177277,0.5518891215324402,0.1277083307504654,,0
1315002.png,/home/ubuntu/SCB-05-Dataset/5k_HRW_Dataset_combined/images/val/1315002.png,3,1,28.298961639404297,28.60352325439453,28.560218811035156,27.744457244873047,0.23646537959575653,0.3206542432308197,0.30706486105918884,0.13581551611423492,,0
13160019.png,/home/ubuntu/SCB-05-Dataset/5k_HRW_Dataset_combined/images/val/13160019.png,3,2,29.315683364868164,28.905874252319336,29.445600509643555,28.164249420166016,0.3206470310688019,0.2128380984067917,0.365131676197052,0.10138314962387085,,0
13160017.png,/home/ubuntu/SCB-05-Dataset/5k_HRW_Dataset_combined/images/val/13160017.png,3,2,29.49465560913086,28.723127365112305,29.517879486083984,27.749465942382812,0.3758814036846161,0.17377223074436188,0.38471296429634094,0.06563335657119751,,0
13160025.png,/home/ubuntu/SCB-05-Dataset/5k_HRW_Dataset_combined/images/val/13160025.png,3,2,28.12856101989746,27.4635009765625,28.438013076782227,26.955921173095703,0.31382694840431213,0.16138319671154022,0.42764511704444885,0.0971447229385376,,0
13160037.png,/home/ubuntu/SCB-05-Dataset/5k_HRW_Dataset_combined/images/val/13160037.png,3,2,25.95325469970703,25.34528923034668,26.22213363647461,25.532442092895508,0.28494352102279663,0.15513963997364044,0.37284767627716064,0.18706916272640228,,0
13160042.png,/home/ubuntu/SCB-05-Dataset/5k_HRW_Dataset_combined/images/val/13160042.png,3,2,25.67225456237793,24.89398193359375,26.25087547302246,25.274539947509766,0.255452036857605,0.11730318516492844,0.45561835169792175,0.17162640392780304,,0
1317015.png,/home/ubuntu/SCB-05-Dataset/5k_HRW_Dataset_combined/images/val/1317015.png,3,2,25.16876983642578,24.513267517089844,25.917461395263672,24.505165100097656,0.24105653166770935,0.12515202164649963,0.509649395942688,0.12414208054542542,,0
1317028.png,/home/ubuntu/SCB-05-Dataset/5k_HRW_Dataset_combined/images/val/1317028.png,3,2,28.99113655090332,28.622364044189453,29.589778900146484,29.181617736816406,0.21181678771972656,0.14648884534835815,0.3854317367076874,0.2562626600265503,,0
1317045.png,/home/ubuntu/SCB-05-Dataset/5k_HRW_Dataset_combined/images/val/1317045.png,3,2,28.331851959228516,28.14641571044922,28.381616592407227,26.962751388549805,0.3188672661781311,0.2648963928222656,0.3351370692253113,0.08109930157661438,,0
1318012.png,/home/ubuntu/SCB-05-Dataset/5k_HRW_Dataset_combined/images/val/1318012.png,3,2,23.827701568603516,24.061359405517578,24.394285202026367,23.956363677978516,0.1936950534582138,0.24467797577381134,0.3413364589214325,0.22029051184654236,,0
1318013.png,/home/ubuntu/SCB-05-Dataset/5k_HRW_Dataset_combined/images/val/1318013.png,3,2,26.011987686157227,25.74384880065918,26.67145347595215,26.319608688354492,0.19767743349075317,0.15118402242660522,0.3822605311870575,0.2688779830932617,,0
1318026.png,/home/ubuntu/SCB-05-Dataset/5k_HRW_Dataset_combined/images/val/1318026.png,3,2,28.13381576538086,27.433181762695312,28.45863914489746,26.979307174682617,0.31296268105506897,0.15531416237354279,0.4330734312534332,0.09864971786737442,,0
1319002.png,/home/ubuntu/SCB-05-Dataset/5k_HRW_Dataset_combined/images/val/1319002.png,3,2,27.195560455322266,27.364004135131836,27.49013900756836,27.202451705932617,0.22060751914978027,0.2610805332660675,0.2961789071559906,0.22213304042816162,,0
1319003.png,/home/ubuntu/SCB-05-Dataset/5k_HRW_Dataset_combined/images/val/1319003.png,2,2,27.47640037536621,27.189674377441406,27.77349281311035,27.066617965698242,0.26592549681663513,0.1996348798274994,0.35791969299316406,0.17651993036270142,,0
1319006.png,/home/ubuntu/SCB-05-Dataset/5k_HRW_Dataset_combined/images/val/1319006.png,3,2,28.437700271606445,27.74154281616211,28.6746883392334,27.31304168701172,0.3235526978969574,0.16129010915756226,0.41007912158966064,0.10507805645465851,,0
1319007.png,/home/ubuntu/SCB-05-Dataset/5k_HRW_Dataset_combined/images/val/1319007.png,3,2,29.674158096313477,28.857540130615234,29.868810653686523,28.348966598510742,0.3421652317047119,0.1512109339237213,0.41569268703460693,0.09093111753463745,,0
1319008.png,/home/ubuntu/SCB-05-Dataset/5k_HRW_Dataset_combined/images/val/1319008.png,3,2,28.252399444580078,28.224145889282227,28.84170150756836,27.219802856445312,0.2420748770236969,0.23533113300800323,0.4363956153392792,0.08619831502437592,,0
1319022.png,/home/ubuntu/SCB-05-Dataset/5k_HRW_Dataset_combined/images/val/1319022.png,3,2,28.08074951171875,28.046310424804688,28.243335723876953,27.82737922668457,0.2551751136779785,0.2465367466211319,0.30022624135017395,0.19806194305419922,,0
1319029.png,/home/ubuntu/SCB-05-Dataset/5k_HRW_Dataset_combined/images/val/1319029.png,3,2,26.301416397094727,25.72268295288086,26.656320571899414,25.469911575317383,0.29222288727760315,0.1638224869966507,0.41672271490097046,0.12723198533058167,,0
1320014.png,/home/ubuntu/SCB-05-Dataset/5k_HRW_Dataset_combined/images/val/1320014.png,3,2,28.604930877685547,28.428150177001953,29.093870162963867,28.410709381103516,0.23299026489257812,0.19523735344409943,0.3799106180667877,0.19186179339885712,,0
1320016.png,/home/ubuntu/SCB-05-Dataset/5k_HRW_Dataset_combined/images/val/1320016.png,3,2,27.4149169921875,27.311176300048828,28.056562423706055,27.65643882751465,0.1970735341310501,0.1776537150144577,0.37436163425445557,0.2509111166000366,,0
1320023.png,/home/ubuntu/SCB-05-Dataset/5k_HRW_Dataset_combined/images/val/1320023.png,3,2,26.993370056152344,27.431148529052734,27.54269790649414,27.27658462524414,0.1782931685447693,0.27622276544570923,0.3088195323944092,0.2366645634174347,,0
1320024.png,/home/ubuntu/SCB-05-Dataset/5k_HRW_Dataset_combined/images/val/1320024.png,3,2,26.36844253540039,26.743432998657227,27.107650756835938,26.707977294921875,0.1679670810699463,0.24438829720020294,0.35176950693130493,0.23587515950202942,,0
1320030.png,/home/ubuntu/SCB-05-Dataset/5k_HRW_Dataset_combined/images/val/1320030.png,3,2,27.67111587524414,27.192983627319336,28.67317771911621,27.73963737487793,0.1846805363893509,0.11449088156223297,0.5030498504638672,0.19777874648571014,,0
1320032.png,/home/ubuntu/SCB-05-Dataset/5k_HRW_Dataset_combined/images/val/1320032.png,3,2,27.27399444580078,27.745363235473633,28.016132354736328,27.999370574951172,0.14775162935256958,0.2367255538702011,0.31034067273139954,0.3051821291446686,,0
1320039.png,/home/ubuntu/SCB-05-Dataset/5k_HRW_Dataset_combined/images/val/1320039.png,3,0,29.507583618164062,28.62628173828125,29.21234893798828,28.02964973449707,0.4189870357513428,0.17356254160404205,0.3118759095668793,0.0955745056271553,,0
1320047.png,/home/ubuntu/SCB-05-Dataset/5k_HRW_Dataset_combined/images/val/1320047.png,3,2,27.05678939819336,27.17570686340332,27.44101333618164,27.098134994506836,0.21565838158130646,0.24289105832576752,0.31668877601623535,0.22476179897785187,,0
1320062.png,/home/ubuntu/SCB-05-Dataset/5k_HRW_Dataset_combined/images/val/1320062.png,2,2,27.783382415771484,27.110797882080078,28.417200088500977,26.52011489868164,0.27189362049102783,0.138771191239357,0.5124630331993103,0.07687213271856308,,0
13210004.png,/home/ubuntu/SCB-05-Dataset/5k_HRW_Dataset_combined/images/val/13210004.png,2,2,27.768417358398438,27.50663185119629,28.525348663330078,27.01045036315918,0.2288319617509842,0.17612649500370026,0.4878067076206207,0.10723481327295303,,0
13210005.png,/home/ubuntu/SCB-05-Dataset/5k_HRW_Dataset_combined/images/val/13210005.png,2,2,28.82826042175293,28.606605529785156,29.421579360961914,28.440269470214844,0.23312218487262726,0.1867755949497223,0.4219478368759155,0.15815439820289612,,0
13210012.png,/home/ubuntu/SCB-05-Dataset/5k_HRW_Dataset_combined/images/val/13210012.png,3,2,31.118764877319336,30.351001739501953,31.49620819091797,29.797542572021484,0.3135376572608948,0.14549711346626282,0.45731058716773987,0.08365466445684433,,0
13210018.png,/home/ubuntu/SCB-05-Dataset/5k_HRW_Dataset_combined/images/val/13210018.png,3,2,27.22849464416504,26.75209617614746,27.424734115600586,26.169448852539062,0.3140091300010681,0.1950046867132187,0.38209202885627747,0.10889413952827454,,0
13210031.png,/home/ubuntu/SCB-05-Dataset/5k_HRW_Dataset_combined/images/val/13210031.png,2,2,27.6221923828125,27.746862411499023,28.336576461791992,28.146339416503906,0.1705111265182495,0.19315066933631897,0.3483419716358185,0.2879962623119354,,0
13210038.png,/home/ubuntu/SCB-05-Dataset/5k_HRW_Dataset_combined/images/val/13210038.png,3,2,28.523462295532227,27.775352478027344,29.431766510009766,27.508466720581055,0.23170797526836395,0.10965815931558609,0.5746619701385498,0.08397190272808075,,0
13210039.png,/home/ubuntu/SCB-05-Dataset/5k_HRW_Dataset_combined/images/val/13210039.png,3,2,32.419456481933594,30.905973434448242,33.400840759277344,30.564767837524414,0.247231587767601,0.05442602187395096,0.6596502661705017,0.03869215399026871,,0
13210040.png,/home/ubuntu/SCB-05-Dataset/5k_HRW_Dataset_combined/images/val/13210040.png,3,2,27.46360969543457,27.34158706665039,28.009479522705078,26.685396194458008,0.2456723004579544,0.21745151281356812,0.4240572154521942,0.11281903088092804,,0
1322001.png,/home/ubuntu/SCB-05-Dataset/5k_HRW_Dataset_combined/images/val/1322001.png,3,2,26.08106803894043,25.7146053314209,26.49892807006836,25.60807991027832,0.2607543170452118,0.18075019121170044,0.3960096836090088,0.1624857783317566,,0
1322004.png,/home/ubuntu/SCB-05-Dataset/5k_HRW_Dataset_combined/images/val/1322004.png,3,1,29.56296730041504,29.740264892578125,29.136722564697266,28.883098602294922,0.29818466305732727,0.3560284376144409,0.19470162689685822,0.1510852575302124,,0
1322006.png,/home/ubuntu/SCB-05-Dataset/5k_HRW_Dataset_combined/images/val/1322006.png,2,1,26.652843475341797,27.52276611328125,26.621658325195312,26.714893341064453,0.1845005601644516,0.44035232067108154,0.1788356751203537,0.19631144404411316,,0
1322014.png,/home/ubuntu/SCB-05-Dataset/5k_HRW_Dataset_combined/images/val/1322014.png,2,1,28.427400588989258,28.702848434448242,28.64470863342285,28.19903564453125,0.22958523035049438,0.30239138007164,0.2853117287158966,0.1827116757631302,,0
1322009.png,/home/ubuntu/SCB-05-Dataset/5k_HRW_Dataset_combined/images/val/1322009.png,3,2,28.996976852416992,27.80858039855957,29.779130935668945,27.613338470458984,0.2672688663005829,0.08143935352563858,0.5842968821525574,0.06699491292238235,,0
1322025.png,/home/ubuntu/SCB-05-Dataset/5k_HRW_Dataset_combined/images/val/1322025.png,3,2,29.429378509521484,28.306346893310547,30.18242645263672,27.958328247070312,0.2718544900417328,0.08843212574720383,0.5772727131843567,0.0624406561255455,,0
1322033.png,/home/ubuntu/SCB-05-Dataset/5k_HRW_Dataset_combined/images/val/1322033.png,3,2,28.70171356201172,27.93381118774414,28.88382339477539,27.979963302612305,0.3174973726272583,0.14731411635875702,0.38091617822647095,0.15427230298519135,,0
1322021.png,/home/ubuntu/SCB-05-Dataset/5k_HRW_Dataset_combined/images/val/1322021.png,3,0,29.763042449951172,29.086166381835938,29.562997817993164,28.2106990814209,0.39391055703163147,0.20018616318702698,0.3224923014640808,0.08341102302074432,,0
1325002.png,/home/ubuntu/SCB-05-Dataset/5k_HRW_Dataset_combined/images/val/1325002.png,3,2,28.996047973632812,28.611194610595703,29.37529754638672,28.75533676147461,0.2545950412750244,0.1732647567987442,0.37201112508773804,0.20012915134429932,,0
1325003.png,/home/ubuntu/SCB-05-Dataset/5k_HRW_Dataset_combined/images/val/1325003.png,3,1,27.399290084838867,27.78249740600586,27.746740341186523,27.47763442993164,0.20145325362682343,0.2955283224582672,0.2851477861404419,0.21787068247795105,,0
1325005.png,/home/ubuntu/SCB-05-Dataset/5k_HRW_Dataset_combined/images/val/1325005.png,2,2,28.89239501953125,28.469234466552734,29.05460548400879,28.462797164916992,0.28720349073410034,0.18811066448688507,0.33778223395347595,0.18690361082553864,,0
1325006.png,/home/ubuntu/SCB-05-Dataset/5k_HRW_Dataset_combined/images/val/1325006.png,2,2,29.024940490722656,28.664695739746094,29.231733322143555,28.190248489379883,0.2975091338157654,0.20751428604125977,0.36585521697998047,0.12912137806415558,,0
1325025.png,/home/ubuntu/SCB-05-Dataset/5k_HRW_Dataset_combined/images/val/1325025.png,3,2,30.294736862182617,29.2177791595459,30.732711791992188,28.73464012145996,0.32254818081855774,0.10986966639757156,0.4998096823692322,0.06777245551347733,,0
1325030.png,/home/ubuntu/SCB-05-Dataset/5k_HRW_Dataset_combined/images/val/1325030.png,3,2,28.168128967285156,27.725372314453125,28.573713302612305,28.214519500732422,0.23866774141788483,0.15328755974769592,0.35804426670074463,0.2500004768371582,,0
1325031.png,/home/ubuntu/SCB-05-Dataset/5k_HRW_Dataset_combined/images/val/1325031.png,3,2,28.96647834777832,28.397918701171875,29.71738624572754,28.853713989257812,0.21840620040893555,0.12369228899478912,0.46278589963912964,0.1951156109571457,,0
1325034.png,/home/ubuntu/SCB-05-Dataset/5k_HRW_Dataset_combined/images/val/1325034.png,3,2,29.020601272583008,28.751739501953125,29.4654483795166,29.179161071777344,0.22240398824214935,0.1699719876050949,0.3470061421394348,0.2606178820133209,,0
1325038.png,/home/ubuntu/SCB-05-Dataset/5k_HRW_Dataset_combined/images/val/1325038.png,3,1,28.063995361328125,28.570091247558594,27.854246139526367,28.229198455810547,0.21508970856666565,0.35679131746292114,0.17439205944538116,0.25372686982154846,,0
1325047.png,/home/ubuntu/SCB-05-Dataset/5k_HRW_Dataset_combined/images/val/1325047.png,3,2,28.650123596191406,27.93505096435547,29.02398681640625,27.926916122436523,0.2917417883872986,0.1427074372768402,0.423999547958374,0.14155122637748718,,0
1325053.png,/home/ubuntu/SCB-05-Dataset/5k_HRW_Dataset_combined/images/val/1325053.png,3,2,28.51734161376953,27.661571502685547,28.652393341064453,27.64989471435547,0.33449575304985046,0.14214593172073364,0.38286250829696655,0.14049577713012695,,0
1329015.png,/home/ubuntu/SCB-05-Dataset/5k_HRW_Dataset_combined/images/val/1329015.png,3,2,29.077333450317383,28.67363166809082,29.381635665893555,28.433361053466797,0.28179141879081726,0.18819250166416168,0.3820186257362366,0.1479974091053009,,0
1329024.png,/home/ubuntu/SCB-05-Dataset/5k_HRW_Dataset_combined/images/val/1329024.png,3,2,28.21665382385254,28.219970703125,28.648361206054688,28.106189727783203,0.22529496252536774,0.22604350745677948,0.3469282388687134,0.2017332762479782,,0
1330016.png,/home/ubuntu/SCB-05-Dataset/5k_HRW_Dataset_combined/images/val/1330016.png,3,2,23.088336944580078,23.054651260375977,23.319189071655273,22.97534942626953,0.24273552000522614,0.23469498753547668,0.30576738715171814,0.21680212020874023,,0
1330037.png,/home/ubuntu/SCB-05-Dataset/5k_HRW_Dataset_combined/images/val/1330037.png,3,2,27.737993240356445,27.017122268676758,28.02850914001465,26.871633529663086,0.3082685172557831,0.1499197781085968,0.41219112277030945,0.12962056696414948,,0
1330041.png,/home/ubuntu/SCB-05-Dataset/5k_HRW_Dataset_combined/images/val/1330041.png,2,2,29.67870330810547,29.479717254638672,29.856094360351562,29.3121395111084,0.2697765827178955,0.22109843790531158,0.3221396505832672,0.1869853436946869,,0
1330044.png,/home/ubuntu/SCB-05-Dataset/5k_HRW_Dataset_combined/images/val/1330044.png,3,2,27.8343563079834,27.470218658447266,28.205371856689453,26.94643211364746,0.2812535762786865,0.1954137533903122,0.4075942635536194,0.1157383993268013,,0
1330048.png,/home/ubuntu/SCB-05-Dataset/5k_HRW_Dataset_combined/images/val/1330048.png,3,2,27.324878692626953,27.3219051361084,27.67794418334961,27.35874366760254,0.22447192668914795,0.22380545735359192,0.3195188045501709,0.23220384120941162,,0
1331001.png,/home/ubuntu/SCB-05-Dataset/5k_HRW_Dataset_combined/images/val/1331001.png,3,2,27.637832641601562,26.89492416381836,28.210813522338867,26.477367401123047,0.2806927561759949,0.13353346288204193,0.4978214502334595,0.08795236796140671,,0
1331003.png,/home/ubuntu/SCB-05-Dataset/5k_HRW_Dataset_combined/images/val/1331003.png,3,2,24.668506622314453,24.08489990234375,25.493574142456055,24.421152114868164,0.21641363203525543,0.12073339521884918,0.49386343359947205,0.16898955404758453,,0
1331018.png,/home/ubuntu/SCB-05-Dataset/5k_HRW_Dataset_combined/images/val/1331018.png,3,2,24.101612091064453,24.23644256591797,24.657833099365234,24.238174438476562,0.1986200511455536,0.22728940844535828,0.34640708565711975,0.22768338024616241,,0
1331022.png,/home/ubuntu/SCB-05-Dataset/5k_HRW_Dataset_combined/images/val/1331022.png,3,0,29.07335662841797,28.35182762145996,29.04534339904785,27.679603576660156,0.3694773018360138,0.17956912517547607,0.3592706620693207,0.09168292582035065,,0
1331034.png,/home/ubuntu/SCB-05-Dataset/5k_HRW_Dataset_combined/images/val/1331034.png,2,2,29.78609848022461,29.739511489868164,29.88935661315918,29.334503173828125,0.2702797055244446,0.2579769790172577,0.29968008399009705,0.17206323146820068,,0
1331044.png,/home/ubuntu/SCB-05-Dataset/5k_HRW_Dataset_combined/images/val/1331044.png,3,2,26.986736297607422,26.975351333618164,27.48035430908203,26.566808700561523,0.23342633247375488,0.2307838350534439,0.382406622171402,0.15338313579559326,,0
1332001.png,/home/ubuntu/SCB-05-Dataset/5k_HRW_Dataset_combined/images/val/1332001.png,2,0,29.738807678222656,29.73497772216797,29.670867919921875,29.10793113708496,0.2887987196445465,0.2876947522163391,0.26982948184013367,0.1536770612001419,,0
1332007.png,/home/ubuntu/SCB-05-Dataset/5k_HRW_Dataset_combined/images/val/1332007.png,3,2,29.74603271484375,28.766468048095703,29.972583770751953,28.35433578491211,0.3474159240722656,0.13044582307338715,0.43575218319892883,0.08638601750135422,,0
1332009.png,/home/ubuntu/SCB-05-Dataset/5k_HRW_Dataset_combined/images/val/1332009.png,3,0,30.22943115234375,29.51447296142578,30.1572322845459,28.993913650512695,0.3689706325531006,0.18050508201122284,0.34327030181884766,0.10725396871566772,,0
1332015.png,/home/ubuntu/SCB-05-Dataset/5k_HRW_Dataset_combined/images/val/1332015.png,3,2,28.073963165283203,27.75997543334961,29.380834579467773,27.553821563720703,0.16612505912780762,0.12135901302099228,0.6137651205062866,0.09875078499317169,,0
1332016.png,/home/ubuntu/SCB-05-Dataset/5k_HRW_Dataset_combined/images/val/1332016.png,3,2,30.157936096191406,29.77960205078125,30.79753875732422,29.049264907836914,0.2557069659233093,0.17515969276428223,0.4847506880760193,0.0843825712800026,,0
1332029.png,/home/ubuntu/SCB-05-Dataset/5k_HRW_Dataset_combined/images/val/1332029.png,3,2,30.949474334716797,30.121349334716797,31.43699836730957,29.423404693603516,0.30464252829551697,0.13308846950531006,0.49604323506355286,0.06622575223445892,,0
1332030.png,/home/ubuntu/SCB-05-Dataset/5k_HRW_Dataset_combined/images/val/1332030.png,3,2,30.602819442749023,29.84859275817871,31.202783584594727,29.189210891723633,0.2828301191329956,0.13303598761558533,0.5153315663337708,0.06880234181880951,,0
1332034.png,/home/ubuntu/SCB-05-Dataset/5k_HRW_Dataset_combined/images/val/1332034.png,3,2,27.655550003051758,27.510061264038086,28.088438034057617,27.299236297607422,0.2435130625963211,0.21054130792617798,0.37542495131492615,0.17052073776721954,,0
1332036.png,/home/ubuntu/SCB-05-Dataset/5k_HRW_Dataset_combined/images/val/1332036.png,3,3,28.37356948852539,28.36848258972168,28.584152221679688,28.62505340576172,0.2214714139699936,0.22034768760204315,0.2733837068080902,0.28479722142219543,,0
1332049.png,/home/ubuntu/SCB-05-Dataset/5k_HRW_Dataset_combined/images/val/1332049.png,3,1,28.13202476501465,28.317646026611328,27.937089920043945,27.104324340820312,0.2954486310482025,0.35571011900901794,0.2431211918592453,0.10572003573179245,,0
1332040.png,/home/ubuntu/SCB-05-Dataset/5k_HRW_Dataset_combined/images/val/1332040.png,3,2,25.708740234375,25.11228370666504,26.192054748535156,25.25876808166504,0.262477844953537,0.1445622444152832,0.4255920350551605,0.16736793518066406,,0
1333035.png,/home/ubuntu/SCB-05-Dataset/5k_HRW_Dataset_combined/images/val/1333035.png,3,2,27.710168838500977,27.33705711364746,28.211116790771484,27.339187622070312,0.24820484220981598,0.17091095447540283,0.40960872173309326,0.17127546668052673,,0
1333038.png,/home/ubuntu/SCB-05-Dataset/5k_HRW_Dataset_combined/images/val/1333038.png,3,2,26.454425811767578,26.302629470825195,26.84105110168457,26.300548553466797,0.23874635994434357,0.20512209832668304,0.3514358103275299,0.2046957015991211,,0
1333045.png,/home/ubuntu/SCB-05-Dataset/5k_HRW_Dataset_combined/images/val/1333045.png,3,2,28.782791137695312,28.31231117248535,29.114765167236328,28.045866012573242,0.2859592139720917,0.17863941192626953,0.39854609966278076,0.13685527443885803,,0
1333048.png,/home/ubuntu/SCB-05-Dataset/5k_HRW_Dataset_combined/images/val/1333048.png,3,2,29.047927856445312,28.707569122314453,29.39370346069336,28.4738712310791,0.2711617052555084,0.19293561577796936,0.3831746578216553,0.15272802114486694,,0
1333050.png,/home/ubuntu/SCB-05-Dataset/5k_HRW_Dataset_combined/images/val/1333050.png,3,2,28.06917381286621,27.651203155517578,28.45315933227539,27.511226654052734,0.27035146951675415,0.17799441516399384,0.3969095051288605,0.15474453568458557,,0
1335003.png,/home/ubuntu/SCB-05-Dataset/5k_HRW_Dataset_combined/images/val/1335003.png,2,2,27.3900089263916,27.44411849975586,27.595611572265625,27.231990814208984,0.24168018996715546,0.2551176846027374,0.29684731364250183,0.20635482668876648,,0
1335004.png,/home/ubuntu/SCB-05-Dataset/5k_HRW_Dataset_combined/images/val/1335004.png,3,2,25.314420700073242,25.397357940673828,26.008424758911133,25.454988479614258,0.190871924161911,0.20737731456756592,0.3820710778236389,0.21967965364456177,,0
1335010.png,/home/ubuntu/SCB-05-Dataset/5k_HRW_Dataset_combined/images/val/1335010.png,3,2,26.35768699645996,25.879985809326172,27.040958404541016,26.41970443725586,0.21438369154930115,0.13296236097812653,0.424553781747818,0.22810015082359314,,0
1335017.png,/home/ubuntu/SCB-05-Dataset/5k_HRW_Dataset_combined/images/val/1335017.png,3,0,28.128713607788086,27.63135528564453,27.818546295166016,26.782501220703125,0.384366512298584,0.2337467521429062,0.28186529874801636,0.10002141445875168,,0
1340003.png,/home/ubuntu/SCB-05-Dataset/5k_HRW_Dataset_combined/images/val/1340003.png,3,2,26.613325119018555,26.045063018798828,27.323394775390625,26.569377899169922,0.21941149234771729,0.12429860234260559,0.4463121294975281,0.20997777581214905,,0
1335020.png,/home/ubuntu/SCB-05-Dataset/5k_HRW_Dataset_combined/images/val/1335020.png,3,3,25.99906349182129,26.05780029296875,26.311857223510742,26.755882263183594,0.17988133430480957,0.190763458609581,0.24594086408615112,0.3834143280982971,,0
1340005.png,/home/ubuntu/SCB-05-Dataset/5k_HRW_Dataset_combined/images/val/1340005.png,3,2,29.11904525756836,29.190292358398438,29.233074188232422,28.362491607666016,0.2729322910308838,0.2930874228477478,0.3058983087539673,0.12808194756507874,,0
1340007.png,/home/ubuntu/SCB-05-Dataset/5k_HRW_Dataset_combined/images/val/1340007.png,3,0,28.492238998413086,27.522846221923828,28.450151443481445,26.21629524230957,0.4097018539905548,0.15540537238121033,0.39281636476516724,0.04207635670900345,,0
1340010.png,/home/ubuntu/SCB-05-Dataset/5k_HRW_Dataset_combined/images/val/1340010.png,3,2,29.27339744567871,28.428220748901367,29.450897216796875,27.16000747680664,0.36436018347740173,0.15648597478866577,0.4351290762424469,0.04402479529380798,,0
1340012.png,/home/ubuntu/SCB-05-Dataset/5k_HRW_Dataset_combined/images/val/1340012.png,2,1,28.672992706298828,29.10224723815918,28.747650146484375,28.529054641723633,0.22323578596115112,0.3429151773452759,0.24053992331027985,0.19330909848213196,,0
1340013.png,/home/ubuntu/SCB-05-Dataset/5k_HRW_Dataset_combined/images/val/1340013.png,3,2,30.792856216430664,30.54983901977539,30.974124908447266,29.431798934936523,0.3087005913257599,0.24210092425346375,0.3700508773326874,0.07914760708808899,,0
1340018.png,/home/ubuntu/SCB-05-Dataset/5k_HRW_Dataset_combined/images/val/1340018.png,2,1,28.59433937072754,29.068809509277344,28.46105194091797,28.67665672302246,0.2189057469367981,0.3518170714378357,0.19158926606178284,0.23768793046474457,,0
1340019.png,/home/ubuntu/SCB-05-Dataset/5k_HRW_Dataset_combined/images/val/1340019.png,3,2,28.35308074951172,28.60048484802246,28.918712615966797,28.534189224243164,0.19084692001342773,0.2444169968366623,0.33599740266799927,0.22873863577842712,,0
1358005.png,/home/ubuntu/SCB-05-Dataset/5k_HRW_Dataset_combined/images/val/1358005.png,3,2,27.037817001342773,27.029926300048828,27.09537124633789,26.61236000061035,0.2699161469936371,0.2677946984767914,0.28590670228004456,0.176382377743721,,0
1358006.png,/home/ubuntu/SCB-05-Dataset/5k_HRW_Dataset_combined/images/val/1358006.png,2,0,27.951860427856445,27.849557876586914,27.78424072265625,27.292247772216797,0.30623337626457214,0.2764541506767273,0.2589740455150604,0.15833845734596252,,0
1358011.png,/home/ubuntu/SCB-05-Dataset/5k_HRW_Dataset_combined/images/val/1358011.png,2,2,29.36038589477539,28.94318962097168,29.60551643371582,28.390836715698242,0.301574170589447,0.19870471954345703,0.3853479325771332,0.11437322199344635,,0
1358019.png,/home/ubuntu/SCB-05-Dataset/5k_HRW_Dataset_combined/images/val/1358019.png,3,2,29.98275375366211,28.80213165283203,30.59922218322754,28.876388549804688,0.2865147590637207,0.08798514306545258,0.5307326912879944,0.09476735442876816,,0
1358020.png,/home/ubuntu/SCB-05-Dataset/5k_HRW_Dataset_combined/images/val/1358020.png,3,2,29.49858856201172,29.020490646362305,29.93389320373535,28.742944717407227,0.2750953137874603,0.17054852843284607,0.4251416325569153,0.12921451032161713,,0
1363012.png,/home/ubuntu/SCB-05-Dataset/5k_HRW_Dataset_combined/images/val/1363012.png,2,1,28.116256713867188,28.468994140625,28.308528900146484,28.008630752563477,0.22060827910900116,0.3139162063598633,0.2673773169517517,0.19809816777706146,,0
1363017.png,/home/ubuntu/SCB-05-Dataset/5k_HRW_Dataset_combined/images/val/1363017.png,3,2,29.406288146972656,29.40134620666504,29.537572860717773,29.105905532836914,0.258004754781723,0.25673285126686096,0.2942008674144745,0.19106151163578033,,0
1363018.png,/home/ubuntu/SCB-05-Dataset/5k_HRW_Dataset_combined/images/val/1363018.png,3,0,29.70511245727539,28.922616958618164,29.108854293823242,27.873689651489258,0.461186945438385,0.2108839601278305,0.25405362248420715,0.07387546449899673,,0
1363025.png,/home/ubuntu/SCB-05-Dataset/5k_HRW_Dataset_combined/images/val/1363025.png,3,2,30.628746032714844,30.294233322143555,31.07265281677246,29.975955963134766,0.2635002136230469,0.1885836124420166,0.4107402563095093,0.13717591762542725,,0
1363032.png,/home/ubuntu/SCB-05-Dataset/5k_HRW_Dataset_combined/images/val/1363032.png,3,2,28.955638885498047,28.833723068237305,29.363750457763672,28.755325317382812,0.23766112327575684,0.21038304269313812,0.3574363589286804,0.19451946020126343,,0
1363041.png,/home/ubuntu/SCB-05-Dataset/5k_HRW_Dataset_combined/images/val/1363041.png,3,2,27.282480239868164,26.828611373901367,28.1614933013916,26.519420623779297,0.22173316776752472,0.14083737134933472,0.5340490937232971,0.10338035970926285,,0
1363034.png,/home/ubuntu/SCB-05-Dataset/5k_HRW_Dataset_combined/images/val/1363034.png,3,2,29.32712745666504,29.280593872070312,29.67470932006836,28.92931365966797,0.24740473926067352,0.23615586757659912,0.35023608803749084,0.1662033051252365,,0
1367001.png,/home/ubuntu/SCB-05-Dataset/5k_HRW_Dataset_combined/images/val/1367001.png,2,2,29.686695098876953,29.409563064575195,30.313114166259766,29.144330978393555,0.23751695454120636,0.180027037858963,0.44437023997306824,0.1380857527256012,,0
1367003.png,/home/ubuntu/SCB-05-Dataset/5k_HRW_Dataset_combined/images/val/1367003.png,3,2,29.538175582885742,29.340070724487305,30.164485931396484,29.242658615112305,0.22547271847724915,0.18495163321495056,0.42179083824157715,0.16778479516506195,,0
1367006.png,/home/ubuntu/SCB-05-Dataset/5k_HRW_Dataset_combined/images/val/1367006.png,2,0,31.012746810913086,30.230030059814453,30.698925018310547,29.652149200439453,0.4091119170188904,0.18703055381774902,0.298917293548584,0.1049402505159378,,0
1379041.png,/home/ubuntu/SCB-05-Dataset/5k_HRW_Dataset_combined/images/val/1379041.png,2,1,27.967947006225586,28.460784912109375,28.152164459228516,27.57056999206543,0.22166495025157928,0.36285558342933655,0.26650270819664,0.14897671341896057,,0
1379035.png,/home/ubuntu/SCB-05-Dataset/5k_HRW_Dataset_combined/images/val/1379035.png,2,1,29.060701370239258,29.249494552612305,29.160127639770508,28.68075942993164,0.2502358853816986,0.30223268270492554,0.2763948142528534,0.17113660275936127,,0
1395005.png,/home/ubuntu/SCB-05-Dataset/5k_HRW_Dataset_combined/images/val/1395005.png,2,2,28.09470558166504,27.939611434936523,28.21212387084961,27.547592163085938,0.28093501925468445,0.24057437479496002,0.3159366250038147,0.16255396604537964,,0
1395008.png,/home/ubuntu/SCB-05-Dataset/5k_HRW_Dataset_combined/images/val/1395008.png,2,2,27.369964599609375,26.716487884521484,27.530345916748047,27.155723571777344,0.28560444712638855,0.1485811322927475,0.33528774976730347,0.23052671551704407,,0
1399008.png,/home/ubuntu/SCB-05-Dataset/5k_HRW_Dataset_combined/images/val/1399008.png,2,2,29.41048812866211,29.487428665161133,29.613155364990234,29.426366806030273,0.2314467430114746,0.2499573677778244,0.28344470262527466,0.23515117168426514,,0
1395010.png,/home/ubuntu/SCB-05-Dataset/5k_HRW_Dataset_combined/images/val/1395010.png,2,1,27.15499496459961,28.130903244018555,27.41565704345703,27.620882034301758,0.15279324352741241,0.4054484963417053,0.19829338788986206,0.243464857339859,,0
1399009.png,/home/ubuntu/SCB-05-Dataset/5k_HRW_Dataset_combined/images/val/1399009.png,2,1,29.19168472290039,29.283355712890625,29.05927276611328,28.97575569152832,0.26470595598220825,0.2901188135147095,0.23187711834907532,0.21329806745052338,,0
1399010.png,/home/ubuntu/SCB-05-Dataset/5k_HRW_Dataset_combined/images/val/1399010.png,2,1,27.820903778076172,28.226375579833984,27.935874938964844,27.464570999145508,0.2313695251941681,0.3470565974712372,0.25955983996391296,0.16201409697532654,,0
1399026.png,/home/ubuntu/SCB-05-Dataset/5k_HRW_Dataset_combined/images/val/1399026.png,2,1,27.815637588500977,28.182167053222656,27.583057403564453,27.02404022216797,0.27112576365470886,0.39115825295448303,0.21486341953277588,0.122852623462677,,0
1399027.png,/home/ubuntu/SCB-05-Dataset/5k_HRW_Dataset_combined/images/val/1399027.png,2,0,29.709247589111328,29.27851104736328,29.170440673828125,28.106191635131836,0.41071903705596924,0.26697975397109985,0.2396315336227417,0.08266972750425339,,0
1424001.png,/home/ubuntu/SCB-05-Dataset/5k_HRW_Dataset_combined/images/val/1424001.png,2,2,29.0826473236084,29.07634735107422,29.26275062561035,28.556983947753906,0.26439470052719116,0.2627342641353607,0.3165706396102905,0.1563003957271576,,0
1424002.png,/home/ubuntu/SCB-05-Dataset/5k_HRW_Dataset_combined/images/val/1424002.png,2,2,29.295257568359375,29.246002197265625,29.58989143371582,28.837745666503906,0.2546195089817047,0.2423819750547409,0.34186097979545593,0.16113756597042084,,0
1424036.png,/home/ubuntu/SCB-05-Dataset/5k_HRW_Dataset_combined/images/val/1424036.png,2,1,28.65186309814453,29.238887786865234,28.484949111938477,28.46497917175293,0.22349156439304352,0.40197843313217163,0.18913476169109344,0.18539521098136902,,0
1427005.png,/home/ubuntu/SCB-05-Dataset/5k_HRW_Dataset_combined/images/val/1427005.png,2,1,28.205894470214844,28.535865783691406,28.056276321411133,27.90030288696289,0.25071126222610474,0.34872132539749146,0.21587158739566803,0.18469581007957458,,0
1429002.png,/home/ubuntu/SCB-05-Dataset/5k_HRW_Dataset_combined/images/val/1429002.png,2,2,28.26156234741211,28.31680679321289,28.330791473388672,28.007591247558594,0.2561347484588623,0.2706829309463501,0.2744949460029602,0.1986873745918274,,0
1429021.png,/home/ubuntu/SCB-05-Dataset/5k_HRW_Dataset_combined/images/val/1429021.png,2,1,30.543231964111328,30.678972244262695,30.376779556274414,29.69256591796875,0.29246795177459717,0.33498823642730713,0.2476218342781067,0.12492194771766663,,0
1429022.png,/home/ubuntu/SCB-05-Dataset/5k_HRW_Dataset_combined/images/val/1429022.png,2,2,28.151464462280273,28.403383255004883,29.082128524780273,28.528108596801758,0.15923389792442322,0.20485305786132812,0.4038478434085846,0.23206518590450287,,0
1429024.png,/home/ubuntu/SCB-05-Dataset/5k_HRW_Dataset_combined/images/val/1429024.png,2,0,30.574729919433594,30.07113265991211,30.315160751342773,29.149385452270508,0.38223928213119507,0.23100735247135162,0.29485321044921875,0.09190012514591217,,0
1429026.png,/home/ubuntu/SCB-05-Dataset/5k_HRW_Dataset_combined/images/val/1429026.png,2,1,26.375425338745117,26.91034698486328,26.631610870361328,26.726016998291016,0.18452858924865723,0.31504833698272705,0.23840953409671783,0.2620135247707367,,0
1429029.png,/home/ubuntu/SCB-05-Dataset/5k_HRW_Dataset_combined/images/val/1429029.png,2,1,26.918560028076172,27.321651458740234,26.862272262573242,26.965051651000977,0.22275188565254211,0.33333566784858704,0.21056002378463745,0.23335248231887817,,0
1429033.png,/home/ubuntu/SCB-05-Dataset/5k_HRW_Dataset_combined/images/val/1429033.png,2,2,28.74901008605957,28.616037368774414,29.05433464050293,28.297365188598633,0.25845572352409363,0.22627514600753784,0.35074132680892944,0.1645278036594391,,0
1429035.png,/home/ubuntu/SCB-05-Dataset/5k_HRW_Dataset_combined/images/val/1429035.png,2,2,27.5107421875,27.80664825439453,28.149049758911133,27.60406494140625,0.18742619454860687,0.2519652247428894,0.35484910011291504,0.2057594656944275,,0
1431001.png,/home/ubuntu/SCB-05-Dataset/5k_HRW_Dataset_combined/images/val/1431001.png,2,3,24.397199630737305,24.77315330505371,24.656810760498047,25.02044677734375,0.17800626158714294,0.2592447102069855,0.23077192902565002,0.33197706937789917,,0
1431004.png,/home/ubuntu/SCB-05-Dataset/5k_HRW_Dataset_combined/images/val/1431004.png,2,1,28.39173698425293,28.535444259643555,28.313858032226562,27.664369583129883,0.2806779742240906,0.32405564188957214,0.25964856147766113,0.13561779260635376,,0
1431010.png,/home/ubuntu/SCB-05-Dataset/5k_HRW_Dataset_combined/images/val/1431010.png,2,1,28.20545196533203,28.799760818481445,28.648128509521484,28.601512908935547,0.1708056628704071,0.3094620108604431,0.2659219801425934,0.2538103461265564,,0
1431013.png,/home/ubuntu/SCB-05-Dataset/5k_HRW_Dataset_combined/images/val/1431013.png,2,1,26.901710510253906,27.470937728881836,27.21621322631836,27.428117752075195,0.17154663801193237,0.3031059503555298,0.23494651913642883,0.2904009222984314,,0
1431015.png,/home/ubuntu/SCB-05-Dataset/5k_HRW_Dataset_combined/images/val/1431015.png,2,2,29.01426887512207,29.043071746826172,29.058372497558594,28.759166717529297,0.2597976326942444,0.26738935708999634,0.27151209115982056,0.20130091905593872,,0
1433002.png,/home/ubuntu/SCB-05-Dataset/5k_HRW_Dataset_combined/images/val/1433002.png,2,1,26.57102394104004,27.65900421142578,26.53577995300293,26.919300079345703,0.15747369825839996,0.4674249291419983,0.15202036499977112,0.22308093309402466,,0
1433005.png,/home/ubuntu/SCB-05-Dataset/5k_HRW_Dataset_combined/images/val/1433005.png,2,1,25.900585174560547,27.05220603942871,25.990942001342773,26.370275497436523,0.14582829177379608,0.46130096912384033,0.1596185266971588,0.23325218260288239,,0
1433010.png,/home/ubuntu/SCB-05-Dataset/5k_HRW_Dataset_combined/images/val/1433010.png,2,1,24.95335578918457,25.83155632019043,25.134902954101562,24.972322463989258,0.17778460681438446,0.42785024642944336,0.21317636966705322,0.18118876218795776,,0
1433011.png,/home/ubuntu/SCB-05-Dataset/5k_HRW_Dataset_combined/images/val/1433011.png,2,1,26.427555084228516,27.15826988220215,26.821422576904297,26.561365127563477,0.17536340653896332,0.3641533851623535,0.26001203060150146,0.2004711627960205,,0
1433016.png,/home/ubuntu/SCB-05-Dataset/5k_HRW_Dataset_combined/images/val/1433016.png,2,2,28.163280487060547,28.19247817993164,28.199106216430664,27.685884475708008,0.27125999331474304,0.2792969048023224,0.28115424513816833,0.16828881204128265,,0
2110008.png,/home/ubuntu/SCB-05-Dataset/5k_HRW_Dataset_combined/images/val/2110008.png,3,0,31.111913681030273,30.461671829223633,30.929771423339844,30.070558547973633,0.3692246377468109,0.19270555675029755,0.3077423572540283,0.13032744824886322,,0
2110014.png,/home/ubuntu/SCB-05-Dataset/5k_HRW_Dataset_combined/images/val/2110014.png,2,2,30.898502349853516,29.547685623168945,30.93638038635254,28.70807647705078,0.41502347588539124,0.10750295966863632,0.431045264005661,0.04642830044031143,,0
2110017.png,/home/ubuntu/SCB-05-Dataset/5k_HRW_Dataset_combined/images/val/2110017.png,3,0,30.485952377319336,29.82827377319336,30.447757720947266,29.527271270751953,0.3491648733615875,0.18088574707508087,0.3360801041126251,0.13386918604373932,,0
2110038.png,/home/ubuntu/SCB-05-Dataset/5k_HRW_Dataset_combined/images/val/2110038.png,3,2,24.497661590576172,24.46082305908203,24.793170928955078,23.75924301147461,0.26416510343551636,0.25461068749427795,0.35498785972595215,0.12623631954193115,,0
3000002.png,/home/ubuntu/SCB-05-Dataset/5k_HRW_Dataset_combined/images/val/3000002.png,3,1,26.631338119506836,26.968114852905273,26.773605346679688,26.133411407470703,0.24032104015350342,0.3365519344806671,0.27706244587898254,0.1460646092891693,,0
3000003.png,/home/ubuntu/SCB-05-Dataset/5k_HRW_Dataset_combined/images/val/3000003.png,2,1,29.307519912719727,30.025535583496094,29.006099700927734,28.820301055908203,0.22704258561134338,0.46551916003227234,0.167958602309227,0.1394796520471573,,0
3000009.png,/home/ubuntu/SCB-05-Dataset/5k_HRW_Dataset_combined/images/val/3000009.png,2,1,29.04273796081543,29.708423614501953,28.788846969604492,29.04180908203125,0.21183425188064575,0.4121921956539154,0.16433599591255188,0.21163755655288696,,0
3000008.png,/home/ubuntu/SCB-05-Dataset/5k_HRW_Dataset_combined/images/val/3000008.png,2,1,29.207151412963867,29.704444885253906,29.022571563720703,28.95207977294922,0.23526202142238617,0.386833131313324,0.195609450340271,0.18229538202285767,,0
3000010.png,/home/ubuntu/SCB-05-Dataset/5k_HRW_Dataset_combined/images/val/3000010.png,2,1,30.052587509155273,30.61688232421875,29.67064094543457,29.54452133178711,0.24737799167633057,0.434941828250885,0.16884326934814453,0.1488369256258011,,0
3000014.png,/home/ubuntu/SCB-05-Dataset/5k_HRW_Dataset_combined/images/val/3000014.png,2,1,29.866943359375,30.335430145263672,29.61517906188965,29.37053680419922,0.2510218322277069,0.40102618932724,0.19515138864517212,0.1528005450963974,,0
3000021.png,/home/ubuntu/SCB-05-Dataset/5k_HRW_Dataset_combined/images/val/3000021.png,3,1,26.98458480834961,27.10300064086914,26.75246810913086,26.24609375,0.29442939162254333,0.3314427435398102,0.2334394007921219,0.14068849384784698,,0
3000022.png,/home/ubuntu/SCB-05-Dataset/5k_HRW_Dataset_combined/images/val/3000022.png,3,0,28.574657440185547,28.252187728881836,28.353076934814453,27.303272247314453,0.35637256503105164,0.25814127922058105,0.2855440080165863,0.099942147731781,,0
3000023.png,/home/ubuntu/SCB-05-Dataset/5k_HRW_Dataset_combined/images/val/3000023.png,2,2,30.103534698486328,30.37356185913086,30.377220153808594,29.114288330078125,0.2502090632915497,0.3277738690376282,0.3289751708507538,0.09304194897413254,,0
3000025.png,/home/ubuntu/SCB-05-Dataset/5k_HRW_Dataset_combined/images/val/3000025.png,2,1,28.44407844543457,28.493749618530273,28.422128677368164,28.42314910888672,0.24946968257427216,0.2621740400791168,0.24405355751514435,0.24430270493030548,,0
3000030.png,/home/ubuntu/SCB-05-Dataset/5k_HRW_Dataset_combined/images/val/3000030.png,2,1,29.090408325195312,29.324392318725586,29.23613166809082,28.90216636657715,0.2353542298078537,0.2973993122577667,0.2722756564617157,0.19497078657150269,,0
3000032.png,/home/ubuntu/SCB-05-Dataset/5k_HRW_Dataset_combined/images/val/3000032.png,2,1,21.201370239257812,23.08902359008789,21.031497955322266,22.09380340576172,0.09183842688798904,0.606487512588501,0.07749074697494507,0.22418329119682312,,0
3000035.png,/home/ubuntu/SCB-05-Dataset/5k_HRW_Dataset_combined/images/val/3000035.png,2,1,29.903579711914062,30.259429931640625,29.9406681060791,29.6299991607666,0.23663993179798126,0.33777835965156555,0.24558131396770477,0.1800004094839096,,0
3000039.png,/home/ubuntu/SCB-05-Dataset/5k_HRW_Dataset_combined/images/val/3000039.png,2,1,22.839754104614258,24.343650817871094,23.02785301208496,23.453256607055664,0.11691765487194061,0.5260343551635742,0.14111408591270447,0.2159339040517807,,0
3000056.png,/home/ubuntu/SCB-05-Dataset/5k_HRW_Dataset_combined/images/val/3000056.png,2,1,24.541168212890625,25.222332000732422,24.346309661865234,24.084999084472656,0.2255893051624298,0.44580426812171936,0.18564897775650024,0.14295746386051178,,0
3000068.png,/home/ubuntu/SCB-05-Dataset/5k_HRW_Dataset_combined/images/val/3000068.png,2,2,29.144939422607422,28.893529891967773,29.71428108215332,28.565696716308594,0.24359764158725739,0.189446821808815,0.4304622411727905,0.1364932656288147,,0
3000080.png,/home/ubuntu/SCB-05-Dataset/5k_HRW_Dataset_combined/images/val/3000080.png,3,0,30.740398406982422,30.20122718811035,30.701324462890625,29.110876083374023,0.3648390769958496,0.21278563141822815,0.35085833072662354,0.07151691615581512,,0
3000082.png,/home/ubuntu/SCB-05-Dataset/5k_HRW_Dataset_combined/images/val/3000082.png,2,0,28.344709396362305,28.310293197631836,28.086509704589844,26.67597198486328,0.3416356146335602,0.3300778865814209,0.26389336585998535,0.06439315527677536,,0
3000084.png,/home/ubuntu/SCB-05-Dataset/5k_HRW_Dataset_combined/images/val/3000084.png,3,1,29.707622528076172,30.001842498779297,29.707304000854492,29.075695037841797,0.2581759989261627,0.34649258852005005,0.25809377431869507,0.13723763823509216,,0
3000087.png,/home/ubuntu/SCB-05-Dataset/5k_HRW_Dataset_combined/images/val/3000087.png,2,1,26.836400985717773,27.141576766967773,26.80777931213379,26.511043548583984,0.246857687830925,0.3349522054195404,0.2398923933506012,0.17829769849777222,,0
3000090.png,/home/ubuntu/SCB-05-Dataset/5k_HRW_Dataset_combined/images/val/3000090.png,2,1,27.591053009033203,28.61443519592285,27.573686599731445,27.670196533203125,0.1710064560174942,0.47584080696105957,0.16806229948997498,0.18509046733379364,,0
3000102.png,/home/ubuntu/SCB-05-Dataset/5k_HRW_Dataset_combined/images/val/3000102.png,2,0,29.534482955932617,29.42881965637207,29.426162719726562,28.605091094970703,0.3132967948913574,0.28188174962997437,0.2811338007450104,0.12368761748075485,,0
3000105.png,/home/ubuntu/SCB-05-Dataset/5k_HRW_Dataset_combined/images/val/3000105.png,2,2,30.207454681396484,30.1086483001709,30.64500617980957,30.122106552124023,0.22867490351200104,0.20716069638729095,0.35419684648513794,0.20996759831905365,,0
3000108.png,/home/ubuntu/SCB-05-Dataset/5k_HRW_Dataset_combined/images/val/3000108.png,2,0,29.404979705810547,29.32136344909668,29.2265625,28.575321197509766,0.31322672963142395,0.2881009578704834,0.26204338669776917,0.13662894070148468,,0
3000112.png,/home/ubuntu/SCB-05-Dataset/5k_HRW_Dataset_combined/images/val/3000112.png,2,2,29.982131958007812,29.833572387695312,30.059925079345703,29.719602584838867,0.26940006017684937,0.23220904171466827,0.29119426012039185,0.20719662308692932,,0
3000115.png,/home/ubuntu/SCB-05-Dataset/5k_HRW_Dataset_combined/images/val/3000115.png,2,1,27.213817596435547,27.80844497680664,27.329439163208008,26.870826721191406,0.2153051197528839,0.3902094066143036,0.24169528484344482,0.1527901291847229,,0
3000125.png,/home/ubuntu/SCB-05-Dataset/5k_HRW_Dataset_combined/images/val/3000125.png,2,1,28.461435317993164,29.239543914794922,28.386837005615234,28.524749755859375,0.19339260458946228,0.42108339071273804,0.1794908195734024,0.20603309571743011,,0
3000128.png,/home/ubuntu/SCB-05-Dataset/5k_HRW_Dataset_combined/images/val/3000128.png,2,1,28.051883697509766,28.794464111328125,27.962997436523438,28.24626922607422,0.19117295742034912,0.4017214775085449,0.17491364479064941,0.23219190537929535,,0
3000136.png,/home/ubuntu/SCB-05-Dataset/5k_HRW_Dataset_combined/images/val/3000136.png,2,0,29.64088249206543,29.561439514160156,29.36313247680664,28.723318099975586,0.32461127638816833,0.2998209595680237,0.24588856101036072,0.12967924773693085,,0
3000141.png,/home/ubuntu/SCB-05-Dataset/5k_HRW_Dataset_combined/images/val/3000141.png,2,1,29.87978172302246,30.10639190673828,29.48858070373535,28.98542594909668,0.29944995045661926,0.3756122887134552,0.2025012969970703,0.12243638187646866,,0
3000147.png,/home/ubuntu/SCB-05-Dataset/5k_HRW_Dataset_combined/images/val/3000147.png,2,2,30.517383575439453,30.517181396484375,31.039854049682617,30.354049682617188,0.2204928994178772,0.2204483151435852,0.3717925250530243,0.1872662901878357,,0
3000170.png,/home/ubuntu/SCB-05-Dataset/5k_HRW_Dataset_combined/images/val/3000170.png,2,1,29.619625091552734,29.90477752685547,29.830745697021484,29.0745906829834,0.24126340448856354,0.3208718001842499,0.297975093126297,0.13988979160785675,,0
3000184.png,/home/ubuntu/SCB-05-Dataset/5k_HRW_Dataset_combined/images/val/3000184.png,2,1,29.04813575744629,29.638368606567383,29.19550323486328,28.574609756469727,0.21805541217327118,0.3934610188007355,0.25267818570137024,0.1358054280281067,,0
3000187.png,/home/ubuntu/SCB-05-Dataset/5k_HRW_Dataset_combined/images/val/3000187.png,2,2,29.296672821044922,29.638784408569336,29.923242568969727,29.559654235839844,0.17921464145183563,0.2523193955421448,0.33534303307533264,0.23312287032604218,,0
3000188.png,/home/ubuntu/SCB-05-Dataset/5k_HRW_Dataset_combined/images/val/3000188.png,2,1,31.063873291015625,31.31443214416504,31.08847427368164,30.938631057739258,0.2385534644126892,0.30647993087768555,0.24449488520622253,0.21047170460224152,,0
3000192.png,/home/ubuntu/SCB-05-Dataset/5k_HRW_Dataset_combined/images/val/3000192.png,2,1,29.175870895385742,29.339731216430664,29.121124267578125,29.08232879638672,0.24780234694480896,0.29192349314689636,0.23460067808628082,0.22567349672317505,,0
3000198.png,/home/ubuntu/SCB-05-Dataset/5k_HRW_Dataset_combined/images/val/3000198.png,2,1,28.624629974365234,29.204998016357422,28.730178833007812,28.797027587890625,0.19661173224449158,0.3512853980064392,0.21849863231182098,0.23360426723957062,,0
3000199.png,/home/ubuntu/SCB-05-Dataset/5k_HRW_Dataset_combined/images/val/3000199.png,2,1,28.658300399780273,29.441001892089844,28.367280960083008,28.273651123046875,0.21665824949741364,0.4739125072956085,0.16195230185985565,0.1474769562482834,,0
3000202.png,/home/ubuntu/SCB-05-Dataset/5k_HRW_Dataset_combined/images/val/3000202.png,2,1,29.51197624206543,30.315441131591797,29.380172729492188,29.5473690032959,0.1943330466747284,0.433997243642807,0.17033547163009644,0.2013341784477234,,0
3000205.png,/home/ubuntu/SCB-05-Dataset/5k_HRW_Dataset_combined/images/val/3000205.png,3,2,26.077865600585938,25.93600845336914,26.458486557006836,25.634380340576172,0.25171586871147156,0.2184251993894577,0.3683088421821594,0.1615501493215561,,0
3000239.png,/home/ubuntu/SCB-05-Dataset/5k_HRW_Dataset_combined/images/val/3000239.png,2,2,30.71741485595703,30.56561279296875,31.02971839904785,29.629207611083984,0.2806980311870575,0.24116404354572296,0.38359335064888,0.0945446565747261,,0
3000250.png,/home/ubuntu/SCB-05-Dataset/5k_HRW_Dataset_combined/images/val/3000250.png,2,1,30.335689544677734,30.964534759521484,30.236602783203125,29.81700325012207,0.22849780321121216,0.42853474617004395,0.20694227516651154,0.13602522015571594,,0
3001002.png,/home/ubuntu/SCB-05-Dataset/5k_HRW_Dataset_combined/images/val/3001002.png,3,2,26.88793182373047,27.047664642333984,27.157678604125977,26.526514053344727,0.23926204442977905,0.280701607465744,0.31334543228149414,0.16669097542762756,,0
3001001.png,/home/ubuntu/SCB-05-Dataset/5k_HRW_Dataset_combined/images/val/3001001.png,3,2,27.63042449951172,27.187644958496094,27.754741668701172,26.555395126342773,0.32093340158462524,0.2061190903186798,0.3634169399738312,0.10953062772750854,,0
3001014.png,/home/ubuntu/SCB-05-Dataset/5k_HRW_Dataset_combined/images/val/3001014.png,2,2,33.29807662963867,31.99530792236328,34.137874603271484,31.611637115478516,0.2650512456893921,0.07203517109155655,0.6138319373130798,0.049081575125455856,,0
3001020.png,/home/ubuntu/SCB-05-Dataset/5k_HRW_Dataset_combined/images/val/3001020.png,2,1,28.59433937072754,29.068809509277344,28.46105194091797,28.67665672302246,0.2189057469367981,0.3518170714378357,0.19158926606178284,0.23768793046474457,,0
3001025.png,/home/ubuntu/SCB-05-Dataset/5k_HRW_Dataset_combined/images/val/3001025.png,3,2,29.653182983398438,29.771528244018555,29.78432846069336,29.090824127197266,0.2607133984565735,0.29346752166748047,0.29724809527397156,0.1485709846019745,,0
3001023.png,/home/ubuntu/SCB-05-Dataset/5k_HRW_Dataset_combined/images/val/3001023.png,3,2,28.96949577331543,29.041475296020508,29.246627807617188,28.079265594482422,0.2628442049026489,0.28246113657951355,0.34678101539611816,0.10791364312171936,,0
3001026.png,/home/ubuntu/SCB-05-Dataset/5k_HRW_Dataset_combined/images/val/3001026.png,3,1,27.743446350097656,28.34558868408203,27.63735008239746,27.500511169433594,0.22174488008022308,0.4049120247364044,0.19942359626293182,0.1739194691181183,,0
3001032.png,/home/ubuntu/SCB-05-Dataset/5k_HRW_Dataset_combined/images/val/3001032.png,3,1,28.11247444152832,28.482404708862305,28.441360473632812,27.162403106689453,0.23675549030303955,0.342735230922699,0.32895269989967346,0.09155653417110443,,0
3001033.png,/home/ubuntu/SCB-05-Dataset/5k_HRW_Dataset_combined/images/val/3001033.png,3,2,28.45279312133789,28.129037857055664,28.477577209472656,26.53929328918457,0.3452938497066498,0.24979497492313385,0.3539585471153259,0.05095260590314865,,0
3001036.png,/home/ubuntu/SCB-05-Dataset/5k_HRW_Dataset_combined/images/val/3001036.png,3,0,29.06682777404785,28.94892120361328,28.828155517578125,27.658546447753906,0.342346727848053,0.30427059531211853,0.26965728402137756,0.08372543007135391,,0
3001038.png,/home/ubuntu/SCB-05-Dataset/5k_HRW_Dataset_combined/images/val/3001038.png,3,1,28.809240341186523,28.99234962463379,28.503787994384766,27.89982032775879,0.29935696721076965,0.35951146483421326,0.22056323289871216,0.12056834250688553,,0
3001049.png,/home/ubuntu/SCB-05-Dataset/5k_HRW_Dataset_combined/images/val/3001049.png,3,2,27.63042449951172,27.187644958496094,27.754741668701172,26.555395126342773,0.32093340158462524,0.2061190903186798,0.3634169399738312,0.10953062772750854,,0
3001053.png,/home/ubuntu/SCB-05-Dataset/5k_HRW_Dataset_combined/images/val/3001053.png,3,2,27.788766860961914,27.476478576660156,28.117794036865234,27.799880981445312,0.2419806271791458,0.17707429826259613,0.336260050535202,0.24468500912189484,,0
3001056.png,/home/ubuntu/SCB-05-Dataset/5k_HRW_Dataset_combined/images/val/3001056.png,3,2,27.054859161376953,26.92786407470703,27.24376678466797,25.768360137939453,0.29718533158302307,0.26174241304397583,0.35897889733314514,0.08209335058927536,,0
3001070.png,/home/ubuntu/SCB-05-Dataset/5k_HRW_Dataset_combined/images/val/3001070.png,3,1,29.13047981262207,29.23647689819336,29.078811645507812,29.058605194091797,0.2504940927028656,0.27850401401519775,0.23788020014762878,0.23312172293663025,,0
3001080.png,/home/ubuntu/SCB-05-Dataset/5k_HRW_Dataset_combined/images/val/3001080.png,3,2,24.688764572143555,24.65735626220703,25.20574951171875,24.015501022338867,0.24061104655265808,0.23317132890224457,0.40349605679512024,0.1227215901017189,,0
3001083.png,/home/ubuntu/SCB-05-Dataset/5k_HRW_Dataset_combined/images/val/3001083.png,3,2,29.896514892578125,28.95168113708496,30.55608367919922,28.7804012298584,0.2739536166191101,0.10649789124727249,0.5298148989677429,0.08973359316587448,,0
3001085.png,/home/ubuntu/SCB-05-Dataset/5k_HRW_Dataset_combined/images/val/3001085.png,3,2,31.312061309814453,30.255443572998047,32.10174560546875,29.62189292907715,0.2677505910396576,0.09307803958654404,0.589774489402771,0.04939689859747887,,0
3001097.png,/home/ubuntu/SCB-05-Dataset/5k_HRW_Dataset_combined/images/val/3001097.png,3,0,29.621633529663086,29.384294509887695,29.20895767211914,28.691238403320312,0.35149404406547546,0.27723175287246704,0.23264575004577637,0.1386284977197647,,0
3001101.png,/home/ubuntu/SCB-05-Dataset/5k_HRW_Dataset_combined/images/val/3001101.png,3,1,30.774307250976562,30.957275390625,30.145471572875977,29.83979606628418,0.31981924176216125,0.3840313255786896,0.17053155601024628,0.12561790645122528,,0
3001103.png,/home/ubuntu/SCB-05-Dataset/5k_HRW_Dataset_combined/images/val/3001103.png,3,1,30.279117584228516,30.4864559173584,30.013334274291992,29.55215072631836,0.2873252034187317,0.3535245656967163,0.2202650010585785,0.1388852298259735,,0
3001109.png,/home/ubuntu/SCB-05-Dataset/5k_HRW_Dataset_combined/images/val/3001109.png,3,0,31.307798385620117,30.49705696105957,31.30689811706543,29.73206901550293,0.37728941440582275,0.16771584749221802,0.37694990634918213,0.07804480940103531,,0
3001110.png,/home/ubuntu/SCB-05-Dataset/5k_HRW_Dataset_combined/images/val/3001110.png,3,2,31.416780471801758,30.386417388916016,32.01579666137695,29.682981491088867,0.29816776514053345,0.10640932619571686,0.5427628755569458,0.05266006290912628,,0
3001124.png,/home/ubuntu/SCB-05-Dataset/5k_HRW_Dataset_combined/images/val/3001124.png,2,2,28.915489196777344,28.916919708251953,29.26948356628418,28.524744033813477,0.24374006688594818,0.24408899247646332,0.3472679853439331,0.1649029701948166,,0
3001125.png,/home/ubuntu/SCB-05-Dataset/5k_HRW_Dataset_combined/images/val/3001125.png,2,2,28.9825382232666,28.477073669433594,29.25872230529785,28.22294807434082,0.29505714774131775,0.17798593640327454,0.38891202211380005,0.13804489374160767,,0
3001131.png,/home/ubuntu/SCB-05-Dataset/5k_HRW_Dataset_combined/images/val/3001131.png,2,1,28.17794418334961,28.602493286132812,28.4886474609375,28.237354278564453,0.20183689892292023,0.3085886240005493,0.2753830850124359,0.21419139206409454,,0
3001136.png,/home/ubuntu/SCB-05-Dataset/5k_HRW_Dataset_combined/images/val/3001136.png,2,0,28.458803176879883,28.053152084350586,28.454870223999023,28.211637496948242,0.29039135575294495,0.1935582309961319,0.2892514765262604,0.2267989218235016,,0
3001158.png,/home/ubuntu/SCB-05-Dataset/5k_HRW_Dataset_combined/images/val/3001158.png,2,1,29.778018951416016,29.794750213623047,29.73664093017578,28.151992797851562,0.31515440344810486,0.3204716742038727,0.3023800253868103,0.061993930488824844,,0
3001159.png,/home/ubuntu/SCB-05-Dataset/5k_HRW_Dataset_combined/images/val/3001159.png,2,1,29.43645668029785,29.54513931274414,29.151607513427734,28.688180923461914,0.29939061403274536,0.3337632119655609,0.225179985165596,0.14166617393493652,,0
3001160.png,/home/ubuntu/SCB-05-Dataset/5k_HRW_Dataset_combined/images/val/3001160.png,2,2,29.044044494628906,28.874353408813477,29.348373413085938,28.504878997802734,0.26434919238090515,0.2230910062789917,0.3583821654319763,0.15417763590812683,,0
3001167.png,/home/ubuntu/SCB-05-Dataset/5k_HRW_Dataset_combined/images/val/3001167.png,2,2,29.832319259643555,29.1047420501709,30.845064163208008,29.057601928710938,0.21289914846420288,0.10284688323736191,0.5861427783966064,0.09811117500066757,,0
3001169.png,/home/ubuntu/SCB-05-Dataset/5k_HRW_Dataset_combined/images/val/3001169.png,2,2,29.008197784423828,28.87464141845703,29.22237777709961,28.35772705078125,0.27505597472190857,0.24066796898841858,0.34075188636779785,0.14352422952651978,,0
3001176.png,/home/ubuntu/SCB-05-Dataset/5k_HRW_Dataset_combined/images/val/3001176.png,2,2,29.608631134033203,29.488658905029297,30.172788619995117,29.203399658203125,0.23192527890205383,0.20570501685142517,0.4077167809009552,0.15465298295021057,,0
3001180.png,/home/ubuntu/SCB-05-Dataset/5k_HRW_Dataset_combined/images/val/3001180.png,2,2,28.077804565429688,28.3060245513916,28.59579086303711,28.492385864257812,0.1835285872220993,0.23057827353477478,0.30807915329933167,0.27781397104263306,,0
3001185.png,/home/ubuntu/SCB-05-Dataset/5k_HRW_Dataset_combined/images/val/3001185.png,2,3,27.645954132080078,27.926557540893555,28.08247184753418,28.139633178710938,0.1815023422241211,0.2402961254119873,0.28084033727645874,0.29736122488975525,,0
3001189.png,/home/ubuntu/SCB-05-Dataset/5k_HRW_Dataset_combined/images/val/3001189.png,3,2,30.36604881286621,30.14259910583496,30.511110305786133,29.882568359375,0.27991610765457153,0.22386431694030762,0.3236139714717865,0.17260561883449554,,0
3001192.png,/home/ubuntu/SCB-05-Dataset/5k_HRW_Dataset_combined/images/val/3001192.png,2,1,29.667612075805664,29.755800247192383,29.391448974609375,28.60398292541504,0.3128829300403595,0.34172874689102173,0.23738089203834534,0.10800741612911224,,0
3001190.png,/home/ubuntu/SCB-05-Dataset/5k_HRW_Dataset_combined/images/val/3001190.png,3,2,31.46381950378418,31.024280548095703,31.7142276763916,30.07078742980957,0.3147421181201935,0.20279885828495026,0.40430188179016113,0.07815714925527573,,0
3001195.png,/home/ubuntu/SCB-05-Dataset/5k_HRW_Dataset_combined/images/val/3001195.png,2,2,30.689647674560547,30.21164894104004,30.986631393432617,29.48686981201172,0.3061685264110565,0.18983151018619537,0.412039577960968,0.09196038544178009,,0
3001196.png,/home/ubuntu/SCB-05-Dataset/5k_HRW_Dataset_combined/images/val/3001196.png,2,1,28.703874588012695,29.039457321166992,28.887292861938477,28.51126480102539,0.2259950339794159,0.3161117434501648,0.2714916467666626,0.18640156090259552,,0
3001204.png,/home/ubuntu/SCB-05-Dataset/5k_HRW_Dataset_combined/images/val/3001204.png,3,2,28.29732322692871,27.657028198242188,28.85500717163086,27.849594116210938,0.2555690407752991,0.1347198635339737,0.446382611989975,0.16332849860191345,,0
3001207.png,/home/ubuntu/SCB-05-Dataset/5k_HRW_Dataset_combined/images/val/3001207.png,2,1,28.60508918762207,29.00275230407715,28.865314483642578,28.142620086669922,0.22648561000823975,0.3370881676673889,0.2938021719455719,0.14262406527996063,,0
3001210.png,/home/ubuntu/SCB-05-Dataset/5k_HRW_Dataset_combined/images/val/3001210.png,2,1,25.296207427978516,26.07431983947754,25.88263702392578,26.024311065673828,0.14192314445972443,0.3090175688266754,0.25511524081230164,0.29394403100013733,,0
3001222.png,/home/ubuntu/SCB-05-Dataset/5k_HRW_Dataset_combined/images/val/3001222.png,2,2,29.170995712280273,29.19854164123535,29.47909164428711,28.81117820739746,0.24470436573028564,0.2515386641025543,0.33300137519836426,0.17075558006763458,,0
3001224.png,/home/ubuntu/SCB-05-Dataset/5k_HRW_Dataset_combined/images/val/3001224.png,2,1,27.448352813720703,27.84501838684082,27.25446891784668,27.81658172607422,0.2102702409029007,0.31264209747314453,0.17321085929870605,0.3038768470287323,,0
3001241.png,/home/ubuntu/SCB-05-Dataset/5k_HRW_Dataset_combined/images/val/3001241.png,2,2,29.912883758544922,29.91352653503418,30.086997985839844,28.886642456054688,0.2817547619342804,0.2819359302520752,0.3353421092033386,0.10096719861030579,,0
3001244.png,/home/ubuntu/SCB-05-Dataset/5k_HRW_Dataset_combined/images/val/3001244.png,2,2,28.08336067199707,28.045242309570312,28.23998260498047,27.435213088989258,0.27358537912368774,0.26335301995277405,0.3199726939201355,0.1430889219045639,,0
3001251.png,/home/ubuntu/SCB-05-Dataset/5k_HRW_Dataset_combined/images/val/3001251.png,2,1,27.684110641479492,27.72885513305664,27.27855682373047,27.32750701904297,0.29304730892181396,0.3064573407173157,0.19534756243228912,0.20514774322509766,,0
3001255.png,/home/ubuntu/SCB-05-Dataset/5k_HRW_Dataset_combined/images/val/3001255.png,2,0,27.842008590698242,27.814868927001953,27.488998413085938,27.297645568847656,0.30712467432022095,0.2989014983177185,0.21577660739421844,0.1781972050666809,,0
3001260.png,/home/ubuntu/SCB-05-Dataset/5k_HRW_Dataset_combined/images/val/3001260.png,2,2,28.52765655517578,28.76226234436035,29.05031967163086,28.521352767944336,0.20223921537399292,0.2557133436203003,0.34107908606529236,0.20096835494041443,,0
3001264.png,/home/ubuntu/SCB-05-Dataset/5k_HRW_Dataset_combined/images/val/3001264.png,2,1,27.955120086669922,28.587923049926758,27.757728576660156,27.489572525024414,0.23086470365524292,0.4346907436847687,0.18950973451137543,0.14493483304977417,,0
3001267.png,/home/ubuntu/SCB-05-Dataset/5k_HRW_Dataset_combined/images/val/3001267.png,2,1,27.261287689208984,27.57773780822754,27.23892593383789,27.460208892822266,0.21880783140659332,0.3002585768699646,0.21396923065185547,0.2669643461704254,,0
3001268.png,/home/ubuntu/SCB-05-Dataset/5k_HRW_Dataset_combined/images/val/3001268.png,2,3,25.439077377319336,26.193756103515625,25.709680557250977,26.71552848815918,0.12466370314359665,0.2651507556438446,0.16340355575084686,0.44678205251693726,,0
3001270.png,/home/ubuntu/SCB-05-Dataset/5k_HRW_Dataset_combined/images/val/3001270.png,3,1,28.936206817626953,29.200237274169922,28.759584426879883,28.451416015625,0.26623430848121643,0.34668174386024475,0.22312994301319122,0.1639540046453476,,0
3001274.png,/home/ubuntu/SCB-05-Dataset/5k_HRW_Dataset_combined/images/val/3001274.png,2,0,30.436403274536133,29.906526565551758,30.244001388549805,28.950366973876953,0.3787992596626282,0.22299063205718994,0.3125,0.0857100561261177,,0
3001293.png,/home/ubuntu/SCB-05-Dataset/5k_HRW_Dataset_combined/images/val/3001293.png,2,0,28.393789291381836,28.266265869140625,28.077306747436523,27.70433807373047,0.3214574158191681,0.2829701900482178,0.23424850404262543,0.16132386028766632,,0
3001295.png,/home/ubuntu/SCB-05-Dataset/5k_HRW_Dataset_combined/images/val/3001295.png,2,1,31.063037872314453,31.1986026763916,30.93187713623047,30.128902435302734,0.2928098738193512,0.33532100915908813,0.2568167448043823,0.11505243182182312,,0
3001294.png,/home/ubuntu/SCB-05-Dataset/5k_HRW_Dataset_combined/images/val/3001294.png,2,1,30.70298957824707,30.95221519470215,30.540830612182617,29.764314651489258,0.28372955322265625,0.36403390765190125,0.2412569224834442,0.11097961664199829,,0
3001306.png,/home/ubuntu/SCB-05-Dataset/5k_HRW_Dataset_combined/images/val/3001306.png,2,2,29.489044189453125,29.504404067993164,29.650423049926758,28.970176696777344,0.26414477825164795,0.2682333290576935,0.3104044795036316,0.15721745789051056,,0
3001324.png,/home/ubuntu/SCB-05-Dataset/5k_HRW_Dataset_combined/images/val/3001324.png,2,3,27.162206649780273,28.304922103881836,27.656635284423828,28.616565704345703,0.09943748265504837,0.3117634057998657,0.1630338430404663,0.4257652759552002,,0
3001333.png,/home/ubuntu/SCB-05-Dataset/5k_HRW_Dataset_combined/images/val/3001333.png,2,1,29.720359802246094,29.787168502807617,29.453447341918945,29.167266845703125,0.2932552099227905,0.3135164976119995,0.2245572954416275,0.16867105662822723,,0
3001334.png,/home/ubuntu/SCB-05-Dataset/5k_HRW_Dataset_combined/images/val/3001334.png,2,1,27.411943435668945,27.584129333496094,27.142345428466797,27.44033432006836,0.2512321174144745,0.29843828082084656,0.191862553358078,0.25846704840660095,,0
3001337.png,/home/ubuntu/SCB-05-Dataset/5k_HRW_Dataset_combined/images/val/3001337.png,2,0,28.365442276000977,28.286394119262695,28.193653106689453,27.53782844543457,0.31218358874320984,0.2884562313556671,0.2629075050354004,0.13645264506340027,,0
3001341.png,/home/ubuntu/SCB-05-Dataset/5k_HRW_Dataset_combined/images/val/3001341.png,2,1,28.337331771850586,29.146638870239258,27.94504165649414,28.062721252441406,0.2135964035987854,0.4798124432563782,0.14428609609603882,0.1623050570487976,,0
3001343.png,/home/ubuntu/SCB-05-Dataset/5k_HRW_Dataset_combined/images/val/3001343.png,2,1,30.11208152770996,30.49846649169922,30.23617935180664,29.646793365478516,0.23630987107753754,0.3477656841278076,0.26753273606300354,0.14839176833629608,,0
3001348.png,/home/ubuntu/SCB-05-Dataset/5k_HRW_Dataset_combined/images/val/3001348.png,2,2,29.7086238861084,29.39229965209961,30.29009437561035,29.916614532470703,0.2105843424797058,0.1534787267446518,0.3766652047634125,0.2592718005180359,,0
3001354.png,/home/ubuntu/SCB-05-Dataset/5k_HRW_Dataset_combined/images/val/3001354.png,2,2,26.492250442504883,26.702775955200195,26.965641021728516,26.8105411529541,0.19177180528640747,0.23670904338359833,0.3078759014606476,0.2636432647705078,,0
3001359.png,/home/ubuntu/SCB-05-Dataset/5k_HRW_Dataset_combined/images/val/3001359.png,2,3,19.690351486206055,20.53987693786621,20.206085205078125,20.66374969482422,0.13054271042346954,0.3052789270877838,0.21864166855812073,0.34553661942481995,,0
3001362.png,/home/ubuntu/SCB-05-Dataset/5k_HRW_Dataset_combined/images/val/3001362.png,2,2,27.70021629333496,27.694061279296875,28.385513305664062,28.001779556274414,0.18761038780212402,0.18645916879177094,0.37228673696517944,0.2536437213420868,,0
3001366.png,/home/ubuntu/SCB-05-Dataset/5k_HRW_Dataset_combined/images/val/3001366.png,3,2,29.576448440551758,29.5594425201416,29.963150024414062,28.810277938842773,0.2550991475582123,0.2507976293563843,0.3755358159542084,0.11856742203235626,,0
3001375.png,/home/ubuntu/SCB-05-Dataset/5k_HRW_Dataset_combined/images/val/3001375.png,2,1,27.568614959716797,28.278160095214844,27.130239486694336,27.579235076904297,0.21327298879623413,0.433598130941391,0.13757888972759247,0.215550035238266,,0
3001377.png,/home/ubuntu/SCB-05-Dataset/5k_HRW_Dataset_combined/images/val/3001377.png,2,2,28.693603515625,28.61731719970703,28.804250717163086,27.667909622192383,0.293936163187027,0.2723467946052551,0.32832691073417664,0.10539010167121887,,0
3001382.png,/home/ubuntu/SCB-05-Dataset/5k_HRW_Dataset_combined/images/val/3001382.png,2,2,28.635412216186523,28.86764907836914,29.180654525756836,28.374231338500977,0.21023480594158173,0.2651940584182739,0.36266055703163147,0.16191057860851288,,0
3001383.png,/home/ubuntu/SCB-05-Dataset/5k_HRW_Dataset_combined/images/val/3001383.png,2,1,27.227357864379883,27.886903762817383,27.619823455810547,27.456968307495117,0.17628443241119385,0.3409189283847809,0.2610115110874176,0.22178517282009125,,0
3001385.png,/home/ubuntu/SCB-05-Dataset/5k_HRW_Dataset_combined/images/val/3001385.png,2,2,28.74901008605957,28.616037368774414,29.05433464050293,28.297365188598633,0.25845572352409363,0.22627514600753784,0.35074132680892944,0.1645278036594391,,0
3001389.png,/home/ubuntu/SCB-05-Dataset/5k_HRW_Dataset_combined/images/val/3001389.png,2,2,28.12955093383789,28.325319290161133,28.52577018737793,28.49746322631836,0.19428206980228424,0.23629461228847504,0.2887410521507263,0.2806822657585144,,0
3001387.png,/home/ubuntu/SCB-05-Dataset/5k_HRW_Dataset_combined/images/val/3001387.png,2,2,28.671634674072266,29.021209716796875,29.127363204956055,28.503475189208984,0.2065686583518982,0.29301032423973083,0.3258253037929535,0.17459574341773987,,0
3001393.png,/home/ubuntu/SCB-05-Dataset/5k_HRW_Dataset_combined/images/val/3001393.png,2,2,28.853958129882812,28.411848068237305,29.620006561279297,28.721755981445312,0.21412856876850128,0.13761590421199799,0.46064379811286926,0.18761171400547028,,0
3002005.png,/home/ubuntu/SCB-05-Dataset/5k_HRW_Dataset_combined/images/val/3002005.png,2,2,28.802967071533203,28.567424774169922,29.06843376159668,27.968374252319336,0.28342801332473755,0.2239484339952469,0.3696012794971466,0.12302225083112717,,0
3002008.png,/home/ubuntu/SCB-05-Dataset/5k_HRW_Dataset_combined/images/val/3002008.png,2,1,29.82439422607422,29.876953125,29.354101181030273,28.919404983520508,0.3243246376514435,0.3418267071247101,0.2026442587375641,0.13120432198047638,,0
3002009.png,/home/ubuntu/SCB-05-Dataset/5k_HRW_Dataset_combined/images/val/3002009.png,2,0,29.437435150146484,29.359718322753906,29.295909881591797,28.790515899658203,0.3014848828315735,0.2789417505264282,0.2616989016532898,0.15787452459335327,,0
3002010.png,/home/ubuntu/SCB-05-Dataset/5k_HRW_Dataset_combined/images/val/3002010.png,2,1,29.025407791137695,29.259437561035156,29.229915618896484,29.03217124938965,0.22235120832920074,0.28098124265670776,0.27280735969543457,0.22386017441749573,,0
3002018.png,/home/ubuntu/SCB-05-Dataset/5k_HRW_Dataset_combined/images/val/3002018.png,3,0,29.835102081298828,29.104637145996094,29.54952621459961,28.43682861328125,0.40317875146865845,0.1942051649093628,0.303021639585495,0.09959445893764496,,0
3002033.png,/home/ubuntu/SCB-05-Dataset/5k_HRW_Dataset_combined/images/val/3002033.png,2,2,26.651309967041016,26.671695709228516,26.92172622680664,25.958520889282227,0.2610090970993042,0.2663846015930176,0.3420550227165222,0.1305513083934784,,0
3002034.png,/home/ubuntu/SCB-05-Dataset/5k_HRW_Dataset_combined/images/val/3002034.png,2,1,27.514129638671875,28.450292587280273,27.918079376220703,28.379858016967773,0.13468661904335022,0.34347477555274963,0.20172400772571564,0.3201146125793457,,0
3002037.png,/home/ubuntu/SCB-05-Dataset/5k_HRW_Dataset_combined/images/val/3002037.png,2,1,29.693851470947266,29.802793502807617,29.461240768432617,29.039403915405273,0.29177582263946533,0.3253585696220398,0.2312212735414505,0.15164439380168915,,0
3002043.png,/home/ubuntu/SCB-05-Dataset/5k_HRW_Dataset_combined/images/val/3002043.png,2,1,28.579700469970703,29.083162307739258,28.67715072631836,28.43288230895996,0.2164386659860611,0.3580845296382904,0.23859260976314545,0.18688419461250305,,0
3002044.png,/home/ubuntu/SCB-05-Dataset/5k_HRW_Dataset_combined/images/val/3002044.png,2,1,29.498573303222656,29.87016487121582,29.382932662963867,29.288970947265625,0.24086271226406097,0.34926071763038635,0.2145593762397766,0.19531717896461487,,0
3002045.png,/home/ubuntu/SCB-05-Dataset/5k_HRW_Dataset_combined/images/val/3002045.png,2,1,29.081266403198242,29.60605239868164,29.13593101501465,28.745258331298828,0.22416998445987701,0.37886905670166016,0.23676526546478271,0.16019576787948608,,0
3002055.png,/home/ubuntu/SCB-05-Dataset/5k_HRW_Dataset_combined/images/val/3002055.png,2,2,29.089868545532227,28.774673461914062,29.271528244018555,28.573440551757812,0.28364765644073486,0.20696251094341278,0.34015199542045593,0.16923780739307404,,0
3002059.png,/home/ubuntu/SCB-05-Dataset/5k_HRW_Dataset_combined/images/val/3002059.png,2,1,28.433937072753906,28.677940368652344,28.097332000732422,27.552228927612305,0.29371899366378784,0.3748878538608551,0.20977143943309784,0.12162170559167862,,0
3002060.png,/home/ubuntu/SCB-05-Dataset/5k_HRW_Dataset_combined/images/val/3002060.png,2,1,29.251638412475586,29.460031509399414,28.817657470703125,28.35918426513672,0.3040187358856201,0.37445902824401855,0.19698122143745422,0.1245410218834877,,0
3002063.png,/home/ubuntu/SCB-05-Dataset/5k_HRW_Dataset_combined/images/val/3002063.png,2,1,27.507221221923828,27.853116989135742,27.663663864135742,27.70258140563965,0.20840506255626678,0.2945295572280884,0.2436971664428711,0.25336822867393494,,0
3002066.png,/home/ubuntu/SCB-05-Dataset/5k_HRW_Dataset_combined/images/val/3002066.png,2,0,30.212324142456055,29.670682907104492,30.175405502319336,29.16680335998535,0.3451779782772064,0.20082199573516846,0.33266687393188477,0.12133307754993439,,0
3002069.png,/home/ubuntu/SCB-05-Dataset/5k_HRW_Dataset_combined/images/val/3002069.png,2,2,28.379758834838867,28.553489685058594,28.579837799072266,27.97088050842285,0.24536088109016418,0.2919144928455353,0.2997080981731415,0.16301654279232025,,0
3002071.png,/home/ubuntu/SCB-05-Dataset/5k_HRW_Dataset_combined/images/val/3002071.png,3,2,29.257091522216797,28.892309188842773,29.3375244140625,28.646724700927734,0.3010909855365753,0.20906184613704681,0.3263091742992401,0.16353803873062134,,0
3002079.png,/home/ubuntu/SCB-05-Dataset/5k_HRW_Dataset_combined/images/val/3002079.png,2,2,29.908864974975586,29.980445861816406,30.187538146972656,29.055612564086914,0.26166996359825134,0.2810872197151184,0.34576427936553955,0.11147850006818771,,0
3002083.png,/home/ubuntu/SCB-05-Dataset/5k_HRW_Dataset_combined/images/val/3002083.png,3,1,29.14457893371582,29.574176788330078,28.764598846435547,28.746505737304688,0.2569288909435272,0.3948070704936981,0.17570725083351135,0.1725567728281021,,0
3002106.png,/home/ubuntu/SCB-05-Dataset/5k_HRW_Dataset_combined/images/val/3002106.png,2,1,28.208463668823242,29.317115783691406,28.025299072265625,27.83798599243164,0.18007288873195648,0.545669674873352,0.14993427693843842,0.12432313710451126,,0
3002107.png,/home/ubuntu/SCB-05-Dataset/5k_HRW_Dataset_combined/images/val/3002107.png,2,1,28.04902458190918,28.69451141357422,27.959850311279297,27.485546112060547,0.22774752974510193,0.4342952072620392,0.20831750333309174,0.12963971495628357,,0
3002108.png,/home/ubuntu/SCB-05-Dataset/5k_HRW_Dataset_combined/images/val/3002108.png,2,1,28.84374237060547,30.06218147277832,28.811336517333984,28.437986373901367,0.16620983183383942,0.5621058344841003,0.1609099954366684,0.11077432334423065,,0
3002118.png,/home/ubuntu/SCB-05-Dataset/5k_HRW_Dataset_combined/images/val/3002118.png,3,2,30.33604621887207,30.448392868041992,30.6887149810791,29.554515838623047,0.2500334084033966,0.2797625660896301,0.3557624816894531,0.11444153636693954,,0
3002123.png,/home/ubuntu/SCB-05-Dataset/5k_HRW_Dataset_combined/images/val/3002123.png,2,1,29.165496826171875,29.619985580444336,29.059356689453125,28.522401809692383,0.2499794214963913,0.39380955696105957,0.22480615973472595,0.13140493631362915,,0
3002125.png,/home/ubuntu/SCB-05-Dataset/5k_HRW_Dataset_combined/images/val/3002125.png,2,2,29.32802963256836,29.0689697265625,29.999134063720703,28.848159790039062,0.2300417274236679,0.1775408536195755,0.4500528872013092,0.1423645317554474,,0
3002126.png,/home/ubuntu/SCB-05-Dataset/5k_HRW_Dataset_combined/images/val/3002126.png,2,1,29.914968490600586,30.31808090209961,29.547563552856445,29.34444808959961,0.26636582612991333,0.39860981702804565,0.18446609377861023,0.15055827796459198,,0
3002128.png,/home/ubuntu/SCB-05-Dataset/5k_HRW_Dataset_combined/images/val/3002128.png,2,1,28.92727279663086,29.421409606933594,29.40143394470215,28.614917755126953,0.20090527832508087,0.3293003737926483,0.32278764247894287,0.14700675010681152,,0
3002133.png,/home/ubuntu/SCB-05-Dataset/5k_HRW_Dataset_combined/images/val/3002133.png,2,1,28.105592727661133,28.44361686706543,28.36716079711914,28.229785919189453,0.20689481496810913,0.2901025712490082,0.2687491774559021,0.23425345122814178,,0
3002135.png,/home/ubuntu/SCB-05-Dataset/5k_HRW_Dataset_combined/images/val/3002135.png,2,1,29.958972930908203,30.41657257080078,30.334630966186523,29.955455780029297,0.198699951171875,0.31400078535079956,0.2892969846725464,0.19800230860710144,,0
3002140.png,/home/ubuntu/SCB-05-Dataset/5k_HRW_Dataset_combined/images/val/3002140.png,2,1,29.70646095275879,30.262893676757812,29.74484634399414,29.350900650024414,0.2229977250099182,0.38900578022003174,0.23172399401664734,0.15627248585224152,,0
3002156.png,/home/ubuntu/SCB-05-Dataset/5k_HRW_Dataset_combined/images/val/3002156.png,2,1,30.95378875732422,31.15648651123047,30.94930648803711,30.305368423461914,0.2671581506729126,0.327189177274704,0.2659633457660675,0.13968926668167114,,0
3002157.png,/home/ubuntu/SCB-05-Dataset/5k_HRW_Dataset_combined/images/val/3002157.png,2,1,30.835142135620117,31.200233459472656,30.954753875732422,29.869487762451172,0.2532646358013153,0.36486461758613586,0.2854442596435547,0.09642645716667175,,0
3002165.png,/home/ubuntu/SCB-05-Dataset/5k_HRW_Dataset_combined/images/val/3002165.png,2,1,29.173383712768555,29.67435073852539,28.526670455932617,28.40408706665039,0.27492013573646545,0.4537052512168884,0.14399340748786926,0.12738119065761566,,0
3002173.png,/home/ubuntu/SCB-05-Dataset/5k_HRW_Dataset_combined/images/val/3002173.png,2,1,28.417152404785156,28.78482437133789,28.036693572998047,27.8626708984375,0.270103394985199,0.3901287615299225,0.18462856113910675,0.15513929724693298,,0
3002177.png,/home/ubuntu/SCB-05-Dataset/5k_HRW_Dataset_combined/images/val/3002177.png,2,1,28.551488876342773,28.614707946777344,28.370973587036133,27.7674560546875,0.2979150712490082,0.31735706329345703,0.24871139228343964,0.13601642847061157,,0
3002198.png,/home/ubuntu/SCB-05-Dataset/5k_HRW_Dataset_combined/images/val/3002198.png,2,2,28.743061065673828,28.77290916442871,29.18800163269043,28.833934783935547,0.21340954303741455,0.21987541019916534,0.3330036997795105,0.2337113320827484,,0
3002189.png,/home/ubuntu/SCB-05-Dataset/5k_HRW_Dataset_combined/images/val/3002189.png,2,1,27.568614959716797,28.278160095214844,27.130239486694336,27.579235076904297,0.21327298879623413,0.433598130941391,0.13757888972759247,0.215550035238266,,0
3002236.png,/home/ubuntu/SCB-05-Dataset/5k_HRW_Dataset_combined/images/val/3002236.png,2,2,28.587749481201172,28.969043731689453,29.046207427978516,28.637495040893555,0.19620095193386078,0.28727319836616516,0.3103179335594177,0.20620791614055634,,0
3002209.png,/home/ubuntu/SCB-05-Dataset/5k_HRW_Dataset_combined/images/val/3002209.png,2,2,26.122766494750977,26.258712768554688,26.466262817382812,26.29832649230957,0.2106415331363678,0.24131523072719574,0.29697680473327637,0.2510664761066437,,0
3002238.png,/home/ubuntu/SCB-05-Dataset/5k_HRW_Dataset_combined/images/val/3002238.png,2,2,27.798450469970703,27.793724060058594,28.190547943115234,27.288877487182617,0.24533143639564514,0.24417462944984436,0.36311063170433044,0.14738337695598602,,0
3002245.png,/home/ubuntu/SCB-05-Dataset/5k_HRW_Dataset_combined/images/val/3002245.png,3,2,27.50969886779785,27.29363441467285,27.65892219543457,27.00032615661621,0.2803092896938324,0.22584053874015808,0.325420081615448,0.16843010485172272,,0
3002248.png,/home/ubuntu/SCB-05-Dataset/5k_HRW_Dataset_combined/images/val/3002248.png,2,2,29.426563262939453,29.795146942138672,29.910045623779297,29.067838668823242,0.20982111990451813,0.30333542823791504,0.34026944637298584,0.14657405018806458,,0
3003003.png,/home/ubuntu/SCB-05-Dataset/5k_HRW_Dataset_combined/images/val/3003003.png,3,0,28.41295051574707,28.221181869506836,28.122095108032227,26.825719833374023,0.3600213825702667,0.2971968948841095,0.26916056871414185,0.07362118363380432,,0
3003006.png,/home/ubuntu/SCB-05-Dataset/5k_HRW_Dataset_combined/images/val/3003006.png,3,0,28.230506896972656,27.858003616333008,27.975126266479492,27.088245391845703,0.3593599200248718,0.24760162830352783,0.27836793661117554,0.1146705150604248,,0
3003007.png,/home/ubuntu/SCB-05-Dataset/5k_HRW_Dataset_combined/images/val/3003007.png,3,2,28.44921112060547,27.663171768188477,28.535852432250977,27.043807983398438,0.35824066400527954,0.16323088109493256,0.39066338539123535,0.08786503225564957,,0
3003018.png,/home/ubuntu/SCB-05-Dataset/5k_HRW_Dataset_combined/images/val/3003018.png,2,2,27.433359146118164,27.279993057250977,28.19282341003418,26.547168731689453,0.22690297663211823,0.19464093446731567,0.4849213659763336,0.09353465586900711,,0
3003021.png,/home/ubuntu/SCB-05-Dataset/5k_HRW_Dataset_combined/images/val/3003021.png,2,0,29.074949264526367,29.069541931152344,28.991836547851562,28.680206298828125,0.2786518335342407,0.27714914083480835,0.25642862915992737,0.18777042627334595,,0
3003030.png,/home/ubuntu/SCB-05-Dataset/5k_HRW_Dataset_combined/images/val/3003030.png,2,2,28.712772369384766,28.28122901916504,29.30547523498535,27.65355682373047,0.26280486583709717,0.1706933230161667,0.4753800630569458,0.09112172573804855,,0
3003036.png,/home/ubuntu/SCB-05-Dataset/5k_HRW_Dataset_combined/images/val/3003036.png,2,2,29.65464973449707,29.220735549926758,30.15347671508789,28.241056442260742,0.2826436460018158,0.18314401805400848,0.4654542803764343,0.0687580332159996,,0
3003048.png,/home/ubuntu/SCB-05-Dataset/5k_HRW_Dataset_combined/images/val/3003048.png,3,2,27.22764015197754,26.89765739440918,27.29445457458496,26.149675369262695,0.31966033577919006,0.22981537878513336,0.341747909784317,0.10877638310194016,,0
3003053.png,/home/ubuntu/SCB-05-Dataset/5k_HRW_Dataset_combined/images/val/3003053.png,3,2,28.914052963256836,28.141849517822266,29.28837013244629,27.83914566040039,0.30700069665908813,0.14183247089385986,0.4463784992694855,0.10478837043046951,,0
3003059.png,/home/ubuntu/SCB-05-Dataset/5k_HRW_Dataset_combined/images/val/3003059.png,3,1,26.173969268798828,26.407320022583008,26.30561637878418,25.555526733398438,0.2536582052707672,0.32032573223114014,0.28934937715530396,0.1366667002439499,,0
3003067.png,/home/ubuntu/SCB-05-Dataset/5k_HRW_Dataset_combined/images/val/3003067.png,3,2,27.130874633789062,27.1840877532959,27.428508758544922,26.26643180847168,0.26160138845443726,0.2758990526199341,0.35229048132896423,0.11020906269550323,,0
3003069.png,/home/ubuntu/SCB-05-Dataset/5k_HRW_Dataset_combined/images/val/3003069.png,3,1,26.706323623657227,26.915645599365234,26.850801467895508,26.905982971191406,0.21695436537265778,0.26747041940689087,0.2506769001483917,0.2648983895778656,,0
3003077.png,/home/ubuntu/SCB-05-Dataset/5k_HRW_Dataset_combined/images/val/3003077.png,3,2,30.861305236816406,29.875123977661133,31.44602394104004,29.184383392333984,0.2981129586696625,0.1111956387758255,0.5349595546722412,0.05573178082704544,,0
3003079.png,/home/ubuntu/SCB-05-Dataset/5k_HRW_Dataset_combined/images/val/3003079.png,2,2,28.62434959411621,28.457599639892578,29.398866653442383,28.309133529663086,0.21072210371494293,0.1783575564622879,0.45717090368270874,0.15374943614006042,,0
3003082.png,/home/ubuntu/SCB-05-Dataset/5k_HRW_Dataset_combined/images/val/3003082.png,3,2,28.47728157043457,28.702133178710938,28.822851181030273,28.405261993408203,0.2176068127155304,0.27247354388237,0.30743372440338135,0.20248593389987946,,0
3003083.png,/home/ubuntu/SCB-05-Dataset/5k_HRW_Dataset_combined/images/val/3003083.png,2,2,29.68642807006836,29.74764060974121,30.07354164123535,29.742067337036133,0.21771953999996185,0.23146304488182068,0.3206407427787781,0.230176642537117,,0
3003087.png,/home/ubuntu/SCB-05-Dataset/5k_HRW_Dataset_combined/images/val/3003087.png,3,1,29.492210388183594,29.812637329101562,29.161542892456055,29.382610321044922,0.2504788935184479,0.34508875012397766,0.17995506525039673,0.22447729110717773,,0
3003091.png,/home/ubuntu/SCB-05-Dataset/5k_HRW_Dataset_combined/images/val/3003091.png,3,2,27.55953025817871,27.679908752441406,27.743732452392578,27.3226261138916,0.24276266992092133,0.273817777633667,0.2918635904788971,0.19155599176883698,,0
3003095.png,/home/ubuntu/SCB-05-Dataset/5k_HRW_Dataset_combined/images/val/3003095.png,3,1,27.330547332763672,28.06016731262207,27.015464782714844,27.249252319335938,0.21159802377223969,0.43891608715057373,0.15440911054611206,0.19507679343223572,,0
3003098.png,/home/ubuntu/SCB-05-Dataset/5k_HRW_Dataset_combined/images/val/3003098.png,3,1,29.036373138427734,29.101163864135742,28.47016143798828,27.644195556640625,0.346843957901001,0.37006017565727234,0.19689355790615082,0.08620234578847885,,0
3003102.png,/home/ubuntu/SCB-05-Dataset/5k_HRW_Dataset_combined/images/val/3003102.png,2,3,23.497865676879883,24.604001998901367,24.048219680786133,24.808626174926758,0.10564662516117096,0.3193335235118866,0.1831771731376648,0.39184263348579407,,0
3003110.png,/home/ubuntu/SCB-05-Dataset/5k_HRW_Dataset_combined/images/val/3003110.png,3,2,28.19986915588379,27.641239166259766,28.22709083557129,27.260456085205078,0.3343983590602875,0.1912732720375061,0.3436262905597687,0.13070200383663177,,0
3003139.png,/home/ubuntu/SCB-05-Dataset/5k_HRW_Dataset_combined/images/val/3003139.png,3,2,27.28206443786621,27.24815559387207,27.692895889282227,26.76157569885254,0.24576300382614136,0.2375691682100296,0.37062808871269226,0.14603976905345917,,0
3003140.png,/home/ubuntu/SCB-05-Dataset/5k_HRW_Dataset_combined/images/val/3003140.png,3,2,25.917118072509766,25.887035369873047,26.139663696289062,25.761011123657227,0.24539360404014587,0.23812143504619598,0.30655866861343384,0.2099262923002243,,0
3003141.png,/home/ubuntu/SCB-05-Dataset/5k_HRW_Dataset_combined/images/val/3003141.png,2,2,31.425416946411133,30.681293487548828,31.52081298828125,30.2540340423584,0.34659844636917114,0.16468647122383118,0.3812910318374634,0.1074240431189537,,0
3003158.png,/home/ubuntu/SCB-05-Dataset/5k_HRW_Dataset_combined/images/val/3003158.png,2,2,30.589073181152344,30.592161178588867,31.003040313720703,29.82027244567871,0.25128981471061707,0.2520669996738434,0.380153089761734,0.11649008840322495,,0
3003162.png,/home/ubuntu/SCB-05-Dataset/5k_HRW_Dataset_combined/images/val/3003162.png,3,0,30.256277084350586,29.714149475097656,30.22809600830078,29.76761817932129,0.315739244222641,0.18360543251037598,0.30696555972099304,0.19368976354599,,0
3003167.png,/home/ubuntu/SCB-05-Dataset/5k_HRW_Dataset_combined/images/val/3003167.png,3,2,29.341449737548828,28.45005989074707,29.78643226623535,27.831501007080078,0.31333526968955994,0.1284942328929901,0.4889480471611023,0.06922243535518646,,0
3004001.png,/home/ubuntu/SCB-05-Dataset/5k_HRW_Dataset_combined/images/val/3004001.png,3,2,26.521522521972656,25.92675018310547,26.62395477294922,25.63675880432129,0.32548245787620544,0.17956481873989105,0.36058974266052246,0.13436296582221985,,0
3004003.png,/home/ubuntu/SCB-05-Dataset/5k_HRW_Dataset_combined/images/val/3004003.png,2,1,29.40292739868164,29.66460609436035,29.396677017211914,28.852922439575195,0.25840961933135986,0.3357022702693939,0.25679948925971985,0.14908863604068756,,0
3004012.png,/home/ubuntu/SCB-05-Dataset/5k_HRW_Dataset_combined/images/val/3004012.png,3,1,28.338102340698242,28.452529907226562,28.084394454956055,27.2005558013916,0.3107757568359375,0.34845152497291565,0.24113662540912628,0.09963615238666534,,0
3004010.png,/home/ubuntu/SCB-05-Dataset/5k_HRW_Dataset_combined/images/val/3004010.png,2,1,29.897441864013672,30.081510543823242,29.814117431640625,28.900041580200195,0.2864518463611603,0.34434330463409424,0.2635507881641388,0.10565406084060669,,0
3004028.png,/home/ubuntu/SCB-05-Dataset/5k_HRW_Dataset_combined/images/val/3004028.png,3,0,26.460397720336914,25.73503875732422,26.293907165527344,24.933300018310547,0.39247292280197144,0.19001606106758118,0.33227968215942383,0.08523139357566833,,0
3004032.png,/home/ubuntu/SCB-05-Dataset/5k_HRW_Dataset_combined/images/val/3004032.png,3,0,27.054670333862305,26.432260513305664,27.054574966430664,26.123586654663086,0.34121763706207275,0.18311433494091034,0.3411851227283478,0.13448287546634674,,0
3004015.png,/home/ubuntu/SCB-05-Dataset/5k_HRW_Dataset_combined/images/val/3004015.png,2,1,30.006385803222656,30.118328094482422,29.77728271484375,28.87097930908203,0.3091202974319458,0.345735102891922,0.2458268702030182,0.09931772947311401,,0
3004034.png,/home/ubuntu/SCB-05-Dataset/5k_HRW_Dataset_combined/images/val/3004034.png,3,2,29.737445831298828,29.62749671936035,29.895776748657227,29.154163360595703,0.27582424879074097,0.24710534512996674,0.323142945766449,0.15392744541168213,,0
3004035.png,/home/ubuntu/SCB-05-Dataset/5k_HRW_Dataset_combined/images/val/3004035.png,2,1,28.490692138671875,28.576433181762695,28.569337844848633,27.64497184753418,0.2777319848537445,0.30259570479393005,0.30045631527900696,0.11921592801809311,,0
3004036.png,/home/ubuntu/SCB-05-Dataset/5k_HRW_Dataset_combined/images/val/3004036.png,3,2,28.072845458984375,28.242328643798828,28.288593292236328,27.38241195678711,0.25465765595436096,0.3016909956932068,0.3159765303134918,0.12767481803894043,,0
3004041.png,/home/ubuntu/SCB-05-Dataset/5k_HRW_Dataset_combined/images/val/3004041.png,2,1,29.12816619873047,29.3327693939209,28.926864624023438,27.83598518371582,0.3012615442276001,0.3696593940258026,0.24633127450942993,0.08274783194065094,,0
3004047.png,/home/ubuntu/SCB-05-Dataset/5k_HRW_Dataset_combined/images/val/3004047.png,2,1,29.10633087158203,29.512115478515625,28.79273223876953,28.273683547973633,0.27276289463043213,0.4092750549316406,0.19933846592903137,0.11862361431121826,,0
3004073.png,/home/ubuntu/SCB-05-Dataset/5k_HRW_Dataset_combined/images/val/3004073.png,2,0,29.447099685668945,29.402530670166016,29.206710815429688,28.6533260345459,0.3130020499229431,0.29935815930366516,0.246120423078537,0.14151930809020996,,0
3004077.png,/home/ubuntu/SCB-05-Dataset/5k_HRW_Dataset_combined/images/val/3004077.png,2,1,28.620952606201172,28.626493453979492,28.495771408081055,27.87987518310547,0.2972215414047241,0.2988729774951935,0.26224955916404724,0.141655832529068,,0
3004078.png,/home/ubuntu/SCB-05-Dataset/5k_HRW_Dataset_combined/images/val/3004078.png,2,0,29.901657104492188,29.796934127807617,29.770204544067383,29.04877281188965,0.31215089559555054,0.28111499547958374,0.27370041608810425,0.13303369283676147,,0
3004079.png,/home/ubuntu/SCB-05-Dataset/5k_HRW_Dataset_combined/images/val/3004079.png,2,1,26.526254653930664,27.054807662963867,26.899497985839844,26.67630386352539,0.1882953941822052,0.31943854689598083,0.27348729968070984,0.2187787890434265,,0
3004084.png,/home/ubuntu/SCB-05-Dataset/5k_HRW_Dataset_combined/images/val/3004084.png,2,1,29.407257080078125,29.533344268798828,28.97811508178711,28.300935745239258,0.32090142369270325,0.36402449011802673,0.20892846584320068,0.10614568740129471,,0
3004085.png,/home/ubuntu/SCB-05-Dataset/5k_HRW_Dataset_combined/images/val/3004085.png,2,1,30.360198974609375,30.40949058532715,30.186691284179688,29.17759132385254,0.3127232491970062,0.328524112701416,0.26290977001190186,0.09584294259548187,,0
3004088.png,/home/ubuntu/SCB-05-Dataset/5k_HRW_Dataset_combined/images/val/3004088.png,2,1,27.732240676879883,28.283775329589844,28.007644653320312,28.115707397460938,0.18114826083183289,0.3144579827785492,0.23858359456062317,0.2658102214336395,,0
3004090.png,/home/ubuntu/SCB-05-Dataset/5k_HRW_Dataset_combined/images/val/3004090.png,2,1,28.540510177612305,28.955768585205078,28.283769607543945,27.738636016845703,0.26760733127593994,0.40536144375801086,0.20701269805431366,0.12001857906579971,,0
3004092.png,/home/ubuntu/SCB-05-Dataset/5k_HRW_Dataset_combined/images/val/3004092.png,2,1,28.57891845703125,29.30219268798828,28.155242919921875,28.136730194091797,0.2294401377439499,0.47291532158851624,0.15019981563091278,0.14744479954242706,,0
3004094.png,/home/ubuntu/SCB-05-Dataset/5k_HRW_Dataset_combined/images/val/3004094.png,2,1,28.835891723632812,28.91429328918457,28.798023223876953,28.182214736938477,0.28054219484329224,0.30342233180999756,0.2701171338558197,0.1459183394908905,,0
3004099.png,/home/ubuntu/SCB-05-Dataset/5k_HRW_Dataset_combined/images/val/3004099.png,2,1,30.480161666870117,30.832094192504883,30.04210662841797,29.659786224365234,0.28511402010917664,0.40537866950035095,0.1839812994003296,0.1255260854959488,,0
3004110.png,/home/ubuntu/SCB-05-Dataset/5k_HRW_Dataset_combined/images/val/3004110.png,2,1,28.988611221313477,29.282474517822266,28.710126876831055,28.224807739257812,0.28055042028427124,0.3763866126537323,0.2123570740222931,0.13070592284202576,,0
3004113.png,/home/ubuntu/SCB-05-Dataset/5k_HRW_Dataset_combined/images/val/3004113.png,2,1,29.2784481048584,29.5506591796875,28.980112075805664,28.4484920501709,0.28645214438438416,0.3760727345943451,0.21256238222122192,0.12491274625062943,,0
3004114.png,/home/ubuntu/SCB-05-Dataset/5k_HRW_Dataset_combined/images/val/3004114.png,2,1,29.62822914123535,29.840484619140625,29.510385513305664,28.94057846069336,0.27562981843948364,0.340806245803833,0.24498943984508514,0.1385744959115982,,0
3004115.png,/home/ubuntu/SCB-05-Dataset/5k_HRW_Dataset_combined/images/val/3004115.png,2,1,29.61139678955078,29.780149459838867,29.537391662597656,29.0529842376709,0.2713990807533264,0.32128965854644775,0.25203937292099,0.15527191758155823,,0
3004116.png,/home/ubuntu/SCB-05-Dataset/5k_HRW_Dataset_combined/images/val/3004116.png,2,1,28.8004093170166,29.00634765625,28.462013244628906,27.863811492919922,0.2999805510044098,0.36857935786247253,0.21386000514030457,0.1175801083445549,,0
3004134.png,/home/ubuntu/SCB-05-Dataset/5k_HRW_Dataset_combined/images/val/3004134.png,2,1,29.71157455444336,29.897266387939453,29.614835739135742,28.715181350708008,0.28726938366889954,0.34588706493377686,0.2607811689376831,0.10606236755847931,,0
3004136.png,/home/ubuntu/SCB-05-Dataset/5k_HRW_Dataset_combined/images/val/3004136.png,2,1,29.518657684326172,29.698314666748047,29.15045928955078,28.6865291595459,0.30085060000419617,0.36006006598472595,0.20818257331848145,0.13090677559375763,,0
3004138.png,/home/ubuntu/SCB-05-Dataset/5k_HRW_Dataset_combined/images/val/3004138.png,2,1,27.896228790283203,28.07878875732422,27.62627601623535,27.121234893798828,0.2920212149620056,0.35050904750823975,0.2229335606098175,0.13453611731529236,,0
3004144.png,/home/ubuntu/SCB-05-Dataset/5k_HRW_Dataset_combined/images/val/3004144.png,2,1,28.088193893432617,28.78998565673828,28.13688850402832,28.31180191040039,0.18804612755775452,0.3793574869632721,0.19742955267429352,0.23516687750816345,,0
3004151.png,/home/ubuntu/SCB-05-Dataset/5k_HRW_Dataset_combined/images/val/3004151.png,2,1,28.120677947998047,28.695423126220703,28.249755859375,28.4213924407959,0.18992340564727783,0.33743271231651306,0.2160908281803131,0.2565530240535736,,0
3004152.png,/home/ubuntu/SCB-05-Dataset/5k_HRW_Dataset_combined/images/val/3004152.png,2,1,29.415729522705078,29.70999526977539,29.051593780517578,28.63878631591797,0.28598007559776306,0.3838254511356354,0.19869807362556458,0.13149632513523102,,0
3004160.png,/home/ubuntu/SCB-05-Dataset/5k_HRW_Dataset_combined/images/val/3004160.png,2,1,28.100875854492188,28.710477828979492,27.883726119995117,27.36826515197754,0.24241477251052856,0.44597020745277405,0.19509771466255188,0.11651727557182312,,0
3004181.png,/home/ubuntu/SCB-05-Dataset/5k_HRW_Dataset_combined/images/val/3004181.png,2,1,24.790037155151367,25.53243064880371,25.211238861083984,25.002647399902344,0.17060036957263947,0.35842421650886536,0.2599594295024872,0.21101602911949158,,0
3004188.png,/home/ubuntu/SCB-05-Dataset/5k_HRW_Dataset_combined/images/val/3004188.png,2,1,29.446250915527344,29.86818504333496,29.156375885009766,28.91266632080078,0.25908318161964417,0.39507806301116943,0.19388675689697266,0.15195199847221375,,0
3004190.png,/home/ubuntu/SCB-05-Dataset/5k_HRW_Dataset_combined/images/val/3004190.png,2,1,29.14752960205078,29.649316787719727,29.032621383666992,28.66988182067871,0.24019066989421844,0.39671584963798523,0.21411748230457306,0.14897601306438446,,0
3004213.png,/home/ubuntu/SCB-05-Dataset/5k_HRW_Dataset_combined/images/val/3004213.png,2,1,28.96649169921875,29.5926513671875,28.737014770507812,28.318321228027344,0.23875664174556732,0.44657373428344727,0.1897994428873062,0.12487014383077621,,0
3005002.png,/home/ubuntu/SCB-05-Dataset/5k_HRW_Dataset_combined/images/val/3005002.png,2,2,31.20676612854004,31.086647033691406,31.594202041625977,30.60125732421875,0.25602883100509644,0.22705017030239105,0.3771812915802002,0.13973967730998993,,0
3005006.png,/home/ubuntu/SCB-05-Dataset/5k_HRW_Dataset_combined/images/val/3005006.png,2,2,31.061861038208008,31.251834869384766,31.643449783325195,31.103069305419922,0.1984061598777771,0.23991630971431732,0.3549244999885559,0.2067529559135437,,0
3005010.png,/home/ubuntu/SCB-05-Dataset/5k_HRW_Dataset_combined/images/val/3005010.png,2,3,29.350618362426758,29.759395599365234,29.880178451538086,30.219837188720703,0.15178632736206055,0.22843484580516815,0.25776129961013794,0.36201754212379456,,0
3005013.png,/home/ubuntu/SCB-05-Dataset/5k_HRW_Dataset_combined/images/val/3005013.png,2,3,29.3155574798584,29.846534729003906,29.892789840698242,29.931127548217773,0.1579178422689438,0.26855403184890747,0.28126782178878784,0.2922603189945221,,0
3005018.png,/home/ubuntu/SCB-05-Dataset/5k_HRW_Dataset_combined/images/val/3005018.png,2,1,30.738079071044922,31.09229850769043,30.674951553344727,30.67503547668457,0.2324071228504181,0.3311959207057953,0.2181893289089203,0.21820765733718872,,0
3005014.png,/home/ubuntu/SCB-05-Dataset/5k_HRW_Dataset_combined/images/val/3005014.png,2,2,30.617919921875,30.886884689331055,30.8919734954834,30.47257423400879,0.22278572618961334,0.29153943061828613,0.29302677512168884,0.1926480233669281,,0
3005021.png,/home/ubuntu/SCB-05-Dataset/5k_HRW_Dataset_combined/images/val/3005021.png,2,0,29.34949493408203,28.44156837463379,28.928815841674805,27.01219940185547,0.46370381116867065,0.18703943490982056,0.3044682741165161,0.044788457453250885,,0
3005023.png,/home/ubuntu/SCB-05-Dataset/5k_HRW_Dataset_combined/images/val/3005023.png,2,0,29.744104385375977,29.42190170288086,29.522096633911133,28.71900177001953,0.34671416878700256,0.2512122094631195,0.27768656611442566,0.12438706308603287,,0
3005024.png,/home/ubuntu/SCB-05-Dataset/5k_HRW_Dataset_combined/images/val/3005024.png,2,1,29.948625564575195,29.95128631591797,29.656902313232422,28.613086700439453,0.33193305134773254,0.332817405462265,0.24794577062129974,0.08730383217334747,,0
3005029.png,/home/ubuntu/SCB-05-Dataset/5k_HRW_Dataset_combined/images/val/3005029.png,2,0,30.353605270385742,30.181682586669922,30.066341400146484,29.425216674804688,0.334722638130188,0.28185129165649414,0.25114697217941284,0.13227905333042145,,0
3005033.png,/home/ubuntu/SCB-05-Dataset/5k_HRW_Dataset_combined/images/val/3005033.png,2,0,29.554149627685547,29.38764762878418,29.45409393310547,28.569355010986328,0.3200077712535858,0.2709253430366516,0.2895388603210449,0.11952799558639526,,0
3005034.png,/home/ubuntu/SCB-05-Dataset/5k_HRW_Dataset_combined/images/val/3005034.png,2,0,30.696626663208008,30.53077507019043,30.279541015625,29.761642456054688,0.34497886896133423,0.2922564148902893,0.2273288071155548,0.13543596863746643,,0
3005037.png,/home/ubuntu/SCB-05-Dataset/5k_HRW_Dataset_combined/images/val/3005037.png,2,0,31.03948211669922,30.779489517211914,30.78110122680664,29.85202980041504,0.3510797619819641,0.27070263028144836,0.2711392641067505,0.10707838088274002,,0
3005040.png,/home/ubuntu/SCB-05-Dataset/5k_HRW_Dataset_combined/images/val/3005040.png,2,0,29.83443832397461,29.705501556396484,29.56670570373535,29.010190963745117,0.3243902325630188,0.28514859080314636,0.24819496273994446,0.142266184091568,,0
3005049.png,/home/ubuntu/SCB-05-Dataset/5k_HRW_Dataset_combined/images/val/3005049.png,2,1,29.459333419799805,29.85177993774414,29.24555015563965,29.216379165649414,0.24555367231369019,0.36356645822525024,0.19829034805297852,0.19258956611156464,,0
3005055.png,/home/ubuntu/SCB-05-Dataset/5k_HRW_Dataset_combined/images/val/3005055.png,2,1,28.300100326538086,29.114484786987305,28.262800216674805,28.294771194458008,0.1917230188846588,0.43286943435668945,0.18470345437526703,0.19070401787757874,,0
3005067.png,/home/ubuntu/SCB-05-Dataset/5k_HRW_Dataset_combined/images/val/3005067.png,2,1,29.126190185546875,29.79924774169922,28.798181533813477,29.016023635864258,0.21851888298988342,0.4283454716205597,0.1574115753173828,0.19572408497333527,,0
3005078.png,/home/ubuntu/SCB-05-Dataset/5k_HRW_Dataset_combined/images/val/3005078.png,2,1,27.46666145324707,28.20359230041504,27.86649513244629,27.90399742126465,0.16314104199409485,0.3408852517604828,0.24333734810352325,0.2526363432407379,,0
3005079.png,/home/ubuntu/SCB-05-Dataset/5k_HRW_Dataset_combined/images/val/3005079.png,2,1,30.72445297241211,31.01226043701172,30.988079071044922,30.61191749572754,0.2208135426044464,0.29445499181747437,0.2874200642108917,0.1973114013671875,,0
3005096.png,/home/ubuntu/SCB-05-Dataset/5k_HRW_Dataset_combined/images/val/3005096.png,2,1,30.1335506439209,30.568265914916992,30.091445922851562,30.110553741455078,0.22318649291992188,0.3447166979312897,0.2139843851327896,0.21811245381832123,,0
3005101.png,/home/ubuntu/SCB-05-Dataset/5k_HRW_Dataset_combined/images/val/3005101.png,2,1,28.527280807495117,29.153114318847656,28.945987701416016,28.68327522277832,0.17990081012248993,0.3363792300224304,0.27344828844070435,0.21027162671089172,,0
3005107.png,/home/ubuntu/SCB-05-Dataset/5k_HRW_Dataset_combined/images/val/3005107.png,2,1,28.607421875,29.15828514099121,28.870708465576172,28.762744903564453,0.1921604424715042,0.3333503007888794,0.25003907084465027,0.22445015609264374,,0
3005118.png,/home/ubuntu/SCB-05-Dataset/5k_HRW_Dataset_combined/images/val/3005118.png,2,1,30.64475440979004,30.89371109008789,30.243867874145508,29.887575149536133,0.2922780215740204,0.37490108609199524,0.19574621319770813,0.13707472383975983,,0
3005127.png,/home/ubuntu/SCB-05-Dataset/5k_HRW_Dataset_combined/images/val/3005127.png,2,1,29.54810333251953,29.67229461669922,29.471324920654297,29.062049865722656,0.2722291052341461,0.308226615190506,0.2521100342273712,0.1674342304468155,,0
3005140.png,/home/ubuntu/SCB-05-Dataset/5k_HRW_Dataset_combined/images/val/3005140.png,3,0,29.91378402709961,29.78580665588379,29.766822814941406,29.51556968688965,0.2928498685359955,0.2576707899570465,0.2528253495693207,0.19665399193763733,,0
3005139.png,/home/ubuntu/SCB-05-Dataset/5k_HRW_Dataset_combined/images/val/3005139.png,2,2,28.38025665283203,28.448835372924805,28.45033073425293,28.04717445373535,0.25904831290245056,0.27743685245513916,0.27785202860832214,0.18566283583641052,,0
3005164.png,/home/ubuntu/SCB-05-Dataset/5k_HRW_Dataset_combined/images/val/3005164.png,2,1,29.31194305419922,30.07744598388672,29.12370491027832,28.982501983642578,0.21286477148532867,0.4576753079891205,0.17634087800979614,0.15311908721923828,,0
3005168.png,/home/ubuntu/SCB-05-Dataset/5k_HRW_Dataset_combined/images/val/3005168.png,2,1,28.98126792907715,29.508861541748047,28.416500091552734,28.36397933959961,0.2629678547382355,0.4456908106803894,0.14949515461921692,0.1418461948633194,,0
3005188.png,/home/ubuntu/SCB-05-Dataset/5k_HRW_Dataset_combined/images/val/3005188.png,2,2,30.900753021240234,30.717426300048828,31.249666213989258,30.434099197387695,0.2579234540462494,0.21472026407718658,0.3656132221221924,0.16174305975437164,,0
3005195.png,/home/ubuntu/SCB-05-Dataset/5k_HRW_Dataset_combined/images/val/3005195.png,2,1,26.602619171142578,27.42401885986328,26.81577491760254,26.49468231201172,0.18487904965877533,0.42035582661628723,0.2288021296262741,0.16596302390098572,,0
3005221.png,/home/ubuntu/SCB-05-Dataset/5k_HRW_Dataset_combined/images/val/3005221.png,2,1,26.04749298095703,27.284019470214844,25.918725967407227,26.28026008605957,0.15186265110969543,0.5229589939117432,0.1335144191980362,0.1916639655828476,,0
3005215.png,/home/ubuntu/SCB-05-Dataset/5k_HRW_Dataset_combined/images/val/3005215.png,2,0,29.63956069946289,29.54898452758789,29.487714767456055,29.0522518157959,0.3004494905471802,0.2744320034980774,0.25812235474586487,0.16699615120887756,,0
3005224.png,/home/ubuntu/SCB-05-Dataset/5k_HRW_Dataset_combined/images/val/3005224.png,2,0,30.88836097717285,30.473995208740234,30.869558334350586,29.50817108154297,0.3455827534198761,0.22834698855876923,0.33914560079574585,0.08692470192909241,,0
3005231.png,/home/ubuntu/SCB-05-Dataset/5k_HRW_Dataset_combined/images/val/3005231.png,3,1,28.350204467773438,28.96510887145996,28.172067642211914,28.094011306762695,0.22420015931129456,0.4146536588668823,0.1876169592142105,0.1735292375087738,,0
3005242.png,/home/ubuntu/SCB-05-Dataset/5k_HRW_Dataset_combined/images/val/3005242.png,2,1,30.28949737548828,30.566469192504883,30.259258270263672,29.299915313720703,0.27314382791519165,0.36031198501586914,0.2650078535079956,0.10153630375862122,,0
3005258.png,/home/ubuntu/SCB-05-Dataset/5k_HRW_Dataset_combined/images/val/3005258.png,2,1,30.077882766723633,30.304712295532227,29.893117904663086,28.99051856994629,0.2921397089958191,0.3665231466293335,0.24285568296909332,0.0984814316034317,,0
3005273.png,/home/ubuntu/SCB-05-Dataset/5k_HRW_Dataset_combined/images/val/3005273.png,2,0,29.97101593017578,29.815134048461914,29.919750213623047,29.394378662109375,0.2969587743282318,0.25409582257270813,0.28211861848831177,0.1668267846107483,,0
3005276.png,/home/ubuntu/SCB-05-Dataset/5k_HRW_Dataset_combined/images/val/3005276.png,3,2,30.215883255004883,29.785043716430664,30.224958419799805,29.459821701049805,0.3196326196193695,0.20774945616722107,0.3225465714931488,0.15007133781909943,,0
3005277.png,/home/ubuntu/SCB-05-Dataset/5k_HRW_Dataset_combined/images/val/3005277.png,3,0,30.054807662963867,29.904926300048828,29.979354858398438,29.38104820251465,0.3032212257385254,0.2610158920288086,0.2811841666698456,0.15457868576049805,,0
3005278.png,/home/ubuntu/SCB-05-Dataset/5k_HRW_Dataset_combined/images/val/3005278.png,2,2,29.653457641601562,29.670360565185547,29.705440521240234,29.033967971801758,0.27711397409439087,0.2818378508090973,0.2919001579284668,0.14914803206920624,,0
3005283.png,/home/ubuntu/SCB-05-Dataset/5k_HRW_Dataset_combined/images/val/3005283.png,2,0,30.104219436645508,30.01801300048828,29.902441024780273,28.509944915771484,0.3403981328010559,0.31228289008140564,0.2781991958618164,0.06911981105804443,,0
3005294.png,/home/ubuntu/SCB-05-Dataset/5k_HRW_Dataset_combined/images/val/3005294.png,2,1,27.958314895629883,28.40115737915039,28.372722625732422,28.234773635864258,0.18556131422519684,0.2889425456523895,0.28084227442741394,0.24465380609035492,,0
