image_id,image_path,ground_truth,predicted,sim_0,sim_1,sim_2,sim_3,p_0,p_1,p_2,p_3,stderr,returncode
40010001.png,/home/ubuntu/SCB-05-Dataset/5k_HRW_Dataset_combined/images/val/40010001.png,1,0,31.048982620239258,29.862749099731445,27.230167388916016,27.727121353149414,0.7334557771682739,0.22397486865520477,0.0161021389067173,0.02646719664335251,,0
40010011.png,/home/ubuntu/SCB-05-Dataset/5k_HRW_Dataset_combined/images/val/40010011.png,1,0,31.123014450073242,29.71748924255371,27.389747619628906,27.949451446533203,0.7627724409103394,0.18706095218658447,0.018241384997963905,0.03192523121833801,,0
40010021.png,/home/ubuntu/SCB-05-Dataset/5k_HRW_Dataset_combined/images/val/40010021.png,1,0,31.396284103393555,30.344837188720703,27.998287200927734,27.671825408935547,0.7107329964637756,0.24835267663002014,0.02376704476773739,0.017147256061434746,,0
40010029.png,/home/ubuntu/SCB-05-Dataset/5k_HRW_Dataset_combined/images/val/40010029.png,1,0,31.697458267211914,30.73076057434082,28.056781768798828,27.905920028686523,0.6997252106666565,0.26613137125968933,0.01835700310766697,0.015786411240696907,,0
40010036.png,/home/ubuntu/SCB-05-Dataset/5k_HRW_Dataset_combined/images/val/40010036.png,1,0,31.521230697631836,30.72500228881836,28.172012329101562,28.07248878479004,0.6587944030761719,0.2971339523792267,0.02313144877552986,0.020940175279974937,,0
40010037.png,/home/ubuntu/SCB-05-Dataset/5k_HRW_Dataset_combined/images/val/40010037.png,1,0,31.20262336730957,30.347707748413086,27.865432739257812,27.886587142944336,0.6679348349571228,0.2840854227542877,0.023736167699098587,0.024243641644716263,,0
40010042.png,/home/ubuntu/SCB-05-Dataset/5k_HRW_Dataset_combined/images/val/40010042.png,1,0,31.605688095092773,30.88629913330078,27.965042114257812,27.726242065429688,0.6519128680229187,0.31751400232315063,0.01710318960249424,0.01346999779343605,,0
40010049.png,/home/ubuntu/SCB-05-Dataset/5k_HRW_Dataset_combined/images/val/40010049.png,1,0,32.24040603637695,31.413667678833008,28.77214241027832,28.44198989868164,0.6706677675247192,0.2933996319770813,0.02090545929968357,0.015027139335870743,,0
40010044.png,/home/ubuntu/SCB-05-Dataset/5k_HRW_Dataset_combined/images/val/40010044.png,1,0,32.01313781738281,31.42654800415039,28.650205612182617,28.179805755615234,0.6201581954956055,0.34494492411613464,0.021478286013007164,0.013418611139059067,,0
40010054.png,/home/ubuntu/SCB-05-Dataset/5k_HRW_Dataset_combined/images/val/40010054.png,1,0,31.870407104492188,30.71015739440918,28.082656860351562,27.71684455871582,0.739774763584137,0.23185127973556519,0.01675330474972725,0.01162064541131258,,0
40010058.png,/home/ubuntu/SCB-05-Dataset/5k_HRW_Dataset_combined/images/val/40010058.png,1,0,31.631013870239258,30.87506866455078,28.567058563232422,27.74123764038086,0.6507370471954346,0.30556434392929077,0.030391113832592964,0.013307521119713783,,0
40010064.png,/home/ubuntu/SCB-05-Dataset/5k_HRW_Dataset_combined/images/val/40010064.png,1,0,31.463315963745117,30.813827514648438,28.168170928955078,27.91651725769043,0.6296467185020447,0.32887259125709534,0.023336388170719147,0.01814436726272106,,0
40010067.png,/home/ubuntu/SCB-05-Dataset/5k_HRW_Dataset_combined/images/val/40010067.png,1,0,31.386808395385742,30.468753814697266,27.862150192260742,27.889066696166992,0.6853903532028198,0.27367299795150757,0.020192883908748627,0.02074378728866577,,0
40010084.png,/home/ubuntu/SCB-05-Dataset/5k_HRW_Dataset_combined/images/val/40010084.png,1,0,31.962955474853516,30.856821060180664,28.092050552368164,28.079307556152344,0.7287299633026123,0.24108964204788208,0.015186370350420475,0.014994077384471893,,0
40010082.png,/home/ubuntu/SCB-05-Dataset/5k_HRW_Dataset_combined/images/val/40010082.png,1,0,31.615379333496094,30.903562545776367,28.39891242980957,28.0905818939209,0.6408998966217041,0.31452277302742004,0.025697825476527214,0.018879484385252,,0
40010089.png,/home/ubuntu/SCB-05-Dataset/5k_HRW_Dataset_combined/images/val/40010089.png,1,0,32.461524963378906,30.966354370117188,28.45709991455078,27.83295249938965,0.7985856533050537,0.17905117571353912,0.014562026597559452,0.007801138795912266,,0
40010095.png,/home/ubuntu/SCB-05-Dataset/5k_HRW_Dataset_combined/images/val/40010095.png,1,0,31.918399810791016,30.64253044128418,28.16331672668457,27.34336280822754,0.7616769671440125,0.21265116333961487,0.017822101712226868,0.007849779911339283,,0
40010098.png,/home/ubuntu/SCB-05-Dataset/5k_HRW_Dataset_combined/images/val/40010098.png,1,0,32.515098571777344,31.408796310424805,28.845458984375,27.934682846069336,0.731787919998169,0.24206070601940155,0.01865009404718876,0.007501289714127779,,0
40010099.png,/home/ubuntu/SCB-05-Dataset/5k_HRW_Dataset_combined/images/val/40010099.png,1,0,32.405616760253906,30.935747146606445,28.441884994506836,27.534767150878906,0.7957890629768372,0.18299603462219238,0.015113710425794125,0.006101193837821484,,0
40010105.png,/home/ubuntu/SCB-05-Dataset/5k_HRW_Dataset_combined/images/val/40010105.png,1,0,32.03266906738281,30.69215965270996,27.81204605102539,27.111906051635742,0.7790010571479797,0.2038741558790207,0.011443128809332848,0.0056816935539245605,,0
40010107.png,/home/ubuntu/SCB-05-Dataset/5k_HRW_Dataset_combined/images/val/40010107.png,1,0,31.871505737304688,30.82871437072754,27.944486618041992,27.57801055908203,0.7215898036956787,0.2543383538722992,0.01421699021011591,0.009854829870164394,,0
40010106.png,/home/ubuntu/SCB-05-Dataset/5k_HRW_Dataset_combined/images/val/40010106.png,1,0,32.17564010620117,31.34540557861328,28.63827896118164,28.07735252380371,0.674928605556488,0.29423314332962036,0.019633667543530464,0.011204543523490429,,0
40010110.png,/home/ubuntu/SCB-05-Dataset/5k_HRW_Dataset_combined/images/val/40010110.png,1,0,31.765544891357422,30.336872100830078,27.978397369384766,28.108999252319336,0.7763321399688721,0.18602995574474335,0.017591800540685654,0.020046105608344078,,0
40010114.png,/home/ubuntu/SCB-05-Dataset/5k_HRW_Dataset_combined/images/val/40010114.png,1,0,31.001482009887695,30.12769317626953,27.62286949157715,27.82609748840332,0.6696847677230835,0.2795044779777527,0.02283271960914135,0.027978114783763885,,0
40010120.png,/home/ubuntu/SCB-05-Dataset/5k_HRW_Dataset_combined/images/val/40010120.png,1,0,31.880277633666992,30.862945556640625,28.347625732421875,27.34946060180664,0.7134919762611389,0.257968932390213,0.020853448659181595,0.007685644086450338,,0
40010123.png,/home/ubuntu/SCB-05-Dataset/5k_HRW_Dataset_combined/images/val/40010123.png,1,0,31.44668960571289,30.17214584350586,27.546184539794922,27.093156814575195,0.7618167996406555,0.21297235786914825,0.01541284192353487,0.009797952137887478,,0
40010135.png,/home/ubuntu/SCB-05-Dataset/5k_HRW_Dataset_combined/images/val/40010135.png,1,0,32.193885803222656,31.086318969726562,28.30626106262207,27.95465660095215,0.732453465461731,0.24197465181350708,0.015010876581072807,0.010561028495430946,,0
40020002.png,/home/ubuntu/SCB-05-Dataset/5k_HRW_Dataset_combined/images/val/40020002.png,1,0,32.055328369140625,30.803077697753906,27.88027572631836,27.54012107849121,0.7620925903320312,0.21785232424736023,0.01171670388430357,0.008338311687111855,,0
40020003.png,/home/ubuntu/SCB-05-Dataset/5k_HRW_Dataset_combined/images/val/40020003.png,1,0,32.39500045776367,31.153095245361328,28.40692138671875,27.969900131225586,0.7579537630081177,0.21892237663269043,0.01404888927936554,0.009074988774955273,,0
40020019.png,/home/ubuntu/SCB-05-Dataset/5k_HRW_Dataset_combined/images/val/40020019.png,1,0,32.27036666870117,31.18878936767578,28.177175521850586,27.985933303833008,0.7301787734031677,0.24757462739944458,0.012183691374957561,0.01006290689110756,,0
40020021.png,/home/ubuntu/SCB-05-Dataset/5k_HRW_Dataset_combined/images/val/40020021.png,1,0,32.59941482543945,31.45387840270996,28.500699996948242,28.00442886352539,0.7436329126358032,0.2365148514509201,0.012339835986495018,0.007512449752539396,,0
40020022.png,/home/ubuntu/SCB-05-Dataset/5k_HRW_Dataset_combined/images/val/40020022.png,1,0,32.758296966552734,31.546003341674805,28.508752822875977,28.202842712402344,0.7562611103057861,0.2249983549118042,0.010792404413223267,0.007948096841573715,,0
40020026.png,/home/ubuntu/SCB-05-Dataset/5k_HRW_Dataset_combined/images/val/40020026.png,1,0,32.048885345458984,31.081640243530273,28.109968185424805,27.844947814941406,0.7069462537765503,0.26873064041137695,0.013763738796114922,0.010559407994151115,,0
40020034.png,/home/ubuntu/SCB-05-Dataset/5k_HRW_Dataset_combined/images/val/40020034.png,1,0,31.91051483154297,31.022850036621094,28.121641159057617,27.28970718383789,0.6924815773963928,0.2850363850593567,0.01566467247903347,0.006817371118813753,,0
40020044.png,/home/ubuntu/SCB-05-Dataset/5k_HRW_Dataset_combined/images/val/40020044.png,1,0,32.08893585205078,31.186861038208008,28.46895408630371,27.627260208129883,0.6924952864646912,0.2809640169143677,0.018547214567661285,0.007993476465344429,,0
40020045.png,/home/ubuntu/SCB-05-Dataset/5k_HRW_Dataset_combined/images/val/40020045.png,1,0,31.53923797607422,30.409780502319336,27.53228187561035,26.92447280883789,0.740027129650116,0.23918311297893524,0.013460113666951656,0.007329605985432863,,0
40020046.png,/home/ubuntu/SCB-05-Dataset/5k_HRW_Dataset_combined/images/val/40020046.png,1,0,31.84955406188965,30.794540405273438,27.894020080566406,27.2086238861084,0.726224422454834,0.2528623640537262,0.013906065374612808,0.0070071350783109665,,0
40020049.png,/home/ubuntu/SCB-05-Dataset/5k_HRW_Dataset_combined/images/val/40020049.png,1,0,31.954097747802734,30.778709411621094,27.831787109375,26.9678897857666,0.7508987188339233,0.23180173337459564,0.012169832363724709,0.005129780620336533,,0
40020050.png,/home/ubuntu/SCB-05-Dataset/5k_HRW_Dataset_combined/images/val/40020050.png,0,0,31.85199546813965,30.67890739440918,27.68716812133789,26.883251190185547,0.7508103847503662,0.23230822384357452,0.011661884374916553,0.005219538230448961,,0
40020058.png,/home/ubuntu/SCB-05-Dataset/5k_HRW_Dataset_combined/images/val/40020058.png,1,0,30.965059280395508,30.6710147857666,27.55635643005371,28.030317306518555,0.5460089445114136,0.4069095253944397,0.018064206466078758,0.029017332941293716,,0
40020077.png,/home/ubuntu/SCB-05-Dataset/5k_HRW_Dataset_combined/images/val/40020077.png,0,0,30.859336853027344,29.96332550048828,27.51605224609375,27.058338165283203,0.6821916699409485,0.2784669101238251,0.024095522239804268,0.015245921909809113,,0
40020078.png,/home/ubuntu/SCB-05-Dataset/5k_HRW_Dataset_combined/images/val/40020078.png,0,0,30.563127517700195,29.71678352355957,27.096424102783203,26.75550651550293,0.6745812296867371,0.2893821597099304,0.02106027863919735,0.014976332895457745,,0
40020083.png,/home/ubuntu/SCB-05-Dataset/5k_HRW_Dataset_combined/images/val/40020083.png,0,0,31.50809097290039,30.42665672302246,27.43440055847168,26.6328182220459,0.7332688570022583,0.2486579418182373,0.012476189061999321,0.0055970498360693455,,0
40020073.png,/home/ubuntu/SCB-05-Dataset/5k_HRW_Dataset_combined/images/val/40020073.png,0,0,31.855520248413086,30.583858489990234,28.338623046875,28.16295051574707,0.7490834593772888,0.21001704037189484,0.022241350263357162,0.0186581052839756,,0
40020097.png,/home/ubuntu/SCB-05-Dataset/5k_HRW_Dataset_combined/images/val/40020097.png,0,0,32.231910705566406,30.517881393432617,27.411481857299805,26.908451080322266,0.8381683826446533,0.15098638832569122,0.006758427247405052,0.004086788278073072,,0
40020086.png,/home/ubuntu/SCB-05-Dataset/5k_HRW_Dataset_combined/images/val/40020086.png,0,0,31.382612228393555,30.79114532470703,28.218503952026367,26.310306549072266,0.6242062449455261,0.34550735354423523,0.026373839005827904,0.003912494517862797,,0
40020103.png,/home/ubuntu/SCB-05-Dataset/5k_HRW_Dataset_combined/images/val/40020103.png,0,0,31.743392944335938,30.299741744995117,27.66234016418457,27.11802101135254,0.7919198870658875,0.18694400787353516,0.01337527111172676,0.007760822772979736,,0
40020105.png,/home/ubuntu/SCB-05-Dataset/5k_HRW_Dataset_combined/images/val/40020105.png,0,0,31.038738250732422,29.52076530456543,26.636356353759766,26.712703704833984,0.8034557104110718,0.17608188092708588,0.009840831160545349,0.010621577501296997,,0
40020110.png,/home/ubuntu/SCB-05-Dataset/5k_HRW_Dataset_combined/images/val/40020110.png,0,0,31.199234008789062,30.290639877319336,26.926782608032227,27.027915954589844,0.6980948448181152,0.28139540553092957,0.009736713953316212,0.010772934183478355,,0
40020122.png,/home/ubuntu/SCB-05-Dataset/5k_HRW_Dataset_combined/images/val/40020122.png,1,0,32.10733413696289,31.252368927001953,28.771337509155273,27.538663864135742,0.679694652557373,0.28907275199890137,0.024182932451367378,0.0070496173575520515,,0
40020141.png,/home/ubuntu/SCB-05-Dataset/5k_HRW_Dataset_combined/images/val/40020141.png,1,0,31.90120506286621,30.649259567260742,28.071807861328125,27.6273250579834,0.7566595673561096,0.216365247964859,0.01643669418990612,0.01053848210722208,,0
40020148.png,/home/ubuntu/SCB-05-Dataset/5k_HRW_Dataset_combined/images/val/40020148.png,1,0,32.291080474853516,31.715551376342773,29.108705520629883,28.717241287231445,0.6127668023109436,0.34462445974349976,0.025421859696507454,0.017186863347887993,,0
40020150.png,/home/ubuntu/SCB-05-Dataset/5k_HRW_Dataset_combined/images/val/40020150.png,1,0,31.536069869995117,30.66459846496582,28.1502628326416,27.453535079956055,0.6807118058204651,0.28476592898368835,0.023042308166623116,0.01147997472435236,,0
40020119.png,/home/ubuntu/SCB-05-Dataset/5k_HRW_Dataset_combined/images/val/40020119.png,1,0,31.85492515563965,30.760427474975586,28.24639320373535,27.54015350341797,0.7271834015846252,0.24339386820793152,0.019700555130839348,0.009722152724862099,,0
40020144.png,/home/ubuntu/SCB-05-Dataset/5k_HRW_Dataset_combined/images/val/40020144.png,1,0,31.323524475097656,30.736928939819336,28.56825065612793,27.68577003479004,0.6074889302253723,0.33789607882499695,0.038631197065114975,0.015983860939741135,,0
40020153.png,/home/ubuntu/SCB-05-Dataset/5k_HRW_Dataset_combined/images/val/40020153.png,1,0,31.622051239013672,30.9995174407959,28.499122619628906,27.94405746459961,0.6227096915245056,0.334135502576828,0.027416687458753586,0.01573813334107399,,0
40020061.png,/home/ubuntu/SCB-05-Dataset/5k_HRW_Dataset_combined/images/val/40020061.png,1,0,31.893810272216797,31.12720489501953,27.880186080932617,27.016592025756836,0.6710177659988403,0.3117464780807495,0.01212381199002266,0.00511193135753274,,0
40020167.png,/home/ubuntu/SCB-05-Dataset/5k_HRW_Dataset_combined/images/val/40020167.png,0,0,30.936336517333984,30.28106117248535,27.990890502929688,26.20317268371582,0.6326406598091125,0.3285296559333801,0.03326336294412613,0.005566345527768135,,0
40020168.png,/home/ubuntu/SCB-05-Dataset/5k_HRW_Dataset_combined/images/val/40020168.png,1,0,30.735197067260742,30.083974838256836,27.850854873657227,25.991212844848633,0.6305156350135803,0.3287559747695923,0.03524049371480942,0.00548794399946928,,0
40020174.png,/home/ubuntu/SCB-05-Dataset/5k_HRW_Dataset_combined/images/val/40020174.png,0,0,31.10582160949707,30.469655990600586,28.078916549682617,26.696569442749023,0.6289514303207397,0.33291542530059814,0.03048238717019558,0.007650736253708601,,0
40020170.png,/home/ubuntu/SCB-05-Dataset/5k_HRW_Dataset_combined/images/val/40020170.png,1,0,31.111928939819336,30.394372940063477,27.971696853637695,26.739089965820312,0.6477391719818115,0.31605997681617737,0.028029458597302437,0.008171472698450089,,0
40020182.png,/home/ubuntu/SCB-05-Dataset/5k_HRW_Dataset_combined/images/val/40020182.png,1,0,31.298044204711914,30.882722854614258,28.663888931274414,26.781410217285156,0.5737783312797546,0.378767192363739,0.041185565292835236,0.0062689511105418205,,0
40020156.png,/home/ubuntu/SCB-05-Dataset/5k_HRW_Dataset_combined/images/val/40020156.png,1,0,30.68450355529785,30.17735481262207,28.158124923706055,26.758920669555664,0.5875824093818665,0.3538481295108795,0.04697604849934578,0.011593373492360115,,0
40020164.png,/home/ubuntu/SCB-05-Dataset/5k_HRW_Dataset_combined/images/val/40020164.png,1,0,31.3817195892334,31.044431686401367,28.740474700927734,26.9069766998291,0.5566785335540771,0.3973033130168915,0.03967586159706116,0.006342322565615177,,0
40020177.png,/home/ubuntu/SCB-05-Dataset/5k_HRW_Dataset_combined/images/val/40020177.png,0,0,31.22439956665039,30.12602996826172,27.479562759399414,26.52971649169922,0.7319586277008057,0.2440454363822937,0.01730312593281269,0.006692857015877962,,0
40020202.png,/home/ubuntu/SCB-05-Dataset/5k_HRW_Dataset_combined/images/val/40020202.png,0,0,31.44565773010254,30.868732452392578,28.259807586669922,27.155601501464844,0.61855548620224,0.3473947048187256,0.025572990998625755,0.008476780727505684,,0
40020194.png,/home/ubuntu/SCB-05-Dataset/5k_HRW_Dataset_combined/images/val/40020194.png,0,0,31.149017333984375,30.50374984741211,27.81113052368164,26.731800079345703,0.6360910534858704,0.3336438834667206,0.022588815540075302,0.007676198612898588,,0
40020203.png,/home/ubuntu/SCB-05-Dataset/5k_HRW_Dataset_combined/images/val/40020203.png,0,0,31.96871566772461,31.644424438476562,29.411653518676758,27.926401138305664,0.5500161051750183,0.39768344163894653,0.042643953114748,0.009656517766416073,,0
40020210.png,/home/ubuntu/SCB-05-Dataset/5k_HRW_Dataset_combined/images/val/40020210.png,0,0,31.351778030395508,30.97420883178711,28.587282180786133,27.24840545654297,0.5665560364723206,0.3883887827396393,0.035697486251592636,0.009357736445963383,,0
40020215.png,/home/ubuntu/SCB-05-Dataset/5k_HRW_Dataset_combined/images/val/40020215.png,1,0,31.378889083862305,30.878860473632812,28.661685943603516,27.109230041503906,0.5929232239723206,0.3596158027648926,0.039168063551187515,0.008292951621115208,,0
40020216.png,/home/ubuntu/SCB-05-Dataset/5k_HRW_Dataset_combined/images/val/40020216.png,0,0,31.602609634399414,31.134164810180664,28.888416290283203,27.24599266052246,0.5864912867546082,0.3671289086341858,0.03885996341705322,0.007519809994846582,,0
40020218.png,/home/ubuntu/SCB-05-Dataset/5k_HRW_Dataset_combined/images/val/40020218.png,0,0,31.596290588378906,30.996578216552734,28.469886779785156,27.645355224609375,0.6203160285949707,0.3405345678329468,0.027216551825404167,0.011932832188904285,,0
40030006.png,/home/ubuntu/SCB-05-Dataset/5k_HRW_Dataset_combined/images/val/40030006.png,1,0,31.650390625,30.695114135742188,27.40391731262207,27.14729881286621,0.7091720104217529,0.2728225886821747,0.010151534341275692,0.00785386934876442,,0
40020160.png,/home/ubuntu/SCB-05-Dataset/5k_HRW_Dataset_combined/images/val/40020160.png,1,0,30.82265281677246,30.197593688964844,27.88829803466797,26.131147384643555,0.6259516477584839,0.3350279629230499,0.033278726041316986,0.0057417708449065685,,0
40020208.png,/home/ubuntu/SCB-05-Dataset/5k_HRW_Dataset_combined/images/val/40020208.png,0,0,31.40959358215332,30.631059646606445,28.06169319152832,26.845556259155273,0.6646034717559814,0.30510520935058594,0.02336619235575199,0.006925106048583984,,0
40020217.png,/home/ubuntu/SCB-05-Dataset/5k_HRW_Dataset_combined/images/val/40020217.png,0,0,31.368139266967773,30.841678619384766,28.439685821533203,27.13327980041504,0.6028986573219299,0.35612738132476807,0.03224283084273338,0.008731085807085037,,0
40020221.png,/home/ubuntu/SCB-05-Dataset/5k_HRW_Dataset_combined/images/val/40020221.png,0,0,31.720352172851562,31.05352020263672,28.47169303894043,27.07729721069336,0.6402923464775085,0.32868269085884094,0.024860139936208725,0.006164886988699436,,0
40020158.png,/home/ubuntu/SCB-05-Dataset/5k_HRW_Dataset_combined/images/val/40020158.png,1,0,30.746353149414062,30.311471939086914,27.870380401611328,26.465320587158203,0.5822310447692871,0.37690234184265137,0.03281529247760773,0.008051309734582901,,0
40030020.png,/home/ubuntu/SCB-05-Dataset/5k_HRW_Dataset_combined/images/val/40030020.png,1,0,31.814899444580078,31.091325759887695,27.848983764648438,27.24258804321289,0.6603708863258362,0.32029035687446594,0.012514473870396614,0.006824302952736616,,0
40030024.png,/home/ubuntu/SCB-05-Dataset/5k_HRW_Dataset_combined/images/val/40030024.png,1,0,31.881826400756836,31.590091705322266,28.09975814819336,27.810691833496094,0.5596596598625183,0.41804713010787964,0.01274654921144247,0.009546688757836819,,0
40030028.png,/home/ubuntu/SCB-05-Dataset/5k_HRW_Dataset_combined/images/val/40030028.png,1,0,31.769001007080078,31.527223587036133,28.280179977416992,27.94951820373535,0.5441563725471497,0.4272884130477905,0.01661682315170765,0.011938326060771942,,0
40030030.png,/home/ubuntu/SCB-05-Dataset/5k_HRW_Dataset_combined/images/val/40030030.png,1,1,31.09516716003418,31.267452239990234,28.23418426513672,27.054420471191406,0.4419277608394623,0.5250174403190613,0.02528379112482071,0.007771007250994444,,0
40030037.png,/home/ubuntu/SCB-05-Dataset/5k_HRW_Dataset_combined/images/val/40030037.png,1,0,31.4664363861084,30.863792419433594,27.297163009643555,27.28697967529297,0.6336601972579956,0.34684184193611145,0.009798599407076836,0.009699324145913124,,0
40020126.png,/home/ubuntu/SCB-05-Dataset/5k_HRW_Dataset_combined/images/val/40020126.png,1,0,31.924346923828125,31.411230087280273,28.851818084716797,27.658267974853516,0.6027845740318298,0.3608430325984955,0.027911284938454628,0.008461114950478077,,0
40030033.png,/home/ubuntu/SCB-05-Dataset/5k_HRW_Dataset_combined/images/val/40030033.png,1,0,31.367496490478516,30.627315521240234,27.316570281982422,27.131635665893555,0.6627339720726013,0.31614235043525696,0.011535709723830223,0.009588005021214485,,0
40030002.png,/home/ubuntu/SCB-05-Dataset/5k_HRW_Dataset_combined/images/val/40030002.png,1,0,31.625144958496094,30.297199249267578,26.953523635864258,26.8804874420166,0.7793768644332886,0.20655135810375214,0.007292696740478277,0.006779051851481199,,0
40030048.png,/home/ubuntu/SCB-05-Dataset/5k_HRW_Dataset_combined/images/val/40030048.png,1,0,31.736055374145508,30.98963165283203,27.144271850585938,27.22841453552246,0.6687987446784973,0.3170499801635742,0.006778119131922722,0.007373129948973656,,0
40030042.png,/home/ubuntu/SCB-05-Dataset/5k_HRW_Dataset_combined/images/val/40030042.png,1,0,31.357070922851562,30.640056610107422,27.35202980041504,26.97368049621582,0.65836501121521,0.3214188814163208,0.011997740715742111,0.00821834709495306,,0
40030050.png,/home/ubuntu/SCB-05-Dataset/5k_HRW_Dataset_combined/images/val/40030050.png,1,0,31.584014892578125,31.12960433959961,27.581501007080078,28.091075897216797,0.5939995050430298,0.37708398699760437,0.010852164588868618,0.018064333125948906,,0
40030052.png,/home/ubuntu/SCB-05-Dataset/5k_HRW_Dataset_combined/images/val/40030052.png,1,0,32.091304779052734,31.144628524780273,27.37053108215332,27.358495712280273,0.7113698124885559,0.27603185176849365,0.006337083410471678,0.006261271890252829,,0
40030059.png,/home/ubuntu/SCB-05-Dataset/5k_HRW_Dataset_combined/images/val/40030059.png,1,0,32.28458786010742,31.421438217163086,28.219026565551758,28.106582641601562,0.6876094937324524,0.2900552749633789,0.011794811114668846,0.010540403425693512,,0
40030069.png,/home/ubuntu/SCB-05-Dataset/5k_HRW_Dataset_combined/images/val/40030069.png,1,0,32.465057373046875,31.148677825927734,28.355594635009766,27.825117111206055,0.7726906538009644,0.20716160535812378,0.012684947811067104,0.007462858222424984,,0
40030070.png,/home/ubuntu/SCB-05-Dataset/5k_HRW_Dataset_combined/images/val/40030070.png,1,0,31.885517120361328,31.131956100463867,28.11490249633789,27.481889724731445,0.6640290021896362,0.3125501275062561,0.015297834761440754,0.00812299083918333,,0
40030072.png,/home/ubuntu/SCB-05-Dataset/5k_HRW_Dataset_combined/images/val/40030072.png,1,0,31.47687530517578,31.143409729003906,28.04093360900879,27.47783660888672,0.5659421682357788,0.40546172857284546,0.018220551311969757,0.010375562123954296,,0
40030088.png,/home/ubuntu/SCB-05-Dataset/5k_HRW_Dataset_combined/images/val/40030088.png,1,0,32.03554916381836,31.190336227416992,28.1700496673584,27.809328079223633,0.6825817823410034,0.2931455969810486,0.014301764778792858,0.009970804676413536,,0
40030092.png,/home/ubuntu/SCB-05-Dataset/5k_HRW_Dataset_combined/images/val/40030092.png,1,0,31.655174255371094,31.135671615600586,28.291221618652344,28.02768325805664,0.6038657426834106,0.3591891825199127,0.020892685279250145,0.01605243980884552,,0
40030100.png,/home/ubuntu/SCB-05-Dataset/5k_HRW_Dataset_combined/images/val/40030100.png,1,0,31.246883392333984,31.08068084716797,27.447933197021484,27.109161376953125,0.5304397940635681,0.4492160379886627,0.01187881175428629,0.008465376682579517,,0
40030108.png,/home/ubuntu/SCB-05-Dataset/5k_HRW_Dataset_combined/images/val/40030108.png,1,0,31.427988052368164,31.01014518737793,27.29540252685547,26.662612915039062,0.5941675901412964,0.3912389874458313,0.009531250223517418,0.0050621251575648785,,0
40030111.png,/home/ubuntu/SCB-05-Dataset/5k_HRW_Dataset_combined/images/val/40030111.png,1,0,31.599273681640625,31.13957977294922,27.564207077026367,27.03274154663086,0.6025710701942444,0.38050973415374756,0.01065616961568594,0.006263088434934616,,0
40030113.png,/home/ubuntu/SCB-05-Dataset/5k_HRW_Dataset_combined/images/val/40030113.png,1,0,32.10009765625,31.559974670410156,27.535602569580078,27.49131965637207,0.6238086223602295,0.3634786903858185,0.006497052498161793,0.006215621251612902,,0
40030114.png,/home/ubuntu/SCB-05-Dataset/5k_HRW_Dataset_combined/images/val/40030114.png,1,0,32.27260971069336,31.583118438720703,27.722362518310547,27.7255802154541,0.6566011905670166,0.32950302958488464,0.006936723832041025,0.00695908023044467,,0
40030116.png,/home/ubuntu/SCB-05-Dataset/5k_HRW_Dataset_combined/images/val/40030116.png,1,0,32.1909065246582,31.289731979370117,27.38718032836914,27.189210891723633,0.7037208676338196,0.28577569127082825,0.00576990470290184,0.004733600653707981,,0
40030130.png,/home/ubuntu/SCB-05-Dataset/5k_HRW_Dataset_combined/images/val/40030130.png,1,0,31.041168212890625,30.23636245727539,26.79005241394043,26.494895935058594,0.6793340444564819,0.30378106236457825,0.009679374285042286,0.007205472327768803,,0
40030131.png,/home/ubuntu/SCB-05-Dataset/5k_HRW_Dataset_combined/images/val/40030131.png,1,0,31.542593002319336,30.584144592285156,27.202856063842773,27.23235511779785,0.7092410922050476,0.27198508381843567,0.00924847461283207,0.009525359608232975,,0
40030142.png,/home/ubuntu/SCB-05-Dataset/5k_HRW_Dataset_combined/images/val/40030142.png,1,0,31.000333786010742,29.782682418823242,26.746610641479492,26.82896614074707,0.7543943524360657,0.22324366867542267,0.010720868594944477,0.011641166172921658,,0
40030144.png,/home/ubuntu/SCB-05-Dataset/5k_HRW_Dataset_combined/images/val/40030144.png,1,0,30.749534606933594,30.226648330688477,27.075593948364258,26.483430862426758,0.6126626133918762,0.36319074034690857,0.015547094866633415,0.008599556982517242,,0
40030148.png,/home/ubuntu/SCB-05-Dataset/5k_HRW_Dataset_combined/images/val/40030148.png,1,0,30.979448318481445,30.52770233154297,27.46099281311035,27.01285743713379,0.5934369564056396,0.3777320384979248,0.017592549324035645,0.011238440871238708,,0
40030150.png,/home/ubuntu/SCB-05-Dataset/5k_HRW_Dataset_combined/images/val/40030150.png,1,0,31.45943260192871,30.378145217895508,27.567302703857422,27.11590003967285,0.7285704016685486,0.24710093438625336,0.0148641811683774,0.009464534930884838,,0
40030160.png,/home/ubuntu/SCB-05-Dataset/5k_HRW_Dataset_combined/images/val/40030160.png,1,0,31.402009963989258,31.131521224975586,27.57652473449707,27.542049407958984,0.553745687007904,0.4225115478038788,0.012076002545654774,0.01166677474975586,,0
40030162.png,/home/ubuntu/SCB-05-Dataset/5k_HRW_Dataset_combined/images/val/40030162.png,1,0,31.4920597076416,31.275800704956055,27.623382568359375,27.44512176513672,0.5423322319984436,0.4368630349636078,0.011327139101922512,0.009477691724896431,,0
40030157.png,/home/ubuntu/SCB-05-Dataset/5k_HRW_Dataset_combined/images/val/40030157.png,1,0,31.52678680419922,30.743127822875977,27.48049545288086,27.08686637878418,0.6729403734207153,0.30735325813293457,0.011767781339585781,0.007938595488667488,,0
40030165.png,/home/ubuntu/SCB-05-Dataset/5k_HRW_Dataset_combined/images/val/40030165.png,1,0,32.01839065551758,31.3292293548584,28.062885284423828,27.336353302001953,0.6534214019775391,0.32801553606987,0.012512358836829662,0.006050765980035067,,0
40030169.png,/home/ubuntu/SCB-05-Dataset/5k_HRW_Dataset_combined/images/val/40030169.png,1,0,31.87200927734375,31.082143783569336,27.737564086914062,27.10210609436035,0.676407516002655,0.30702534317970276,0.010830329731106758,0.0057367486879229546,,0
40030172.png,/home/ubuntu/SCB-05-Dataset/5k_HRW_Dataset_combined/images/val/40030172.png,1,0,32.008056640625,31.383583068847656,27.969392776489258,27.517784118652344,0.6392301321029663,0.34233537316322327,0.011263875290751457,0.007170619908720255,,0
40030168.png,/home/ubuntu/SCB-05-Dataset/5k_HRW_Dataset_combined/images/val/40030168.png,1,0,31.668926239013672,31.078577041625977,27.92452621459961,27.386098861694336,0.6283036470413208,0.34816426038742065,0.01485926378518343,0.008672839030623436,,0
40030177.png,/home/ubuntu/SCB-05-Dataset/5k_HRW_Dataset_combined/images/val/40030177.png,1,0,32.774600982666016,31.463754653930664,28.318363189697266,27.80978012084961,0.7762908339500427,0.20928162336349487,0.00900958850979805,0.005417889915406704,,0
40030176.png,/home/ubuntu/SCB-05-Dataset/5k_HRW_Dataset_combined/images/val/40030176.png,1,0,31.60378646850586,31.377166748046875,28.555381774902344,27.487262725830078,0.5373572111129761,0.42839401960372925,0.025489291176199913,0.008759504184126854,,0
40030184.png,/home/ubuntu/SCB-05-Dataset/5k_HRW_Dataset_combined/images/val/40030184.png,2,0,31.501991271972656,31.262279510498047,28.215059280395508,28.181058883666992,0.537535548210144,0.42296233773231506,0.020086800679564476,0.019415322691202164,,0
40030185.png,/home/ubuntu/SCB-05-Dataset/5k_HRW_Dataset_combined/images/val/40030185.png,2,0,31.342252731323242,31.175830841064453,28.184627532958984,28.181367874145508,0.5177045464515686,0.43833470344543457,0.022016221657395363,0.021944571286439896,,0
40030187.png,/home/ubuntu/SCB-05-Dataset/5k_HRW_Dataset_combined/images/val/40030187.png,1,0,31.484085083007812,30.889739990234375,28.042861938476562,27.71647834777832,0.6222556233406067,0.34343773126602173,0.019928039982914925,0.01437864638864994,,0
40030193.png,/home/ubuntu/SCB-05-Dataset/5k_HRW_Dataset_combined/images/val/40030193.png,1,0,31.92981719970703,31.05451202392578,28.116714477539062,27.774917602539062,0.6875206232070923,0.2865138053894043,0.01518015656620264,0.010785386897623539,,0
40030200.png,/home/ubuntu/SCB-05-Dataset/5k_HRW_Dataset_combined/images/val/40030200.png,1,0,31.969802856445312,30.777286529541016,28.00708770751953,27.615636825561523,0.7488834857940674,0.2272537350654602,0.014237342402338982,0.009625515900552273,,0
40030202.png,/home/ubuntu/SCB-05-Dataset/5k_HRW_Dataset_combined/images/val/40030202.png,1,0,31.674484252929688,30.57915496826172,27.37902069091797,27.37099266052246,0.7344403266906738,0.24561849236488342,0.010010607540607452,0.009930563159286976,,0
40030209.png,/home/ubuntu/SCB-05-Dataset/5k_HRW_Dataset_combined/images/val/40030209.png,1,0,31.144821166992188,30.376083374023438,27.453014373779297,26.87664031982422,0.6655431985855103,0.30854442715644836,0.016589945182204247,0.009322424419224262,,0
40030212.png,/home/ubuntu/SCB-05-Dataset/5k_HRW_Dataset_combined/images/val/40030212.png,1,0,31.676631927490234,30.566835403442383,27.79962921142578,27.25532341003418,0.734021782875061,0.24195270240306854,0.015203656628727913,0.008821837604045868,,0
40030217.png,/home/ubuntu/SCB-05-Dataset/5k_HRW_Dataset_combined/images/val/40030217.png,1,0,31.676990509033203,31.149526596069336,28.273414611816406,27.48511505126953,0.6103248596191406,0.3601524829864502,0.02029583416879177,0.009226834401488304,,0
40030222.png,/home/ubuntu/SCB-05-Dataset/5k_HRW_Dataset_combined/images/val/40030222.png,1,0,31.378799438476562,31.19146156311035,28.250709533691406,27.727144241333008,0.5266170501708984,0.43665164709091187,0.023066554218530655,0.013664734549820423,,0
40030233.png,/home/ubuntu/SCB-05-Dataset/5k_HRW_Dataset_combined/images/val/40030233.png,1,0,31.58596420288086,31.403764724731445,28.068845748901367,27.269384384155273,0.5329168438911438,0.4441515803337097,0.015819557011127472,0.007112014573067427,,0
40030239.png,/home/ubuntu/SCB-05-Dataset/5k_HRW_Dataset_combined/images/val/40030239.png,1,0,31.111495971679688,31.087949752807617,27.974727630615234,27.87921142578125,0.4855267107486725,0.4742279350757599,0.021082976832985878,0.019162394106388092,,0
40030245.png,/home/ubuntu/SCB-05-Dataset/5k_HRW_Dataset_combined/images/val/40030245.png,1,0,31.909366607666016,31.233402252197266,27.65042495727539,27.554094314575195,0.6511934995651245,0.33123978972435,0.009206089191138744,0.008360636420547962,,0
40030246.png,/home/ubuntu/SCB-05-Dataset/5k_HRW_Dataset_combined/images/val/40030246.png,1,0,31.843910217285156,31.06478500366211,27.93436050415039,27.60477638244629,0.6696681976318359,0.307248592376709,0.013426531106233597,0.009656666778028011,,0
40030254.png,/home/ubuntu/SCB-05-Dataset/5k_HRW_Dataset_combined/images/val/40030254.png,1,0,31.6594295501709,31.21554183959961,27.514760971069336,27.51944923400879,0.5976181626319885,0.38339442014694214,0.009471463039517403,0.009515972808003426,,0
40030255.png,/home/ubuntu/SCB-05-Dataset/5k_HRW_Dataset_combined/images/val/40030255.png,1,0,31.59656524658203,31.000816345214844,27.81200408935547,26.97783660888672,0.6314192414283752,0.3480064570903778,0.014345107600092888,0.0062291594222188,,0
40030256.png,/home/ubuntu/SCB-05-Dataset/5k_HRW_Dataset_combined/images/val/40030256.png,1,0,31.79684066772461,31.001741409301758,27.947885513305664,27.06332778930664,0.6749305725097656,0.30475571751594543,0.014377359300851822,0.005936364643275738,,0
40030259.png,/home/ubuntu/SCB-05-Dataset/5k_HRW_Dataset_combined/images/val/40030259.png,1,0,32.146324157714844,31.535419464111328,28.0543155670166,27.2913818359375,0.6380175948143005,0.3463539481163025,0.010658495128154755,0.004970018286257982,,0
40030257.png,/home/ubuntu/SCB-05-Dataset/5k_HRW_Dataset_combined/images/val/40030257.png,1,0,32.25027084350586,31.373756408691406,28.008928298950195,27.305606842041016,0.6955357193946838,0.28950366377830505,0.01000755000859499,0.004953123163431883,,0
40030268.png,/home/ubuntu/SCB-05-Dataset/5k_HRW_Dataset_combined/images/val/40030268.png,1,0,31.683984756469727,30.579208374023438,27.7247371673584,26.85108757019043,0.7362004518508911,0.2438921183347702,0.014044837094843388,0.005862670484930277,,0
40030274.png,/home/ubuntu/SCB-05-Dataset/5k_HRW_Dataset_combined/images/val/40030274.png,1,0,32.371639251708984,31.116140365600586,27.555538177490234,27.05095672607422,0.7704627513885498,0.21953076124191284,0.006239438895136118,0.0037671125028282404,,0
40030283.png,/home/ubuntu/SCB-05-Dataset/5k_HRW_Dataset_combined/images/val/40030283.png,1,0,31.844282150268555,31.154775619506836,27.347389221191406,27.3171329498291,0.6562632918357849,0.3293284475803375,0.007313114125281572,0.007095159962773323,,0
40030289.png,/home/ubuntu/SCB-05-Dataset/5k_HRW_Dataset_combined/images/val/40030289.png,1,0,32.02533721923828,31.293014526367188,27.718889236450195,27.53111457824707,0.6642550826072693,0.3193678557872772,0.00895505677908659,0.007421963848173618,,0
40030291.png,/home/ubuntu/SCB-05-Dataset/5k_HRW_Dataset_combined/images/val/40030291.png,1,0,31.393783569335938,30.84319305419922,26.920621871948242,27.127525329589844,0.6241984367370605,0.3599185645580292,0.007122840732336044,0.008760124444961548,,0
40030295.png,/home/ubuntu/SCB-05-Dataset/5k_HRW_Dataset_combined/images/val/40030295.png,1,0,31.71706771850586,31.025188446044922,27.344348907470703,27.15032196044922,0.6563217043876648,0.3285772204399109,0.00828074011951685,0.006820313166826963,,0
0001001.png,/home/ubuntu/SCB-05-Dataset/5k_HRW_Dataset_combined/images/val/0001001.png,3,1,27.485502243041992,27.75603485107422,24.679161071777344,27.592832565307617,0.2869942784309387,0.3761526048183441,0.017341824248433113,0.3195113241672516,,0
0001002.png,/home/ubuntu/SCB-05-Dataset/5k_HRW_Dataset_combined/images/val/0001002.png,3,1,28.25557518005371,29.012144088745117,25.52240562438965,28.085941314697266,0.24752850830554962,0.5274713635444641,0.01609254628419876,0.20890755951404572,,0
0001007.png,/home/ubuntu/SCB-05-Dataset/5k_HRW_Dataset_combined/images/val/0001007.png,3,1,30.259716033935547,31.589258193969727,28.863754272460938,30.111417770385742,0.16980576515197754,0.6417490839958191,0.04204302281141281,0.14640212059020996,,0
0001009.png,/home/ubuntu/SCB-05-Dataset/5k_HRW_Dataset_combined/images/val/0001009.png,3,3,25.80443000793457,26.73103141784668,25.340137481689453,27.313692092895508,0.11523550748825073,0.2910745143890381,0.0724346935749054,0.5212553143501282,,0
0001027.png,/home/ubuntu/SCB-05-Dataset/5k_HRW_Dataset_combined/images/val/0001027.png,3,1,26.700624465942383,27.700523376464844,24.296640396118164,25.865177154541016,0.23573537170886993,0.6407303810119629,0.02130039967596531,0.10223381966352463,,0
0001028.png,/home/ubuntu/SCB-05-Dataset/5k_HRW_Dataset_combined/images/val/0001028.png,3,0,30.18610382080078,29.638708114624023,26.53008460998535,29.326461791992188,0.4931931495666504,0.2852897047996521,0.012741721235215664,0.2087753713130951,,0
0001030.png,/home/ubuntu/SCB-05-Dataset/5k_HRW_Dataset_combined/images/val/0001030.png,3,1,27.01679229736328,27.28129005432129,24.4549617767334,25.248210906982422,0.3920777440071106,0.510789692401886,0.03025403805077076,0.06687858700752258,,0
0001040.png,/home/ubuntu/SCB-05-Dataset/5k_HRW_Dataset_combined/images/val/0001040.png,3,1,26.963768005371094,27.650196075439453,24.64678192138672,26.565092086791992,0.26621338725090027,0.5288613438606262,0.02624071203172207,0.17868460714817047,,0
0001031.png,/home/ubuntu/SCB-05-Dataset/5k_HRW_Dataset_combined/images/val/0001031.png,3,0,26.59621810913086,26.386863708496094,23.808452606201172,25.418466567993164,0.4585816264152527,0.3719591200351715,0.028229648247361183,0.1412295699119568,,0
0001048.png,/home/ubuntu/SCB-05-Dataset/5k_HRW_Dataset_combined/images/val/0001048.png,3,3,27.610931396484375,27.172988891601562,25.450267791748047,29.091405868530273,0.1624525785446167,0.10484086722135544,0.01872243545949459,0.7139840722084045,,0
0001041.png,/home/ubuntu/SCB-05-Dataset/5k_HRW_Dataset_combined/images/val/0001041.png,3,0,31.456268310546875,30.949708938598633,27.072641372680664,27.190673828125,0.6138401031494141,0.36987870931625366,0.007660731673240662,0.008620473556220531,,0
0001052.png,/home/ubuntu/SCB-05-Dataset/5k_HRW_Dataset_combined/images/val/0001052.png,2,0,30.16162872314453,29.843135833740234,26.19047737121582,26.585159301757812,0.5636755228042603,0.4099297821521759,0.010626249946653843,0.015768421813845634,,0
0001058.png,/home/ubuntu/SCB-05-Dataset/5k_HRW_Dataset_combined/images/val/0001058.png,3,1,31.683910369873047,31.796396255493164,27.876752853393555,29.007476806640625,0.4524731934070587,0.5063430070877075,0.01004998292773962,0.031133826822042465,,0
0001060.png,/home/ubuntu/SCB-05-Dataset/5k_HRW_Dataset_combined/images/val/0001060.png,3,1,27.670955657958984,29.16836166381836,27.94575309753418,26.949241638183594,0.137508824467659,0.6146752238273621,0.18099790811538696,0.06681810319423676,,0
0001059.png,/home/ubuntu/SCB-05-Dataset/5k_HRW_Dataset_combined/images/val/0001059.png,2,1,28.819196701049805,30.614639282226562,27.275938034057617,30.488109588623047,0.07973071187734604,0.48014941811561584,0.017037147656083107,0.42308270931243896,,0
0001063.png,/home/ubuntu/SCB-05-Dataset/5k_HRW_Dataset_combined/images/val/0001063.png,3,3,27.83696937561035,28.967267990112305,27.220169067382812,30.6024169921875,0.04872725158929825,0.1508878767490387,0.02629655785858631,0.7740883231163025,,0
0001066.png,/home/ubuntu/SCB-05-Dataset/5k_HRW_Dataset_combined/images/val/0001066.png,2,1,28.150718688964844,29.19696807861328,27.107858657836914,29.13072395324707,0.1456904411315918,0.4147738516330719,0.051347896456718445,0.38818782567977905,,0
0001068.png,/home/ubuntu/SCB-05-Dataset/5k_HRW_Dataset_combined/images/val/0001068.png,3,3,26.997024536132812,26.04306983947754,25.41908073425293,29.449241638183594,0.07572498172521591,0.029170367866754532,0.015629565343260765,0.8794750571250916,,0
0001069.png,/home/ubuntu/SCB-05-Dataset/5k_HRW_Dataset_combined/images/val/0001069.png,3,3,27.14103126525879,27.329275131225586,27.322751998901367,31.293630599975586,0.014924146234989166,0.01801535300910473,0.01789821684360504,0.9491623044013977,,0
0001078.png,/home/ubuntu/SCB-05-Dataset/5k_HRW_Dataset_combined/images/val/0001078.png,3,1,25.137346267700195,26.34391212463379,25.456077575683594,26.131450653076172,0.11876945197582245,0.3969261050224304,0.1633533537387848,0.32095107436180115,,0
0001086.png,/home/ubuntu/SCB-05-Dataset/5k_HRW_Dataset_combined/images/val/0001086.png,3,1,28.547815322875977,29.618162155151367,26.666078567504883,28.73953628540039,0.18939219415187836,0.552341639995575,0.028849225491285324,0.22941690683364868,,0
0001087.png,/home/ubuntu/SCB-05-Dataset/5k_HRW_Dataset_combined/images/val/0001087.png,3,1,29.848770141601562,30.602859497070312,26.8309383392334,29.705137252807617,0.2474764883518219,0.5260545611381531,0.01210336945950985,0.21436554193496704,,0
0002007.png,/home/ubuntu/SCB-05-Dataset/5k_HRW_Dataset_combined/images/val/0002007.png,3,1,28.028789520263672,28.5362606048584,24.104145050048828,28.419225692749023,0.240473672747612,0.3994472026824951,0.00474915187805891,0.3553299307823181,,0
0002009.png,/home/ubuntu/SCB-05-Dataset/5k_HRW_Dataset_combined/images/val/0002009.png,3,3,28.819679260253906,29.47966194152832,26.95072364807129,29.638198852539062,0.18670006096363068,0.3612196147441864,0.028804967179894447,0.4232753813266754,,0
0002017.png,/home/ubuntu/SCB-05-Dataset/5k_HRW_Dataset_combined/images/val/0002017.png,3,1,28.0817813873291,29.25405502319336,27.896230697631836,28.691396713256836,0.14493390917778015,0.4680389165878296,0.12038887292146683,0.26663830876350403,,0
0002022.png,/home/ubuntu/SCB-05-Dataset/5k_HRW_Dataset_combined/images/val/0002022.png,3,3,25.076412200927734,26.501850128173828,23.42863655090332,26.970142364501953,0.08335930109024048,0.3467479348182678,0.016044795513153076,0.5538480281829834,,0
0002018.png,/home/ubuntu/SCB-05-Dataset/5k_HRW_Dataset_combined/images/val/0002018.png,3,1,28.783348083496094,29.73250961303711,27.275842666625977,29.311349868774414,0.18180015683174133,0.46968841552734375,0.04026177525520325,0.3082495927810669,,0
0002025.png,/home/ubuntu/SCB-05-Dataset/5k_HRW_Dataset_combined/images/val/0002025.png,2,3,29.219589233398438,29.327041625976562,28.07398223876953,29.639535903930664,0.25295010209083557,0.28164422512054443,0.08044592291116714,0.38495978713035583,,0
0002029.png,/home/ubuntu/SCB-05-Dataset/5k_HRW_Dataset_combined/images/val/0002029.png,3,1,24.795326232910156,26.245698928833008,22.935911178588867,26.228622436523438,0.104026198387146,0.44364091753959656,0.0162035059183836,0.4361294209957123,,0
0002034.png,/home/ubuntu/SCB-05-Dataset/5k_HRW_Dataset_combined/images/val/0002034.png,3,1,26.8094425201416,28.109888076782227,26.379838943481445,27.671817779541016,0.13003091514110565,0.4773346185684204,0.08461982011795044,0.3080146908760071,,0
0002036.png,/home/ubuntu/SCB-05-Dataset/5k_HRW_Dataset_combined/images/val/0002036.png,3,3,28.965452194213867,28.649621963500977,27.900585174560547,30.157644271850586,0.18628039956092834,0.1358325481414795,0.06422457844018936,0.6136624813079834,,0
0002041.png,/home/ubuntu/SCB-05-Dataset/5k_HRW_Dataset_combined/images/val/0002041.png,3,0,29.909574508666992,29.692495346069336,27.0909481048584,28.97517967224121,0.4429919123649597,0.3565492630004883,0.026441244408488274,0.17401763796806335,,0
0002043.png,/home/ubuntu/SCB-05-Dataset/5k_HRW_Dataset_combined/images/val/0002043.png,3,1,29.386987686157227,29.69120216369629,27.319366455078125,28.825130462646484,0.3276330232620239,0.444126158952713,0.041441094130277634,0.18679971992969513,,0
0002044.png,/home/ubuntu/SCB-05-Dataset/5k_HRW_Dataset_combined/images/val/0002044.png,3,3,26.388320922851562,27.281076431274414,25.876253128051758,28.639108657836914,0.07387533783912659,0.18039241433143616,0.04427018016576767,0.7014620304107666,,0
0002045.png,/home/ubuntu/SCB-05-Dataset/5k_HRW_Dataset_combined/images/val/0002045.png,2,1,27.517885208129883,29.504573822021484,27.878215789794922,28.509300231933594,0.08051401376724243,0.5870558023452759,0.11544125527143478,0.2169889211654663,,0
0002052.png,/home/ubuntu/SCB-05-Dataset/5k_HRW_Dataset_combined/images/val/0002052.png,3,3,26.923830032348633,29.156410217285156,27.42232322692871,29.74599838256836,0.03474224731326103,0.3239330053329468,0.05719403922557831,0.5841307044029236,,0
0002053.png,/home/ubuntu/SCB-05-Dataset/5k_HRW_Dataset_combined/images/val/0002053.png,3,3,24.463153839111328,26.13527488708496,23.67066764831543,27.665740966796875,0.031875304877758026,0.16968652606010437,0.014430520124733448,0.7840076088905334,,0
0002059.png,/home/ubuntu/SCB-05-Dataset/5k_HRW_Dataset_combined/images/val/0002059.png,3,3,29.443084716796875,30.159313201904297,28.062480926513672,32.395450592041016,0.04454474523663521,0.09116970747709274,0.011199737899005413,0.8530857563018799,,0
0002075.png,/home/ubuntu/SCB-05-Dataset/5k_HRW_Dataset_combined/images/val/0002075.png,3,3,27.544891357421875,27.89977264404297,25.15687370300293,28.571165084838867,0.18837818503379822,0.26862943172454834,0.017295286059379578,0.5256971120834351,,0
0002074.png,/home/ubuntu/SCB-05-Dataset/5k_HRW_Dataset_combined/images/val/0002074.png,3,3,29.5529727935791,30.805099487304688,29.966289520263672,31.661855697631836,0.0701821818947792,0.24548141658306122,0.10610309988260269,0.5782333016395569,,0
00030001.png,/home/ubuntu/SCB-05-Dataset/5k_HRW_Dataset_combined/images/val/00030001.png,2,1,29.947650909423828,30.555967330932617,26.83329200744629,28.559574127197266,0.3193564713001251,0.5867649912834167,0.014181653037667274,0.07969693839550018,,0
00030005.png,/home/ubuntu/SCB-05-Dataset/5k_HRW_Dataset_combined/images/val/00030005.png,3,1,28.756040573120117,29.831937789916992,27.912748336791992,27.864349365234375,0.20951725542545319,0.6144351363182068,0.09015350788831711,0.08589407801628113,,0
00030010.png,/home/ubuntu/SCB-05-Dataset/5k_HRW_Dataset_combined/images/val/00030010.png,3,0,27.613628387451172,26.824050903320312,25.224489212036133,26.595569610595703,0.5243726372718811,0.23808437585830688,0.04808947443962097,0.18945354223251343,,0
00030018.png,/home/ubuntu/SCB-05-Dataset/5k_HRW_Dataset_combined/images/val/00030018.png,3,0,29.284849166870117,27.820837020874023,25.005409240722656,26.096054077148438,0.7773762345314026,0.17981208860874176,0.010766985826194286,0.03204462304711342,,0
00030014.png,/home/ubuntu/SCB-05-Dataset/5k_HRW_Dataset_combined/images/val/00030014.png,3,0,28.52693748474121,27.850841522216797,26.299509048461914,27.762615203857422,0.4802951216697693,0.2442774772644043,0.051778361201286316,0.22364912927150726,,0
00030019.png,/home/ubuntu/SCB-05-Dataset/5k_HRW_Dataset_combined/images/val/00030019.png,3,0,29.787433624267578,29.204242706298828,26.221729278564453,27.79080581665039,0.580657958984375,0.3240737318992615,0.01641930267214775,0.0788489580154419,,0
00030020.png,/home/ubuntu/SCB-05-Dataset/5k_HRW_Dataset_combined/images/val/00030020.png,2,3,29.220155715942383,30.066898345947266,29.036109924316406,30.18718910217285,0.1471872627735138,0.34324631094932556,0.122444748878479,0.38712167739868164,,0
0006003.png,/home/ubuntu/SCB-05-Dataset/5k_HRW_Dataset_combined/images/val/0006003.png,3,3,31.381433486938477,31.039091110229492,29.181638717651367,32.90809631347656,0.15567298233509064,0.11054416745901108,0.017252599820494652,0.7165302038192749,,0
0006011.png,/home/ubuntu/SCB-05-Dataset/5k_HRW_Dataset_combined/images/val/0006011.png,3,3,29.021560668945312,28.530887603759766,25.744842529296875,32.28881072998047,0.03585636988282204,0.02195177786052227,0.0013536479091271758,0.9408382773399353,,0
0006015.png,/home/ubuntu/SCB-05-Dataset/5k_HRW_Dataset_combined/images/val/0006015.png,3,3,31.022306442260742,30.72747802734375,28.22280502319336,31.309812545776367,0.31861355900764465,0.23725855350494385,0.01938457228243351,0.42474329471588135,,0
0006019.png,/home/ubuntu/SCB-05-Dataset/5k_HRW_Dataset_combined/images/val/0006019.png,3,0,29.970827102661133,29.455503463745117,26.253801345825195,29.361576080322266,0.4618145227432251,0.27584514021873474,0.011224934831261635,0.2511153519153595,,0
0006021.png,/home/ubuntu/SCB-05-Dataset/5k_HRW_Dataset_combined/images/val/0006021.png,3,1,29.20496368408203,30.003488540649414,26.808914184570312,29.296344757080078,0.2268075793981552,0.5040254592895508,0.02065696381032467,0.2485099881887436,,0
0008005.png,/home/ubuntu/SCB-05-Dataset/5k_HRW_Dataset_combined/images/val/0008005.png,2,3,26.747100830078125,26.77503204345703,24.711978912353516,29.550371170043945,0.053597740828990936,0.055115893483161926,0.00700332410633564,0.8842830657958984,,0
0008007.png,/home/ubuntu/SCB-05-Dataset/5k_HRW_Dataset_combined/images/val/0008007.png,3,1,26.777931213378906,29.009654998779297,27.38869857788086,28.288776397705078,0.059922173619270325,0.5582296252250671,0.1103673055768013,0.27148088812828064,,0
0008009.png,/home/ubuntu/SCB-05-Dataset/5k_HRW_Dataset_combined/images/val/0008009.png,3,1,28.035215377807617,28.829425811767578,26.383554458618164,27.812824249267578,0.2378106266260147,0.5262019634246826,0.04559571295976639,0.19039170444011688,,0
0008019.png,/home/ubuntu/SCB-05-Dataset/5k_HRW_Dataset_combined/images/val/0008019.png,3,3,28.28221321105957,27.971004486083984,29.95956039428711,32.67000198364258,0.011422540992498398,0.008367707021534443,0.06112591177225113,0.919083833694458,,0
0008022.png,/home/ubuntu/SCB-05-Dataset/5k_HRW_Dataset_combined/images/val/0008022.png,3,3,26.287620544433594,25.800111770629883,22.318008422851562,26.40589141845703,0.3625048100948334,0.222633957862854,0.006844364572316408,0.4080168902873993,,0
0008033.png,/home/ubuntu/SCB-05-Dataset/5k_HRW_Dataset_combined/images/val/0008033.png,3,3,29.470808029174805,29.799222946166992,26.528396606445312,31.36168670654297,0.11029381304979324,0.15317219495773315,0.0058167194947600365,0.7307171821594238,,0
0008034.png,/home/ubuntu/SCB-05-Dataset/5k_HRW_Dataset_combined/images/val/0008034.png,3,3,28.50533676147461,28.847307205200195,26.20835304260254,32.40372085571289,0.019293487071990967,0.027159802615642548,0.0019401861354708672,0.9516065716743469,,0
0009008.png,/home/ubuntu/SCB-05-Dataset/5k_HRW_Dataset_combined/images/val/0009008.png,2,0,27.863872528076172,26.444021224975586,25.801124572753906,27.018728256225586,0.5560654401779175,0.13442879915237427,0.07067825645208359,0.23882754147052765,,0
0009005.png,/home/ubuntu/SCB-05-Dataset/5k_HRW_Dataset_combined/images/val/0009005.png,2,0,27.974159240722656,27.80096435546875,26.09926414489746,27.41236686706543,0.38993486762046814,0.3279249966144562,0.05980471894145012,0.22233545780181885,,0
0009012.png,/home/ubuntu/SCB-05-Dataset/5k_HRW_Dataset_combined/images/val/0009012.png,2,1,29.942262649536133,30.05017852783203,28.468673706054688,28.363365173339844,0.3922709822654724,0.43697184324264526,0.08986998349428177,0.08088719099760056,,0
0009013.png,/home/ubuntu/SCB-05-Dataset/5k_HRW_Dataset_combined/images/val/0009013.png,2,0,31.413639068603516,30.279401779174805,27.16781234741211,28.69498062133789,0.7132899761199951,0.22944208979606628,0.010217084549367428,0.04705088213086128,,0
0009014.png,/home/ubuntu/SCB-05-Dataset/5k_HRW_Dataset_combined/images/val/0009014.png,2,0,32.44819641113281,30.903894424438477,27.861858367919922,29.289936065673828,0.789795458316803,0.16859039664268494,0.008048099465668201,0.03356599807739258,,0
0009022.png,/home/ubuntu/SCB-05-Dataset/5k_HRW_Dataset_combined/images/val/0009022.png,2,0,31.582427978515625,30.997058868408203,27.844011306762695,27.310895919799805,0.6270958781242371,0.3492298722267151,0.0149197056889534,0.008754496462643147,,0
0009031.png,/home/ubuntu/SCB-05-Dataset/5k_HRW_Dataset_combined/images/val/0009031.png,2,1,29.700702667236328,30.629222869873047,28.662166595458984,28.840190887451172,0.2321435511112213,0.5874999165534973,0.08217242360115051,0.09818408638238907,,0
0009036.png,/home/ubuntu/SCB-05-Dataset/5k_HRW_Dataset_combined/images/val/0009036.png,2,0,32.13639450073242,31.37938690185547,28.284963607788086,27.849956512451172,0.6648621559143066,0.31186553835868835,0.014127861708402634,0.009144402109086514,,0
0009040.png,/home/ubuntu/SCB-05-Dataset/5k_HRW_Dataset_combined/images/val/0009040.png,2,0,28.249696731567383,27.024185180664062,25.43364143371582,24.725379943847656,0.723107099533081,0.21230965852737427,0.04327183589339256,0.02131136693060398,,0
0009047.png,/home/ubuntu/SCB-05-Dataset/5k_HRW_Dataset_combined/images/val/0009047.png,2,1,30.452436447143555,31.055492401123047,28.055875778198242,28.667247772216797,0.32399246096611023,0.592159628868103,0.029493197798728943,0.054354727268218994,,0
0009048.png,/home/ubuntu/SCB-05-Dataset/5k_HRW_Dataset_combined/images/val/0009048.png,2,0,31.544750213623047,29.509984970092773,26.555877685546875,24.822410583496094,0.878172755241394,0.11478698253631592,0.005983291193842888,0.0010570728918537498,,0
0011006.png,/home/ubuntu/SCB-05-Dataset/5k_HRW_Dataset_combined/images/val/0011006.png,2,0,31.29493522644043,30.354572296142578,27.88233757019043,28.25153160095215,0.6797569990158081,0.26543566584587097,0.02240172028541565,0.03240561857819557,,0
0011008.png,/home/ubuntu/SCB-05-Dataset/5k_HRW_Dataset_combined/images/val/0011008.png,3,1,29.924171447753906,30.463468551635742,29.403871536254883,29.754547119140625,0.24078251421451569,0.4128941595554352,0.14310723543167114,0.203216090798378,,0
0011032.png,/home/ubuntu/SCB-05-Dataset/5k_HRW_Dataset_combined/images/val/0011032.png,2,0,29.64899444580078,29.191715240478516,27.292308807373047,27.862245559692383,0.5276373624801636,0.33399632573127747,0.04998502507805824,0.08838129043579102,,0
0011026.png,/home/ubuntu/SCB-05-Dataset/5k_HRW_Dataset_combined/images/val/0011026.png,2,3,28.242284774780273,27.304697036743164,26.679880142211914,29.322433471679688,0.2199581116437912,0.08612928539514542,0.0461101233959198,0.647802472114563,,0
0011033.png,/home/ubuntu/SCB-05-Dataset/5k_HRW_Dataset_combined/images/val/0011033.png,2,0,31.48699378967285,28.978248596191406,26.011186599731445,27.162948608398438,0.9100810289382935,0.07405354827642441,0.003810370108112693,0.012055108323693275,,0
0012001.png,/home/ubuntu/SCB-05-Dataset/5k_HRW_Dataset_combined/images/val/0012001.png,2,1,24.71044158935547,26.677978515625,24.09041404724121,23.546306610107422,0.1110721305012703,0.7945029735565186,0.05974899232387543,0.03467589616775513,,0
0012004.png,/home/ubuntu/SCB-05-Dataset/5k_HRW_Dataset_combined/images/val/0012004.png,2,0,31.894927978515625,31.304973602294922,29.233509063720703,28.335580825805664,0.605085551738739,0.33543071150779724,0.04226464033126831,0.01721915788948536,,0
0012014.png,/home/ubuntu/SCB-05-Dataset/5k_HRW_Dataset_combined/images/val/0012014.png,2,0,29.75444221496582,28.679054260253906,27.40232276916504,27.391773223876953,0.6533807516098022,0.22291088104248047,0.06218044459819794,0.06152791902422905,,0
0013006.png,/home/ubuntu/SCB-05-Dataset/5k_HRW_Dataset_combined/images/val/0013006.png,2,0,30.5173397064209,30.31536865234375,27.362485885620117,26.72431755065918,0.5312675833702087,0.4341086149215698,0.022655712440609932,0.011968087404966354,,0
0013008.png,/home/ubuntu/SCB-05-Dataset/5k_HRW_Dataset_combined/images/val/0013008.png,2,0,29.878211975097656,27.097896575927734,25.6861572265625,27.1387882232666,0.8758549094200134,0.0543195940554142,0.01323871873319149,0.056586854159832,,0
0013016.png,/home/ubuntu/SCB-05-Dataset/5k_HRW_Dataset_combined/images/val/0013016.png,2,0,31.357994079589844,30.374744415283203,28.265104293823242,27.408557891845703,0.6950575709342957,0.26001647114753723,0.03153521567583084,0.013390673324465752,,0
0014010.png,/home/ubuntu/SCB-05-Dataset/5k_HRW_Dataset_combined/images/val/0014010.png,2,0,30.92041015625,30.867103576660156,29.365230560302734,27.892446517944336,0.45296934247016907,0.42945536971092224,0.09564512968063354,0.021930117160081863,,0
0014013.png,/home/ubuntu/SCB-05-Dataset/5k_HRW_Dataset_combined/images/val/0014013.png,2,0,31.940502166748047,31.45444107055664,29.277902603149414,29.484569549560547,0.5647822022438049,0.3473660349845886,0.039402950555086136,0.048448801040649414,,0
0014019.png,/home/ubuntu/SCB-05-Dataset/5k_HRW_Dataset_combined/images/val/0014019.png,2,1,29.165428161621094,29.40122413635254,26.668960571289062,27.091205596923828,0.4042126536369324,0.5116992592811584,0.03329720348119736,0.05079096555709839,,0
0014018.png,/home/ubuntu/SCB-05-Dataset/5k_HRW_Dataset_combined/images/val/0014018.png,2,1,29.177968978881836,29.66510009765625,27.395729064941406,28.68815040588379,0.2933722734451294,0.4775044322013855,0.04936306178569794,0.17976020276546478,,0
0015012.png,/home/ubuntu/SCB-05-Dataset/5k_HRW_Dataset_combined/images/val/0015012.png,3,3,27.92963981628418,28.34056854248047,26.086585998535156,29.227888107299805,0.15799221396446228,0.23828670382499695,0.02501540817320347,0.5787057280540466,,0
0015013.png,/home/ubuntu/SCB-05-Dataset/5k_HRW_Dataset_combined/images/val/0015013.png,3,3,28.459131240844727,29.161293029785156,25.47103500366211,30.00453758239746,0.12889303267002106,0.2601204216480255,0.006494051776826382,0.6044924855232239,,0
0015016.png,/home/ubuntu/SCB-05-Dataset/5k_HRW_Dataset_combined/images/val/0015016.png,2,0,29.99454116821289,28.85226058959961,26.785799026489258,26.870609283447266,0.7125137448310852,0.22735635936260223,0.028790833428502083,0.0313391238451004,,0
0014012.png,/home/ubuntu/SCB-05-Dataset/5k_HRW_Dataset_combined/images/val/0014012.png,2,1,28.61928939819336,29.339603424072266,28.31930160522461,28.2139835357666,0.2240806519985199,0.46050333976745605,0.16600507497787476,0.1494108885526657,,0
0015018.png,/home/ubuntu/SCB-05-Dataset/5k_HRW_Dataset_combined/images/val/0015018.png,2,0,31.73419761657715,29.97058868408203,25.145658493041992,26.708757400512695,0.847910463809967,0.14535310864448547,0.0011667661601677537,0.005569664295762777,,0
0016004.png,/home/ubuntu/SCB-05-Dataset/5k_HRW_Dataset_combined/images/val/0016004.png,2,1,26.52471923828125,27.85723876953125,26.84316062927246,25.298330307006836,0.15482476353645325,0.5868759751319885,0.2128814309835434,0.04541784152388573,,0
0016006.png,/home/ubuntu/SCB-05-Dataset/5k_HRW_Dataset_combined/images/val/0016006.png,2,1,30.589258193969727,30.930736541748047,28.74585723876953,29.577880859375,0.34141087532043457,0.4803740084171295,0.054037898778915405,0.12417715787887573,,0
0016007.png,/home/ubuntu/SCB-05-Dataset/5k_HRW_Dataset_combined/images/val/0016007.png,2,2,28.881671905517578,28.643190383911133,29.408382415771484,29.110733032226562,0.21103301644325256,0.16625671088695526,0.3573533594608307,0.2653568983078003,,0
0016014.png,/home/ubuntu/SCB-05-Dataset/5k_HRW_Dataset_combined/images/val/0016014.png,2,1,29.944913864135742,30.504566192626953,30.144203186035156,29.9127197265625,0.2024735063314438,0.354341596364975,0.2471260130405426,0.19605886936187744,,0
0016021.png,/home/ubuntu/SCB-05-Dataset/5k_HRW_Dataset_combined/images/val/0016021.png,2,1,28.334484100341797,29.046646118164062,28.97252082824707,28.790119171142578,0.1536492556333542,0.31319767236709595,0.2908213436603546,0.24233172833919525,,0
0016026.png,/home/ubuntu/SCB-05-Dataset/5k_HRW_Dataset_combined/images/val/0016026.png,2,1,28.91004180908203,30.11557388305664,28.2045841217041,28.69693946838379,0.17728951573371887,0.5918872952461243,0.08756019175052643,0.14326296746730804,,0
0016028.png,/home/ubuntu/SCB-05-Dataset/5k_HRW_Dataset_combined/images/val/0016028.png,2,1,25.912141799926758,27.343713760375977,26.54650115966797,26.06551742553711,0.12140564620494843,0.5081157684326172,0.2289484143257141,0.14153017103672028,,0
0020003.png,/home/ubuntu/SCB-05-Dataset/5k_HRW_Dataset_combined/images/val/0020003.png,2,3,27.74198341369629,28.740549087524414,27.315595626831055,30.006916046142578,0.071440190076828,0.1939162164926529,0.04664066806435585,0.6880030035972595,,0
0020006.png,/home/ubuntu/SCB-05-Dataset/5k_HRW_Dataset_combined/images/val/0020006.png,2,0,32.04887008666992,30.69944953918457,28.160078048706055,30.0572566986084,0.7060473561286926,0.18314200639724731,0.014452829957008362,0.09635786712169647,,0
0022003.png,/home/ubuntu/SCB-05-Dataset/5k_HRW_Dataset_combined/images/val/0022003.png,2,1,29.269468307495117,30.744611740112305,27.780691146850586,29.251327514648438,0.15199105441570282,0.6644536852836609,0.03429654240608215,0.14925868809223175,,0
0022005.png,/home/ubuntu/SCB-05-Dataset/5k_HRW_Dataset_combined/images/val/0022005.png,2,1,30.79456329345703,31.249841690063477,28.131792068481445,28.722370147705078,0.3607144355773926,0.568706750869751,0.025161508470773697,0.045417312532663345,,0
0022009.png,/home/ubuntu/SCB-05-Dataset/5k_HRW_Dataset_combined/images/val/0022009.png,2,1,30.573833465576172,32.06065368652344,29.085737228393555,28.141571044921875,0.17431780695915222,0.7710091471672058,0.03936132416129112,0.015311705879867077,,0
0023007.png,/home/ubuntu/SCB-05-Dataset/5k_HRW_Dataset_combined/images/val/0023007.png,2,0,32.390621185302734,32.24513244628906,28.3018741607666,28.91290855407715,0.5229474902153015,0.452140212059021,0.008764714933931828,0.0161475520581007,,0
0023013.png,/home/ubuntu/SCB-05-Dataset/5k_HRW_Dataset_combined/images/val/0023013.png,2,0,31.909591674804688,30.40921401977539,27.90458869934082,27.39388656616211,0.7985906004905701,0.1781223863363266,0.014553703367710114,0.008733299560844898,,0
0023025.png,/home/ubuntu/SCB-05-Dataset/5k_HRW_Dataset_combined/images/val/0023025.png,2,0,29.43813705444336,25.851192474365234,25.859052658081055,26.701339721679688,0.8925690054893494,0.02470879629254341,0.02490377612411976,0.05781836062669754,,0
0023030.png,/home/ubuntu/SCB-05-Dataset/5k_HRW_Dataset_combined/images/val/0023030.png,2,1,28.382837295532227,29.704845428466797,27.54305648803711,28.05042266845703,0.16949322819709778,0.6357598900794983,0.07318804413080215,0.12155881524085999,,0
0023033.png,/home/ubuntu/SCB-05-Dataset/5k_HRW_Dataset_combined/images/val/0023033.png,2,0,29.925077438354492,28.7388916015625,27.582475662231445,26.216825485229492,0.7012713551521301,0.21415694057941437,0.06737629324197769,0.01719541661441326,,0
0024004.png,/home/ubuntu/SCB-05-Dataset/5k_HRW_Dataset_combined/images/val/0024004.png,2,0,27.93658447265625,26.695436477661133,24.842018127441406,26.3487548828125,0.6498927474021912,0.1878529191017151,0.029436662793159485,0.13281771540641785,,0
0024008.png,/home/ubuntu/SCB-05-Dataset/5k_HRW_Dataset_combined/images/val/0024008.png,2,1,29.453054428100586,30.070369720458984,28.591171264648438,27.389930725097656,0.293826699256897,0.5447382926940918,0.1241024062037468,0.037332579493522644,,0
0024009.png,/home/ubuntu/SCB-05-Dataset/5k_HRW_Dataset_combined/images/val/0024009.png,2,1,29.08013153076172,29.425386428833008,26.20915412902832,26.631017684936523,0.39133375883102417,0.5527001619338989,0.022166525945067406,0.03379952907562256,,0
0024012.png,/home/ubuntu/SCB-05-Dataset/5k_HRW_Dataset_combined/images/val/0024012.png,2,1,30.10055923461914,30.379653930664062,27.46402931213379,27.146636962890625,0.40888476371765137,0.5405181050300598,0.02927996590733528,0.021317133679986,,0
0024022.png,/home/ubuntu/SCB-05-Dataset/5k_HRW_Dataset_combined/images/val/0024022.png,2,0,28.74074935913086,27.879541397094727,24.91142463684082,24.198570251464844,0.6872730851173401,0.29047682881355286,0.014930512756109238,0.0073195770382881165,,0
0024037.png,/home/ubuntu/SCB-05-Dataset/5k_HRW_Dataset_combined/images/val/0024037.png,2,1,30.00428009033203,30.198352813720703,28.748130798339844,27.964778900146484,0.3803689181804657,0.4618380665779114,0.10830944776535034,0.04948355630040169,,0
0024038.png,/home/ubuntu/SCB-05-Dataset/5k_HRW_Dataset_combined/images/val/0024038.png,2,0,31.97043228149414,30.4807071685791,27.363136291503906,25.87462615966797,0.8079726696014404,0.18214499950408936,0.008062569424510002,0.0018197917379438877,,0
0024054.png,/home/ubuntu/SCB-05-Dataset/5k_HRW_Dataset_combined/images/val/0024054.png,2,1,30.6124324798584,30.858718872070312,28.66275978088379,26.314163208007812,0.41064751148223877,0.5253273248672485,0.058443620800971985,0.005581546574831009,,0
0024070.png,/home/ubuntu/SCB-05-Dataset/5k_HRW_Dataset_combined/images/val/0024070.png,2,0,30.88628578186035,28.982242584228516,27.3221435546875,27.523555755615234,0.8251322507858276,0.12291591614484787,0.02336879074573517,0.028583044186234474,,0
0025002.png,/home/ubuntu/SCB-05-Dataset/5k_HRW_Dataset_combined/images/val/0025002.png,2,1,29.735925674438477,30.217945098876953,27.365047454833984,27.560224533081055,0.3538234233856201,0.5729609131813049,0.03304663673043251,0.04016905277967453,,0
0025003.png,/home/ubuntu/SCB-05-Dataset/5k_HRW_Dataset_combined/images/val/0025003.png,2,1,31.014925003051758,31.342065811157227,28.212955474853516,28.47336196899414,0.395815372467041,0.5489946007728577,0.024022197350859642,0.031167779117822647,,0
0025004.png,/home/ubuntu/SCB-05-Dataset/5k_HRW_Dataset_combined/images/val/0025004.png,2,0,30.69045639038086,30.51706314086914,25.934263229370117,28.080781936645508,0.5200306177139282,0.43724530935287476,0.004471368622034788,0.03825266659259796,,0
0025012.png,/home/ubuntu/SCB-05-Dataset/5k_HRW_Dataset_combined/images/val/0025012.png,2,0,32.14616775512695,29.919893264770508,25.063648223876953,25.90690803527832,0.9003162980079651,0.09717093408107758,0.0007559550576843321,0.0017567867180332541,,0
0025009.png,/home/ubuntu/SCB-05-Dataset/5k_HRW_Dataset_combined/images/val/0025009.png,2,0,30.5445613861084,30.294158935546875,26.543060302734375,25.7408447265625,0.554024338722229,0.43130096793174744,0.01013209018856287,0.004542565904557705,,0
0025018.png,/home/ubuntu/SCB-05-Dataset/5k_HRW_Dataset_combined/images/val/0025018.png,2,1,29.458820343017578,29.804033279418945,28.11743927001953,29.18832015991211,0.29097065329551697,0.4109351336956024,0.07608425617218018,0.22200995683670044,,0
0025021.png,/home/ubuntu/SCB-05-Dataset/5k_HRW_Dataset_combined/images/val/0025021.png,2,1,30.760133743286133,31.25950050354004,28.1556453704834,28.589975357055664,0.3526369035243988,0.5810319185256958,0.026074310764670372,0.040256861597299576,,0
0025022.png,/home/ubuntu/SCB-05-Dataset/5k_HRW_Dataset_combined/images/val/0025022.png,2,0,30.72897720336914,30.345279693603516,28.078699111938477,27.29615592956543,0.5604549050331116,0.3818589448928833,0.039585813879966736,0.018100282177329063,,0
0026012.png,/home/ubuntu/SCB-05-Dataset/5k_HRW_Dataset_combined/images/val/0026012.png,2,0,32.035491943359375,30.058870315551758,27.442180633544922,25.579856872558594,0.8693932890892029,0.12044267356395721,0.00879764650017023,0.0013663740828633308,,0
0026013.png,/home/ubuntu/SCB-05-Dataset/5k_HRW_Dataset_combined/images/val/0026013.png,2,0,31.72711753845215,30.796646118164062,28.371746063232422,26.2364501953125,0.697647213935852,0.2751295864582062,0.024345379322767258,0.002877857768908143,,0
0025069.png,/home/ubuntu/SCB-05-Dataset/5k_HRW_Dataset_combined/images/val/0025069.png,2,0,31.264019012451172,29.671478271484375,26.81685447692871,26.719879150390625,0.8158276081085205,0.16594599187374115,0.009554751217365265,0.008671686053276062,,0
0026015.png,/home/ubuntu/SCB-05-Dataset/5k_HRW_Dataset_combined/images/val/0026015.png,2,1,29.42086410522461,30.070798873901367,28.03708839416504,26.1506290435791,0.31210559606552124,0.5978119969367981,0.07822316884994507,0.011859230697154999,,0
0026017.png,/home/ubuntu/SCB-05-Dataset/5k_HRW_Dataset_combined/images/val/0026017.png,2,0,30.45087242126465,30.135169982910156,27.093658447265625,27.473485946655273,0.5509538054466248,0.4017975926399231,0.019190913066267967,0.02805773913860321,,0
0100012.png,/home/ubuntu/SCB-05-Dataset/5k_HRW_Dataset_combined/images/val/0100012.png,3,0,30.68630027770996,29.147476196289062,26.536060333251953,28.257930755615234,0.7583947777748108,0.16277681291103363,0.011952784843742847,0.0668756291270256,,0
0100017.png,/home/ubuntu/SCB-05-Dataset/5k_HRW_Dataset_combined/images/val/0100017.png,3,1,30.304697036743164,30.307090759277344,27.326068878173828,29.755765914916992,0.3801087737083435,0.3810197114944458,0.019333304837346077,0.21953821182250977,,0
0100019.png,/home/ubuntu/SCB-05-Dataset/5k_HRW_Dataset_combined/images/val/0100019.png,3,1,30.045286178588867,30.1214542388916,26.93579864501953,30.07384490966797,0.31718456745147705,0.3422878384590149,0.014153986237943172,0.3263735771179199,,0
0100029.png,/home/ubuntu/SCB-05-Dataset/5k_HRW_Dataset_combined/images/val/0100029.png,3,3,27.02021026611328,28.203397750854492,25.610197067260742,29.62873649597168,0.0552854910492897,0.18049408495426178,0.01349740382283926,0.7507230043411255,,0
0100034.png,/home/ubuntu/SCB-05-Dataset/5k_HRW_Dataset_combined/images/val/0100034.png,3,3,23.51881217956543,22.161108016967773,21.289031982421875,25.950834274291992,0.07845181971788406,0.02018178626894951,0.008437654934823513,0.8929287195205688,,0
0100057.png,/home/ubuntu/SCB-05-Dataset/5k_HRW_Dataset_combined/images/val/0100057.png,3,3,28.035009384155273,27.581775665283203,24.66924285888672,28.075870513916016,0.36875706911087036,0.23437076807022095,0.012735223397612572,0.38413697481155396,,0
0100056.png,/home/ubuntu/SCB-05-Dataset/5k_HRW_Dataset_combined/images/val/0100056.png,3,1,30.346914291381836,31.151628494262695,27.70751190185547,29.610305786132812,0.26411736011505127,0.5905815362930298,0.0188590157777071,0.12644216418266296,,0
0100067.png,/home/ubuntu/SCB-05-Dataset/5k_HRW_Dataset_combined/images/val/0100067.png,3,3,28.58350372314453,28.675525665283203,27.015155792236328,29.96930503845215,0.15865947306156158,0.17395249009132385,0.03306291624903679,0.6343250870704651,,0
0101007.png,/home/ubuntu/SCB-05-Dataset/5k_HRW_Dataset_combined/images/val/0101007.png,3,3,27.836917877197266,27.723398208618164,25.592445373535156,28.67926025390625,0.23145633935928345,0.20661798119544983,0.02453053742647171,0.5373951196670532,,0
0101004.png,/home/ubuntu/SCB-05-Dataset/5k_HRW_Dataset_combined/images/val/0101004.png,3,1,27.183082580566406,28.64736557006836,25.927528381347656,27.861059188842773,0.13193923234939575,0.5705634951591492,0.0375918485224247,0.25990548729896545,,0
0101008.png,/home/ubuntu/SCB-05-Dataset/5k_HRW_Dataset_combined/images/val/0101008.png,3,3,29.15502166748047,29.623075485229492,25.18069076538086,30.06026840209961,0.1965324878692627,0.31383946537971497,0.003693212987855077,0.4859347939491272,,0
0101011.png,/home/ubuntu/SCB-05-Dataset/5k_HRW_Dataset_combined/images/val/0101011.png,3,0,30.48715591430664,29.587034225463867,26.966899871826172,29.897884368896484,0.5022997260093689,0.20419496297836304,0.014863980934023857,0.27864134311676025,,0
0101012.png,/home/ubuntu/SCB-05-Dataset/5k_HRW_Dataset_combined/images/val/0101012.png,3,1,30.080026626586914,30.125661849975586,26.416080474853516,29.576995849609375,0.37354984879493713,0.39099183678627014,0.009574518539011478,0.22588379681110382,,0
0101016.png,/home/ubuntu/SCB-05-Dataset/5k_HRW_Dataset_combined/images/val/0101016.png,3,3,28.11492919921875,27.99604606628418,24.81495475769043,31.412660598754883,0.034511324018239975,0.030643003061413765,0.0012729194713756442,0.9335727691650391,,0
0101018.png,/home/ubuntu/SCB-05-Dataset/5k_HRW_Dataset_combined/images/val/0101018.png,3,3,26.895666122436523,26.66591453552246,24.395767211914062,31.077516555786133,0.01484477985650301,0.011797606945037842,0.001218656892888248,0.9721388816833496,,0
0101019.png,/home/ubuntu/SCB-05-Dataset/5k_HRW_Dataset_combined/images/val/0101019.png,3,3,29.75103187561035,29.031450271606445,25.663402557373047,31.262577056884766,0.16563239693641663,0.08065568655729294,0.002779139904305339,0.7509327530860901,,0
0101028.png,/home/ubuntu/SCB-05-Dataset/5k_HRW_Dataset_combined/images/val/0101028.png,3,3,29.256704330444336,30.20179557800293,27.292531967163086,30.945831298828125,0.10955216735601425,0.28188300132751465,0.015367094427347183,0.593197762966156,,0
0101041.png,/home/ubuntu/SCB-05-Dataset/5k_HRW_Dataset_combined/images/val/0101041.png,3,1,30.692148208618164,31.098159790039062,29.40097427368164,30.86248016357422,0.2524317800998688,0.3788546621799469,0.06940557062625885,0.2993079721927643,,0
0101046.png,/home/ubuntu/SCB-05-Dataset/5k_HRW_Dataset_combined/images/val/0101046.png,3,3,26.471031188964844,28.60943603515625,26.32949447631836,30.84101676940918,0.01118613313883543,0.09492429345846176,0.009709823876619339,0.8841797709465027,,0
0101048.png,/home/ubuntu/SCB-05-Dataset/5k_HRW_Dataset_combined/images/val/0101048.png,3,3,28.872621536254883,28.656112670898438,25.40070152282715,30.90035057067871,0.10600859671831131,0.08537141978740692,0.0032923452090471983,0.8053276538848877,,0
0101051.png,/home/ubuntu/SCB-05-Dataset/5k_HRW_Dataset_combined/images/val/0101051.png,3,1,28.43540382385254,28.47432518005371,25.796171188354492,28.405410766601562,0.32451125979423523,0.3373906910419464,0.0231753122061491,0.3149226903915405,,0
0101053.png,/home/ubuntu/SCB-05-Dataset/5k_HRW_Dataset_combined/images/val/0101053.png,3,0,31.341522216796875,30.1717586517334,26.754552841186523,28.75380516052246,0.7164270877838135,0.22240786254405975,0.007295859977602959,0.053869228810071945,,0
0101054.png,/home/ubuntu/SCB-05-Dataset/5k_HRW_Dataset_combined/images/val/0101054.png,3,1,28.015541076660156,28.181468963623047,25.829872131347656,27.26080322265625,0.3619222640991211,0.4272448718547821,0.04068097472190857,0.17015190422534943,,0
0101056.png,/home/ubuntu/SCB-05-Dataset/5k_HRW_Dataset_combined/images/val/0101056.png,3,0,30.69709587097168,30.15279769897461,25.989437103271484,28.623775482177734,0.583076000213623,0.33832916617393494,0.005262777209281921,0.07333201169967651,,0
0101065.png,/home/ubuntu/SCB-05-Dataset/5k_HRW_Dataset_combined/images/val/0101065.png,3,3,27.833662033081055,26.369434356689453,25.138139724731445,29.1141357421875,0.20420217514038086,0.04722308740019798,0.013785098679363728,0.7347896099090576,,0
0101066.png,/home/ubuntu/SCB-05-Dataset/5k_HRW_Dataset_combined/images/val/0101066.png,3,3,25.25235939025879,26.079051971435547,22.572723388671875,26.19518280029297,0.168874591588974,0.3860045075416565,0.01158279087394476,0.43353816866874695,,0
0101080.png,/home/ubuntu/SCB-05-Dataset/5k_HRW_Dataset_combined/images/val/0101080.png,3,0,29.202043533325195,28.746124267578125,25.584035873413086,28.233543395996094,0.49011126160621643,0.3106643557548523,0.013152670115232468,0.1860717236995697,,0
0102002.png,/home/ubuntu/SCB-05-Dataset/5k_HRW_Dataset_combined/images/val/0102002.png,3,0,31.995872497558594,31.513071060180664,28.908294677734375,30.50704002380371,0.5295766592025757,0.32677656412124634,0.024155210703611374,0.11949153244495392,,0
0102016.png,/home/ubuntu/SCB-05-Dataset/5k_HRW_Dataset_combined/images/val/0102016.png,3,1,26.588970184326172,29.14055633544922,25.86400604248047,27.75595474243164,0.05706437677145004,0.7319895029067993,0.027638670057058334,0.18330740928649902,,0
0102014.png,/home/ubuntu/SCB-05-Dataset/5k_HRW_Dataset_combined/images/val/0102014.png,2,1,31.2382869720459,31.903993606567383,28.74884033203125,29.733074188232422,0.3076174557209015,0.5985820293426514,0.025518668815493584,0.0682818591594696,,0
0102024.png,/home/ubuntu/SCB-05-Dataset/5k_HRW_Dataset_combined/images/val/0102024.png,3,1,29.10237693786621,29.598522186279297,27.0570125579834,28.70016098022461,0.2906514108181,0.47735950350761414,0.037590835243463516,0.1943982094526291,,0
0102045.png,/home/ubuntu/SCB-05-Dataset/5k_HRW_Dataset_combined/images/val/0102045.png,3,0,28.78211212158203,27.483009338378906,25.932205200195312,28.145111083984375,0.5377783179283142,0.14669325947761536,0.03111031837761402,0.28441813588142395,,0
0102048.png,/home/ubuntu/SCB-05-Dataset/5k_HRW_Dataset_combined/images/val/0102048.png,3,1,25.5520076751709,27.601612091064453,26.038949966430664,26.50067901611328,0.07707462459802628,0.5984712839126587,0.12542606890201569,0.19902798533439636,,0
0102050.png,/home/ubuntu/SCB-05-Dataset/5k_HRW_Dataset_combined/images/val/0102050.png,3,3,25.0697021484375,26.344820022583008,24.978090286254883,26.76815414428711,0.09126533567905426,0.32664990425109863,0.08327589929103851,0.498808890581131,,0
0103002.png,/home/ubuntu/SCB-05-Dataset/5k_HRW_Dataset_combined/images/val/0103002.png,2,3,29.052370071411133,30.31754493713379,27.48285484313965,31.2072811126709,0.07474410533905029,0.26487162709236145,0.01555769145488739,0.6448265910148621,,0
0103014.png,/home/ubuntu/SCB-05-Dataset/5k_HRW_Dataset_combined/images/val/0103014.png,3,3,27.9480037689209,27.33013916015625,24.761234283447266,29.595809936523438,0.14758038520812988,0.07955975830554962,0.006095821037888527,0.7667640447616577,,0
0103017.png,/home/ubuntu/SCB-05-Dataset/5k_HRW_Dataset_combined/images/val/0103017.png,3,1,29.474262237548828,30.267133712768555,29.094785690307617,30.1442928314209,0.17099134624004364,0.3778451383113861,0.11699561774730682,0.3341678977012634,,0
0103022.png,/home/ubuntu/SCB-05-Dataset/5k_HRW_Dataset_combined/images/val/0103022.png,3,1,28.256256103515625,29.332048416137695,26.09404945373535,29.2501220703125,0.1481691151857376,0.4344785511493683,0.01704995706677437,0.40030238032341003,,0
0103030.png,/home/ubuntu/SCB-05-Dataset/5k_HRW_Dataset_combined/images/val/0103030.png,3,3,29.708839416503906,30.08183479309082,28.24760627746582,31.13580894470215,0.14598363637924194,0.21197955310344696,0.033860914409160614,0.6081758141517639,,0
0103044.png,/home/ubuntu/SCB-05-Dataset/5k_HRW_Dataset_combined/images/val/0103044.png,3,3,27.84025001525879,28.058109283447266,26.593875885009766,28.605979919433594,0.21360579133033752,0.2656000256538391,0.06142139062285423,0.4593728184700012,,0
0104005.png,/home/ubuntu/SCB-05-Dataset/5k_HRW_Dataset_combined/images/val/0104005.png,2,0,31.116151809692383,30.25565528869629,28.569826126098633,30.571205139160156,0.480493426322937,0.20322567224502563,0.03765583410859108,0.2786250412464142,,0
0104011.png,/home/ubuntu/SCB-05-Dataset/5k_HRW_Dataset_combined/images/val/0104011.png,3,0,31.087135314941406,29.990142822265625,27.63224220275879,28.295970916748047,0.7008621692657471,0.23399946093559265,0.022140713408589363,0.042997706681489944,,0
0104007.png,/home/ubuntu/SCB-05-Dataset/5k_HRW_Dataset_combined/images/val/0104007.png,3,3,27.419954299926758,28.393598556518555,24.82937240600586,29.880624771118164,0.06478692591190338,0.17152826488018036,0.004857489839196205,0.758827269077301,,0
0104029.png,/home/ubuntu/SCB-05-Dataset/5k_HRW_Dataset_combined/images/val/0104029.png,3,1,29.18541145324707,30.194896697998047,26.91695785522461,29.990446090698242,0.16435381770133972,0.4510177969932556,0.017006028443574905,0.36762234568595886,,0
0104040.png,/home/ubuntu/SCB-05-Dataset/5k_HRW_Dataset_combined/images/val/0104040.png,3,1,25.458789825439453,26.60863494873047,23.51833152770996,26.308137893676758,0.15061455965042114,0.475596159696579,0.021633991971611977,0.3521552085876465,,0
0104037.png,/home/ubuntu/SCB-05-Dataset/5k_HRW_Dataset_combined/images/val/0104037.png,2,1,30.26974868774414,30.39023208618164,27.90675163269043,29.302955627441406,0.384248822927475,0.43344882130622864,0.0361722894012928,0.14613009989261627,,0
0104041.png,/home/ubuntu/SCB-05-Dataset/5k_HRW_Dataset_combined/images/val/0104041.png,3,0,30.53376007080078,29.81715202331543,28.11233139038086,29.231136322021484,0.5408274531364441,0.2641434371471405,0.048022594302892685,0.14700646698474884,,0
0104042.png,/home/ubuntu/SCB-05-Dataset/5k_HRW_Dataset_combined/images/val/0104042.png,3,3,25.323671340942383,26.254892349243164,24.474102020263672,27.47264862060547,0.0797366350889206,0.20234014093875885,0.03409530967473984,0.6838279962539673,,0
0105007.png,/home/ubuntu/SCB-05-Dataset/5k_HRW_Dataset_combined/images/val/0105007.png,2,1,29.417640686035156,29.63477897644043,27.384944915771484,28.8076229095459,0.3428368866443634,0.42598026990890503,0.044905442744493484,0.18627741932868958,,0
0105012.png,/home/ubuntu/SCB-05-Dataset/5k_HRW_Dataset_combined/images/val/0105012.png,3,3,28.437191009521484,28.37153434753418,26.377683639526367,28.961366653442383,0.26645103096961975,0.24951867759227753,0.033976972103118896,0.450053334236145,,0
0105014.png,/home/ubuntu/SCB-05-Dataset/5k_HRW_Dataset_combined/images/val/0105014.png,3,1,27.56328582763672,29.226049423217773,25.34920883178711,28.75782012939453,0.10325096547603607,0.5445317029953003,0.011280612088739872,0.34093672037124634,,0
0105013.png,/home/ubuntu/SCB-05-Dataset/5k_HRW_Dataset_combined/images/val/0105013.png,3,3,26.626094818115234,28.01845932006836,24.306974411010742,28.313085556030273,0.0950036495923996,0.3823283612728119,0.00934456568211317,0.5133234262466431,,0
0105016.png,/home/ubuntu/SCB-05-Dataset/5k_HRW_Dataset_combined/images/val/0105016.png,3,3,28.692075729370117,29.292560577392578,25.37251091003418,29.301982879638672,0.21279168128967285,0.3879197835922241,0.007696370594203472,0.3915921449661255,,0
0105026.png,/home/ubuntu/SCB-05-Dataset/5k_HRW_Dataset_combined/images/val/0105026.png,2,0,31.420886993408203,30.894214630126953,27.799480438232422,25.78449821472168,0.6169496774673462,0.3643500804901123,0.016500338912010193,0.002199870999902487,,0
0105035.png,/home/ubuntu/SCB-05-Dataset/5k_HRW_Dataset_combined/images/val/0105035.png,3,1,27.16433334350586,27.79494285583496,26.324193954467773,27.18191146850586,0.2310461699962616,0.43407922983169556,0.09973116219043732,0.23514343798160553,,0
0105020.png,/home/ubuntu/SCB-05-Dataset/5k_HRW_Dataset_combined/images/val/0105020.png,3,1,28.097938537597656,28.65557098388672,25.507736206054688,26.944580078125,0.31876441836357117,0.5567324757575989,0.023908883333206177,0.10059414058923721,,0
0105037.png,/home/ubuntu/SCB-05-Dataset/5k_HRW_Dataset_combined/images/val/0105037.png,2,3,26.92750358581543,27.308887481689453,25.123849868774414,27.373403549194336,0.23861220479011536,0.3494020998477936,0.03929848223924637,0.3726872205734253,,0
0106003.png,/home/ubuntu/SCB-05-Dataset/5k_HRW_Dataset_combined/images/val/0106003.png,2,0,30.557117462158203,30.055057525634766,26.978879928588867,29.06402015686035,0.5382469892501831,0.32579147815704346,0.015030479058623314,0.12093101441860199,,0
0106008.png,/home/ubuntu/SCB-05-Dataset/5k_HRW_Dataset_combined/images/val/0106008.png,2,0,31.186756134033203,30.80669593811035,27.807844161987305,30.249536514282227,0.47401899099349976,0.32414379715919495,0.01615671068429947,0.18568055331707,,0
0106006.png,/home/ubuntu/SCB-05-Dataset/5k_HRW_Dataset_combined/images/val/0106006.png,3,1,25.358671188354492,26.716846466064453,21.880603790283203,26.216014862060547,0.137422114610672,0.5344470143318176,0.004241809714585543,0.3238890469074249,,0
0106026.png,/home/ubuntu/SCB-05-Dataset/5k_HRW_Dataset_combined/images/val/0106026.png,3,1,27.7493953704834,29.009571075439453,27.016998291015625,28.255008697509766,0.15004204213619232,0.5290544033050537,0.07213349640369415,0.24877004325389862,,0
0106035.png,/home/ubuntu/SCB-05-Dataset/5k_HRW_Dataset_combined/images/val/0106035.png,3,3,29.078372955322266,28.195058822631836,25.705432891845703,31.161880493164062,0.10548197478055954,0.04360736161470413,0.003616837551817298,0.8472939133644104,,0
0106038.png,/home/ubuntu/SCB-05-Dataset/5k_HRW_Dataset_combined/images/val/0106038.png,3,0,30.06804656982422,29.244524002075195,26.533714294433594,28.57306671142578,0.5909067988395691,0.2593388855457306,0.017241615802049637,0.13251268863677979,,0
0106041.png,/home/ubuntu/SCB-05-Dataset/5k_HRW_Dataset_combined/images/val/0106041.png,3,0,29.06572723388672,28.2033748626709,25.22110939025879,28.909832000732422,0.43493175506591797,0.18361419439315796,0.009305180981755257,0.3721488416194916,,0
0107009.png,/home/ubuntu/SCB-05-Dataset/5k_HRW_Dataset_combined/images/val/0107009.png,3,1,27.881980895996094,29.493812561035156,27.435407638549805,28.615745544433594,0.11448580026626587,0.5738009214401245,0.073249951004982,0.23846331238746643,,0
0107012.png,/home/ubuntu/SCB-05-Dataset/5k_HRW_Dataset_combined/images/val/0107012.png,3,1,29.645681381225586,30.028629302978516,28.554141998291016,29.64014434814453,0.26338112354278564,0.38627520203590393,0.08841686695814133,0.2619268000125885,,0
0107010.png,/home/ubuntu/SCB-05-Dataset/5k_HRW_Dataset_combined/images/val/0107010.png,3,3,27.912389755249023,28.796064376831055,26.818069458007812,29.27644920349121,0.13043618202209473,0.31562626361846924,0.04366574063897133,0.5102718472480774,,0
0107013.png,/home/ubuntu/SCB-05-Dataset/5k_HRW_Dataset_combined/images/val/0107013.png,3,3,27.98505973815918,27.343156814575195,24.48230743408203,30.096006393432617,0.1019112691283226,0.0536348819732666,0.0030689951963722706,0.8413848876953125,,0
0107024.png,/home/ubuntu/SCB-05-Dataset/5k_HRW_Dataset_combined/images/val/0107024.png,3,3,24.801002502441406,25.773456573486328,20.805070877075195,26.223474502563477,0.12803809344768524,0.3385872542858124,0.0023546593729406595,0.5310200452804565,,0
0107026.png,/home/ubuntu/SCB-05-Dataset/5k_HRW_Dataset_combined/images/val/0107026.png,3,3,26.906585693359375,28.47493553161621,25.94527244567871,31.140071868896484,0.01330878771841526,0.06386518478393555,0.005089153070002794,0.9177368879318237,,0
0107030.png,/home/ubuntu/SCB-05-Dataset/5k_HRW_Dataset_combined/images/val/0107030.png,3,3,23.288759231567383,24.300077438354492,21.261167526245117,24.967729568481445,0.10821446031332016,0.2975056767463684,0.014246671460568905,0.5800332427024841,,0
0107027.png,/home/ubuntu/SCB-05-Dataset/5k_HRW_Dataset_combined/images/val/0107027.png,3,3,29.116106033325195,30.343297958374023,28.154495239257812,31.259458541870117,0.07506441324949265,0.25609245896339417,0.028695371001958847,0.6401478052139282,,0
0107037.png,/home/ubuntu/SCB-05-Dataset/5k_HRW_Dataset_combined/images/val/0107037.png,3,3,24.08514404296875,24.68923568725586,23.172767639160156,27.591529846191406,0.027353227138519287,0.05004517734050751,0.010984202846884727,0.9116173386573792,,0
0107041.png,/home/ubuntu/SCB-05-Dataset/5k_HRW_Dataset_combined/images/val/0107041.png,3,0,30.795759201049805,30.38402557373047,29.24787139892578,28.901063919067383,0.4936901926994324,0.32707011699676514,0.10500630736351013,0.07423330098390579,,0
0107042.png,/home/ubuntu/SCB-05-Dataset/5k_HRW_Dataset_combined/images/val/0107042.png,3,1,29.007535934448242,29.779983520507812,27.738487243652344,29.215267181396484,0.21381044387817383,0.4629122018814087,0.06010187789797783,0.26317548751831055,,0
0108015.png,/home/ubuntu/SCB-05-Dataset/5k_HRW_Dataset_combined/images/val/0108015.png,3,3,27.063053131103516,27.36429214477539,24.406558990478516,27.822404861450195,0.21936479210853577,0.29647859930992126,0.015398066490888596,0.4687585234642029,,0
0108031.png,/home/ubuntu/SCB-05-Dataset/5k_HRW_Dataset_combined/images/val/0108031.png,3,3,29.036420822143555,29.90931510925293,26.740589141845703,30.238765716552734,0.14657559990882874,0.35087698698043823,0.014756882563233376,0.487790584564209,,0
0108020.png,/home/ubuntu/SCB-05-Dataset/5k_HRW_Dataset_combined/images/val/0108020.png,3,1,29.10699462890625,29.353490829467773,27.11118507385254,27.686838150024414,0.3763481676578522,0.481550395488739,0.05114706978201866,0.09095439314842224,,0
0108032.png,/home/ubuntu/SCB-05-Dataset/5k_HRW_Dataset_combined/images/val/0108032.png,3,1,28.467330932617188,29.770469665527344,26.493072509765625,27.793943405151367,0.18762874603271484,0.6906298398971558,0.026054924353957176,0.09568654745817184,,0
0108035.png,/home/ubuntu/SCB-05-Dataset/5k_HRW_Dataset_combined/images/val/0108035.png,3,3,25.818157196044922,26.89703369140625,27.262094497680664,28.622283935546875,0.0404999777674675,0.11912555992603302,0.1716124713420868,0.6687619686126709,,0
0108040.png,/home/ubuntu/SCB-05-Dataset/5k_HRW_Dataset_combined/images/val/0108040.png,3,3,26.496559143066406,28.301780700683594,26.399850845336914,28.525287628173828,0.06412907689809799,0.38998937606811523,0.058217715471982956,0.4876638948917389,,0
0108046.png,/home/ubuntu/SCB-05-Dataset/5k_HRW_Dataset_combined/images/val/0108046.png,3,1,28.791566848754883,29.46184539794922,27.1545352935791,28.76348114013672,0.24262166023254395,0.4742724299430847,0.0472036749124527,0.23590227961540222,,0
0200008.png,/home/ubuntu/SCB-05-Dataset/5k_HRW_Dataset_combined/images/val/0200008.png,3,3,24.58403778076172,26.651081085205078,22.829626083374023,28.157352447509766,0.02236688882112503,0.17673030495643616,0.0038696727715432644,0.7970331311225891,,0
0200014.png,/home/ubuntu/SCB-05-Dataset/5k_HRW_Dataset_combined/images/val/0200014.png,3,1,28.957658767700195,30.0957088470459,26.85854148864746,29.984241485595703,0.14215141534805298,0.44360873103141785,0.01742272824048996,0.3968171179294586,,0
0200021.png,/home/ubuntu/SCB-05-Dataset/5k_HRW_Dataset_combined/images/val/0200021.png,3,3,29.690540313720703,28.964868545532227,26.990825653076172,30.776071548461914,0.2216195911169052,0.10726373642683029,0.014898309484124184,0.6562183499336243,,0
0200025.png,/home/ubuntu/SCB-05-Dataset/5k_HRW_Dataset_combined/images/val/0200025.png,3,1,27.6667423248291,28.499866485595703,24.912614822387695,25.24256134033203,0.2896275818347931,0.6662867069244385,0.018439006060361862,0.025646697729825974,,0
0200034.png,/home/ubuntu/SCB-05-Dataset/5k_HRW_Dataset_combined/images/val/0200034.png,3,0,30.266693115234375,30.174055099487305,26.395517349243164,27.59864616394043,0.49956414103507996,0.4553644359111786,0.010407849214971066,0.03466356173157692,,0
0202002.png,/home/ubuntu/SCB-05-Dataset/5k_HRW_Dataset_combined/images/val/0202002.png,3,3,27.38146209716797,27.190595626831055,25.680076599121094,29.409366607666016,0.10409269481897354,0.08600585162639618,0.018989693373441696,0.7909116744995117,,0
0202004.png,/home/ubuntu/SCB-05-Dataset/5k_HRW_Dataset_combined/images/val/0202004.png,3,1,29.17017936706543,29.81603240966797,25.636917114257812,29.161088943481445,0.25459715723991394,0.4856729805469513,0.007436648476868868,0.25229325890541077,,0
0202007.png,/home/ubuntu/SCB-05-Dataset/5k_HRW_Dataset_combined/images/val/0202007.png,3,1,29.41303825378418,30.848907470703125,28.628141403198242,28.684389114379883,0.16281278431415558,0.6843504905700684,0.07426977157592773,0.0785670056939125,,0
0202025.png,/home/ubuntu/SCB-05-Dataset/5k_HRW_Dataset_combined/images/val/0202025.png,3,3,28.83896255493164,30.195411682128906,27.451541900634766,31.762834548950195,0.042113564908504486,0.16350097954273224,0.010516539216041565,0.7838689684867859,,0
0203003.png,/home/ubuntu/SCB-05-Dataset/5k_HRW_Dataset_combined/images/val/0203003.png,3,0,30.582839965820312,29.140520095825195,25.268442153930664,30.055030822753906,0.5460914969444275,0.12908443808555603,0.0026869019493460655,0.32213714718818665,,0
0203004.png,/home/ubuntu/SCB-05-Dataset/5k_HRW_Dataset_combined/images/val/0203004.png,3,1,30.12930679321289,30.591995239257812,26.53031349182129,29.150564193725586,0.3342834711074829,0.5309553146362305,0.009143069386482239,0.12561815977096558,,0
0203008.png,/home/ubuntu/SCB-05-Dataset/5k_HRW_Dataset_combined/images/val/0203008.png,3,1,28.979578018188477,30.10807991027832,26.197052001953125,27.546077728271484,0.2277190089225769,0.7038845419883728,0.014091705903410912,0.05430477857589722,,0
0203016.png,/home/ubuntu/SCB-05-Dataset/5k_HRW_Dataset_combined/images/val/0203016.png,3,3,28.811506271362305,28.88107681274414,26.472654342651367,30.476764678955078,0.13412870466709137,0.14379237592220306,0.01293514296412468,0.7091437578201294,,0
0204003.png,/home/ubuntu/SCB-05-Dataset/5k_HRW_Dataset_combined/images/val/0204003.png,3,3,28.450607299804688,27.466678619384766,24.05404281616211,29.226961135864258,0.28092318773269653,0.1050201952457428,0.0034608591813594103,0.6105957627296448,,0
0205007.png,/home/ubuntu/SCB-05-Dataset/5k_HRW_Dataset_combined/images/val/0205007.png,3,0,29.208860397338867,28.258525848388672,24.425487518310547,29.031982421875,0.44785580039024353,0.17314627766609192,0.003747535403817892,0.37525033950805664,,0
0400002.png,/home/ubuntu/SCB-05-Dataset/5k_HRW_Dataset_combined/images/val/0400002.png,3,0,28.596559524536133,27.016847610473633,25.365581512451172,26.382408142089844,0.7381166219711304,0.15207743644714355,0.02916950359940529,0.08063642680644989,,0
0400003.png,/home/ubuntu/SCB-05-Dataset/5k_HRW_Dataset_combined/images/val/0400003.png,3,1,28.640430450439453,29.83596420288086,27.335081100463867,26.965999603271484,0.20991581678390503,0.6938393115997314,0.056903522461652756,0.039341334253549576,,0
0400012.png,/home/ubuntu/SCB-05-Dataset/5k_HRW_Dataset_combined/images/val/0400012.png,3,3,26.326566696166992,27.33573341369629,27.5538272857666,29.49529266357422,0.03232860565185547,0.08868751674890518,0.11030100286006927,0.7686828374862671,,0
0400021.png,/home/ubuntu/SCB-05-Dataset/5k_HRW_Dataset_combined/images/val/0400021.png,3,1,29.532278060913086,30.582439422607422,27.870655059814453,30.212249755859375,0.1660642772912979,0.4746303856372833,0.031524088233709335,0.3277813196182251,,0
0400022.png,/home/ubuntu/SCB-05-Dataset/5k_HRW_Dataset_combined/images/val/0400022.png,3,1,28.626056671142578,29.687625885009766,27.00214958190918,28.95551300048828,0.18254028260707855,0.5277064442634583,0.0359836220741272,0.25376972556114197,,0
0400024.png,/home/ubuntu/SCB-05-Dataset/5k_HRW_Dataset_combined/images/val/0400024.png,3,3,28.686281204223633,29.436594009399414,27.616294860839844,32.78234100341797,0.015732256695628166,0.03331560641527176,0.005396371241658926,0.9455558061599731,,0
0400027.png,/home/ubuntu/SCB-05-Dataset/5k_HRW_Dataset_combined/images/val/0400027.png,3,1,25.844898223876953,28.07992172241211,25.981876373291016,27.660066604614258,0.056703437119722366,0.5299900770187378,0.06502767652273178,0.3482787609100342,,0
0400026.png,/home/ubuntu/SCB-05-Dataset/5k_HRW_Dataset_combined/images/val/0400026.png,3,3,26.938283920288086,27.339618682861328,25.74242401123047,29.452821731567383,0.06597544252872467,0.09855525195598602,0.019953861832618713,0.8155154585838318,,0
0401001.png,/home/ubuntu/SCB-05-Dataset/5k_HRW_Dataset_combined/images/val/0401001.png,3,3,29.050537109375,30.34701919555664,30.306005477905273,30.54317855834961,0.07927244156599045,0.28985264897346497,0.2782052159309387,0.35266974568367004,,0
0400034.png,/home/ubuntu/SCB-05-Dataset/5k_HRW_Dataset_combined/images/val/0400034.png,3,3,27.042325973510742,26.73590850830078,25.328462600708008,28.72577667236328,0.13697971403598785,0.10082792490720749,0.024679413065314293,0.7375128865242004,,0
0401009.png,/home/ubuntu/SCB-05-Dataset/5k_HRW_Dataset_combined/images/val/0401009.png,3,1,30.235427856445312,31.237947463989258,27.494096755981445,29.987863540649414,0.21880286931991577,0.5962682962417603,0.014109383337199688,0.17081940174102783,,0
0401005.png,/home/ubuntu/SCB-05-Dataset/5k_HRW_Dataset_combined/images/val/0401005.png,2,3,27.31505012512207,27.92215347290039,28.247955322265625,29.613786697387695,0.06519508361816406,0.11964002251625061,0.16571828722953796,0.6494466066360474,,0
0401019.png,/home/ubuntu/SCB-05-Dataset/5k_HRW_Dataset_combined/images/val/0401019.png,3,3,24.285263061523438,25.962081909179688,23.726171493530273,26.837566375732422,0.050615277141332626,0.2707165479660034,0.028938187286257744,0.6497299671173096,,0
0401026.png,/home/ubuntu/SCB-05-Dataset/5k_HRW_Dataset_combined/images/val/0401026.png,3,0,28.314491271972656,27.781715393066406,26.231204986572266,28.204784393310547,0.3834958076477051,0.22510182857513428,0.047753024846315384,0.34364935755729675,,0
0401027.png,/home/ubuntu/SCB-05-Dataset/5k_HRW_Dataset_combined/images/val/0401027.png,3,1,29.46978187561035,30.373111724853516,28.06483268737793,28.763277053833008,0.2377244085073471,0.5866578817367554,0.05833269655704498,0.11728502810001373,,0
0401021.png,/home/ubuntu/SCB-05-Dataset/5k_HRW_Dataset_combined/images/val/0401021.png,3,3,23.258501052856445,25.58956527709961,23.82891845703125,26.496898651123047,0.02593984641134739,0.26689210534095764,0.045887723565101624,0.6612803339958191,,0
0401028.png,/home/ubuntu/SCB-05-Dataset/5k_HRW_Dataset_combined/images/val/0401028.png,3,1,28.95909309387207,29.73410415649414,27.714031219482422,28.93514633178711,0.2254854142665863,0.48944228887557983,0.06492245942354202,0.2201499044895172,,0
0401049.png,/home/ubuntu/SCB-05-Dataset/5k_HRW_Dataset_combined/images/val/0401049.png,2,1,29.646495819091797,29.79952049255371,27.72132110595703,28.566381454467773,0.37725019454956055,0.4396299123764038,0.05502203851938248,0.12809781730175018,,0
0401040.png,/home/ubuntu/SCB-05-Dataset/5k_HRW_Dataset_combined/images/val/0401040.png,3,3,28.871068954467773,30.194765090942383,28.637779235839844,30.259244918823242,0.10463818162679672,0.3931552767753601,0.08286549150943756,0.41934099793434143,,0
0401054.png,/home/ubuntu/SCB-05-Dataset/5k_HRW_Dataset_combined/images/val/0401054.png,3,0,30.532676696777344,29.908061981201172,27.77567481994629,29.726320266723633,0.48889443278312683,0.26178717613220215,0.031035901978611946,0.2182825356721878,,0
0401055.png,/home/ubuntu/SCB-05-Dataset/5k_HRW_Dataset_combined/images/val/0401055.png,3,3,30.828073501586914,30.981237411499023,27.82378578186035,31.00176429748535,0.29370492696762085,0.3423177897930145,0.01456014346331358,0.349417120218277,,0
0401070.png,/home/ubuntu/SCB-05-Dataset/5k_HRW_Dataset_combined/images/val/0401070.png,3,1,27.031003952026367,29.68100929260254,27.479406356811523,29.197311401367188,0.039299022406339645,0.556242823600769,0.06153474748134613,0.3429233729839325,,0
0401074.png,/home/ubuntu/SCB-05-Dataset/5k_HRW_Dataset_combined/images/val/0401074.png,3,1,27.096473693847656,30.467716217041016,26.796489715576172,28.227272033691406,0.029451925307512283,0.8574833869934082,0.021818872541189194,0.0912458598613739,,0
0402012.png,/home/ubuntu/SCB-05-Dataset/5k_HRW_Dataset_combined/images/val/0402012.png,3,1,28.404369354248047,29.756092071533203,28.375062942504883,29.077836990356445,0.12826725840568542,0.4956344962120056,0.12456274777650833,0.2515353858470917,,0
0402013.png,/home/ubuntu/SCB-05-Dataset/5k_HRW_Dataset_combined/images/val/0402013.png,2,3,29.04118537902832,29.627216339111328,28.173080444335938,29.824913024902344,0.18497253954410553,0.3323664963245392,0.07764152437448502,0.4050194025039673,,0
0402017.png,/home/ubuntu/SCB-05-Dataset/5k_HRW_Dataset_combined/images/val/0402017.png,3,1,26.49444007873535,28.488107681274414,23.406211853027344,28.427452087402344,0.06536678224802017,0.4799499809741974,0.0029795910231769085,0.45170363783836365,,0
0402022.png,/home/ubuntu/SCB-05-Dataset/5k_HRW_Dataset_combined/images/val/0402022.png,3,1,29.0219669342041,29.246139526367188,26.321155548095703,28.667461395263672,0.33113041520118713,0.414339154958725,0.02223573997616768,0.23229467868804932,,0
0402025.png,/home/ubuntu/SCB-05-Dataset/5k_HRW_Dataset_combined/images/val/0402025.png,3,1,28.159015655517578,28.820701599121094,26.283157348632812,27.874650955200195,0.26016107201576233,0.5042069554328918,0.03986275941133499,0.19576917588710785,,0
0402030.png,/home/ubuntu/SCB-05-Dataset/5k_HRW_Dataset_combined/images/val/0402030.png,3,1,26.735963821411133,28.343156814575195,23.718107223510742,27.49110221862793,0.12246497720479965,0.610951840877533,0.005989264231175184,0.2605939507484436,,0
0402033.png,/home/ubuntu/SCB-05-Dataset/5k_HRW_Dataset_combined/images/val/0402033.png,2,1,31.374431610107422,31.432966232299805,28.79561424255371,30.633169174194336,0.38275206089019775,0.4058249890804291,0.029036976397037506,0.18238593637943268,,0
0402036.png,/home/ubuntu/SCB-05-Dataset/5k_HRW_Dataset_combined/images/val/0402036.png,3,0,28.2432918548584,27.5996150970459,24.57267951965332,27.74140167236328,0.46377816796302795,0.2436492145061493,0.011808197945356369,0.28076449036598206,,0
0403006.png,/home/ubuntu/SCB-05-Dataset/5k_HRW_Dataset_combined/images/val/0403006.png,3,3,26.098819732666016,26.617977142333984,22.742000579833984,26.791603088378906,0.2121012657880783,0.35645967721939087,0.007390863262116909,0.42404818534851074,,0
0403013.png,/home/ubuntu/SCB-05-Dataset/5k_HRW_Dataset_combined/images/val/0403013.png,3,1,30.36232566833496,31.202571868896484,27.766510009765625,29.64862060546875,0.2576424479484558,0.596941351890564,0.019216263666749,0.12619996070861816,,0
0403020.png,/home/ubuntu/SCB-05-Dataset/5k_HRW_Dataset_combined/images/val/0403020.png,3,1,27.143932342529297,29.304100036621094,26.418888092041016,28.167068481445312,0.07728691399097443,0.6702778935432434,0.0374302975833416,0.21500489115715027,,0
0403022.png,/home/ubuntu/SCB-05-Dataset/5k_HRW_Dataset_combined/images/val/0403022.png,3,1,27.55073356628418,29.27604103088379,25.621355056762695,25.9765682220459,0.14354068040847778,0.8058728575706482,0.0208476260304451,0.02973881922662258,,0
0403035.png,/home/ubuntu/SCB-05-Dataset/5k_HRW_Dataset_combined/images/val/0403035.png,3,1,27.90757942199707,28.917402267456055,26.03105354309082,28.67465591430664,0.16524291038513184,0.45361068844795227,0.025302181020379066,0.3558441698551178,,0
0403037.png,/home/ubuntu/SCB-05-Dataset/5k_HRW_Dataset_combined/images/val/0403037.png,3,1,27.104887008666992,29.511627197265625,25.613645553588867,27.406770706176758,0.073124960064888,0.8115206956863403,0.016459917649626732,0.09889447689056396,,0
0403038.png,/home/ubuntu/SCB-05-Dataset/5k_HRW_Dataset_combined/images/val/0403038.png,3,3,26.047903060913086,28.075450897216797,26.803537368774414,29.410236358642578,0.02526474930346012,0.19189685583114624,0.053787678480148315,0.7290508151054382,,0
0403040.png,/home/ubuntu/SCB-05-Dataset/5k_HRW_Dataset_combined/images/val/0403040.png,3,0,31.13442611694336,29.544071197509766,25.582731246948242,29.75810432434082,0.6848191022872925,0.13960258662700653,0.0026576966047286987,0.17292067408561707,,0
0403043.png,/home/ubuntu/SCB-05-Dataset/5k_HRW_Dataset_combined/images/val/0403043.png,3,1,27.642637252807617,29.378206253051758,27.582300186157227,28.371187210083008,0.10324525088071823,0.585623025894165,0.097199946641922,0.21393178403377533,,0
0403052.png,/home/ubuntu/SCB-05-Dataset/5k_HRW_Dataset_combined/images/val/0403052.png,2,1,29.15218734741211,29.487926483154297,27.55665397644043,28.450769424438477,0.32282474637031555,0.45162343978881836,0.06546895951032639,0.1600828766822815,,0
0404001.png,/home/ubuntu/SCB-05-Dataset/5k_HRW_Dataset_combined/images/val/0404001.png,3,3,26.251529693603516,26.199710845947266,24.206798553466797,28.27886390686035,0.10338341444730759,0.09816264361143112,0.013379361480474472,0.7850745320320129,,0
0404016.png,/home/ubuntu/SCB-05-Dataset/5k_HRW_Dataset_combined/images/val/0404016.png,3,1,26.530712127685547,27.126920700073242,24.03672981262207,24.869260787963867,0.32386910915374756,0.587894856929779,0.026745259761810303,0.06149083748459816,,0
0404023.png,/home/ubuntu/SCB-05-Dataset/5k_HRW_Dataset_combined/images/val/0404023.png,3,3,29.566007614135742,30.343364715576172,28.58758544921875,31.504053115844727,0.09526729583740234,0.2072744369506836,0.03581133484840393,0.6616469621658325,,0
0404033.png,/home/ubuntu/SCB-05-Dataset/5k_HRW_Dataset_combined/images/val/0404033.png,3,1,29.555261611938477,30.894819259643555,28.530019760131836,29.2080020904541,0.16999037563800812,0.648913562297821,0.06097719818353653,0.12011891603469849,,0
0404029.png,/home/ubuntu/SCB-05-Dataset/5k_HRW_Dataset_combined/images/val/0404029.png,2,1,29.898134231567383,30.397247314453125,29.386503219604492,29.693037033081055,0.24622386693954468,0.4055946469306946,0.14761538803577423,0.2005661129951477,,0
0404035.png,/home/ubuntu/SCB-05-Dataset/5k_HRW_Dataset_combined/images/val/0404035.png,3,3,28.019390106201172,28.37582015991211,25.050168991088867,31.15129852294922,0.03937435522675514,0.056235309690237045,0.0020216088742017746,0.9023687243461609,,0
0404041.png,/home/ubuntu/SCB-05-Dataset/5k_HRW_Dataset_combined/images/val/0404041.png,3,1,24.186203002929688,25.192604064941406,22.975582122802734,24.8271427154541,0.16857683658599854,0.4611819386482239,0.050237949937582016,0.3200032711029053,,0
0404043.png,/home/ubuntu/SCB-05-Dataset/5k_HRW_Dataset_combined/images/val/0404043.png,3,3,25.789081573486328,24.290586471557617,23.180469512939453,26.100370407104492,0.37561699748039246,0.08393770456314087,0.027659187093377113,0.5127860903739929,,0
0404047.png,/home/ubuntu/SCB-05-Dataset/5k_HRW_Dataset_combined/images/val/0404047.png,2,1,28.966123580932617,29.054319381713867,27.527280807495117,28.026222229003906,0.3676375150680542,0.40153440833091736,0.08720439672470093,0.14362362027168274,,0
0404050.png,/home/ubuntu/SCB-05-Dataset/5k_HRW_Dataset_combined/images/val/0404050.png,3,1,28.758548736572266,30.655488967895508,28.32016944885254,29.137939453125,0.10233379900455475,0.682102620601654,0.06601358205080032,0.14954997599124908,,0
06000014.png,/home/ubuntu/SCB-05-Dataset/5k_HRW_Dataset_combined/images/val/06000014.png,3,1,29.48549461364746,30.31979751586914,27.192651748657227,28.282407760620117,0.2699454128742218,0.6217403411865234,0.02725880965590477,0.08105539530515671,,0
06000017.png,/home/ubuntu/SCB-05-Dataset/5k_HRW_Dataset_combined/images/val/06000017.png,3,0,28.104629516601562,28.025102615356445,24.78911590576172,27.33662986755371,0.41257378458976746,0.38103383779525757,0.014982777647674084,0.19140955805778503,,0
06000018.png,/home/ubuntu/SCB-05-Dataset/5k_HRW_Dataset_combined/images/val/06000018.png,3,1,28.313844680786133,29.07150650024414,25.603330612182617,27.56414794921875,0.2723093032836914,0.5809125900268555,0.018109280616044998,0.12866882979869843,,0
06000022.png,/home/ubuntu/SCB-05-Dataset/5k_HRW_Dataset_combined/images/val/06000022.png,3,0,28.43710708618164,27.38707733154297,25.5013370513916,27.981735229492188,0.49086275696754456,0.17176629602909088,0.026059817522764206,0.31131112575531006,,0
06000024.png,/home/ubuntu/SCB-05-Dataset/5k_HRW_Dataset_combined/images/val/06000024.png,3,3,28.18101692199707,27.777559280395508,26.37273597717285,30.095428466796875,0.11607811599969864,0.07754091918468475,0.019029349088668823,0.7873516082763672,,0
06000028.png,/home/ubuntu/SCB-05-Dataset/5k_HRW_Dataset_combined/images/val/06000028.png,3,3,27.927000045776367,24.775005340576172,24.573476791381836,28.216283798217773,0.41438785195350647,0.01772201433777809,0.01448739692568779,0.5534027814865112,,0
06000053.png,/home/ubuntu/SCB-05-Dataset/5k_HRW_Dataset_combined/images/val/06000053.png,3,0,30.313539505004883,30.009450912475586,27.23698616027832,28.424894332885742,0.5167450904846191,0.3812522292137146,0.023831216618418694,0.07817145437002182,,0
06000063.png,/home/ubuntu/SCB-05-Dataset/5k_HRW_Dataset_combined/images/val/06000063.png,3,1,28.179561614990234,29.60829734802246,26.79425811767578,28.174543380737305,0.15579570829868317,0.6502008438110352,0.03898753970861435,0.15501584112644196,,0
06000074.png,/home/ubuntu/SCB-05-Dataset/5k_HRW_Dataset_combined/images/val/06000074.png,3,1,30.364683151245117,31.037988662719727,26.962535858154297,27.430837631225586,0.32816997170448303,0.6434453725814819,0.010928613133728504,0.017456047236919403,,0
06000077.png,/home/ubuntu/SCB-05-Dataset/5k_HRW_Dataset_combined/images/val/06000077.png,3,1,29.01431655883789,30.111248016357422,26.4950008392334,27.897579193115234,0.22712703049182892,0.68023681640625,0.018287062644958496,0.07434914261102676,,0
06000088.png,/home/ubuntu/SCB-05-Dataset/5k_HRW_Dataset_combined/images/val/06000088.png,3,3,27.815135955810547,28.35826301574707,25.421588897705078,29.183456420898438,0.14833639562129974,0.2553435266017914,0.013543890789151192,0.5827761292457581,,0
06010025.png,/home/ubuntu/SCB-05-Dataset/5k_HRW_Dataset_combined/images/val/06010025.png,3,1,29.30704689025879,29.713558197021484,27.07098388671875,29.462230682373047,0.26480796933174133,0.39762774109840393,0.02830226719379425,0.3092619776725769,,0
06010028.png,/home/ubuntu/SCB-05-Dataset/5k_HRW_Dataset_combined/images/val/06010028.png,3,0,28.350088119506836,27.439571380615234,24.173131942749023,27.69889259338379,0.5157076120376587,0.20747755467891693,0.007913608103990555,0.2689012885093689,,0
06010030.png,/home/ubuntu/SCB-05-Dataset/5k_HRW_Dataset_combined/images/val/06010030.png,3,1,30.482852935791016,30.665874481201172,28.275102615356445,30.268733978271484,0.3207142651081085,0.38512659072875977,0.03526179865002632,0.2588973641395569,,0
06010032.png,/home/ubuntu/SCB-05-Dataset/5k_HRW_Dataset_combined/images/val/06010032.png,3,3,24.729862213134766,23.726150512695312,22.88309669494629,28.886001586914062,0.015302474610507488,0.00560860987752676,0.0024139131419360638,0.9766750335693359,,0
06010031.png,/home/ubuntu/SCB-05-Dataset/5k_HRW_Dataset_combined/images/val/06010031.png,3,3,28.043819427490234,28.022838592529297,27.716398239135742,29.907310485839844,0.109334796667099,0.10706476122140884,0.07880634814500809,0.70479416847229,,0
06010037.png,/home/ubuntu/SCB-05-Dataset/5k_HRW_Dataset_combined/images/val/06010037.png,3,0,31.137859344482422,30.767744064331055,26.423744201660156,28.646940231323242,0.5610235929489136,0.38747358322143555,0.005031145643442869,0.04647171124815941,,0
0800002.png,/home/ubuntu/SCB-05-Dataset/5k_HRW_Dataset_combined/images/val/0800002.png,3,1,28.64281463623047,29.980844497680664,27.495744705200195,28.92160987854004,0.15502361953258514,0.5908767580986023,0.049230221658945084,0.20486941933631897,,0
0800004.png,/home/ubuntu/SCB-05-Dataset/5k_HRW_Dataset_combined/images/val/0800004.png,3,1,28.18889617919922,30.28646469116211,26.654338836669922,27.539670944213867,0.1011701375246048,0.8241661787033081,0.021807335317134857,0.052856381982564926,,0
0800005.png,/home/ubuntu/SCB-05-Dataset/5k_HRW_Dataset_combined/images/val/0800005.png,3,1,29.52841567993164,30.733200073242188,27.269512176513672,28.369489669799805,0.2103346735239029,0.701684832572937,0.02197260595858097,0.06600786745548248,,0
0800007.png,/home/ubuntu/SCB-05-Dataset/5k_HRW_Dataset_combined/images/val/0800007.png,3,3,28.202394485473633,29.586669921875,25.648975372314453,30.277645111083984,0.07670893520116806,0.30621689558029175,0.005969117395579815,0.6111050248146057,,0
0800009.png,/home/ubuntu/SCB-05-Dataset/5k_HRW_Dataset_combined/images/val/0800009.png,3,1,28.36414337158203,30.784439086914062,26.413423538208008,29.560989379882812,0.06369013339281082,0.7164620757102966,0.009054933674633503,0.21079279482364655,,0
0800024.png,/home/ubuntu/SCB-05-Dataset/5k_HRW_Dataset_combined/images/val/0800024.png,3,1,27.90483856201172,28.14808464050293,25.497745513916016,27.448150634765625,0.33346259593963623,0.42529234290122986,0.030037231743335724,0.21120785176753998,,0
0800025.png,/home/ubuntu/SCB-05-Dataset/5k_HRW_Dataset_combined/images/val/0800025.png,3,1,27.496475219726562,28.859027862548828,25.9668025970459,28.252046585083008,0.13790087401866913,0.5386617183685303,0.029870234429836273,0.2935671806335449,,0
0800028.png,/home/ubuntu/SCB-05-Dataset/5k_HRW_Dataset_combined/images/val/0800028.png,3,1,26.955163955688477,27.66832733154297,26.531251907348633,27.444326400756836,0.18776287138462067,0.38311806321144104,0.12288730591535568,0.3062317669391632,,0
0800031.png,/home/ubuntu/SCB-05-Dataset/5k_HRW_Dataset_combined/images/val/0800031.png,3,1,26.659509658813477,28.96350860595703,26.157670974731445,28.027387619018555,0.06432285159826279,0.6441385746002197,0.0389421172440052,0.2525964081287384,,0
0800035.png,/home/ubuntu/SCB-05-Dataset/5k_HRW_Dataset_combined/images/val/0800035.png,3,1,26.159467697143555,27.055498123168945,25.550567626953125,25.585105895996094,0.21944880485534668,0.5376185774803162,0.11936891824007034,0.1235637441277504,,0
0800036.png,/home/ubuntu/SCB-05-Dataset/5k_HRW_Dataset_combined/images/val/0800036.png,3,3,29.02049446105957,28.987384796142578,26.85065269470215,30.41396141052246,0.16365483403205872,0.1583249866962433,0.01868867501616478,0.6593315005302429,,0
1000005.png,/home/ubuntu/SCB-05-Dataset/5k_HRW_Dataset_combined/images/val/1000005.png,3,1,28.487205505371094,28.676647186279297,26.022756576538086,27.1848201751709,0.38978564739227295,0.4710850119590759,0.03315348923206329,0.10597588121891022,,0
1000011.png,/home/ubuntu/SCB-05-Dataset/5k_HRW_Dataset_combined/images/val/1000011.png,3,1,27.474308013916016,27.95789337158203,26.5437068939209,27.908620834350586,0.21929356455802917,0.3556676208972931,0.08647109568119049,0.33856773376464844,,0
1000014.png,/home/ubuntu/SCB-05-Dataset/5k_HRW_Dataset_combined/images/val/1000014.png,3,3,28.95493507385254,29.56719398498535,26.6474666595459,32.04682159423828,0.04005979374051094,0.07389403879642487,0.003986464347690344,0.8820596933364868,,0
1000021.png,/home/ubuntu/SCB-05-Dataset/5k_HRW_Dataset_combined/images/val/1000021.png,3,1,28.281740188598633,28.626712799072266,25.68522071838379,27.116601943969727,0.35735172033309937,0.5045632123947144,0.02663433365523815,0.11145070195198059,,0
1000026.png,/home/ubuntu/SCB-05-Dataset/5k_HRW_Dataset_combined/images/val/1000026.png,3,0,28.090229034423828,27.14826202392578,23.75887107849121,25.74610710144043,0.6671375036239624,0.2600903809070587,0.008772643283009529,0.06399943679571152,,0
1000018.png,/home/ubuntu/SCB-05-Dataset/5k_HRW_Dataset_combined/images/val/1000018.png,3,0,30.955183029174805,30.11680793762207,25.17384910583496,29.281156539916992,0.6161475777626038,0.26642999053001404,0.0019005676731467247,0.11552189290523529,,0
1000027.png,/home/ubuntu/SCB-05-Dataset/5k_HRW_Dataset_combined/images/val/1000027.png,2,0,26.775184631347656,26.26868438720703,23.56908416748047,26.5897274017334,0.40422993898391724,0.24358931183815002,0.01637708954513073,0.33580368757247925,,0
1000041.png,/home/ubuntu/SCB-05-Dataset/5k_HRW_Dataset_combined/images/val/1000041.png,2,1,29.539575576782227,30.44356918334961,27.605792999267578,29.048215866088867,0.2366393655538559,0.5843679904937744,0.03421809524297714,0.14477452635765076,,0
1000047.png,/home/ubuntu/SCB-05-Dataset/5k_HRW_Dataset_combined/images/val/1000047.png,3,1,27.770841598510742,28.669906616210938,25.5941162109375,28.56316566467285,0.17303313314914703,0.4251950979232788,0.01962408609688282,0.3821476995944977,,0
1000049.png,/home/ubuntu/SCB-05-Dataset/5k_HRW_Dataset_combined/images/val/1000049.png,3,1,26.84856605529785,28.38504409790039,25.474044799804688,26.07204818725586,0.15720412135124207,0.730714738368988,0.03976646065711975,0.07231468707323074,,0
1000053.png,/home/ubuntu/SCB-05-Dataset/5k_HRW_Dataset_combined/images/val/1000053.png,2,1,29.822338104248047,32.254005432128906,28.14461326599121,28.237401962280273,0.0783110037446022,0.8910099267959595,0.014628378674387932,0.01605069264769554,,0
1119001.png,/home/ubuntu/SCB-05-Dataset/5k_HRW_Dataset_combined/images/val/1119001.png,3,3,26.577823638916016,26.41193199157715,25.558149337768555,28.55367660522461,0.10615012794733047,0.08992381393909454,0.038289669901132584,0.7656363844871521,,0
1119011.png,/home/ubuntu/SCB-05-Dataset/5k_HRW_Dataset_combined/images/val/1119011.png,3,3,27.911954879760742,28.83659553527832,25.89214515686035,29.651403427124023,0.10697652399539948,0.2696837782859802,0.014193722046911716,0.609145998954773,,0
1119015.png,/home/ubuntu/SCB-05-Dataset/5k_HRW_Dataset_combined/images/val/1119015.png,3,0,29.02596664428711,28.810962677001953,24.778047561645508,25.865522384643555,0.5366997718811035,0.4328688979148865,0.0076715582981705666,0.02275977097451687,,0
1119018.png,/home/ubuntu/SCB-05-Dataset/5k_HRW_Dataset_combined/images/val/1119018.png,3,1,27.8232421875,28.724960327148438,25.25737953186035,25.610029220581055,0.2739700376987457,0.6750162839889526,0.021055378019809723,0.02995827980339527,,0
1119023.png,/home/ubuntu/SCB-05-Dataset/5k_HRW_Dataset_combined/images/val/1119023.png,3,1,31.29331398010254,31.585205078125,27.358489990234375,28.78386688232422,0.4098663628101349,0.5487935543060303,0.00801253505051136,0.03332754224538803,,0
1119033.png,/home/ubuntu/SCB-05-Dataset/5k_HRW_Dataset_combined/images/val/1119033.png,3,0,28.07927703857422,25.935251235961914,24.495223999023438,25.51226043701172,0.8185253739356995,0.09591655433177948,0.022724676877260208,0.06283345818519592,,0
1119041.png,/home/ubuntu/SCB-05-Dataset/5k_HRW_Dataset_combined/images/val/1119041.png,3,3,27.183252334594727,27.42329216003418,25.012374877929688,27.737987518310547,0.2423151731491089,0.30805522203445435,0.02764270268380642,0.4219869375228882,,0
1119057.png,/home/ubuntu/SCB-05-Dataset/5k_HRW_Dataset_combined/images/val/1119057.png,3,1,29.49612045288086,29.638200759887695,26.6489200592041,28.348529815673828,0.395557701587677,0.4559471607208252,0.022944912314414978,0.12555024027824402,,0
1119058.png,/home/ubuntu/SCB-05-Dataset/5k_HRW_Dataset_combined/images/val/1119058.png,3,1,29.59505844116211,29.764982223510742,28.282987594604492,29.133790969848633,0.32415327429771423,0.3841911554336548,0.08728212118148804,0.20437346398830414,,0
1119059.png,/home/ubuntu/SCB-05-Dataset/5k_HRW_Dataset_combined/images/val/1119059.png,3,1,25.161418914794922,26.72498893737793,24.67603302001953,26.03401756286621,0.11383788287639618,0.5436716079711914,0.07006262242794037,0.27242791652679443,,0
1120017.png,/home/ubuntu/SCB-05-Dataset/5k_HRW_Dataset_combined/images/val/1120017.png,3,0,31.350221633911133,30.423629760742188,29.630582809448242,31.03191566467285,0.4343271851539612,0.17195044457912445,0.07780139148235321,0.31592097878456116,,0
1120024.png,/home/ubuntu/SCB-05-Dataset/5k_HRW_Dataset_combined/images/val/1120024.png,3,1,25.405906677246094,26.32262420654297,23.736358642578125,24.064186096191406,0.25311359763145447,0.6330541372299194,0.0476694293320179,0.06616276502609253,,0
1120028.png,/home/ubuntu/SCB-05-Dataset/5k_HRW_Dataset_combined/images/val/1120028.png,3,3,26.417484283447266,26.849884033203125,24.703819274902344,28.483745574951172,0.09419384598731995,0.14514808356761932,0.01697411946952343,0.743683934211731,,0
1120037.png,/home/ubuntu/SCB-05-Dataset/5k_HRW_Dataset_combined/images/val/1120037.png,3,1,27.246505737304688,27.6456241607666,24.373058319091797,26.273778915405273,0.34187278151512146,0.5095648169517517,0.019317111000418663,0.12924526631832123,,0
1120041.png,/home/ubuntu/SCB-05-Dataset/5k_HRW_Dataset_combined/images/val/1120041.png,3,3,26.987934112548828,27.166736602783203,25.651222229003906,27.693008422851562,0.2230902910232544,0.2667679488658905,0.058607615530490875,0.45153412222862244,,0
1120061.png,/home/ubuntu/SCB-05-Dataset/5k_HRW_Dataset_combined/images/val/1120061.png,3,3,27.77864646911621,28.236299514770508,27.461135864257812,29.82657814025879,0.09041451662778854,0.14288753271102905,0.06581806391477585,0.7008799314498901,,0
1120063.png,/home/ubuntu/SCB-05-Dataset/5k_HRW_Dataset_combined/images/val/1120063.png,3,3,29.53892707824707,29.099905014038086,25.456714630126953,30.511320114135742,0.2322448194026947,0.1497204750776291,0.003917993046343327,0.6141167879104614,,0
1120064.png,/home/ubuntu/SCB-05-Dataset/5k_HRW_Dataset_combined/images/val/1120064.png,3,3,28.182769775390625,29.603708267211914,25.130292892456055,30.231225967407227,0.07725488394498825,0.3199128806591034,0.0036496573593467474,0.5991826057434082,,0
1121005.png,/home/ubuntu/SCB-05-Dataset/5k_HRW_Dataset_combined/images/val/1121005.png,3,1,28.24161720275879,28.62887954711914,25.217321395874023,27.938682556152344,0.30673131346702576,0.4517977237701416,0.014904698356986046,0.22656628489494324,,0
1121006.png,/home/ubuntu/SCB-05-Dataset/5k_HRW_Dataset_combined/images/val/1121006.png,3,3,29.22608184814453,29.468425750732422,26.825937271118164,31.65275764465332,0.07306671142578125,0.09310396760702133,0.006627504248172045,0.827201783657074,,0
1121009.png,/home/ubuntu/SCB-05-Dataset/5k_HRW_Dataset_combined/images/val/1121009.png,3,1,28.380573272705078,29.242462158203125,25.033348083496094,26.634252548217773,0.2795462906360626,0.6618618369102478,0.009834952652454376,0.0487569235265255,,0
1121020.png,/home/ubuntu/SCB-05-Dataset/5k_HRW_Dataset_combined/images/val/1121020.png,3,3,28.685670852661133,29.79845428466797,26.546424865722656,30.260658264160156,0.1112193688750267,0.3384200632572174,0.013095367699861526,0.5372652411460876,,0
1121013.png,/home/ubuntu/SCB-05-Dataset/5k_HRW_Dataset_combined/images/val/1121013.png,3,1,27.05887794494629,27.97698974609375,23.33371925354004,25.83460807800293,0.26159945130348206,0.655190646648407,0.006306972820311785,0.07690297812223434,,0
1121022.png,/home/ubuntu/SCB-05-Dataset/5k_HRW_Dataset_combined/images/val/1121022.png,3,1,30.761709213256836,30.849964141845703,25.896686553955078,30.53971290588379,0.3447210192680359,0.37652722001075745,0.002658369019627571,0.27609339356422424,,0
1121029.png,/home/ubuntu/SCB-05-Dataset/5k_HRW_Dataset_combined/images/val/1121029.png,3,3,26.71663475036621,28.323772430419922,26.891529083251953,29.152423858642578,0.05375054478645325,0.2681352496147156,0.06402336806058884,0.6140908598899841,,0
1128007.png,/home/ubuntu/SCB-05-Dataset/5k_HRW_Dataset_combined/images/val/1128007.png,3,1,29.506925582885742,29.699729919433594,28.268831253051758,27.629392623901367,0.3765700161457062,0.4566459059715271,0.10918128490447998,0.057602789252996445,,0
1128023.png,/home/ubuntu/SCB-05-Dataset/5k_HRW_Dataset_combined/images/val/1128023.png,3,1,27.32274627685547,28.433626174926758,27.598159790039062,27.748023986816406,0.14526183903217316,0.441164493560791,0.1913207769393921,0.22225286066532135,,0
1128032.png,/home/ubuntu/SCB-05-Dataset/5k_HRW_Dataset_combined/images/val/1128032.png,3,3,27.286359786987305,27.28368377685547,25.60929298400879,29.968833923339844,0.0595044270157814,0.05934540554881096,0.011122654192149639,0.8700275421142578,,0
1128026.png,/home/ubuntu/SCB-05-Dataset/5k_HRW_Dataset_combined/images/val/1128026.png,3,3,30.270689010620117,29.864055633544922,28.847137451171875,31.06273651123047,0.24303357303142548,0.16183321177959442,0.058536361902952194,0.5365968346595764,,0
1130002.png,/home/ubuntu/SCB-05-Dataset/5k_HRW_Dataset_combined/images/val/1130002.png,3,1,27.672832489013672,28.655195236206055,26.261476516723633,27.120065689086914,0.22272075712680817,0.594833493232727,0.054302092641592026,0.12814366817474365,,0
1130014.png,/home/ubuntu/SCB-05-Dataset/5k_HRW_Dataset_combined/images/val/1130014.png,3,1,27.443504333496094,28.79582977294922,25.269460678100586,27.040353775024414,0.1770433485507965,0.684521496295929,0.02013281360268593,0.11830238997936249,,0
1130021.png,/home/ubuntu/SCB-05-Dataset/5k_HRW_Dataset_combined/images/val/1130021.png,3,1,27.73858642578125,29.182846069335938,27.035213470458984,27.94775390625,0.14354869723320007,0.6084616780281067,0.07104413956403732,0.17694547772407532,,0
1130030.png,/home/ubuntu/SCB-05-Dataset/5k_HRW_Dataset_combined/images/val/1130030.png,2,0,31.02017593383789,29.310543060302734,28.653732299804688,29.35170555114746,0.6833956837654114,0.12364828586578369,0.06411192566156387,0.12884415686130524,,0
1130060.png,/home/ubuntu/SCB-05-Dataset/5k_HRW_Dataset_combined/images/val/1130060.png,3,1,29.974117279052734,31.199962615966797,28.530508041381836,28.971633911132812,0.19959735870361328,0.6800371408462524,0.04711977764964104,0.07324563711881638,,0
1180028.png,/home/ubuntu/SCB-05-Dataset/5k_HRW_Dataset_combined/images/val/1180028.png,3,0,30.16851234436035,30.13860321044922,28.105091094970703,29.086273193359375,0.41044360399246216,0.3983493447303772,0.05213399976491928,0.13907305896282196,,0
1180030.png,/home/ubuntu/SCB-05-Dataset/5k_HRW_Dataset_combined/images/val/1180030.png,3,3,29.533082962036133,29.67893409729004,26.59963607788086,31.19194221496582,0.13398446142673492,0.1550232321023941,0.007129755802452564,0.7038625478744507,,0
1180036.png,/home/ubuntu/SCB-05-Dataset/5k_HRW_Dataset_combined/images/val/1180036.png,3,1,26.869626998901367,28.718313217163086,26.659128189086914,27.915828704833984,0.09083916246891022,0.5769621729850769,0.07359608262777328,0.2586025297641754,,0
1180032.png,/home/ubuntu/SCB-05-Dataset/5k_HRW_Dataset_combined/images/val/1180032.png,3,3,28.499948501586914,28.831478118896484,26.315078735351562,30.55029296875,0.0973125547170639,0.1355658620595932,0.010946921072900295,0.7561746835708618,,0
1180037.png,/home/ubuntu/SCB-05-Dataset/5k_HRW_Dataset_combined/images/val/1180037.png,3,3,26.653898239135742,26.878517150878906,23.53006935119629,27.790618896484375,0.18476209044456482,0.23129361867904663,0.008127393200993538,0.5758168697357178,,0
1180042.png,/home/ubuntu/SCB-05-Dataset/5k_HRW_Dataset_combined/images/val/1180042.png,3,3,24.378610610961914,25.60006332397461,22.75014877319336,25.873929977416992,0.11050818115472794,0.3748561441898346,0.021685151383280754,0.49295058846473694,,0
1180047.png,/home/ubuntu/SCB-05-Dataset/5k_HRW_Dataset_combined/images/val/1180047.png,3,3,28.210603713989258,27.305442810058594,25.191997528076172,28.397029876708984,0.37618282437324524,0.1521572321653366,0.01838378608226776,0.453276127576828,,0
1180048.png,/home/ubuntu/SCB-05-Dataset/5k_HRW_Dataset_combined/images/val/1180048.png,3,1,27.945140838623047,29.612886428833008,27.114755630493164,28.514284133911133,0.11760777235031128,0.6233453750610352,0.05126303806900978,0.20778386294841766,,0
1243003.png,/home/ubuntu/SCB-05-Dataset/5k_HRW_Dataset_combined/images/val/1243003.png,3,3,27.395721435546875,27.585803985595703,24.328563690185547,28.759029388427734,0.16220584511756897,0.19616355001926422,0.007551215589046478,0.6340793967247009,,0
1243008.png,/home/ubuntu/SCB-05-Dataset/5k_HRW_Dataset_combined/images/val/1243008.png,3,3,29.604001998901367,29.270755767822266,27.13076400756836,30.792390823364258,0.19674603641033173,0.14098697900772095,0.016587937250733376,0.6456790566444397,,0
1243010.png,/home/ubuntu/SCB-05-Dataset/5k_HRW_Dataset_combined/images/val/1243010.png,2,0,30.511688232421875,27.614843368530273,27.269527435302734,29.92720603942871,0.60544753074646,0.03341894969344139,0.023660501465201378,0.3374730348587036,,0
1243011.png,/home/ubuntu/SCB-05-Dataset/5k_HRW_Dataset_combined/images/val/1243011.png,3,1,29.009428024291992,29.316162109375,27.43574333190918,28.884851455688477,0.2899281680583954,0.3940064311027527,0.060096316039562225,0.2559690475463867,,0
1243012.png,/home/ubuntu/SCB-05-Dataset/5k_HRW_Dataset_combined/images/val/1243012.png,3,3,28.61768913269043,30.085479736328125,27.848264694213867,31.481760025024414,0.04285285249352455,0.18596579134464264,0.019852852448821068,0.7513285279273987,,0
1243015.png,/home/ubuntu/SCB-05-Dataset/5k_HRW_Dataset_combined/images/val/1243015.png,3,3,28.124073028564453,28.79236602783203,29.232805252075195,33.476341247558594,0.0046068523079156876,0.008987528271973133,0.013961130753159523,0.9724445343017578,,0
1243021.png,/home/ubuntu/SCB-05-Dataset/5k_HRW_Dataset_combined/images/val/1243021.png,3,3,27.832138061523438,27.946060180664062,27.48968505859375,30.257869720458984,0.07071538269519806,0.07924825698137283,0.05020979791879654,0.7998265624046326,,0
1243028.png,/home/ubuntu/SCB-05-Dataset/5k_HRW_Dataset_combined/images/val/1243028.png,3,0,29.574275970458984,28.38237953186035,26.635860443115234,28.903934478759766,0.5352951288223267,0.16253963112831116,0.028343642130494118,0.2738215923309326,,0
1243032.png,/home/ubuntu/SCB-05-Dataset/5k_HRW_Dataset_combined/images/val/1243032.png,3,0,30.7027587890625,30.429468154907227,27.763694763183594,30.701404571533203,0.3555639386177063,0.2705385088920593,0.018814748153090477,0.35508275032043457,,0
1246027.png,/home/ubuntu/SCB-05-Dataset/5k_HRW_Dataset_combined/images/val/1246027.png,3,3,28.996191024780273,29.463560104370117,25.839454650878906,30.405521392822266,0.14855380356311798,0.23706071078777313,0.006323107518255711,0.6080624461174011,,0
1246029.png,/home/ubuntu/SCB-05-Dataset/5k_HRW_Dataset_combined/images/val/1246029.png,3,3,26.955202102661133,28.593969345092773,27.232568740844727,29.044580459594727,0.06431546807289124,0.3311486542224884,0.08487392216920853,0.5196619629859924,,0
1246034.png,/home/ubuntu/SCB-05-Dataset/5k_HRW_Dataset_combined/images/val/1246034.png,3,1,27.976736068725586,28.35740089416504,24.694721221923828,27.893585205078125,0.29231032729148865,0.4277251362800598,0.010976987890899181,0.2689875364303589,,0
1246039.png,/home/ubuntu/SCB-05-Dataset/5k_HRW_Dataset_combined/images/val/1246039.png,3,1,28.09945297241211,28.8114013671875,26.353925704956055,27.612770080566406,0.26128944754600525,0.532496988773346,0.04560884088277817,0.16060468554496765,,0
1246048.png,/home/ubuntu/SCB-05-Dataset/5k_HRW_Dataset_combined/images/val/1246048.png,3,0,28.559011459350586,28.331256866455078,25.791162490844727,27.513551712036133,0.45235633850097656,0.3602202236652374,0.028406593948602676,0.15901689231395721,,0
1246040.png,/home/ubuntu/SCB-05-Dataset/5k_HRW_Dataset_combined/images/val/1246040.png,2,0,30.522218704223633,29.071823120117188,24.683612823486328,26.00543212890625,0.8010801672935486,0.18783529102802277,0.0023334668949246407,0.008751057088375092,,0
1246050.png,/home/ubuntu/SCB-05-Dataset/5k_HRW_Dataset_combined/images/val/1246050.png,3,3,28.430574417114258,30.112058639526367,26.837453842163086,30.194591522216797,0.08056297898292542,0.43290722370147705,0.01637766696512699,0.4701521396636963,,0
1249003.png,/home/ubuntu/SCB-05-Dataset/5k_HRW_Dataset_combined/images/val/1249003.png,3,3,29.499143600463867,30.04971694946289,26.905345916748047,30.8662109375,0.1485264152288437,0.257581502199173,0.011100221425294876,0.5827918648719788,,0
1249010.png,/home/ubuntu/SCB-05-Dataset/5k_HRW_Dataset_combined/images/val/1249010.png,3,3,27.29906463623047,28.1336669921875,25.109159469604492,29.707008361816406,0.0688377320766449,0.15859510004520416,0.007704826537519693,0.7648622989654541,,0
1249012.png,/home/ubuntu/SCB-05-Dataset/5k_HRW_Dataset_combined/images/val/1249012.png,2,1,30.74651336669922,31.80682373046875,27.769929885864258,29.887744903564453,0.22925697267055511,0.6619260907173157,0.011684463359415531,0.09713240712881088,,0
1249022.png,/home/ubuntu/SCB-05-Dataset/5k_HRW_Dataset_combined/images/val/1249022.png,3,1,29.407819747924805,30.550146102905273,27.833499908447266,29.3558292388916,0.18901672959327698,0.5923880338668823,0.03915451094508171,0.17944073677062988,,0
1249023.png,/home/ubuntu/SCB-05-Dataset/5k_HRW_Dataset_combined/images/val/1249023.png,3,1,29.955881118774414,30.301868438720703,27.352294921875,28.363059997558594,0.3716444671154022,0.5252766609191895,0.027504554018378258,0.07557432353496552,,0
1249042.png,/home/ubuntu/SCB-05-Dataset/5k_HRW_Dataset_combined/images/val/1249042.png,3,3,27.935304641723633,28.848535537719727,26.8643798828125,30.709875106811523,0.05033525452017784,0.12545368075370789,0.017249461263418198,0.8069616556167603,,0
1249043.png,/home/ubuntu/SCB-05-Dataset/5k_HRW_Dataset_combined/images/val/1249043.png,3,3,28.80469512939453,29.09459686279297,27.418363571166992,29.98598289489746,0.17109063267707825,0.2286277711391449,0.04277107119560242,0.557510495185852,,0
1249052.png,/home/ubuntu/SCB-05-Dataset/5k_HRW_Dataset_combined/images/val/1249052.png,3,1,29.169384002685547,30.755674362182617,28.74341583251953,30.483692169189453,0.09745730459690094,0.47613659501075745,0.06365298479795456,0.36275315284729004,,0
1249063.png,/home/ubuntu/SCB-05-Dataset/5k_HRW_Dataset_combined/images/val/1249063.png,3,3,27.862812042236328,26.67083168029785,25.203264236450195,28.58951759338379,0.29054102301597595,0.08821388334035873,0.02033201791346073,0.6009130477905273,,0
1249054.png,/home/ubuntu/SCB-05-Dataset/5k_HRW_Dataset_combined/images/val/1249054.png,3,1,28.53150749206543,29.695585250854492,28.196447372436523,28.066131591796875,0.1803048849105835,0.5775107145309448,0.12897120416164398,0.11321325600147247,,0
1249068.png,/home/ubuntu/SCB-05-Dataset/5k_HRW_Dataset_combined/images/val/1249068.png,3,3,28.49215316772461,29.864364624023438,28.701984405517578,29.901296615600586,0.0973711609840393,0.38403797149658203,0.12010437995195389,0.3984864354133606,,0
1252006.png,/home/ubuntu/SCB-05-Dataset/5k_HRW_Dataset_combined/images/val/1252006.png,3,1,30.303442001342773,30.42518424987793,28.28489875793457,28.90877342224121,0.3983703553676605,0.44994455575942993,0.0529230497777462,0.09876206517219543,,0
1252007.png,/home/ubuntu/SCB-05-Dataset/5k_HRW_Dataset_combined/images/val/1252007.png,2,1,29.92447280883789,30.906227111816406,28.17564582824707,28.584951400756836,0.24360041320323944,0.6502022743225098,0.04238108918070793,0.06381624191999435,,0
1252035.png,/home/ubuntu/SCB-05-Dataset/5k_HRW_Dataset_combined/images/val/1252035.png,3,0,30.864727020263672,30.288631439208984,27.951570510864258,30.717288970947266,0.4033382534980774,0.22671188414096832,0.0219029001891613,0.34804701805114746,,0
1252031.png,/home/ubuntu/SCB-05-Dataset/5k_HRW_Dataset_combined/images/val/1252031.png,3,0,30.62945556640625,30.33052635192871,27.337697982788086,28.042156219482422,0.5393675565719604,0.4000014066696167,0.02005823515355587,0.04057280346751213,,0
1253001.png,/home/ubuntu/SCB-05-Dataset/5k_HRW_Dataset_combined/images/val/1253001.png,3,1,29.090166091918945,29.484622955322266,27.468338012695312,28.025779724121094,0.3304632604122162,0.4902680516242981,0.0652788057923317,0.11398981511592865,,0
1253034.png,/home/ubuntu/SCB-05-Dataset/5k_HRW_Dataset_combined/images/val/1253034.png,3,1,26.976398468017578,28.10150718688965,25.579547882080078,25.687105178833008,0.21723110973834991,0.6691917181015015,0.05373751372098923,0.059839654713869095,,0
1253044.png,/home/ubuntu/SCB-05-Dataset/5k_HRW_Dataset_combined/images/val/1253044.png,3,3,28.486347198486328,29.73884391784668,28.70808219909668,31.110631942749023,0.05117179825901985,0.17905360460281372,0.06387472152709961,0.7058998346328735,,0
1253052.png,/home/ubuntu/SCB-05-Dataset/5k_HRW_Dataset_combined/images/val/1253052.png,3,1,26.317447662353516,28.064882278442383,24.741336822509766,27.92633819580078,0.0837247371673584,0.48056820034980774,0.017312411218881607,0.41839462518692017,,0
1254012.png,/home/ubuntu/SCB-05-Dataset/5k_HRW_Dataset_combined/images/val/1254012.png,3,3,31.456762313842773,29.37568473815918,27.5604190826416,31.677078247070312,0.4181332290172577,0.05218121409416199,0.008494822308421135,0.5211907029151917,,0
1254013.png,/home/ubuntu/SCB-05-Dataset/5k_HRW_Dataset_combined/images/val/1254013.png,3,0,31.42104721069336,29.91133689880371,27.658451080322266,31.074983596801758,0.5123830437660217,0.11322332173585892,0.011899261735379696,0.3624943494796753,,0
1254015.png,/home/ubuntu/SCB-05-Dataset/5k_HRW_Dataset_combined/images/val/1254015.png,3,0,29.72225570678711,27.9541015625,26.997896194458008,29.1258487701416,0.5595898628234863,0.09549272060394287,0.03670249134302139,0.30821487307548523,,0
1254016.png,/home/ubuntu/SCB-05-Dataset/5k_HRW_Dataset_combined/images/val/1254016.png,3,1,28.339540481567383,29.393428802490234,25.648693084716797,26.567914962768555,0.24350665509700775,0.6985680460929871,0.01651545986533165,0.041409850120544434,,0
1254026.png,/home/ubuntu/SCB-05-Dataset/5k_HRW_Dataset_combined/images/val/1254026.png,3,3,27.346351623535156,28.585620880126953,24.999797821044922,28.78304100036621,0.1142134815454483,0.39438939094543457,0.010930046439170837,0.4804671108722687,,0
1254022.png,/home/ubuntu/SCB-05-Dataset/5k_HRW_Dataset_combined/images/val/1254022.png,3,1,27.142303466796875,27.392810821533203,25.788963317871094,27.366357803344727,0.2635607421398163,0.3385904133319855,0.06809771060943604,0.3297511041164398,,0
1254032.png,/home/ubuntu/SCB-05-Dataset/5k_HRW_Dataset_combined/images/val/1254032.png,3,0,31.115764617919922,31.060335159301758,28.42557144165039,30.645584106445312,0.3789549767971039,0.3585212528705597,0.025718852877616882,0.23680497705936432,,0
1255004.png,/home/ubuntu/SCB-05-Dataset/5k_HRW_Dataset_combined/images/val/1255004.png,3,3,26.996719360351562,28.415512084960938,25.046253204345703,29.03520393371582,0.07720040529966354,0.31900203227996826,0.010978496633470058,0.592819094657898,,0
1255007.png,/home/ubuntu/SCB-05-Dataset/5k_HRW_Dataset_combined/images/val/1255007.png,2,0,29.9647216796875,29.426204681396484,27.058399200439453,28.161319732666016,0.5546228289604187,0.3236851692199707,0.030324801802635193,0.09136718511581421,,0
1255009.png,/home/ubuntu/SCB-05-Dataset/5k_HRW_Dataset_combined/images/val/1255009.png,2,1,30.65576171875,30.788951873779297,27.29172134399414,30.76036834716797,0.30419766902923584,0.3475358784198761,0.010523778386414051,0.3377426862716675,,0
1256001.png,/home/ubuntu/SCB-05-Dataset/5k_HRW_Dataset_combined/images/val/1256001.png,2,3,28.597944259643555,29.337364196777344,25.934833526611328,30.38738441467285,0.10928303748369217,0.22891737520694733,0.007620412856340408,0.6541792154312134,,0
1256028.png,/home/ubuntu/SCB-05-Dataset/5k_HRW_Dataset_combined/images/val/1256028.png,2,0,30.92237663269043,30.541526794433594,26.241979598999023,26.12856674194336,0.5879459381103516,0.4017319977283478,0.005453393328934908,0.0048686908558011055,,0
1256039.png,/home/ubuntu/SCB-05-Dataset/5k_HRW_Dataset_combined/images/val/1256039.png,3,3,30.36952018737793,29.745447158813477,27.473243713378906,31.07377815246582,0.27675288915634155,0.14827251434326172,0.015284642577171326,0.5596899390220642,,0
1256044.png,/home/ubuntu/SCB-05-Dataset/5k_HRW_Dataset_combined/images/val/1256044.png,3,3,30.31257438659668,31.32859230041504,28.701908111572266,33.71593475341797,0.02938852459192276,0.08117620646953583,0.005870488937944174,0.8835647702217102,,0
1256057.png,/home/ubuntu/SCB-05-Dataset/5k_HRW_Dataset_combined/images/val/1256057.png,3,3,28.368494033813477,29.33130645751953,28.349119186401367,31.8521671295166,0.026896877214312553,0.07044433057308197,0.02638077177107334,0.8762779831886292,,0
1256058.png,/home/ubuntu/SCB-05-Dataset/5k_HRW_Dataset_combined/images/val/1256058.png,3,3,27.338577270507812,27.87869644165039,24.954442977905273,30.53765869140625,0.036605384200811386,0.06282258033752441,0.0033738722559064627,0.8971982598304749,,0
1257001.png,/home/ubuntu/SCB-05-Dataset/5k_HRW_Dataset_combined/images/val/1257001.png,3,3,24.536266326904297,24.251739501953125,21.689289093017578,24.905841827392578,0.30698296427726746,0.2309648096561432,0.01781097799539566,0.4442412257194519,,0
1257004.png,/home/ubuntu/SCB-05-Dataset/5k_HRW_Dataset_combined/images/val/1257004.png,3,3,29.461463928222656,29.78885269165039,27.87574577331543,30.188980102539062,0.21449679136276245,0.29758012294769287,0.0439290888607502,0.4439939558506012,,0
1257006.png,/home/ubuntu/SCB-05-Dataset/5k_HRW_Dataset_combined/images/val/1257006.png,2,0,30.830883026123047,30.32117462158203,26.849931716918945,29.804054260253906,0.5056942701339722,0.3037557303905487,0.009440234862267971,0.18110981583595276,,0
1257011.png,/home/ubuntu/SCB-05-Dataset/5k_HRW_Dataset_combined/images/val/1257011.png,3,0,30.403194427490234,30.33094024658203,29.139896392822266,28.607505798339844,0.42033979296684265,0.39103975892066956,0.11883849650621414,0.06978191435337067,,0
1257016.png,/home/ubuntu/SCB-05-Dataset/5k_HRW_Dataset_combined/images/val/1257016.png,3,3,26.88431739807129,27.212106704711914,25.4946231842041,29.836029052734375,0.04592268168926239,0.06373593211174011,0.011441703885793686,0.8788996934890747,,0
1257020.png,/home/ubuntu/SCB-05-Dataset/5k_HRW_Dataset_combined/images/val/1257020.png,3,3,25.935375213623047,26.538742065429688,26.289772033691406,28.595548629760742,0.05390151962637901,0.09854621440172195,0.07682695239782333,0.7707253694534302,,0
1257022.png,/home/ubuntu/SCB-05-Dataset/5k_HRW_Dataset_combined/images/val/1257022.png,2,3,25.105880737304688,26.03818702697754,23.578203201293945,27.37023162841797,0.07472571730613708,0.18983030319213867,0.016218405216932297,0.7192256450653076,,0
1257028.png,/home/ubuntu/SCB-05-Dataset/5k_HRW_Dataset_combined/images/val/1257028.png,3,3,28.757450103759766,27.865102767944336,24.79876136779785,29.528141021728516,0.2785484194755554,0.11411931365728378,0.005316967144608498,0.6020152568817139,,0
1257033.png,/home/ubuntu/SCB-05-Dataset/5k_HRW_Dataset_combined/images/val/1257033.png,3,1,29.69435691833496,30.06121253967285,26.888900756835938,29.280948638916016,0.3159496784210205,0.4559752643108368,0.019108375534415245,0.20896665751934052,,0
1257031.png,/home/ubuntu/SCB-05-Dataset/5k_HRW_Dataset_combined/images/val/1257031.png,3,3,28.908035278320312,28.531827926635742,26.961698532104492,28.98147964477539,0.3441789746284485,0.23626510798931122,0.049147460609674454,0.37040841579437256,,0
1257034.png,/home/ubuntu/SCB-05-Dataset/5k_HRW_Dataset_combined/images/val/1257034.png,3,3,29.1012020111084,29.042280197143555,26.154199600219727,29.31916046142578,0.30875512957572937,0.2910883128643036,0.016208667308092117,0.3839479386806488,,0
1262004.png,/home/ubuntu/SCB-05-Dataset/5k_HRW_Dataset_combined/images/val/1262004.png,3,3,30.648130416870117,30.334386825561523,27.7977352142334,30.768674850463867,0.3428604304790497,0.25053030252456665,0.019824692979454994,0.3867845833301544,,0
1262011.png,/home/ubuntu/SCB-05-Dataset/5k_HRW_Dataset_combined/images/val/1262011.png,3,1,25.45977783203125,26.99191665649414,23.316654205322266,24.684053421020508,0.16114158928394318,0.7457736134529114,0.018899958580732346,0.07418476790189743,,0
1262012.png,/home/ubuntu/SCB-05-Dataset/5k_HRW_Dataset_combined/images/val/1262012.png,3,1,28.384511947631836,29.36945343017578,25.68398094177246,28.077516555786133,0.22319042682647705,0.5976269841194153,0.014991664327681065,0.16419091820716858,,0
1262013.png,/home/ubuntu/SCB-05-Dataset/5k_HRW_Dataset_combined/images/val/1262013.png,3,0,29.572242736816406,29.4739990234375,25.129974365234375,28.407958984375,0.44836145639419556,0.40640735626220703,0.005276861134916544,0.1399543136358261,,0
1262031.png,/home/ubuntu/SCB-05-Dataset/5k_HRW_Dataset_combined/images/val/1262031.png,2,1,26.378944396972656,26.885509490966797,25.22856903076172,26.344585418701172,0.2536575198173523,0.42096516489982605,0.0802871510386467,0.24509015679359436,,0
1262025.png,/home/ubuntu/SCB-05-Dataset/5k_HRW_Dataset_combined/images/val/1262025.png,2,1,30.539461135864258,31.401824951171875,27.922075271606445,26.806032180786133,0.28854554891586304,0.6834931969642639,0.02106192708015442,0.00689932843670249,,0
1265001.png,/home/ubuntu/SCB-05-Dataset/5k_HRW_Dataset_combined/images/val/1265001.png,3,1,25.4030704498291,25.65138053894043,22.445003509521484,25.412193298339844,0.29913777112960815,0.3834519386291504,0.015530988574028015,0.30187922716140747,,0
1265003.png,/home/ubuntu/SCB-05-Dataset/5k_HRW_Dataset_combined/images/val/1265003.png,2,1,29.910602569580078,30.27840232849121,25.792133331298828,25.651437759399414,0.40404754877090454,0.5836679935455322,0.0065736109390854836,0.005710848607122898,,0
1265019.png,/home/ubuntu/SCB-05-Dataset/5k_HRW_Dataset_combined/images/val/1265019.png,3,3,27.80377960205078,28.343551635742188,27.5634765625,28.983184814453125,0.1480506807565689,0.2539980709552765,0.11642549186944962,0.48152580857276917,,0
1265033.png,/home/ubuntu/SCB-05-Dataset/5k_HRW_Dataset_combined/images/val/1265033.png,3,3,26.575305938720703,27.03535270690918,24.4499568939209,27.59503936767578,0.1826152354478836,0.28928953409194946,0.021802665665745735,0.5062925815582275,,0
1265043.png,/home/ubuntu/SCB-05-Dataset/5k_HRW_Dataset_combined/images/val/1265043.png,3,1,28.36522102355957,30.24149513244629,26.70475196838379,26.99298858642578,0.12542766332626343,0.8189338445663452,0.023837504908442497,0.03180096670985222,,0
1265052.png,/home/ubuntu/SCB-05-Dataset/5k_HRW_Dataset_combined/images/val/1265052.png,3,3,27.638744354248047,28.683563232421875,25.516355514526367,32.63094711303711,0.00661274790763855,0.018799269571900368,0.0007918450282886624,0.9737961292266846,,0
1265054.png,/home/ubuntu/SCB-05-Dataset/5k_HRW_Dataset_combined/images/val/1265054.png,3,3,24.138957977294922,23.53290367126465,23.75478172302246,28.076658248901367,0.01868216134607792,0.01019110158085823,0.012722766026854515,0.9584040641784668,,0
1265055.png,/home/ubuntu/SCB-05-Dataset/5k_HRW_Dataset_combined/images/val/1265055.png,3,1,30.18537712097168,30.241008758544922,28.535568237304688,29.33878517150879,0.37338942289352417,0.39475035667419434,0.07172311842441559,0.16013705730438232,,0
1265066.png,/home/ubuntu/SCB-05-Dataset/5k_HRW_Dataset_combined/images/val/1265066.png,3,3,24.75751495361328,23.806827545166016,23.46251678466797,25.62699317932129,0.2471553087234497,0.09551940113306046,0.06769543141126633,0.5896298885345459,,0
1265058.png,/home/ubuntu/SCB-05-Dataset/5k_HRW_Dataset_combined/images/val/1265058.png,3,0,30.892780303955078,30.736831665039062,29.155031204223633,30.17526626586914,0.39690685272216797,0.3395947515964508,0.06982223689556122,0.1936761736869812,,0
1265067.png,/home/ubuntu/SCB-05-Dataset/5k_HRW_Dataset_combined/images/val/1265067.png,3,3,24.92986297607422,24.315134048461914,23.699771881103516,25.843746185302734,0.231104776263237,0.12497856467962265,0.06754405051469803,0.5763726234436035,,0
1265069.png,/home/ubuntu/SCB-05-Dataset/5k_HRW_Dataset_combined/images/val/1265069.png,3,0,30.363189697265625,30.35032081604004,26.547565460205078,27.969554901123047,0.47606927156448364,0.4699820280075073,0.010484931990504265,0.0434638075530529,,0
1265070.png,/home/ubuntu/SCB-05-Dataset/5k_HRW_Dataset_combined/images/val/1265070.png,3,1,30.32428550720215,30.66071319580078,26.428359985351562,27.259658813476562,0.4053615629673004,0.5674808621406555,0.008238793350756168,0.018918734043836594,,0
1265071.png,/home/ubuntu/SCB-05-Dataset/5k_HRW_Dataset_combined/images/val/1265071.png,3,1,29.300493240356445,29.55206871032715,26.18158721923828,28.143613815307617,0.37811166048049927,0.4862704575061798,0.016714613884687424,0.118903249502182,,0
1265073.png,/home/ubuntu/SCB-05-Dataset/5k_HRW_Dataset_combined/images/val/1265073.png,3,3,26.05808448791504,28.46480369567871,24.529287338256836,28.76043701171875,0.03672545775771141,0.4075605273246765,0.007961942814290524,0.5477520823478699,,0
1265074.png,/home/ubuntu/SCB-05-Dataset/5k_HRW_Dataset_combined/images/val/1265074.png,2,1,30.27126121520996,30.82756996154785,28.11446762084961,28.44913673400879,0.330950528383255,0.5772512555122375,0.03828948363661766,0.0535087063908577,,0
1265083.png,/home/ubuntu/SCB-05-Dataset/5k_HRW_Dataset_combined/images/val/1265083.png,2,1,28.767379760742188,28.81954574584961,25.59627914428711,27.384571075439453,0.426188200712204,0.4490108788013458,0.01788174733519554,0.10691910237073898,,0
1265099.png,/home/ubuntu/SCB-05-Dataset/5k_HRW_Dataset_combined/images/val/1265099.png,3,3,28.512805938720703,28.73351287841797,26.703298568725586,29.54067039489746,0.19209405779838562,0.2395332306623459,0.031452476978302,0.5369202494621277,,0
1265106.png,/home/ubuntu/SCB-05-Dataset/5k_HRW_Dataset_combined/images/val/1265106.png,3,1,26.873441696166992,27.673620223999023,25.818693161010742,26.923564910888672,0.21618729829788208,0.4812195599079132,0.07529371231794357,0.22729946672916412,,0
1265109.png,/home/ubuntu/SCB-05-Dataset/5k_HRW_Dataset_combined/images/val/1265109.png,3,3,25.342317581176758,25.686750411987305,23.299274444580078,26.28616714477539,0.1956687718629837,0.27612563967704773,0.025365246459841728,0.5028403401374817,,0
1266010.png,/home/ubuntu/SCB-05-Dataset/5k_HRW_Dataset_combined/images/val/1266010.png,3,3,29.481983184814453,29.250743865966797,27.392229080200195,31.283878326416016,0.1253385692834854,0.0994623526930809,0.015506581403315067,0.7596924901008606,,0
1266011.png,/home/ubuntu/SCB-05-Dataset/5k_HRW_Dataset_combined/images/val/1266011.png,3,3,31.549240112304688,31.405550003051758,28.476661682128906,31.808439254760742,0.3116867244243622,0.2699693739414215,0.014431599527597427,0.4039123058319092,,0
1266002.png,/home/ubuntu/SCB-05-Dataset/5k_HRW_Dataset_combined/images/val/1266002.png,3,0,31.19036865234375,31.144481658935547,27.785564422607422,29.41291618347168,0.463514119386673,0.44272544980049133,0.015394843183457851,0.07836554944515228,,0
1266015.png,/home/ubuntu/SCB-05-Dataset/5k_HRW_Dataset_combined/images/val/1266015.png,3,3,31.022146224975586,31.398174285888672,28.76398277282715,31.532508850097656,0.2365785837173462,0.34457385540008545,0.024732466787099838,0.3941150903701782,,0
1266028.png,/home/ubuntu/SCB-05-Dataset/5k_HRW_Dataset_combined/images/val/1266028.png,3,3,25.166202545166016,24.692523956298828,20.215965270996094,25.75741195678711,0.2910394072532654,0.18123237788677216,0.0020610622595995665,0.5256670713424683,,0
1266051.png,/home/ubuntu/SCB-05-Dataset/5k_HRW_Dataset_combined/images/val/1266051.png,2,0,28.12461280822754,28.00537872314453,26.272645950317383,27.973163604736328,0.3443538248538971,0.30564844608306885,0.05403883010149002,0.29595887660980225,,0
1266045.png,/home/ubuntu/SCB-05-Dataset/5k_HRW_Dataset_combined/images/val/1266045.png,3,3,26.03951644897461,26.30613136291504,24.48781967163086,29.124181747436523,0.041021306067705154,0.05355485528707504,0.00869192834943533,0.8967318534851074,,0
1266056.png,/home/ubuntu/SCB-05-Dataset/5k_HRW_Dataset_combined/images/val/1266056.png,3,1,29.201919555664062,29.65180015563965,26.794391632080078,27.15587615966797,0.35875627398490906,0.5625746250152588,0.03230155259370804,0.046367548406124115,,0
1266053.png,/home/ubuntu/SCB-05-Dataset/5k_HRW_Dataset_combined/images/val/1266053.png,3,1,29.459630966186523,29.95690155029297,27.31997299194336,28.393333435058594,0.3219364285469055,0.52933669090271,0.03789033740758896,0.11083655059337616,,0
1267008.png,/home/ubuntu/SCB-05-Dataset/5k_HRW_Dataset_combined/images/val/1267008.png,3,1,28.56803321838379,29.500568389892578,26.818626403808594,27.78465461730957,0.23971161246299744,0.609093427658081,0.04168034717440605,0.10951460897922516,,0
1267014.png,/home/ubuntu/SCB-05-Dataset/5k_HRW_Dataset_combined/images/val/1267014.png,3,3,28.20528793334961,28.124237060546875,26.66524314880371,31.966136932373047,0.0221624206751585,0.020437005907297134,0.004750991705805063,0.9526495337486267,,0
1267002.png,/home/ubuntu/SCB-05-Dataset/5k_HRW_Dataset_combined/images/val/1267002.png,3,3,28.89699935913086,28.759449005126953,29.09066390991211,32.87097930908203,0.01776798442006111,0.015484628267586231,0.02156480774283409,0.9451826214790344,,0
1267010.png,/home/ubuntu/SCB-05-Dataset/5k_HRW_Dataset_combined/images/val/1267010.png,2,1,28.951528549194336,29.975561141967773,26.38426971435547,28.79127311706543,0.21217581629753113,0.5907824635505676,0.016283566132187843,0.18075811862945557,,0
1267059.png,/home/ubuntu/SCB-05-Dataset/5k_HRW_Dataset_combined/images/val/1267059.png,3,3,28.020069122314453,26.755857467651367,26.702747344970703,28.701309204101562,0.2835559844970703,0.08009374886751175,0.07595095038414001,0.5603993535041809,,0
1267080.png,/home/ubuntu/SCB-05-Dataset/5k_HRW_Dataset_combined/images/val/1267080.png,3,3,29.331445693969727,30.03372573852539,27.105167388916016,31.134254455566406,0.10877910256385803,0.21955421566963196,0.011740458197891712,0.659926176071167,,0
1267063.png,/home/ubuntu/SCB-05-Dataset/5k_HRW_Dataset_combined/images/val/1267063.png,3,0,30.440887451171875,29.199254989624023,28.33186912536621,30.092674255371094,0.4725411832332611,0.13652291893959045,0.057346194982528687,0.33358967304229736,,0
1267112.png,/home/ubuntu/SCB-05-Dataset/5k_HRW_Dataset_combined/images/val/1267112.png,3,0,26.21449851989746,25.30590057373047,23.30484962463379,23.37688446044922,0.6595657467842102,0.26586368680000305,0.03594294562935829,0.03862762078642845,,0
1270008.png,/home/ubuntu/SCB-05-Dataset/5k_HRW_Dataset_combined/images/val/1270008.png,3,1,28.996723175048828,30.11563491821289,26.406734466552734,28.50995445251465,0.21047532558441162,0.6443745493888855,0.015790047124028206,0.12936006486415863,,0
1267128.png,/home/ubuntu/SCB-05-Dataset/5k_HRW_Dataset_combined/images/val/1267128.png,2,3,29.571714401245117,30.10903549194336,27.104080200195312,30.53806495666504,0.18434756994247437,0.3154953718185425,0.015629945322871208,0.4845271706581116,,0
1270011.png,/home/ubuntu/SCB-05-Dataset/5k_HRW_Dataset_combined/images/val/1270011.png,3,1,26.208066940307617,28.73207664489746,26.303417205810547,27.275184631347656,0.05719003453850746,0.7136476635932922,0.06291156262159348,0.1662507951259613,,0
1270019.png,/home/ubuntu/SCB-05-Dataset/5k_HRW_Dataset_combined/images/val/1270019.png,3,3,26.918073654174805,27.1065673828125,24.75346565246582,29.97490692138672,0.04240459203720093,0.05120055750012398,0.00486783217638731,0.901526927947998,,0
1270044.png,/home/ubuntu/SCB-05-Dataset/5k_HRW_Dataset_combined/images/val/1270044.png,3,1,28.93905258178711,29.779064178466797,26.365310668945312,28.971940994262695,0.22593362629413605,0.52335125207901,0.01722736842930317,0.23348775506019592,,0
1270048.png,/home/ubuntu/SCB-05-Dataset/5k_HRW_Dataset_combined/images/val/1270048.png,3,1,29.27008056640625,29.57073974609375,26.37425422668457,28.240703582763672,0.3618951141834259,0.4888294041156769,0.01999591663479805,0.12927959859371185,,0
1270049.png,/home/ubuntu/SCB-05-Dataset/5k_HRW_Dataset_combined/images/val/1270049.png,3,1,29.9407958984375,30.139850616455078,26.947111129760742,27.69678497314453,0.42080748081207275,0.513489842414856,0.021083500236272812,0.04461921378970146,,0
1270052.png,/home/ubuntu/SCB-05-Dataset/5k_HRW_Dataset_combined/images/val/1270052.png,3,3,29.426231384277344,29.876062393188477,27.597278594970703,30.65662956237793,0.1625693440437317,0.25491639971733093,0.02610565349459648,0.5564085841178894,,0
1270055.png,/home/ubuntu/SCB-05-Dataset/5k_HRW_Dataset_combined/images/val/1270055.png,2,1,29.05095863342285,30.15245246887207,27.655506134033203,28.293460845947266,0.21163052320480347,0.6367236971855164,0.052425310015678406,0.09922045469284058,,0
1270058.png,/home/ubuntu/SCB-05-Dataset/5k_HRW_Dataset_combined/images/val/1270058.png,3,3,30.171955108642578,30.402978897094727,28.380233764648438,30.426130294799805,0.26910945773124695,0.3390481472015381,0.04485328868031502,0.34698912501335144,,0
1270076.png,/home/ubuntu/SCB-05-Dataset/5k_HRW_Dataset_combined/images/val/1270076.png,3,1,31.168899536132812,31.280305862426758,27.567689895629883,29.814577102661133,0.4161011576652527,0.4651382267475128,0.0113556869328022,0.1074049100279808,,0
1270063.png,/home/ubuntu/SCB-05-Dataset/5k_HRW_Dataset_combined/images/val/1270063.png,3,0,31.986438751220703,31.401527404785156,28.864017486572266,31.00998306274414,0.5055997371673584,0.281697541475296,0.022271860390901566,0.19043093919754028,,0
1270079.png,/home/ubuntu/SCB-05-Dataset/5k_HRW_Dataset_combined/images/val/1270079.png,3,3,30.642518997192383,30.531797409057617,27.710926055908203,31.456979751586914,0.23772971332073212,0.21281278133392334,0.012673857621848583,0.5367836356163025,,0
1270086.png,/home/ubuntu/SCB-05-Dataset/5k_HRW_Dataset_combined/images/val/1270086.png,3,3,29.462718963623047,29.579853057861328,25.058185577392578,29.7797794342041,0.2849345803260803,0.3203434348106384,0.00348241557367146,0.39123955368995667,,0
1270095.png,/home/ubuntu/SCB-05-Dataset/5k_HRW_Dataset_combined/images/val/1270095.png,3,1,27.906551361083984,28.882356643676758,25.91627311706543,27.910106658935547,0.20861487090587616,0.5535184741020203,0.028508765622973442,0.20935788750648499,,0
1274007.png,/home/ubuntu/SCB-05-Dataset/5k_HRW_Dataset_combined/images/val/1274007.png,3,1,29.451412200927734,29.930063247680664,27.99530601501465,29.31492042541504,0.26885682344436646,0.4339069128036499,0.0626819059252739,0.23455433547496796,,0
1270082.png,/home/ubuntu/SCB-05-Dataset/5k_HRW_Dataset_combined/images/val/1270082.png,3,1,28.428632736206055,29.543739318847656,25.530668258666992,29.197900772094727,0.1596624255180359,0.48695334792137146,0.008803041651844978,0.3445811867713928,,0
1274010.png,/home/ubuntu/SCB-05-Dataset/5k_HRW_Dataset_combined/images/val/1274010.png,2,1,29.545310974121094,30.121898651123047,29.37718391418457,29.6790771484375,0.20971719920635223,0.37328705191612244,0.17726272344589233,0.23973308503627777,,0
1274029.png,/home/ubuntu/SCB-05-Dataset/5k_HRW_Dataset_combined/images/val/1274029.png,3,0,28.223773956298828,28.014984130859375,26.79376983642578,27.995628356933594,0.3512614369392395,0.28507179021835327,0.08405965566635132,0.27960702776908875,,0
1274033.png,/home/ubuntu/SCB-05-Dataset/5k_HRW_Dataset_combined/images/val/1274033.png,3,0,27.023223876953125,26.701414108276367,23.97809410095215,25.315956115722656,0.5118265748023987,0.3709903657436371,0.02435789629817009,0.09282518923282623,,0
1274047.png,/home/ubuntu/SCB-05-Dataset/5k_HRW_Dataset_combined/images/val/1274047.png,2,0,29.063133239746094,29.042980194091797,26.073530197143555,28.42864418029785,0.39053916931152344,0.3827474117279053,0.019647009670734406,0.2070663422346115,,0
1274032.png,/home/ubuntu/SCB-05-Dataset/5k_HRW_Dataset_combined/images/val/1274032.png,2,0,26.811351776123047,26.179161071777344,22.006898880004883,23.347105026245117,0.6365712881088257,0.3382907509803772,0.005215545184910297,0.019922500476241112,,0
1274051.png,/home/ubuntu/SCB-05-Dataset/5k_HRW_Dataset_combined/images/val/1274051.png,2,1,30.389314651489258,30.931190490722656,29.24627685546875,30.22189712524414,0.2574715316295624,0.44265252351760864,0.08209452778100967,0.21778137981891632,,0
1276007.png,/home/ubuntu/SCB-05-Dataset/5k_HRW_Dataset_combined/images/val/1276007.png,3,3,30.39334487915039,31.171947479248047,29.78972816467285,31.27497100830078,0.1628643274307251,0.3547878861427307,0.08905915915966034,0.39328858256340027,,0
1276009.png,/home/ubuntu/SCB-05-Dataset/5k_HRW_Dataset_combined/images/val/1276009.png,3,3,30.098018646240234,29.822742462158203,28.213912963867188,31.473859786987305,0.17036554217338562,0.12936916947364807,0.025889581069350243,0.6743757724761963,,0
1276011.png,/home/ubuntu/SCB-05-Dataset/5k_HRW_Dataset_combined/images/val/1276011.png,3,1,29.77820587158203,30.324798583984375,27.80844497680664,30.005062103271484,0.242630273103714,0.41910919547080994,0.03384454920887947,0.3044159412384033,,0
1276018.png,/home/ubuntu/SCB-05-Dataset/5k_HRW_Dataset_combined/images/val/1276018.png,3,1,29.16584587097168,29.714092254638672,28.01564598083496,29.543298721313477,0.22195811569690704,0.38403552770614624,0.07026605308055878,0.32374027371406555,,0
1276030.png,/home/ubuntu/SCB-05-Dataset/5k_HRW_Dataset_combined/images/val/1276030.png,2,1,29.716262817382812,30.780536651611328,27.825153350830078,28.86841583251953,0.2233152985572815,0.6473314762115479,0.03369923681020737,0.09565401077270508,,0
1276028.png,/home/ubuntu/SCB-05-Dataset/5k_HRW_Dataset_combined/images/val/1276028.png,3,1,30.05889129638672,30.221721649169922,27.553180694580078,29.36846351623535,0.3623430132865906,0.42641863226890564,0.029573557898402214,0.1816648542881012,,0
1281003.png,/home/ubuntu/SCB-05-Dataset/5k_HRW_Dataset_combined/images/val/1281003.png,3,1,28.821819305419922,30.520612716674805,26.68875503540039,29.970455169677734,0.10267248004674911,0.5613460540771484,0.012163989245891571,0.3238174617290497,,0
1281013.png,/home/ubuntu/SCB-05-Dataset/5k_HRW_Dataset_combined/images/val/1281013.png,2,1,29.73874855041504,30.967674255371094,28.641847610473633,29.67228889465332,0.17583465576171875,0.6009248495101929,0.0587119460105896,0.16452860832214355,,0
1281035.png,/home/ubuntu/SCB-05-Dataset/5k_HRW_Dataset_combined/images/val/1281035.png,3,3,26.701610565185547,28.82126808166504,26.6597843170166,28.958404541015625,0.050403892993927,0.4197779893875122,0.048339176923036575,0.4814789295196533,,0
1281028.png,/home/ubuntu/SCB-05-Dataset/5k_HRW_Dataset_combined/images/val/1281028.png,3,1,30.298227310180664,31.221172332763672,29.27309799194336,30.658018112182617,0.18837818503379822,0.47408968210220337,0.0675806775689125,0.2699514925479889,,0
1281036.png,/home/ubuntu/SCB-05-Dataset/5k_HRW_Dataset_combined/images/val/1281036.png,3,1,26.858415603637695,28.91628074645996,25.299989700317383,27.400367736816406,0.09294488281011581,0.7276875376701355,0.01956184022128582,0.15980571508407593,,0
1281040.png,/home/ubuntu/SCB-05-Dataset/5k_HRW_Dataset_combined/images/val/1281040.png,3,0,31.49638557434082,31.024900436401367,27.774757385253906,29.196876525878906,0.5718935132026672,0.3569042980670929,0.013836701400578022,0.0573655404150486,,0
1281044.png,/home/ubuntu/SCB-05-Dataset/5k_HRW_Dataset_combined/images/val/1281044.png,3,1,28.950780868530273,30.151453018188477,28.488197326660156,29.803932189941406,0.13700439035892487,0.455176442861557,0.08626546710729599,0.32155361771583557,,0
1281047.png,/home/ubuntu/SCB-05-Dataset/5k_HRW_Dataset_combined/images/val/1281047.png,3,1,30.5032958984375,31.473251342773438,29.449113845825195,29.248332977294922,0.23411579430103302,0.6175569295883179,0.08158404380083084,0.06674323230981827,,0
1281048.png,/home/ubuntu/SCB-05-Dataset/5k_HRW_Dataset_combined/images/val/1281048.png,3,0,32.57284927368164,31.193716049194336,29.529726028442383,29.59499740600586,0.7405298352241516,0.18646298348903656,0.035312701016664505,0.03769449144601822,,0
1283004.png,/home/ubuntu/SCB-05-Dataset/5k_HRW_Dataset_combined/images/val/1283004.png,3,1,25.944068908691406,27.398792266845703,24.16053009033203,25.025653839111328,0.1709257960319519,0.7321261763572693,0.02872278541326523,0.06822522729635239,,0
1283015.png,/home/ubuntu/SCB-05-Dataset/5k_HRW_Dataset_combined/images/val/1283015.png,3,3,31.662071228027344,30.292001724243164,28.089744567871094,32.407920837402344,0.29494941234588623,0.07494349777698517,0.00828525424003601,0.6218218207359314,,0
1283016.png,/home/ubuntu/SCB-05-Dataset/5k_HRW_Dataset_combined/images/val/1283016.png,3,1,27.619604110717773,28.00893783569336,26.34107780456543,27.513057708740234,0.27371931076049805,0.4040088951587677,0.07621642202138901,0.24605542421340942,,0
1283018.png,/home/ubuntu/SCB-05-Dataset/5k_HRW_Dataset_combined/images/val/1283018.png,3,3,28.62551498413086,30.195110321044922,27.93655776977539,31.850582122802734,0.031784310936927795,0.15271417796611786,0.015958882868289948,0.7995426654815674,,0
1283020.png,/home/ubuntu/SCB-05-Dataset/5k_HRW_Dataset_combined/images/val/1283020.png,3,1,27.34834861755371,29.436275482177734,27.518346786499023,28.453868865966797,0.07533370703458786,0.6078053116798401,0.08929325640201569,0.22756773233413696,,0
1283026.png,/home/ubuntu/SCB-05-Dataset/5k_HRW_Dataset_combined/images/val/1283026.png,3,3,26.417001724243164,26.986000061035156,24.737882614135742,27.824159622192383,0.14209862053394318,0.251016765832901,0.026506822556257248,0.5803777575492859,,0
1283028.png,/home/ubuntu/SCB-05-Dataset/5k_HRW_Dataset_combined/images/val/1283028.png,3,1,26.461803436279297,28.604408264160156,25.779834747314453,26.588621139526367,0.08958617597818375,0.7634180784225464,0.04529661312699318,0.10169912129640579,,0
1283033.png,/home/ubuntu/SCB-05-Dataset/5k_HRW_Dataset_combined/images/val/1283033.png,3,3,29.092517852783203,28.063701629638672,25.81496810913086,29.908550262451172,0.2734736204147339,0.09774764627218246,0.01031558122485876,0.6184631586074829,,0
1283035.png,/home/ubuntu/SCB-05-Dataset/5k_HRW_Dataset_combined/images/val/1283035.png,3,3,26.85990333557129,27.699169158935547,26.256061553955078,27.993568420410156,0.1435050070285797,0.3321663439273834,0.07845523953437805,0.4458734095096588,,0
1283040.png,/home/ubuntu/SCB-05-Dataset/5k_HRW_Dataset_combined/images/val/1283040.png,3,3,27.351144790649414,27.776611328125,23.424575805664062,28.571605682373047,0.16838517785072327,0.2576805651187897,0.0033190716058015823,0.5706151127815247,,0
1283039.png,/home/ubuntu/SCB-05-Dataset/5k_HRW_Dataset_combined/images/val/1283039.png,3,1,31.259122848510742,31.366676330566406,27.855693817138672,30.370756149291992,0.3909096121788025,0.43529751896858215,0.0130012733861804,0.16079168021678925,,0
1283051.png,/home/ubuntu/SCB-05-Dataset/5k_HRW_Dataset_combined/images/val/1283051.png,2,1,27.681562423706055,27.859893798828125,24.963851928710938,26.73967742919922,0.3771963119506836,0.4508330821990967,0.02490467019379139,0.1470658928155899,,0
1283043.png,/home/ubuntu/SCB-05-Dataset/5k_HRW_Dataset_combined/images/val/1283043.png,3,0,26.409679412841797,25.60812759399414,24.214946746826172,26.328304290771484,0.40292227268218994,0.18076391518115997,0.04488084092736244,0.3714330196380615,,0
1290003.png,/home/ubuntu/SCB-05-Dataset/5k_HRW_Dataset_combined/images/val/1290003.png,3,0,30.056106567382812,29.92154884338379,27.136728286743164,29.649581909179688,0.3855004906654358,0.33696693181991577,0.02080439403653145,0.2567281723022461,,0
1290006.png,/home/ubuntu/SCB-05-Dataset/5k_HRW_Dataset_combined/images/val/1290006.png,2,1,27.74735450744629,29.036590576171875,25.660425186157227,26.92955207824707,0.19247497618198395,0.6986865401268005,0.023879893124103546,0.08495856821537018,,0
1290007.png,/home/ubuntu/SCB-05-Dataset/5k_HRW_Dataset_combined/images/val/1290007.png,3,1,27.993690490722656,28.531137466430664,25.153934478759766,28.246095657348633,0.24647609889507294,0.4218762218952179,0.014404043555259705,0.31724366545677185,,0
1290013.png,/home/ubuntu/SCB-05-Dataset/5k_HRW_Dataset_combined/images/val/1290013.png,3,0,29.912647247314453,29.510412216186523,24.73003578186035,27.666919708251953,0.561707079410553,0.37568292021751404,0.003153046127408743,0.059456974267959595,,0
1290017.png,/home/ubuntu/SCB-05-Dataset/5k_HRW_Dataset_combined/images/val/1290017.png,3,3,25.50848388671875,26.305004119873047,23.93422508239746,27.249835968017578,0.10952875018119812,0.24291397631168365,0.02269008941948414,0.6248672008514404,,0
1290019.png,/home/ubuntu/SCB-05-Dataset/5k_HRW_Dataset_combined/images/val/1290019.png,3,0,30.197059631347656,28.606943130493164,25.834529876708984,29.56336784362793,0.5723190307617188,0.11669691652059555,0.007294837851077318,0.30368921160697937,,0
1292015.png,/home/ubuntu/SCB-05-Dataset/5k_HRW_Dataset_combined/images/val/1292015.png,3,1,29.645469665527344,30.580646514892578,26.897985458374023,28.39493751525879,0.2565349042415619,0.6535646915435791,0.016441037878394127,0.07345937192440033,,0
1292011.png,/home/ubuntu/SCB-05-Dataset/5k_HRW_Dataset_combined/images/val/1292011.png,2,1,29.35735321044922,30.59556770324707,27.285146713256836,28.32893180847168,0.20271937549114227,0.6992701292037964,0.025523921474814415,0.07248656451702118,,0
1292017.png,/home/ubuntu/SCB-05-Dataset/5k_HRW_Dataset_combined/images/val/1292017.png,3,3,28.085512161254883,30.19196128845215,27.39747428894043,30.280536651611328,0.05347082391381264,0.43947696685791016,0.026872361078858376,0.4801798164844513,,0
1294005.png,/home/ubuntu/SCB-05-Dataset/5k_HRW_Dataset_combined/images/val/1294005.png,3,3,25.93429183959961,27.987401962280273,27.628877639770508,29.0408878326416,0.02733634039759636,0.21300745010375977,0.14882971346378326,0.6108264923095703,,0
1294013.png,/home/ubuntu/SCB-05-Dataset/5k_HRW_Dataset_combined/images/val/1294013.png,3,3,26.676544189453125,27.820327758789062,26.394187927246094,28.324663162231445,0.09910979121923447,0.311068058013916,0.07472928613424301,0.5150929093360901,,0
1296001.png,/home/ubuntu/SCB-05-Dataset/5k_HRW_Dataset_combined/images/val/1296001.png,3,3,27.20608139038086,27.51632308959961,27.717924118041992,30.801572799682617,0.024712275713682175,0.03370148316025734,0.041229039430618286,0.900357186794281,,0
1296002.png,/home/ubuntu/SCB-05-Dataset/5k_HRW_Dataset_combined/images/val/1296002.png,2,3,30.917686462402344,30.164915084838867,28.347084045410156,31.702550888061523,0.26740410923957825,0.12596318125724792,0.020453594624996185,0.5861791372299194,,0
1296008.png,/home/ubuntu/SCB-05-Dataset/5k_HRW_Dataset_combined/images/val/1296008.png,2,1,28.8331298828125,30.171363830566406,27.224206924438477,27.740541458129883,0.18699434399604797,0.712879478931427,0.03741813451051712,0.0627080574631691,,0
1296009.png,/home/ubuntu/SCB-05-Dataset/5k_HRW_Dataset_combined/images/val/1296009.png,2,1,29.0222110748291,29.798933029174805,26.416217803955078,29.363540649414062,0.21482372283935547,0.46709829568862915,0.015860386192798615,0.30221763253211975,,0
1296013.png,/home/ubuntu/SCB-05-Dataset/5k_HRW_Dataset_combined/images/val/1296013.png,3,0,28.99375343322754,28.97588348388672,26.493852615356445,27.308469772338867,0.44448915123939514,0.4366166889667511,0.03648950904607773,0.08240465819835663,,0
1296015.png,/home/ubuntu/SCB-05-Dataset/5k_HRW_Dataset_combined/images/val/1296015.png,3,3,28.83971405029297,27.931774139404297,28.046024322509766,29.756494522094727,0.2295287698507309,0.09258142113685608,0.10378678888082504,0.5741029977798462,,0
1296026.png,/home/ubuntu/SCB-05-Dataset/5k_HRW_Dataset_combined/images/val/1296026.png,3,3,27.8858699798584,27.072668075561523,26.96436882019043,28.91286277770996,0.21579571068286896,0.09569157660007477,0.085869699716568,0.6026430130004883,,0
1296028.png,/home/ubuntu/SCB-05-Dataset/5k_HRW_Dataset_combined/images/val/1296028.png,3,3,28.19642448425293,27.893131256103516,26.221519470214844,30.44978141784668,0.08774396032094955,0.06478860974311829,0.012176623567938805,0.8352908492088318,,0
1296033.png,/home/ubuntu/SCB-05-Dataset/5k_HRW_Dataset_combined/images/val/1296033.png,3,1,30.09198570251465,31.038198471069336,28.44944953918457,30.028966903686523,0.21238863468170166,0.5470993518829346,0.04109479486942291,0.19941715896129608,,0
1296032.png,/home/ubuntu/SCB-05-Dataset/5k_HRW_Dataset_combined/images/val/1296032.png,3,3,27.500539779663086,27.868371963500977,26.46973419189453,29.52388572692871,0.0964793860912323,0.13937407732009888,0.0344160720705986,0.729730486869812,,0
1296036.png,/home/ubuntu/SCB-05-Dataset/5k_HRW_Dataset_combined/images/val/1296036.png,3,3,29.246503829956055,29.424819946289062,27.64947509765625,29.5224609375,0.26914337277412415,0.3216809928417206,0.05450081080198288,0.3546747863292694,,0
1297001.png,/home/ubuntu/SCB-05-Dataset/5k_HRW_Dataset_combined/images/val/1297001.png,3,1,27.73611831665039,29.046245574951172,26.280426025390625,28.374475479125977,0.14634321630001068,0.5424423813819885,0.03413292020559311,0.2770814895629883,,0
1297003.png,/home/ubuntu/SCB-05-Dataset/5k_HRW_Dataset_combined/images/val/1297003.png,3,1,29.859691619873047,31.19419288635254,27.80393409729004,29.79053497314453,0.17066951096057892,0.6482200622558594,0.021844986826181412,0.1592654585838318,,0
1297004.png,/home/ubuntu/SCB-05-Dataset/5k_HRW_Dataset_combined/images/val/1297004.png,3,1,29.55717658996582,30.785503387451172,27.57476043701172,28.926855087280273,0.19663105905056,0.6715953350067139,0.02708318643271923,0.10469042509794235,,0
1297011.png,/home/ubuntu/SCB-05-Dataset/5k_HRW_Dataset_combined/images/val/1297011.png,3,1,28.200679779052734,29.822546005249023,26.724645614624023,27.336227416992188,0.1489790380001068,0.7542107701301575,0.03404800593852997,0.06276221573352814,,0
1297016.png,/home/ubuntu/SCB-05-Dataset/5k_HRW_Dataset_combined/images/val/1297016.png,3,1,27.948326110839844,28.784080505371094,25.75757598876953,26.55525779724121,0.2727249264717102,0.629054605960846,0.030499599874019623,0.0677209347486496,,0
1297030.png,/home/ubuntu/SCB-05-Dataset/5k_HRW_Dataset_combined/images/val/1297030.png,3,1,29.627614974975586,29.74163246154785,28.593753814697266,29.46683692932129,0.30049124360084534,0.3367820978164673,0.10686404258012772,0.25586259365081787,,0
1297032.png,/home/ubuntu/SCB-05-Dataset/5k_HRW_Dataset_combined/images/val/1297032.png,3,3,28.785907745361328,29.38754653930664,27.400651931762695,29.62282943725586,0.18571433424949646,0.3389485478401184,0.0464768260717392,0.42886030673980713,,0
1297035.png,/home/ubuntu/SCB-05-Dataset/5k_HRW_Dataset_combined/images/val/1297035.png,3,3,30.643203735351562,30.270444869995117,26.743066787719727,30.82806396484375,0.34339240193367004,0.23653942346572876,0.006949966307729483,0.41311827301979065,,0
1298008.png,/home/ubuntu/SCB-05-Dataset/5k_HRW_Dataset_combined/images/val/1298008.png,3,1,27.519973754882812,28.64992904663086,26.14133644104004,28.410552978515625,0.14740608632564545,0.45629820227622986,0.03713477402925491,0.3591609001159668,,0
1298014.png,/home/ubuntu/SCB-05-Dataset/5k_HRW_Dataset_combined/images/val/1298014.png,3,1,27.754104614257812,28.777873992919922,27.167909622192383,27.969253540039062,0.1792065054178238,0.49885132908821106,0.09971775859594345,0.2222243994474411,,0
1298032.png,/home/ubuntu/SCB-05-Dataset/5k_HRW_Dataset_combined/images/val/1298032.png,3,3,27.65239143371582,28.2298526763916,26.22489356994629,28.322490692138672,0.20097069442272186,0.358031302690506,0.04821456968784332,0.39278343319892883,,0
1298039.png,/home/ubuntu/SCB-05-Dataset/5k_HRW_Dataset_combined/images/val/1298039.png,3,3,28.913497924804688,28.919321060180664,26.327524185180664,29.34646987915039,0.27601465582847595,0.277626633644104,0.02079017087817192,0.425568550825119,,0
1298041.png,/home/ubuntu/SCB-05-Dataset/5k_HRW_Dataset_combined/images/val/1298041.png,3,1,25.907129287719727,27.336111068725586,23.98261070251465,26.19301414489746,0.1503458321094513,0.6276105642318726,0.021942371502518654,0.20010115206241608,,0
1298051.png,/home/ubuntu/SCB-05-Dataset/5k_HRW_Dataset_combined/images/val/1298051.png,3,3,26.1415958404541,27.228439331054688,26.034099578857422,27.302669525146484,0.12412583827972412,0.36802077293395996,0.1114749163389206,0.3963784873485565,,0
1298058.png,/home/ubuntu/SCB-05-Dataset/5k_HRW_Dataset_combined/images/val/1298058.png,3,3,24.969926834106445,25.62125587463379,24.500802993774414,27.124082565307617,0.08220812678337097,0.15768244862556458,0.051425300538539886,0.7086840867996216,,0
1298059.png,/home/ubuntu/SCB-05-Dataset/5k_HRW_Dataset_combined/images/val/1298059.png,3,3,28.017091751098633,28.905620574951172,26.729148864746094,32.22926330566406,0.014042900875210762,0.0341460146009922,0.0038735608104616404,0.9479374885559082,,0
1301003.png,/home/ubuntu/SCB-05-Dataset/5k_HRW_Dataset_combined/images/val/1301003.png,2,1,29.923702239990234,30.6334171295166,28.14471435546875,28.800233840942383,0.28349730372428894,0.5764666795730591,0.04785687103867531,0.09217917174100876,,0
1301006.png,/home/ubuntu/SCB-05-Dataset/5k_HRW_Dataset_combined/images/val/1301006.png,3,3,30.58107566833496,30.48410987854004,28.12497329711914,30.82996368408203,0.30525457859039307,0.2770451307296753,0.026181256398558617,0.39151903986930847,,0
1301015.png,/home/ubuntu/SCB-05-Dataset/5k_HRW_Dataset_combined/images/val/1301015.png,3,3,27.187082290649414,27.902254104614258,25.045204162597656,28.364360809326172,0.15606708824634552,0.3190850615501404,0.01832759380340576,0.5065203309059143,,0
1301022.png,/home/ubuntu/SCB-05-Dataset/5k_HRW_Dataset_combined/images/val/1301022.png,3,3,27.052640914916992,28.724246978759766,28.898160934448242,29.70355796813965,0.037286825478076935,0.19839224219322205,0.23607750236988068,0.528243362903595,,0
1302006.png,/home/ubuntu/SCB-05-Dataset/5k_HRW_Dataset_combined/images/val/1302006.png,3,3,29.28115463256836,28.94083595275879,27.570343017578125,30.74242401123047,0.1611943542957306,0.11469680815935135,0.02913089282810688,0.6949779987335205,,0
1302018.png,/home/ubuntu/SCB-05-Dataset/5k_HRW_Dataset_combined/images/val/1302018.png,3,1,30.04663848876953,30.785400390625,28.264305114746094,29.607704162597656,0.25599604845046997,0.5358873009681702,0.04307008162140846,0.1650465726852417,,0
1303003.png,/home/ubuntu/SCB-05-Dataset/5k_HRW_Dataset_combined/images/val/1303003.png,3,1,32.6566276550293,32.730224609375,30.927684783935547,31.92209243774414,0.3658215403556824,0.39376041293144226,0.06492305546998978,0.175494983792305,,0
1303006.png,/home/ubuntu/SCB-05-Dataset/5k_HRW_Dataset_combined/images/val/1303006.png,3,3,29.451284408569336,29.172260284423828,26.899110794067383,30.744218826293945,0.18255184590816498,0.1381044238805771,0.014223003759980202,0.6651207804679871,,0
1303008.png,/home/ubuntu/SCB-05-Dataset/5k_HRW_Dataset_combined/images/val/1303008.png,3,3,29.260549545288086,29.37253761291504,27.64374542236328,29.87237548828125,0.2403368502855301,0.26881664991378784,0.04771459475159645,0.4431318938732147,,0
1303016.png,/home/ubuntu/SCB-05-Dataset/5k_HRW_Dataset_combined/images/val/1303016.png,3,3,26.414745330810547,25.680526733398438,23.068035125732422,27.5596981048584,0.21471330523490906,0.10303668677806854,0.007557900622487068,0.6746920943260193,,0
1303017.png,/home/ubuntu/SCB-05-Dataset/5k_HRW_Dataset_combined/images/val/1303017.png,3,0,26.02549171447754,22.685565948486328,21.30006217956543,22.323631286621094,0.9354676604270935,0.033152587711811066,0.008294702507555485,0.02308507263660431,,0
1303031.png,/home/ubuntu/SCB-05-Dataset/5k_HRW_Dataset_combined/images/val/1303031.png,3,1,27.302047729492188,28.325950622558594,24.028318405151367,25.24925994873047,0.25314658880233765,0.7047699689865112,0.009585383348166943,0.0324980728328228,,0
1304005.png,/home/ubuntu/SCB-05-Dataset/5k_HRW_Dataset_combined/images/val/1304005.png,2,0,30.436843872070312,29.538673400878906,27.435115814208984,29.336570739746094,0.5587230920791626,0.22757582366466522,0.02776915766298771,0.1859319657087326,,0
1304013.png,/home/ubuntu/SCB-05-Dataset/5k_HRW_Dataset_combined/images/val/1304013.png,2,1,29.94450569152832,30.304235458374023,27.97454071044922,28.19780731201172,0.36406630277633667,0.5216859579086304,0.050773318856954575,0.06347445398569107,,0
1304011.png,/home/ubuntu/SCB-05-Dataset/5k_HRW_Dataset_combined/images/val/1304011.png,3,3,25.572717666625977,26.244443893432617,26.33468246459961,29.359834671020508,0.020313195884227753,0.03976539149880409,0.043520648032426834,0.8964008688926697,,0
1304019.png,/home/ubuntu/SCB-05-Dataset/5k_HRW_Dataset_combined/images/val/1304019.png,3,1,29.120683670043945,29.489076614379883,28.094572067260742,28.32414436340332,0.3072485327720642,0.4441000819206238,0.11011721193790436,0.13853426277637482,,0
1304022.png,/home/ubuntu/SCB-05-Dataset/5k_HRW_Dataset_combined/images/val/1304022.png,3,1,26.743053436279297,28.00409698486328,25.69403648376465,26.66095542907715,0.1723969578742981,0.6084065437316895,0.060387544333934784,0.15880894660949707,,0
1305022.png,/home/ubuntu/SCB-05-Dataset/5k_HRW_Dataset_combined/images/val/1305022.png,3,1,28.889873504638672,29.29888153076172,25.96819305419922,25.985509872436523,0.38256269693374634,0.575880765914917,0.02059837430715561,0.020958179607987404,,0
1307005.png,/home/ubuntu/SCB-05-Dataset/5k_HRW_Dataset_combined/images/val/1307005.png,3,3,27.37468719482422,27.98709487915039,25.173633575439453,29.253101348876953,0.10527784377336502,0.19422370195388794,0.01165283378213644,0.6888455748558044,,0
1305009.png,/home/ubuntu/SCB-05-Dataset/5k_HRW_Dataset_combined/images/val/1305009.png,3,0,28.538799285888672,28.291120529174805,27.327177047729492,27.941850662231445,0.38039976358413696,0.2969440817832947,0.11325030773878098,0.2094058096408844,,0
1309022.png,/home/ubuntu/SCB-05-Dataset/5k_HRW_Dataset_combined/images/val/1309022.png,2,3,30.002857208251953,30.21327018737793,28.369230270385742,30.69661521911621,0.22570155560970306,0.27855804562568665,0.044061508029699326,0.45167893171310425,,0
1309037.png,/home/ubuntu/SCB-05-Dataset/5k_HRW_Dataset_combined/images/val/1309037.png,3,3,27.80908966064453,28.671110153198242,27.46347999572754,28.90546417236328,0.14146225154399872,0.3349741995334625,0.10012539476156235,0.423438161611557,,0
1310003.png,/home/ubuntu/SCB-05-Dataset/5k_HRW_Dataset_combined/images/val/1310003.png,3,0,29.130876541137695,29.032573699951172,25.50818634033203,28.817340850830078,0.3753833770751953,0.34023788571357727,0.010026761330664158,0.2743520438671112,,0
1310004.png,/home/ubuntu/SCB-05-Dataset/5k_HRW_Dataset_combined/images/val/1310004.png,3,0,30.040029525756836,29.75584602355957,27.224422454833984,28.845590591430664,0.4727303683757782,0.3557903468608856,0.028301594778895378,0.14317767322063446,,0
1310007.png,/home/ubuntu/SCB-05-Dataset/5k_HRW_Dataset_combined/images/val/1310007.png,3,1,28.129165649414062,28.352481842041016,25.431676864624023,26.749225616455078,0.3892286419868469,0.4866198003292084,0.026224080473184586,0.09792745113372803,,0
1310012.png,/home/ubuntu/SCB-05-Dataset/5k_HRW_Dataset_combined/images/val/1310012.png,2,1,29.545425415039062,30.436405181884766,26.73090934753418,26.65651512145996,0.28144538402557373,0.6860278248786926,0.016868066042661667,0.015658721327781677,,0
1310017.png,/home/ubuntu/SCB-05-Dataset/5k_HRW_Dataset_combined/images/val/1310017.png,3,1,28.965106964111328,29.37891387939453,25.86251449584961,27.72294807434082,0.35133853554725647,0.5314223766326904,0.015786541625857353,0.10145255923271179,,0
1310023.png,/home/ubuntu/SCB-05-Dataset/5k_HRW_Dataset_combined/images/val/1310023.png,3,0,31.25356674194336,30.631690979003906,27.818349838256836,29.549375534057617,0.5710780024528503,0.30663251876831055,0.018399232998490334,0.10389019548892975,,0
1311017.png,/home/ubuntu/SCB-05-Dataset/5k_HRW_Dataset_combined/images/val/1311017.png,3,3,29.89676284790039,28.8847599029541,27.189468383789062,31.35932159423828,0.17399780452251434,0.06324649602174759,0.011608623899519444,0.7511470317840576,,0
1311023.png,/home/ubuntu/SCB-05-Dataset/5k_HRW_Dataset_combined/images/val/1311023.png,3,3,30.15239906311035,30.13227081298828,29.51178550720215,30.854841232299805,0.2209593802690506,0.21655632555484772,0.11643874645233154,0.44604554772377014,,0
1312024.png,/home/ubuntu/SCB-05-Dataset/5k_HRW_Dataset_combined/images/val/1312024.png,3,1,27.4899845123291,29.89434051513672,26.214092254638672,26.64560890197754,0.0782453864812851,0.8662780523300171,0.021844686940312386,0.03363187983632088,,0
1312025.png,/home/ubuntu/SCB-05-Dataset/5k_HRW_Dataset_combined/images/val/1312025.png,3,1,28.465335845947266,30.7004337310791,26.850351333618164,28.786155700683594,0.0838606208562851,0.7838784456253052,0.016679352149367332,0.11558150500059128,,0
1312026.png,/home/ubuntu/SCB-05-Dataset/5k_HRW_Dataset_combined/images/val/1312026.png,3,1,27.08633041381836,29.82103157043457,26.66859245300293,27.35196304321289,0.05444272235035896,0.8386976718902588,0.035852424800395966,0.07100723683834076,,0
1312037.png,/home/ubuntu/SCB-05-Dataset/5k_HRW_Dataset_combined/images/val/1312037.png,3,1,29.68454933166504,30.543275833129883,27.6484317779541,28.97176170349121,0.2511954605579376,0.5928598046302795,0.0327896811068058,0.12315501272678375,,0
1313021.png,/home/ubuntu/SCB-05-Dataset/5k_HRW_Dataset_combined/images/val/1313021.png,3,1,28.31036376953125,29.13307762145996,26.167673110961914,28.915353775024414,0.19137868285179138,0.43570607900619507,0.022456124424934387,0.35045912861824036,,0
1313018.png,/home/ubuntu/SCB-05-Dataset/5k_HRW_Dataset_combined/images/val/1313018.png,3,1,30.40081214904785,31.088205337524414,27.503616333007812,30.45279312133789,0.24407754838466644,0.48535433411598206,0.013467645272612572,0.25710049271583557,,0
1313023.png,/home/ubuntu/SCB-05-Dataset/5k_HRW_Dataset_combined/images/val/1313023.png,3,1,30.08643913269043,30.77409553527832,26.089426040649414,27.107933044433594,0.3269803524017334,0.6503797769546509,0.006006769370287657,0.016633089631795883,,0
1313024.png,/home/ubuntu/SCB-05-Dataset/5k_HRW_Dataset_combined/images/val/1313024.png,3,3,25.212665557861328,24.65805435180664,23.340402603149414,27.349102020263672,0.09806542098522186,0.056318532675504684,0.015080037526786327,0.8305360078811646,,0
1313032.png,/home/ubuntu/SCB-05-Dataset/5k_HRW_Dataset_combined/images/val/1313032.png,3,1,30.068695068359375,30.595027923583984,27.563709259033203,29.06458282470703,0.318394273519516,0.5389503240585327,0.026005413383245468,0.11665003001689911,,0
1313036.png,/home/ubuntu/SCB-05-Dataset/5k_HRW_Dataset_combined/images/val/1313036.png,3,1,29.266605377197266,29.740154266357422,27.675447463989258,29.332416534423828,0.257904976606369,0.41411352157592773,0.05253256857395172,0.2754489779472351,,0
1313038.png,/home/ubuntu/SCB-05-Dataset/5k_HRW_Dataset_combined/images/val/1313038.png,3,1,29.823970794677734,30.2246150970459,28.3812313079834,29.104591369628906,0.3109336495399475,0.46415743231773376,0.07346727699041367,0.15144160389900208,,0
1313039.png,/home/ubuntu/SCB-05-Dataset/5k_HRW_Dataset_combined/images/val/1313039.png,3,1,27.288410186767578,28.593433380126953,27.077951431274414,28.157859802246094,0.1268458515405655,0.46777889132499695,0.10277209430932999,0.302603155374527,,0
1313041.png,/home/ubuntu/SCB-05-Dataset/5k_HRW_Dataset_combined/images/val/1313041.png,3,1,28.974082946777344,29.838518142700195,27.66202163696289,29.700998306274414,0.17508171498775482,0.41558530926704407,0.04714328050613403,0.36218971014022827,,0
1313047.png,/home/ubuntu/SCB-05-Dataset/5k_HRW_Dataset_combined/images/val/1313047.png,3,0,26.02645492553711,25.221744537353516,24.207380294799805,26.023548126220703,0.38365763425827026,0.17157837748527527,0.06221996620297432,0.38254404067993164,,0
1313050.png,/home/ubuntu/SCB-05-Dataset/5k_HRW_Dataset_combined/images/val/1313050.png,3,3,27.161380767822266,26.723468780517578,26.409990310668945,28.65561866760254,0.15213678777217865,0.0981864407658577,0.07176447659730911,0.6779123544692993,,0
1314006.png,/home/ubuntu/SCB-05-Dataset/5k_HRW_Dataset_combined/images/val/1314006.png,3,1,25.231338500976562,26.412799835205078,23.798336029052734,25.513246536254883,0.17172151803970337,0.5596633553504944,0.040971290320158005,0.22764381766319275,,0
1314010.png,/home/ubuntu/SCB-05-Dataset/5k_HRW_Dataset_combined/images/val/1314010.png,3,1,28.001117706298828,29.782236099243164,28.120731353759766,28.95851707458496,0.09373418241739273,0.556452214717865,0.10564417392015457,0.2441694140434265,,0
1314021.png,/home/ubuntu/SCB-05-Dataset/5k_HRW_Dataset_combined/images/val/1314021.png,3,1,29.238658905029297,31.1796875,28.133333206176758,28.27688217163086,0.11521761119365692,0.802595853805542,0.0381489023566246,0.04403769224882126,,0
1314027.png,/home/ubuntu/SCB-05-Dataset/5k_HRW_Dataset_combined/images/val/1314027.png,3,3,24.407777786254883,25.61713409423828,23.349693298339844,25.74292755126953,0.11766074597835541,0.3943195939064026,0.04084240645170212,0.44717729091644287,,0
1314044.png,/home/ubuntu/SCB-05-Dataset/5k_HRW_Dataset_combined/images/val/1314044.png,3,3,26.08080291748047,28.273183822631836,27.663909912109375,29.95409393310547,0.015891430899500847,0.1423317939043045,0.07739227265119553,0.7643845081329346,,0
1314052.png,/home/ubuntu/SCB-05-Dataset/5k_HRW_Dataset_combined/images/val/1314052.png,3,0,31.550439834594727,31.46802520751953,29.141244888305664,29.895418167114258,0.45416030287742615,0.41823169589042664,0.04082339629530907,0.08678454905748367,,0
1314046.png,/home/ubuntu/SCB-05-Dataset/5k_HRW_Dataset_combined/images/val/1314046.png,3,3,25.430700302124023,27.09514808654785,26.65218162536621,30.693050384521484,0.004935606848448515,0.026073604822158813,0.016742611303925514,0.952248215675354,,0
1314054.png,/home/ubuntu/SCB-05-Dataset/5k_HRW_Dataset_combined/images/val/1314054.png,3,3,26.549747467041016,27.99329376220703,27.066322326660156,32.40001678466797,0.002822945825755596,0.011957123875617981,0.004732036963105202,0.9804878830909729,,0
1314055.png,/home/ubuntu/SCB-05-Dataset/5k_HRW_Dataset_combined/images/val/1314055.png,3,3,27.875242233276367,29.120004653930664,28.437768936157227,31.135499954223633,0.03097561001777649,0.1075507327914238,0.05436534434556961,0.8071083426475525,,0
1315002.png,/home/ubuntu/SCB-05-Dataset/5k_HRW_Dataset_combined/images/val/1315002.png,3,0,30.432706832885742,29.579513549804688,26.318281173706055,28.04034423828125,0.6519750356674194,0.27777543663978577,0.010650220327079296,0.05959928780794144,,0
13160019.png,/home/ubuntu/SCB-05-Dataset/5k_HRW_Dataset_combined/images/val/13160019.png,3,1,29.925464630126953,30.15505027770996,28.30411148071289,29.440732955932617,0.32556620240211487,0.4095878303050995,0.06434199959039688,0.20050399005413055,,0
13160017.png,/home/ubuntu/SCB-05-Dataset/5k_HRW_Dataset_combined/images/val/13160017.png,3,1,28.673816680908203,30.619091033935547,27.088624954223633,29.81667137145996,0.0882132425904274,0.6171002388000488,0.018075643107295036,0.2766108810901642,,0
13160025.png,/home/ubuntu/SCB-05-Dataset/5k_HRW_Dataset_combined/images/val/13160025.png,3,3,27.76061248779297,29.970937728881836,25.241168975830078,31.500926971435547,0.019116651266813278,0.17431865632534027,0.001538974465802312,0.8050257563591003,,0
13160037.png,/home/ubuntu/SCB-05-Dataset/5k_HRW_Dataset_combined/images/val/13160037.png,3,1,26.086156845092773,28.486997604370117,25.718551635742188,28.197187423706055,0.04766084626317024,0.5258157849311829,0.0329999141395092,0.3935234546661377,,0
13160042.png,/home/ubuntu/SCB-05-Dataset/5k_HRW_Dataset_combined/images/val/13160042.png,3,3,26.877918243408203,24.89764976501465,24.672746658325195,27.910789489746094,0.24646425247192383,0.03401999548077583,0.0271681509912014,0.6923476457595825,,0
1317015.png,/home/ubuntu/SCB-05-Dataset/5k_HRW_Dataset_combined/images/val/1317015.png,3,3,26.409393310546875,26.193157196044922,24.192888259887695,28.63831901550293,0.08925052732229233,0.07189532369375229,0.0097273588180542,0.82912677526474,,0
1317028.png,/home/ubuntu/SCB-05-Dataset/5k_HRW_Dataset_combined/images/val/1317028.png,3,3,30.861663818359375,29.305511474609375,28.799468994140625,32.388824462890625,0.1682594269514084,0.03549367934465408,0.021398313343524933,0.7748485207557678,,0
1317045.png,/home/ubuntu/SCB-05-Dataset/5k_HRW_Dataset_combined/images/val/1317045.png,3,1,27.926544189453125,29.271224975585938,26.42197608947754,28.667264938354492,0.1397327035665512,0.5361489653587341,0.03103647753596306,0.2930818796157837,,0
1318012.png,/home/ubuntu/SCB-05-Dataset/5k_HRW_Dataset_combined/images/val/1318012.png,3,3,23.991262435913086,26.005464553833008,22.694807052612305,28.90142250061035,0.0069237989373505116,0.051892105489969254,0.001893655746243894,0.9392904043197632,,0
1318013.png,/home/ubuntu/SCB-05-Dataset/5k_HRW_Dataset_combined/images/val/1318013.png,3,3,26.606739044189453,28.00300407409668,26.410430908203125,29.810279846191406,0.03280690312385559,0.13254258036613464,0.026959367096424103,0.807691216468811,,0
1318026.png,/home/ubuntu/SCB-05-Dataset/5k_HRW_Dataset_combined/images/val/1318026.png,3,1,27.53843879699707,28.574344635009766,24.993961334228516,27.244407653808594,0.21545109152793884,0.607067346572876,0.01691594161093235,0.16056562960147858,,0
1319002.png,/home/ubuntu/SCB-05-Dataset/5k_HRW_Dataset_combined/images/val/1319002.png,3,1,26.788707733154297,27.781993865966797,25.566143035888672,27.684959411621094,0.15515980124473572,0.41894587874412537,0.04569052904844284,0.3802037835121155,,0
1319003.png,/home/ubuntu/SCB-05-Dataset/5k_HRW_Dataset_combined/images/val/1319003.png,2,1,26.56599235534668,27.913225173950195,25.233047485351562,25.853092193603516,0.17854955792427063,0.6868383884429932,0.04708344116806984,0.08752863854169846,,0
1319006.png,/home/ubuntu/SCB-05-Dataset/5k_HRW_Dataset_combined/images/val/1319006.png,3,1,28.461790084838867,29.960357666015625,26.028934478759766,27.76677703857422,0.16495859622955322,0.7382348775863647,0.014481020160019398,0.08232554793357849,,0
1319007.png,/home/ubuntu/SCB-05-Dataset/5k_HRW_Dataset_combined/images/val/1319007.png,3,1,29.512828826904297,30.230552673339844,27.028480529785156,29.238595962524414,0.2568517029285431,0.5264849066734314,0.021416261792182922,0.1952470988035202,,0
1319008.png,/home/ubuntu/SCB-05-Dataset/5k_HRW_Dataset_combined/images/val/1319008.png,3,3,28.361862182617188,28.89310073852539,26.962345123291016,29.50515365600586,0.16434310376644135,0.2795538604259491,0.04054608568549156,0.5155569911003113,,0
1319022.png,/home/ubuntu/SCB-05-Dataset/5k_HRW_Dataset_combined/images/val/1319022.png,3,1,28.310758590698242,29.238361358642578,27.06973648071289,28.869813919067383,0.17964452505111694,0.4542205035686493,0.051933180540800095,0.3142017722129822,,0
1319029.png,/home/ubuntu/SCB-05-Dataset/5k_HRW_Dataset_combined/images/val/1319029.png,3,1,26.639751434326172,27.292543411254883,25.38241958618164,27.248149871826172,0.1983027309179306,0.38091903924942017,0.05639965087175369,0.36437854170799255,,0
1320014.png,/home/ubuntu/SCB-05-Dataset/5k_HRW_Dataset_combined/images/val/1320014.png,3,3,29.14800262451172,29.68558120727539,27.764394760131836,32.81561279296875,0.02374127134680748,0.040641654282808304,0.005951284896582365,0.9296658039093018,,0
1320016.png,/home/ubuntu/SCB-05-Dataset/5k_HRW_Dataset_combined/images/val/1320016.png,3,3,28.31363296508789,28.946313858032227,28.25115966796875,29.54298210144043,0.13810071349143982,0.2599954307079315,0.12973707914352417,0.4721668064594269,,0
1320023.png,/home/ubuntu/SCB-05-Dataset/5k_HRW_Dataset_combined/images/val/1320023.png,3,3,28.022754669189453,29.190725326538086,26.788658142089844,31.024192810058594,0.04061572998762131,0.1305982768535614,0.011823142878711224,0.8169627785682678,,0
1320024.png,/home/ubuntu/SCB-05-Dataset/5k_HRW_Dataset_combined/images/val/1320024.png,3,3,28.25382423400879,27.46930694580078,25.9130916595459,30.276309967041016,0.10977330058813095,0.050093941390514374,0.01056645903736353,0.8295663595199585,,0
1320030.png,/home/ubuntu/SCB-05-Dataset/5k_HRW_Dataset_combined/images/val/1320030.png,3,3,27.814556121826172,29.03378677368164,28.427526473999023,29.730234146118164,0.07679293304681778,0.25991204380989075,0.14175257086753845,0.5215424299240112,,0
1320032.png,/home/ubuntu/SCB-05-Dataset/5k_HRW_Dataset_combined/images/val/1320032.png,3,3,30.05474281311035,27.722698211669922,27.586416244506836,30.947589874267578,0.27594608068466187,0.026793545112013817,0.02337995357811451,0.673880398273468,,0
1320039.png,/home/ubuntu/SCB-05-Dataset/5k_HRW_Dataset_combined/images/val/1320039.png,3,3,28.722387313842773,28.825077056884766,26.707290649414062,29.054922103881836,0.2750310003757477,0.3047749400138855,0.03666369989514351,0.38353031873703003,,0
1320047.png,/home/ubuntu/SCB-05-Dataset/5k_HRW_Dataset_combined/images/val/1320047.png,3,3,28.859230041503906,29.092227935791016,26.31613540649414,31.124670028686523,0.0834977924823761,0.10540582984685898,0.006564823444932699,0.8045315146446228,,0
1320062.png,/home/ubuntu/SCB-05-Dataset/5k_HRW_Dataset_combined/images/val/1320062.png,2,3,28.157997131347656,28.521060943603516,27.32183837890625,29.034019470214844,0.18966592848300934,0.2726879417896271,0.08219590038061142,0.45545026659965515,,0
13210004.png,/home/ubuntu/SCB-05-Dataset/5k_HRW_Dataset_combined/images/val/13210004.png,2,1,28.117107391357422,29.4278621673584,27.842435836791992,28.12906265258789,0.1543014496564865,0.5722997784614563,0.11724157631397247,0.1561572253704071,,0
13210005.png,/home/ubuntu/SCB-05-Dataset/5k_HRW_Dataset_combined/images/val/13210005.png,2,1,29.925128936767578,30.994050979614258,28.56243324279785,30.600791931152344,0.16303788125514984,0.47480523586273193,0.0417327806353569,0.3204241693019867,,0
13210012.png,/home/ubuntu/SCB-05-Dataset/5k_HRW_Dataset_combined/images/val/13210012.png,3,0,31.9335994720459,31.14525032043457,29.815345764160156,31.905073165893555,0.39266303181648254,0.17850251495838165,0.047214362770318985,0.3816200792789459,,0
13210018.png,/home/ubuntu/SCB-05-Dataset/5k_HRW_Dataset_combined/images/val/13210018.png,3,1,26.9552059173584,27.63150978088379,24.883697509765625,27.3321475982666,0.21976040303707123,0.4321797788143158,0.02768883854150772,0.32037094235420227,,0
13210031.png,/home/ubuntu/SCB-05-Dataset/5k_HRW_Dataset_combined/images/val/13210031.png,2,3,29.307859420776367,28.119691848754883,26.581636428833008,31.333450317382812,0.11172141879796982,0.03405037149786949,0.007313964888453484,0.8469141721725464,,0
13210038.png,/home/ubuntu/SCB-05-Dataset/5k_HRW_Dataset_combined/images/val/13210038.png,3,3,29.244571685791016,29.847091674804688,27.604930877685547,30.316621780395508,0.16828985512256622,0.3074178397655487,0.03265659883618355,0.49163565039634705,,0
13210039.png,/home/ubuntu/SCB-05-Dataset/5k_HRW_Dataset_combined/images/val/13210039.png,3,1,31.428258895874023,32.66264343261719,30.956459045410156,32.35158920288086,0.13196438550949097,0.4534642994403839,0.08232972025871277,0.33224156498908997,,0
13210040.png,/home/ubuntu/SCB-05-Dataset/5k_HRW_Dataset_combined/images/val/13210040.png,3,1,28.759401321411133,29.055763244628906,26.680828094482422,29.01482582092285,0.2658814489841461,0.35759904980659485,0.033264052122831345,0.34325549006462097,,0
1322001.png,/home/ubuntu/SCB-05-Dataset/5k_HRW_Dataset_combined/images/val/1322001.png,3,3,27.058462142944336,27.444643020629883,24.9288387298584,29.113651275634766,0.09616728127002716,0.14149580895900726,0.01143256388604641,0.750904381275177,,0
1322004.png,/home/ubuntu/SCB-05-Dataset/5k_HRW_Dataset_combined/images/val/1322004.png,3,0,30.791154861450195,29.92951202392578,25.827003479003906,26.698505401611328,0.6914929747581482,0.29213330149650574,0.004829300567507744,0.01154443621635437,,0
1322006.png,/home/ubuntu/SCB-05-Dataset/5k_HRW_Dataset_combined/images/val/1322006.png,2,0,29.071300506591797,28.611806869506836,24.709644317626953,27.664875030517578,0.5292746424674988,0.3342916667461395,0.006752084940671921,0.1296815723180771,,0
1322014.png,/home/ubuntu/SCB-05-Dataset/5k_HRW_Dataset_combined/images/val/1322014.png,2,1,29.432422637939453,29.597219467163086,27.082305908203125,29.062700271606445,0.33721837401390076,0.3976322114467621,0.032156478613615036,0.2329929769039154,,0
1322009.png,/home/ubuntu/SCB-05-Dataset/5k_HRW_Dataset_combined/images/val/1322009.png,3,3,28.76262664794922,29.680871963500977,29.19092559814453,30.578678131103516,0.0893888920545578,0.2239094376564026,0.13718019425868988,0.5495215058326721,,0
1322025.png,/home/ubuntu/SCB-05-Dataset/5k_HRW_Dataset_combined/images/val/1322025.png,3,1,29.62183952331543,29.836130142211914,28.002124786376953,29.52428436279297,0.2990439236164093,0.3705102503299713,0.05919729173183441,0.2712485194206238,,0
1322033.png,/home/ubuntu/SCB-05-Dataset/5k_HRW_Dataset_combined/images/val/1322033.png,3,1,28.02617835998535,28.453332901000977,26.26864242553711,27.13775634765625,0.320855975151062,0.4918367266654968,0.0553378090262413,0.1319694221019745,,0
1322021.png,/home/ubuntu/SCB-05-Dataset/5k_HRW_Dataset_combined/images/val/1322021.png,3,3,28.170549392700195,28.37381935119629,27.014633178710938,28.66948890686035,0.23882615566253662,0.29265835881233215,0.07517506927251816,0.39334040880203247,,0
1325002.png,/home/ubuntu/SCB-05-Dataset/5k_HRW_Dataset_combined/images/val/1325002.png,3,1,29.034406661987305,30.172306060791016,27.52499008178711,29.82097053527832,0.15297339856624603,0.4773086607456207,0.03381306678056717,0.3359048366546631,,0
1325003.png,/home/ubuntu/SCB-05-Dataset/5k_HRW_Dataset_combined/images/val/1325003.png,3,1,28.16382598876953,28.747867584228516,26.67681312561035,27.691879272460938,0.2744911015033722,0.4922370910644531,0.06204786151647568,0.17122390866279602,,0
1325005.png,/home/ubuntu/SCB-05-Dataset/5k_HRW_Dataset_combined/images/val/1325005.png,2,1,28.997478485107422,30.032148361206055,27.830469131469727,29.465808868408203,0.17473967373371124,0.4917483925819397,0.054395850747823715,0.27911606431007385,,0
1325006.png,/home/ubuntu/SCB-05-Dataset/5k_HRW_Dataset_combined/images/val/1325006.png,2,1,29.5567626953125,29.945337295532227,27.266311645507812,28.638107299804688,0.3361171782016754,0.49573150277137756,0.034022048115730286,0.1341293454170227,,0
1325025.png,/home/ubuntu/SCB-05-Dataset/5k_HRW_Dataset_combined/images/val/1325025.png,3,1,28.968303680419922,30.867338180541992,28.992961883544922,30.5447940826416,0.07384240627288818,0.4932261109352112,0.07568586617708206,0.35724565386772156,,0
1325030.png,/home/ubuntu/SCB-05-Dataset/5k_HRW_Dataset_combined/images/val/1325030.png,3,3,28.786787033081055,29.97284507751465,28.849346160888672,33.172386169433594,0.011678828857839108,0.03823822736740112,0.012432783842086792,0.9376501441001892,,0
1325031.png,/home/ubuntu/SCB-05-Dataset/5k_HRW_Dataset_combined/images/val/1325031.png,3,3,29.78619956970215,30.411083221435547,28.513425827026367,31.945335388183594,0.08466159552335739,0.1581503003835678,0.023709798231720924,0.7334782481193542,,0
1325034.png,/home/ubuntu/SCB-05-Dataset/5k_HRW_Dataset_combined/images/val/1325034.png,3,3,29.342979431152344,30.701557159423828,28.028589248657227,32.4923095703125,0.035112686455249786,0.13661138713359833,0.009432606399059296,0.8188433051109314,,0
1325038.png,/home/ubuntu/SCB-05-Dataset/5k_HRW_Dataset_combined/images/val/1325038.png,3,3,29.3691463470459,29.351593017578125,25.796932220458984,31.057796478271484,0.1347188949584961,0.13237476348876953,0.00378473661839962,0.7291215658187866,,0
1325047.png,/home/ubuntu/SCB-05-Dataset/5k_HRW_Dataset_combined/images/val/1325047.png,3,3,28.078397750854492,28.544605255126953,26.17708969116211,30.1513671875,0.09353048354387283,0.1490817666053772,0.013970938511192799,0.7434167861938477,,0
1325053.png,/home/ubuntu/SCB-05-Dataset/5k_HRW_Dataset_combined/images/val/1325053.png,3,3,28.433115005493164,29.080760955810547,25.49736785888672,29.165882110595703,0.19821768999099731,0.3788013160228729,0.010523582808673382,0.4124574363231659,,0
1329015.png,/home/ubuntu/SCB-05-Dataset/5k_HRW_Dataset_combined/images/val/1329015.png,3,3,28.667306900024414,29.054784774780273,27.316680908203125,29.084148406982422,0.2353217750787735,0.34669023752212524,0.06096670404076576,0.3570212721824646,,0
1329024.png,/home/ubuntu/SCB-05-Dataset/5k_HRW_Dataset_combined/images/val/1329024.png,3,1,29.715478897094727,30.258501052856445,27.68086814880371,29.678375244140625,0.26208826899528503,0.45110654830932617,0.03426315635442734,0.25254204869270325,,0
1330016.png,/home/ubuntu/SCB-05-Dataset/5k_HRW_Dataset_combined/images/val/1330016.png,3,3,23.391311645507812,24.998512268066406,22.20311737060547,25.240108489990234,0.0790778324007988,0.3945055305957794,0.024100637063384056,0.5023159980773926,,0
1330037.png,/home/ubuntu/SCB-05-Dataset/5k_HRW_Dataset_combined/images/val/1330037.png,3,1,27.276111602783203,28.583606719970703,26.621173858642578,28.217729568481445,0.12852640450000763,0.4751494526863098,0.0667661726474762,0.32955795526504517,,0
1330041.png,/home/ubuntu/SCB-05-Dataset/5k_HRW_Dataset_combined/images/val/1330041.png,2,1,31.05843734741211,31.0640926361084,28.32549285888672,30.284770965576172,0.39494195580482483,0.39718180894851685,0.025682104751467705,0.1821940839290619,,0
1330044.png,/home/ubuntu/SCB-05-Dataset/5k_HRW_Dataset_combined/images/val/1330044.png,3,1,28.96389389038086,29.706897735595703,26.940006256103516,29.296770095825195,0.21601276099681854,0.4541108310222626,0.028544090688228607,0.3013323247432709,,0
1330048.png,/home/ubuntu/SCB-05-Dataset/5k_HRW_Dataset_combined/images/val/1330048.png,3,3,29.316547393798828,28.650135040283203,27.67290496826172,29.845762252807617,0.29373568296432495,0.15084728598594666,0.05677169933915138,0.4986453950405121,,0
1331001.png,/home/ubuntu/SCB-05-Dataset/5k_HRW_Dataset_combined/images/val/1331001.png,3,1,26.688215255737305,28.550477981567383,26.283889770507812,27.137983322143555,0.1033734455704689,0.6655480861663818,0.06899421662092209,0.16208425164222717,,0
1331003.png,/home/ubuntu/SCB-05-Dataset/5k_HRW_Dataset_combined/images/val/1331003.png,3,1,23.95273780822754,26.965639114379883,25.397258758544922,25.26763343811035,0.0341174341738224,0.694165050983429,0.14465180039405823,0.12706567347049713,,0
1331018.png,/home/ubuntu/SCB-05-Dataset/5k_HRW_Dataset_combined/images/val/1331018.png,3,3,24.84624671936035,25.367080688476562,23.12779998779297,27.85555648803711,0.04322235658764839,0.07276184856891632,0.0077516911551356316,0.8762641549110413,,0
1331022.png,/home/ubuntu/SCB-05-Dataset/5k_HRW_Dataset_combined/images/val/1331022.png,3,0,28.65035629272461,28.393436431884766,26.783424377441406,28.645689010620117,0.3420708477497101,0.26456791162490845,0.05288321152329445,0.34047800302505493,,0
1331034.png,/home/ubuntu/SCB-05-Dataset/5k_HRW_Dataset_combined/images/val/1331034.png,2,0,30.397212982177734,30.27869415283203,28.631914138793945,29.038917541503906,0.431691437959671,0.3834435045719147,0.07387778908014297,0.11098728328943253,,0
1331044.png,/home/ubuntu/SCB-05-Dataset/5k_HRW_Dataset_combined/images/val/1331044.png,3,3,27.532461166381836,28.921810150146484,27.637523651123047,29.108285903930664,0.09125965088605881,0.36615538597106934,0.10136940330266953,0.44121554493904114,,0
1332001.png,/home/ubuntu/SCB-05-Dataset/5k_HRW_Dataset_combined/images/val/1332001.png,2,1,30.47933578491211,31.38628578186035,27.595550537109375,29.316404342651367,0.26006123423576355,0.6441084146499634,0.014543321914970875,0.0812869668006897,,0
1332007.png,/home/ubuntu/SCB-05-Dataset/5k_HRW_Dataset_combined/images/val/1332007.png,3,1,30.069387435913086,30.792722702026367,28.125036239624023,29.177783966064453,0.2766730487346649,0.5703052282333374,0.0395863838493824,0.11343533545732498,,0
1332009.png,/home/ubuntu/SCB-05-Dataset/5k_HRW_Dataset_combined/images/val/1332009.png,3,1,30.81827163696289,31.341108322143555,27.508949279785156,30.013221740722656,0.3154163956642151,0.5320461392402649,0.011525606736540794,0.1410118043422699,,0
1332015.png,/home/ubuntu/SCB-05-Dataset/5k_HRW_Dataset_combined/images/val/1332015.png,3,3,27.70521354675293,29.724275588989258,28.823453903198242,31.188440322875977,0.0226473119109869,0.170562744140625,0.06928867846727371,0.737501323223114,,0
1332016.png,/home/ubuntu/SCB-05-Dataset/5k_HRW_Dataset_combined/images/val/1332016.png,3,1,30.527097702026367,31.08612823486328,28.066587448120117,30.369781494140625,0.2710907757282257,0.474131315946579,0.023148812353610992,0.2316291332244873,,0
1332029.png,/home/ubuntu/SCB-05-Dataset/5k_HRW_Dataset_combined/images/val/1332029.png,3,1,30.270565032958984,31.15602684020996,29.11445426940918,28.375011444091797,0.2571324408054352,0.6233156323432922,0.08092156797647476,0.038630325347185135,,0
1332030.png,/home/ubuntu/SCB-05-Dataset/5k_HRW_Dataset_combined/images/val/1332030.png,3,1,29.110897064208984,30.514192581176758,27.965608596801758,28.02000617980957,0.17474468052387238,0.7109636664390564,0.0555918924510479,0.058699723333120346,,0
1332034.png,/home/ubuntu/SCB-05-Dataset/5k_HRW_Dataset_combined/images/val/1332034.png,3,3,28.570354461669922,29.191207885742188,28.1427001953125,30.101627349853516,0.1229012981057167,0.2286597341299057,0.08013616502285004,0.5683028697967529,,0
1332036.png,/home/ubuntu/SCB-05-Dataset/5k_HRW_Dataset_combined/images/val/1332036.png,3,1,29.520565032958984,30.597349166870117,27.81237030029297,28.275943756103516,0.22704219818115234,0.6664199829101562,0.04113836959004402,0.06539950519800186,,0
1332049.png,/home/ubuntu/SCB-05-Dataset/5k_HRW_Dataset_combined/images/val/1332049.png,3,0,29.838401794433594,29.662639617919922,24.857236862182617,29.178598403930664,0.42325595021247864,0.3550344705581665,0.0029061005916446447,0.21880340576171875,,0
1332040.png,/home/ubuntu/SCB-05-Dataset/5k_HRW_Dataset_combined/images/val/1332040.png,3,1,26.000913619995117,28.120454788208008,25.509798049926758,27.955156326293945,0.05883103236556053,0.48990458250045776,0.036001257598400116,0.4152630865573883,,0
1333035.png,/home/ubuntu/SCB-05-Dataset/5k_HRW_Dataset_combined/images/val/1333035.png,3,3,28.981060028076172,29.847707748413086,27.4505672454834,31.04402732849121,0.08722473680973053,0.20750091969966888,0.018877962604165077,0.6863964200019836,,0
1333038.png,/home/ubuntu/SCB-05-Dataset/5k_HRW_Dataset_combined/images/val/1333038.png,3,3,27.461612701416016,28.010419845581055,25.104036331176758,29.626527786254883,0.08665738254785538,0.15002012252807617,0.008202063851058483,0.7551205158233643,,0
1333045.png,/home/ubuntu/SCB-05-Dataset/5k_HRW_Dataset_combined/images/val/1333045.png,3,3,29.48737144470215,29.717571258544922,26.090049743652344,31.41971206665039,0.10871966183185577,0.1368619054555893,0.00363806146197021,0.750780463218689,,0
1333048.png,/home/ubuntu/SCB-05-Dataset/5k_HRW_Dataset_combined/images/val/1333048.png,3,3,30.22367286682129,30.50010871887207,26.655492782592773,32.241641998291016,0.10132060945034027,0.13358335196971893,0.0028579644858837128,0.7622380256652832,,0
1333050.png,/home/ubuntu/SCB-05-Dataset/5k_HRW_Dataset_combined/images/val/1333050.png,3,3,29.020648956298828,29.250776290893555,26.005088806152344,31.734912872314453,0.057467058300971985,0.07233724743127823,0.0028169413562864065,0.8673787117004395,,0
1335003.png,/home/ubuntu/SCB-05-Dataset/5k_HRW_Dataset_combined/images/val/1335003.png,2,0,28.761533737182617,28.28865623474121,27.686935424804688,28.1434326171875,0.3994235098361969,0.24892328679561615,0.13637711107730865,0.21527604758739471,,0
1335004.png,/home/ubuntu/SCB-05-Dataset/5k_HRW_Dataset_combined/images/val/1335004.png,3,3,27.132854461669922,27.16524887084961,25.281078338623047,29.863494873046875,0.0570366308093071,0.05891454592347145,0.008952364325523376,0.8750964403152466,,0
1335010.png,/home/ubuntu/SCB-05-Dataset/5k_HRW_Dataset_combined/images/val/1335010.png,3,3,26.64824676513672,28.285741806030273,26.594301223754883,31.471446990966797,0.0076073287054896355,0.03911895304918289,0.007207819726318121,0.9460659623146057,,0
1335017.png,/home/ubuntu/SCB-05-Dataset/5k_HRW_Dataset_combined/images/val/1335017.png,3,1,28.253374099731445,28.48729705810547,26.302051544189453,25.942331314086914,0.39923492074012756,0.504452109336853,0.056725699454545975,0.03958725556731224,,0
1340003.png,/home/ubuntu/SCB-05-Dataset/5k_HRW_Dataset_combined/images/val/1340003.png,3,3,27.214252471923828,28.630062103271484,27.376598358154297,28.84912872314453,0.0875280350446701,0.3605997860431671,0.10295633971691132,0.4489158093929291,,0
1335020.png,/home/ubuntu/SCB-05-Dataset/5k_HRW_Dataset_combined/images/val/1335020.png,3,3,26.945709228515625,28.146183013916016,26.406494140625,29.625919342041016,0.05130032077431679,0.17040377855300903,0.029918646439909935,0.7483772039413452,,0
1340005.png,/home/ubuntu/SCB-05-Dataset/5k_HRW_Dataset_combined/images/val/1340005.png,3,1,29.68057632446289,29.793190002441406,27.058528900146484,27.58767318725586,0.4319314658641815,0.48341748118400574,0.031381528824567795,0.05326949059963226,,0
1340007.png,/home/ubuntu/SCB-05-Dataset/5k_HRW_Dataset_combined/images/val/1340007.png,3,1,28.73184585571289,29.026275634765625,25.141738891601562,27.03167152404785,0.39175623655319214,0.5258781909942627,0.010810662992298603,0.07155493646860123,,0
1340010.png,/home/ubuntu/SCB-05-Dataset/5k_HRW_Dataset_combined/images/val/1340010.png,3,0,29.51558494567871,29.46541976928711,26.118738174438477,27.89272117614746,0.4583195447921753,0.43589505553245544,0.015343928709626198,0.09044146537780762,,0
1340012.png,/home/ubuntu/SCB-05-Dataset/5k_HRW_Dataset_combined/images/val/1340012.png,2,0,29.960254669189453,29.790103912353516,27.575454711914062,27.57488441467285,0.4931696057319641,0.4160071313381195,0.04542457312345505,0.04539867490530014,,0
1340013.png,/home/ubuntu/SCB-05-Dataset/5k_HRW_Dataset_combined/images/val/1340013.png,3,1,30.506982803344727,30.74515151977539,27.25457191467285,29.31434440612793,0.38299158215522766,0.4859868884086609,0.014814434573054314,0.11620717495679855,,0
1340018.png,/home/ubuntu/SCB-05-Dataset/5k_HRW_Dataset_combined/images/val/1340018.png,2,0,30.484485626220703,29.442995071411133,26.529178619384766,28.79871940612793,0.6421026587486267,0.22661615908145905,0.012298056855797768,0.11898316442966461,,0
1340019.png,/home/ubuntu/SCB-05-Dataset/5k_HRW_Dataset_combined/images/val/1340019.png,3,1,30.587581634521484,30.708372116088867,27.951526641845703,30.652088165283203,0.30612266063690186,0.3454252779483795,0.02193165011703968,0.3265204131603241,,0
1358005.png,/home/ubuntu/SCB-05-Dataset/5k_HRW_Dataset_combined/images/val/1358005.png,3,0,29.850955963134766,29.55436134338379,26.829206466674805,29.74405860900879,0.37165337800979614,0.27626678347587585,0.018105434253811836,0.3339743912220001,,0
1358006.png,/home/ubuntu/SCB-05-Dataset/5k_HRW_Dataset_combined/images/val/1358006.png,2,1,28.760066986083984,29.216045379638672,26.85106658935547,28.9248104095459,0.25607964396476746,0.4040209949016571,0.0379582941532135,0.3019410967826843,,0
1358011.png,/home/ubuntu/SCB-05-Dataset/5k_HRW_Dataset_combined/images/val/1358011.png,2,1,30.90859603881836,31.637733459472656,27.9537296295166,28.070959091186523,0.31407618522644043,0.6511714458465576,0.01635885052382946,0.01839352399110794,,0
1358019.png,/home/ubuntu/SCB-05-Dataset/5k_HRW_Dataset_combined/images/val/1358019.png,3,0,30.7495174407959,29.70502471923828,29.38766098022461,30.74506187438965,0.38408219814300537,0.1351471096277237,0.09839599579572678,0.38237473368644714,,0
1358020.png,/home/ubuntu/SCB-05-Dataset/5k_HRW_Dataset_combined/images/val/1358020.png,3,3,30.287260055541992,29.942018508911133,27.022842407226562,32.5419921875,0.08866027742624283,0.0627758577466011,0.0033885238226503134,0.8451753854751587,,0
1363012.png,/home/ubuntu/SCB-05-Dataset/5k_HRW_Dataset_combined/images/val/1363012.png,2,0,29.598920822143555,28.698448181152344,27.627546310424805,27.844064712524414,0.5818774104118347,0.23646192252635956,0.08103534579277039,0.10062530636787415,,0
1363017.png,/home/ubuntu/SCB-05-Dataset/5k_HRW_Dataset_combined/images/val/1363017.png,3,1,30.96530532836914,31.452810287475586,27.67989730834961,29.369443893432617,0.3486254811286926,0.5676489472389221,0.0130474166944623,0.07067816704511642,,0
1363018.png,/home/ubuntu/SCB-05-Dataset/5k_HRW_Dataset_combined/images/val/1363018.png,3,1,28.198627471923828,28.658489227294922,25.992389678955078,26.694604873657227,0.34291160106658936,0.5431222319602966,0.03775941580533981,0.0762067586183548,,0
1363025.png,/home/ubuntu/SCB-05-Dataset/5k_HRW_Dataset_combined/images/val/1363025.png,3,3,31.585350036621094,31.07476806640625,29.056209564208984,32.907047271728516,0.1841738075017929,0.11053120344877243,0.014683719724416733,0.6906113028526306,,0
1363032.png,/home/ubuntu/SCB-05-Dataset/5k_HRW_Dataset_combined/images/val/1363032.png,3,1,29.99434471130371,30.80660057067871,27.77744483947754,30.628442764282227,0.1905759572982788,0.42936471104621887,0.020762551575899124,0.35929685831069946,,0
1363041.png,/home/ubuntu/SCB-05-Dataset/5k_HRW_Dataset_combined/images/val/1363041.png,3,3,27.642826080322266,27.686786651611328,27.039146423339844,31.686979293823242,0.016763173043727875,0.01751652918756008,0.009166033938527107,0.9565542936325073,,0
1363034.png,/home/ubuntu/SCB-05-Dataset/5k_HRW_Dataset_combined/images/val/1363034.png,3,3,31.39826011657715,30.821048736572266,27.56868553161621,32.14257049560547,0.27113714814186096,0.15223319828510284,0.005888788495212793,0.570740818977356,,0
1367001.png,/home/ubuntu/SCB-05-Dataset/5k_HRW_Dataset_combined/images/val/1367001.png,2,1,28.798818588256836,30.063119888305664,28.71866798400879,29.540395736694336,0.13222548365592957,0.468159943819046,0.12204112857580185,0.27757352590560913,,0
1367003.png,/home/ubuntu/SCB-05-Dataset/5k_HRW_Dataset_combined/images/val/1367003.png,3,3,29.201030731201172,29.485958099365234,28.293811798095703,31.276899337768555,0.093416228890419,0.12421232461929321,0.03770701214671135,0.7446644306182861,,0
1367006.png,/home/ubuntu/SCB-05-Dataset/5k_HRW_Dataset_combined/images/val/1367006.png,2,1,31.09598159790039,31.618976593017578,28.422958374023438,28.61933708190918,0.35209521651268005,0.5940102934837341,0.02430977299809456,0.029584694653749466,,0
1379041.png,/home/ubuntu/SCB-05-Dataset/5k_HRW_Dataset_combined/images/val/1379041.png,2,1,29.441823959350586,29.727506637573242,26.920696258544922,25.929283142089844,0.4096916615962982,0.5451644659042358,0.03292647749185562,0.01221743505448103,,0
1379035.png,/home/ubuntu/SCB-05-Dataset/5k_HRW_Dataset_combined/images/val/1379035.png,2,1,30.463937759399414,30.880090713500977,27.47170066833496,26.789146423339844,0.38585492968559265,0.585001528263092,0.019360296428203583,0.00978323444724083,,0
1395005.png,/home/ubuntu/SCB-05-Dataset/5k_HRW_Dataset_combined/images/val/1395005.png,2,1,28.96113395690918,29.28536605834961,25.840797424316406,28.42496109008789,0.33199501037597656,0.45913854241371155,0.014655026607215405,0.19421134889125824,,0
1395008.png,/home/ubuntu/SCB-05-Dataset/5k_HRW_Dataset_combined/images/val/1395008.png,2,3,27.38865089416504,28.151655197143555,25.27647590637207,28.5218563079834,0.1569543480873108,0.33662155270576477,0.018987484276294708,0.4874366819858551,,0
1399008.png,/home/ubuntu/SCB-05-Dataset/5k_HRW_Dataset_combined/images/val/1399008.png,2,0,31.658226013183594,31.41985511779785,29.889923095703125,27.81311798095703,0.5050716996192932,0.39795127511024475,0.08617650717496872,0.010800499469041824,,0
1395010.png,/home/ubuntu/SCB-05-Dataset/5k_HRW_Dataset_combined/images/val/1395010.png,2,1,29.230430603027344,29.426774978637695,26.772045135498047,28.318729400634766,0.36977335810661316,0.44999417662620544,0.0316426157951355,0.14858974516391754,,0
1399009.png,/home/ubuntu/SCB-05-Dataset/5k_HRW_Dataset_combined/images/val/1399009.png,2,0,31.137805938720703,30.109766006469727,27.749656677246094,28.901662826538086,0.6674014925956726,0.23873445391654968,0.022538894787430763,0.07132512331008911,,0
1399010.png,/home/ubuntu/SCB-05-Dataset/5k_HRW_Dataset_combined/images/val/1399010.png,2,0,29.416175842285156,29.030609130859375,26.590442657470703,28.896766662597656,0.4284118711948395,0.2913479804992676,0.025389911606907845,0.25485020875930786,,0
1399026.png,/home/ubuntu/SCB-05-Dataset/5k_HRW_Dataset_combined/images/val/1399026.png,2,0,30.766403198242188,29.50020408630371,25.804805755615234,27.528369903564453,0.7529305219650269,0.21225190162658691,0.005271818954497576,0.029545743018388748,,0
1399027.png,/home/ubuntu/SCB-05-Dataset/5k_HRW_Dataset_combined/images/val/1399027.png,2,0,32.27853775024414,31.031465530395508,25.271146774291992,27.345773696899414,0.7719286680221558,0.22180971503257751,0.0006987244123592973,0.005562947131693363,,0
1424001.png,/home/ubuntu/SCB-05-Dataset/5k_HRW_Dataset_combined/images/val/1424001.png,2,0,31.1009464263916,30.51355743408203,26.817256927490234,28.988462448120117,0.5915390849113464,0.32876354455947876,0.008158319629728794,0.07153906673192978,,0
1424002.png,/home/ubuntu/SCB-05-Dataset/5k_HRW_Dataset_combined/images/val/1424002.png,2,0,30.40361976623535,30.22800636291504,27.680438995361328,28.654348373413086,0.4811142385005951,0.40362709760665894,0.03159263730049133,0.08366605639457703,,0
1424036.png,/home/ubuntu/SCB-05-Dataset/5k_HRW_Dataset_combined/images/val/1424036.png,2,0,30.27521324157715,29.800907135009766,27.36135482788086,27.363597869873047,0.5777105689048767,0.35951897501945496,0.03135001286864281,0.03142040967941284,,0
1427005.png,/home/ubuntu/SCB-05-Dataset/5k_HRW_Dataset_combined/images/val/1427005.png,2,1,29.875608444213867,30.069129943847656,27.574443817138672,27.2423152923584,0.41919949650764465,0.5087050795555115,0.04197954013943672,0.030115913599729538,,0
1429002.png,/home/ubuntu/SCB-05-Dataset/5k_HRW_Dataset_combined/images/val/1429002.png,2,1,29.464235305786133,30.049758911132812,27.339284896850586,27.895387649536133,0.32013779878616333,0.5749453902244568,0.03823690116405487,0.06667991727590561,,0
1429021.png,/home/ubuntu/SCB-05-Dataset/5k_HRW_Dataset_combined/images/val/1429021.png,2,0,31.48946762084961,31.192176818847656,29.47574806213379,28.576786041259766,0.5179605484008789,0.38475555181503296,0.06914318352937698,0.028140714392066002,,0
1429022.png,/home/ubuntu/SCB-05-Dataset/5k_HRW_Dataset_combined/images/val/1429022.png,2,1,30.46811866760254,30.972593307495117,28.616064071655273,30.12353515625,0.2839662432670593,0.47028082609176636,0.04455840215086937,0.20119446516036987,,0
1429024.png,/home/ubuntu/SCB-05-Dataset/5k_HRW_Dataset_combined/images/val/1429024.png,2,0,31.54803466796875,31.18473243713379,28.364971160888672,29.073345184326172,0.5491416454315186,0.38186004757881165,0.022766560316085815,0.04623175784945488,,0
1429026.png,/home/ubuntu/SCB-05-Dataset/5k_HRW_Dataset_combined/images/val/1429026.png,2,1,28.130712509155273,28.8933162689209,26.829809188842773,26.164352416992188,0.28120675683021545,0.60286545753479,0.0765685960650444,0.03935921937227249,,0
1429029.png,/home/ubuntu/SCB-05-Dataset/5k_HRW_Dataset_combined/images/val/1429029.png,2,1,29.082494735717773,29.109689712524414,26.263349533081055,26.309978485107422,0.4651748239994049,0.477998822927475,0.02775089628994465,0.029075535014271736,,0
1429033.png,/home/ubuntu/SCB-05-Dataset/5k_HRW_Dataset_combined/images/val/1429033.png,2,1,30.532672882080078,30.622657775878906,27.86017608642578,26.411476135253906,0.45882874727249146,0.5020310282707214,0.03169567883014679,0.007444535847753286,,0
1429035.png,/home/ubuntu/SCB-05-Dataset/5k_HRW_Dataset_combined/images/val/1429035.png,2,0,30.563262939453125,29.813405990600586,27.461820602416992,27.9169979095459,0.6295905113220215,0.2974400818347931,0.02832167223095894,0.04464777931571007,,0
1431001.png,/home/ubuntu/SCB-05-Dataset/5k_HRW_Dataset_combined/images/val/1431001.png,2,0,26.963985443115234,25.692676544189453,24.944534301757812,25.797054290771484,0.5798736810684204,0.16263386607170105,0.07696565240621567,0.18052677810192108,,0
1431004.png,/home/ubuntu/SCB-05-Dataset/5k_HRW_Dataset_combined/images/val/1431004.png,2,1,28.80658531188965,29.467248916625977,26.746797561645508,26.183622360229492,0.31886279582977295,0.6173428297042847,0.04064895957708359,0.023145444691181183,,0
1431010.png,/home/ubuntu/SCB-05-Dataset/5k_HRW_Dataset_combined/images/val/1431010.png,2,0,30.066734313964844,29.442007064819336,28.33675765991211,29.86944007873535,0.3946882486343384,0.21131902933120728,0.06997370719909668,0.3240189552307129,,0
1431013.png,/home/ubuntu/SCB-05-Dataset/5k_HRW_Dataset_combined/images/val/1431013.png,2,0,28.436267852783203,28.200916290283203,25.93732452392578,26.900100708007812,0.47900310158729553,0.37855279445648193,0.03936053812503815,0.10308356583118439,,0
1431015.png,/home/ubuntu/SCB-05-Dataset/5k_HRW_Dataset_combined/images/val/1431015.png,2,1,30.133140563964844,30.405166625976562,28.093141555786133,26.91105842590332,0.40281617641448975,0.5287449955940247,0.052377719432115555,0.016061067581176758,,0
1433002.png,/home/ubuntu/SCB-05-Dataset/5k_HRW_Dataset_combined/images/val/1433002.png,2,0,29.745763778686523,28.926584243774414,25.713760375976562,25.243154525756836,0.6804517507553101,0.29993847012519836,0.01207036804407835,0.007539438083767891,,0
1433005.png,/home/ubuntu/SCB-05-Dataset/5k_HRW_Dataset_combined/images/val/1433005.png,2,0,30.31100082397461,27.485292434692383,25.073522567749023,28.37761688232422,0.8269669413566589,0.04901156947016716,0.00439420435577631,0.11962725967168808,,0
1433010.png,/home/ubuntu/SCB-05-Dataset/5k_HRW_Dataset_combined/images/val/1433010.png,2,0,26.04837417602539,25.94541358947754,23.238191604614258,22.82956886291504,0.49941083788871765,0.45054975152015686,0.03006153739988804,0.019977843388915062,,0
1433011.png,/home/ubuntu/SCB-05-Dataset/5k_HRW_Dataset_combined/images/val/1433011.png,2,1,27.457347869873047,27.459564208984375,24.763648986816406,23.590116500854492,0.4782937467098236,0.47935500741004944,0.03234716132283211,0.01000408735126257,,0
1433016.png,/home/ubuntu/SCB-05-Dataset/5k_HRW_Dataset_combined/images/val/1433016.png,2,0,29.69416046142578,28.88016128540039,27.19820785522461,28.16949462890625,0.5736594796180725,0.254178524017334,0.04727981612086296,0.12488210946321487,,0
2110008.png,/home/ubuntu/SCB-05-Dataset/5k_HRW_Dataset_combined/images/val/2110008.png,3,0,31.899011611938477,31.568140029907227,28.420698165893555,30.366151809692383,0.5088866353034973,0.3655319809913635,0.015703942626714706,0.10987742245197296,,0
2110014.png,/home/ubuntu/SCB-05-Dataset/5k_HRW_Dataset_combined/images/val/2110014.png,2,1,30.195640563964844,30.478870391845703,27.323102951049805,30.15266990661621,0.29923051595687866,0.39720165729522705,0.016923051327466965,0.28664472699165344,,0
2110017.png,/home/ubuntu/SCB-05-Dataset/5k_HRW_Dataset_combined/images/val/2110017.png,3,0,31.49123764038086,31.057680130004883,28.427946090698242,29.973613739013672,0.5224210619926453,0.33863282203674316,0.024414625018835068,0.114531509578228,,0
2110038.png,/home/ubuntu/SCB-05-Dataset/5k_HRW_Dataset_combined/images/val/2110038.png,3,3,24.428346633911133,25.661415100097656,23.6232967376709,26.508867263793945,0.07759488373994827,0.26628577709198,0.0346900075674057,0.6214293241500854,,0
3000002.png,/home/ubuntu/SCB-05-Dataset/5k_HRW_Dataset_combined/images/val/3000002.png,3,1,27.8358097076416,28.83010482788086,24.276859283447266,26.077190399169922,0.25617578625679016,0.6923966407775879,0.007292988710105419,0.04413462057709694,,0
3000003.png,/home/ubuntu/SCB-05-Dataset/5k_HRW_Dataset_combined/images/val/3000003.png,2,0,30.96756362915039,30.70890235900879,26.871320724487305,26.33177947998047,0.5560442209243774,0.42931315302848816,0.00924982875585556,0.005392794497311115,,0
3000009.png,/home/ubuntu/SCB-05-Dataset/5k_HRW_Dataset_combined/images/val/3000009.png,2,1,30.5858097076416,30.83604621887207,27.019601821899414,26.405725479125977,0.4295737147331238,0.5517140030860901,0.012140966951847076,0.006571282632648945,,0
3000008.png,/home/ubuntu/SCB-05-Dataset/5k_HRW_Dataset_combined/images/val/3000008.png,2,0,31.397735595703125,30.51249122619629,26.982343673706055,27.649965286254883,0.6904773712158203,0.2849001884460449,0.008347743190824986,0.016274718567728996,,0
3000010.png,/home/ubuntu/SCB-05-Dataset/5k_HRW_Dataset_combined/images/val/3000010.png,2,0,31.96209144592285,31.027931213378906,27.052284240722656,27.4103946685791,0.7087981700897217,0.27849793434143066,0.005226613953709602,0.007477317005395889,,0
3000014.png,/home/ubuntu/SCB-05-Dataset/5k_HRW_Dataset_combined/images/val/3000014.png,2,0,32.02186584472656,31.182437896728516,27.65585708618164,27.186124801635742,0.6884206533432007,0.29736849665641785,0.00874420627951622,0.005466612055897713,,0
3000021.png,/home/ubuntu/SCB-05-Dataset/5k_HRW_Dataset_combined/images/val/3000021.png,3,0,28.116666793823242,27.766918182373047,24.22382164001465,24.637710571289062,0.5694462060928345,0.4013828635215759,0.011609447188675404,0.01756148599088192,,0
3000022.png,/home/ubuntu/SCB-05-Dataset/5k_HRW_Dataset_combined/images/val/3000022.png,3,0,30.162715911865234,29.479145050048828,25.529438018798828,26.934146881103516,0.6434392929077148,0.3248153328895569,0.006256054621189833,0.02548929676413536,,0
3000023.png,/home/ubuntu/SCB-05-Dataset/5k_HRW_Dataset_combined/images/val/3000023.png,2,1,31.169254302978516,31.181743621826172,28.03192710876465,28.118873596191406,0.47544172406196594,0.4814169108867645,0.020633524283766747,0.022507837042212486,,0
3000025.png,/home/ubuntu/SCB-05-Dataset/5k_HRW_Dataset_combined/images/val/3000025.png,2,0,32.154396057128906,30.74054718017578,27.38996696472168,28.31011390686035,0.7854626774787903,0.19102878868579865,0.006698234006762505,0.016810283064842224,,0
3000030.png,/home/ubuntu/SCB-05-Dataset/5k_HRW_Dataset_combined/images/val/3000030.png,2,0,31.678264617919922,31.232135772705078,29.135068893432617,28.530359268188477,0.5676470994949341,0.36335164308547974,0.04462544247508049,0.02437589131295681,,0
3000032.png,/home/ubuntu/SCB-05-Dataset/5k_HRW_Dataset_combined/images/val/3000032.png,2,0,23.82426643371582,23.643892288208008,20.658344268798828,21.817012786865234,0.4971438944339752,0.4150941073894501,0.020967157557606697,0.06679483503103256,,0
3000035.png,/home/ubuntu/SCB-05-Dataset/5k_HRW_Dataset_combined/images/val/3000035.png,2,0,31.39837646484375,30.706743240356445,27.407148361206055,27.229440689086914,0.6515917778015137,0.32628950476646423,0.012039465829730034,0.010079286061227322,,0
3000039.png,/home/ubuntu/SCB-05-Dataset/5k_HRW_Dataset_combined/images/val/3000039.png,2,0,25.7657527923584,24.410673141479492,22.512754440307617,21.795888900756836,0.7601898312568665,0.1960732787847519,0.02938751131296158,0.014349344186484814,,0
3000056.png,/home/ubuntu/SCB-05-Dataset/5k_HRW_Dataset_combined/images/val/3000056.png,2,1,26.55694580078125,27.064550399780273,24.491809844970703,24.39286994934082,0.34447553753852844,0.5722795724868774,0.0436798594892025,0.03956509009003639,,0
3000068.png,/home/ubuntu/SCB-05-Dataset/5k_HRW_Dataset_combined/images/val/3000068.png,2,1,29.106258392333984,30.453432083129883,29.314697265625,28.782058715820312,0.1470285952091217,0.5655511617660522,0.18110299110412598,0.10631722211837769,,0
3000080.png,/home/ubuntu/SCB-05-Dataset/5k_HRW_Dataset_combined/images/val/3000080.png,3,1,29.834205627441406,31.08449935913086,27.146486282348633,27.78681755065918,0.21328894793987274,0.7446702122688293,0.014511310495436192,0.027529539540410042,,0
3000082.png,/home/ubuntu/SCB-05-Dataset/5k_HRW_Dataset_combined/images/val/3000082.png,2,1,28.64139747619629,29.947492599487305,25.89812660217285,26.214054107666016,0.20642560720443726,0.7620674967765808,0.013285445049405098,0.018221398815512657,,0
3000084.png,/home/ubuntu/SCB-05-Dataset/5k_HRW_Dataset_combined/images/val/3000084.png,3,1,30.989891052246094,31.665664672851562,28.054615020751953,28.730058670043945,0.3202011287212372,0.6293722987174988,0.017007820308208466,0.03341874107718468,,0
3000087.png,/home/ubuntu/SCB-05-Dataset/5k_HRW_Dataset_combined/images/val/3000087.png,2,1,27.874330520629883,28.39093780517578,26.013010025024414,25.010517120361328,0.3461586534976959,0.5802764296531677,0.05381632223725319,0.01974862441420555,,0
3000090.png,/home/ubuntu/SCB-05-Dataset/5k_HRW_Dataset_combined/images/val/3000090.png,2,0,29.7393798828125,29.41720199584961,26.092063903808594,25.511259078979492,0.5665048360824585,0.41047200560569763,0.014763672836124897,0.008259506896138191,,0
3000102.png,/home/ubuntu/SCB-05-Dataset/5k_HRW_Dataset_combined/images/val/3000102.png,2,0,31.589502334594727,30.374496459960938,26.979476928710938,28.769102096557617,0.7319347858428955,0.21717111766338348,0.007283897139132023,0.04361020401120186,,0
3000105.png,/home/ubuntu/SCB-05-Dataset/5k_HRW_Dataset_combined/images/val/3000105.png,2,1,31.849258422851562,32.097389221191406,29.62135887145996,30.713504791259766,0.36892715096473694,0.4728272557258606,0.03975357487797737,0.1184920221567154,,0
3000108.png,/home/ubuntu/SCB-05-Dataset/5k_HRW_Dataset_combined/images/val/3000108.png,2,0,30.319595336914062,29.77107810974121,27.320215225219727,27.223739624023438,0.5977786183357239,0.34540003538131714,0.02978009730577469,0.02704128436744213,,0
3000112.png,/home/ubuntu/SCB-05-Dataset/5k_HRW_Dataset_combined/images/val/3000112.png,2,0,31.723522186279297,31.592269897460938,28.426074981689453,30.76900863647461,0.4349767863750458,0.3814731240272522,0.016084330156445503,0.16746579110622406,,0
3000115.png,/home/ubuntu/SCB-05-Dataset/5k_HRW_Dataset_combined/images/val/3000115.png,2,1,26.953006744384766,29.010168075561523,25.357759475708008,25.251556396484375,0.10858934372663498,0.8495736122131348,0.022028256207704544,0.019808733835816383,,0
3000125.png,/home/ubuntu/SCB-05-Dataset/5k_HRW_Dataset_combined/images/val/3000125.png,2,0,31.228199005126953,30.813312530517578,26.69583511352539,27.031219482421875,0.5930454730987549,0.3916562497615814,0.006378335412591696,0.00891996081918478,,0
3000128.png,/home/ubuntu/SCB-05-Dataset/5k_HRW_Dataset_combined/images/val/3000128.png,2,0,30.9990234375,30.7734317779541,26.347488403320312,27.374160766601562,0.5451837778091431,0.4350806474685669,0.005204834975302219,0.014530651271343231,,0
3000136.png,/home/ubuntu/SCB-05-Dataset/5k_HRW_Dataset_combined/images/val/3000136.png,2,1,29.42841911315918,30.466157913208008,27.362077713012695,27.813499450683594,0.2410578429698944,0.6804645657539368,0.0305295679718256,0.04794801399111748,,0
3000141.png,/home/ubuntu/SCB-05-Dataset/5k_HRW_Dataset_combined/images/val/3000141.png,2,0,30.888540267944336,30.35099220275879,27.870136260986328,27.350914001464844,0.6016339063644409,0.351461797952652,0.029407363384962082,0.017496883869171143,,0
3000147.png,/home/ubuntu/SCB-05-Dataset/5k_HRW_Dataset_combined/images/val/3000147.png,2,0,31.722763061523438,31.565540313720703,29.94741439819336,27.376535415649414,0.49094367027282715,0.4195180833339691,0.08317781239748001,0.006360466592013836,,0
3000170.png,/home/ubuntu/SCB-05-Dataset/5k_HRW_Dataset_combined/images/val/3000170.png,2,0,32.004390716552734,30.866199493408203,27.405467987060547,29.214052200317383,0.7184624671936035,0.23019395768642426,0.007229650858789682,0.044113900512456894,,0
3000184.png,/home/ubuntu/SCB-05-Dataset/5k_HRW_Dataset_combined/images/val/3000184.png,2,0,31.023773193359375,30.827314376831055,27.08207130432129,26.757055282592773,0.5390608906745911,0.44291138648986816,0.010465944185853004,0.007561809848994017,,0
3000187.png,/home/ubuntu/SCB-05-Dataset/5k_HRW_Dataset_combined/images/val/3000187.png,2,1,29.968278884887695,31.3514347076416,30.109905242919922,29.043670654296875,0.15299178659915924,0.6100494265556335,0.17626889050006866,0.060689814388751984,,0
3000188.png,/home/ubuntu/SCB-05-Dataset/5k_HRW_Dataset_combined/images/val/3000188.png,2,0,32.827083587646484,32.65635681152344,29.39579200744629,28.71767807006836,0.5285930037498474,0.44563135504722595,0.017097415402531624,0.008678192272782326,,0
3000192.png,/home/ubuntu/SCB-05-Dataset/5k_HRW_Dataset_combined/images/val/3000192.png,2,1,30.687904357910156,30.830257415771484,27.9355411529541,27.915477752685547,0.43873679637908936,0.5058563351631165,0.02798130176961422,0.0274254959076643,,0
3000198.png,/home/ubuntu/SCB-05-Dataset/5k_HRW_Dataset_combined/images/val/3000198.png,2,1,29.842451095581055,30.202573776245117,26.549192428588867,25.98659324645996,0.40131738781929016,0.5752906203269958,0.014901979826390743,0.00849004928022623,,0
3000199.png,/home/ubuntu/SCB-05-Dataset/5k_HRW_Dataset_combined/images/val/3000199.png,2,1,29.32765769958496,30.15766143798828,26.41831398010254,25.98661994934082,0.29557475447654724,0.6778495907783508,0.01611221954226494,0.010463405400514603,,0
3000202.png,/home/ubuntu/SCB-05-Dataset/5k_HRW_Dataset_combined/images/val/3000202.png,2,0,32.33369064331055,31.140592575073242,28.592458724975586,27.370250701904297,0.7496286034584045,0.22734752297401428,0.017784832045435905,0.00523903826251626,,0
3000205.png,/home/ubuntu/SCB-05-Dataset/5k_HRW_Dataset_combined/images/val/3000205.png,3,3,26.6567440032959,27.606868743896484,25.43280792236328,27.80636215209961,0.14210419356822968,0.36748600006103516,0.04178863763809204,0.44862109422683716,,0
3000239.png,/home/ubuntu/SCB-05-Dataset/5k_HRW_Dataset_combined/images/val/3000239.png,2,0,31.87975311279297,31.879497528076172,29.134920120239258,27.76058006286621,0.4807088077068329,0.4805859625339508,0.030889881774783134,0.007815341465175152,,0
3000250.png,/home/ubuntu/SCB-05-Dataset/5k_HRW_Dataset_combined/images/val/3000250.png,2,1,31.425846099853516,31.564411163330078,27.6325740814209,26.684717178344727,0.4587419033050537,0.5269221663475037,0.010331688448786736,0.004004260059446096,,0
3001002.png,/home/ubuntu/SCB-05-Dataset/5k_HRW_Dataset_combined/images/val/3001002.png,3,1,27.587154388427734,29.044755935668945,25.105670928955078,25.883602142333984,0.17981411516666412,0.772417426109314,0.015035890974104404,0.03273259103298187,,0
3001001.png,/home/ubuntu/SCB-05-Dataset/5k_HRW_Dataset_combined/images/val/3001001.png,3,1,28.715211868286133,29.312301635742188,25.739246368408203,27.626205444335938,0.31207355856895447,0.5669826865196228,0.01591518148779869,0.10502858459949493,,0
3001014.png,/home/ubuntu/SCB-05-Dataset/5k_HRW_Dataset_combined/images/val/3001014.png,2,1,34.096221923828125,34.35212326049805,32.755733489990234,30.869155883789062,0.38565120100975037,0.4981168210506439,0.10093177855014801,0.015300219878554344,,0
3001020.png,/home/ubuntu/SCB-05-Dataset/5k_HRW_Dataset_combined/images/val/3001020.png,2,0,30.484485626220703,29.442995071411133,26.529178619384766,28.79871940612793,0.6421026587486267,0.22661615908145905,0.012298056855797768,0.11898316442966461,,0
3001025.png,/home/ubuntu/SCB-05-Dataset/5k_HRW_Dataset_combined/images/val/3001025.png,3,1,29.388412475585938,30.378520965576172,28.816417694091797,29.14617156982422,0.19838154315948486,0.5339491367340088,0.11196622252464294,0.1557031273841858,,0
3001023.png,/home/ubuntu/SCB-05-Dataset/5k_HRW_Dataset_combined/images/val/3001023.png,3,3,28.190956115722656,29.413753509521484,27.690141677856445,30.315288543701172,0.07479418814182281,0.25405165553092957,0.045328035950660706,0.6258261203765869,,0
3001026.png,/home/ubuntu/SCB-05-Dataset/5k_HRW_Dataset_combined/images/val/3001026.png,3,1,28.284629821777344,28.804279327392578,26.355588912963867,28.04865837097168,0.27650824189186096,0.4649314880371094,0.040173180401325226,0.21838708221912384,,0
3001032.png,/home/ubuntu/SCB-05-Dataset/5k_HRW_Dataset_combined/images/val/3001032.png,3,3,29.64364242553711,30.10746192932129,28.086688995361328,30.9851016998291,0.1509312391281128,0.24000118672847748,0.031812869012355804,0.5772547125816345,,0
3001033.png,/home/ubuntu/SCB-05-Dataset/5k_HRW_Dataset_combined/images/val/3001033.png,3,1,28.023792266845703,28.8912353515625,27.573633193969727,27.951919555664062,0.20206137001514435,0.481070876121521,0.128819540143013,0.18804828822612762,,0
3001036.png,/home/ubuntu/SCB-05-Dataset/5k_HRW_Dataset_combined/images/val/3001036.png,3,1,28.88587760925293,29.301738739013672,25.97750473022461,27.219205856323242,0.36243513226509094,0.5493339896202087,0.01977607049047947,0.0684548020362854,,0
3001038.png,/home/ubuntu/SCB-05-Dataset/5k_HRW_Dataset_combined/images/val/3001038.png,3,1,29.683109283447266,29.878812789916992,25.478336334228516,29.3942928314209,0.3355434536933899,0.40807661414146423,0.005007708910852671,0.2513722777366638,,0
3001049.png,/home/ubuntu/SCB-05-Dataset/5k_HRW_Dataset_combined/images/val/3001049.png,3,1,28.715211868286133,29.312301635742188,25.739246368408203,27.626205444335938,0.31207355856895447,0.5669826865196228,0.01591518148779869,0.10502858459949493,,0
3001053.png,/home/ubuntu/SCB-05-Dataset/5k_HRW_Dataset_combined/images/val/3001053.png,3,1,28.031803131103516,29.455190658569336,26.599031448364258,28.263837814331055,0.1503540426492691,0.6241434812545776,0.03588147088885307,0.1896210014820099,,0
3001056.png,/home/ubuntu/SCB-05-Dataset/5k_HRW_Dataset_combined/images/val/3001056.png,3,3,28.094446182250977,27.98334312438965,27.207189559936523,28.57576560974121,0.25478753447532654,0.22799573838710785,0.10491739958524704,0.4122992753982544,,0
3001070.png,/home/ubuntu/SCB-05-Dataset/5k_HRW_Dataset_combined/images/val/3001070.png,3,1,28.73323631286621,30.673646926879883,28.13422966003418,28.03586196899414,0.1110018789768219,0.7727516889572144,0.06097966432571411,0.05526681989431381,,0
3001080.png,/home/ubuntu/SCB-05-Dataset/5k_HRW_Dataset_combined/images/val/3001080.png,3,3,25.004318237304688,25.754478454589844,25.791645050048828,27.005226135253906,0.07867436856031418,0.16658031940460205,0.17288802564144135,0.5818572640419006,,0
3001083.png,/home/ubuntu/SCB-05-Dataset/5k_HRW_Dataset_combined/images/val/3001083.png,3,1,28.55941390991211,30.256689071655273,28.7252197265625,29.796977996826172,0.09019895642995834,0.49240079522132874,0.10646578669548035,0.3109343945980072,,0
3001085.png,/home/ubuntu/SCB-05-Dataset/5k_HRW_Dataset_combined/images/val/3001085.png,3,1,29.402589797973633,31.1711368560791,29.719526290893555,30.34105682373047,0.09266719967126846,0.5432456135749817,0.12722422182559967,0.2368629276752472,,0
3001097.png,/home/ubuntu/SCB-05-Dataset/5k_HRW_Dataset_combined/images/val/3001097.png,3,0,30.47355079650879,30.24104881286621,26.18450164794922,30.081344604492188,0.40292832255363464,0.3193401098251343,0.005527355708181858,0.27220419049263,,0
3001101.png,/home/ubuntu/SCB-05-Dataset/5k_HRW_Dataset_combined/images/val/3001101.png,3,0,32.100162506103516,31.109010696411133,27.656883239746094,27.68639373779297,0.7168378233909607,0.26605358719825745,0.008428092114627361,0.008680514991283417,,0
3001103.png,/home/ubuntu/SCB-05-Dataset/5k_HRW_Dataset_combined/images/val/3001103.png,3,0,32.182369232177734,30.605566024780273,27.51902961730957,28.054237365722656,0.8115680813789368,0.16769805550575256,0.007657064124941826,0.013076757080852985,,0
3001109.png,/home/ubuntu/SCB-05-Dataset/5k_HRW_Dataset_combined/images/val/3001109.png,3,1,30.613744735717773,30.78377914428711,28.50484275817871,30.28687858581543,0.3302622139453888,0.3914748728275299,0.04008430615067482,0.2381785809993744,,0
3001110.png,/home/ubuntu/SCB-05-Dataset/5k_HRW_Dataset_combined/images/val/3001110.png,3,1,30.809545516967773,31.05149269104004,29.03680419921875,29.460418701171875,0.3699510395526886,0.4712165892124176,0.06284235417842865,0.09598997980356216,,0
3001124.png,/home/ubuntu/SCB-05-Dataset/5k_HRW_Dataset_combined/images/val/3001124.png,2,1,30.0175724029541,30.20673179626465,27.163516998291016,28.627201080322266,0.39764174818992615,0.4804441034793854,0.022908227518200874,0.09900597482919693,,0
3001125.png,/home/ubuntu/SCB-05-Dataset/5k_HRW_Dataset_combined/images/val/3001125.png,2,1,28.8331298828125,30.171363830566406,27.224206924438477,27.740541458129883,0.18699434399604797,0.712879478931427,0.03741813451051712,0.0627080574631691,,0
3001131.png,/home/ubuntu/SCB-05-Dataset/5k_HRW_Dataset_combined/images/val/3001131.png,2,1,29.273033142089844,30.049470901489258,27.041553497314453,27.29300880432129,0.2924702763557434,0.6357470750808716,0.03140237182378769,0.04038016498088837,,0
3001136.png,/home/ubuntu/SCB-05-Dataset/5k_HRW_Dataset_combined/images/val/3001136.png,2,1,29.137310028076172,30.457120895385742,27.288532257080078,27.840959548950195,0.19328632950782776,0.7234154343605042,0.030428966507315636,0.05286926403641701,,0
3001158.png,/home/ubuntu/SCB-05-Dataset/5k_HRW_Dataset_combined/images/val/3001158.png,2,0,31.772708892822266,30.03152084350586,27.659517288208008,26.978683471679688,0.8333703875541687,0.14609982073307037,0.013630181550979614,0.006899526342749596,,0
3001159.png,/home/ubuntu/SCB-05-Dataset/5k_HRW_Dataset_combined/images/val/3001159.png,2,0,31.530357360839844,30.12826156616211,28.16827964782715,27.101987838745117,0.7735879421234131,0.19036506116390228,0.026815004646778107,0.009231945499777794,,0
3001160.png,/home/ubuntu/SCB-05-Dataset/5k_HRW_Dataset_combined/images/val/3001160.png,2,1,30.061429977416992,31.102767944335938,28.985458374023438,28.618452072143555,0.22674736380577087,0.6423763632774353,0.07731320708990097,0.05356299504637718,,0
3001167.png,/home/ubuntu/SCB-05-Dataset/5k_HRW_Dataset_combined/images/val/3001167.png,2,1,29.875072479248047,31.953121185302734,30.47669219970703,31.234683990478516,0.0679873526096344,0.543141782283783,0.12408185750246048,0.26478898525238037,,0
3001169.png,/home/ubuntu/SCB-05-Dataset/5k_HRW_Dataset_combined/images/val/3001169.png,2,1,30.461135864257812,30.944454193115234,27.28801727294922,28.608858108520508,0.35458502173423767,0.5749404430389404,0.014847471378743649,0.05562709644436836,,0
3001176.png,/home/ubuntu/SCB-05-Dataset/5k_HRW_Dataset_combined/images/val/3001176.png,2,1,30.396724700927734,30.534818649291992,29.56763458251953,28.89842987060547,0.35612019896507263,0.408855676651001,0.15542730689048767,0.07959676533937454,,0
3001180.png,/home/ubuntu/SCB-05-Dataset/5k_HRW_Dataset_combined/images/val/3001180.png,2,1,29.65625762939453,30.25113296508789,28.140090942382812,28.479969024658203,0.2993314564228058,0.5426295399665833,0.06571878492832184,0.09232019633054733,,0
3001185.png,/home/ubuntu/SCB-05-Dataset/5k_HRW_Dataset_combined/images/val/3001185.png,2,3,27.77256965637207,28.851783752441406,29.107839584350586,29.233736038208008,0.08295745402574539,0.24409119784832,0.3153230547904968,0.3576282858848572,,0
3001189.png,/home/ubuntu/SCB-05-Dataset/5k_HRW_Dataset_combined/images/val/3001189.png,3,1,30.312767028808594,30.378828048706055,28.541156768798828,29.212480545043945,0.38893455266952515,0.4154956638813019,0.06614179164171219,0.1294279843568802,,0
3001192.png,/home/ubuntu/SCB-05-Dataset/5k_HRW_Dataset_combined/images/val/3001192.png,2,0,31.02582359313965,30.27547264099121,26.8289737701416,25.23850440979004,0.6710013747215271,0.31684738397598267,0.01009379979223013,0.0020574182271957397,,0
3001190.png,/home/ubuntu/SCB-05-Dataset/5k_HRW_Dataset_combined/images/val/3001190.png,3,1,30.69090461730957,31.491167068481445,29.445886611938477,30.87652587890625,0.21195299923419952,0.47183388471603394,0.06102883815765381,0.25518423318862915,,0
3001195.png,/home/ubuntu/SCB-05-Dataset/5k_HRW_Dataset_combined/images/val/3001195.png,2,0,31.546083450317383,31.52544403076172,29.218244552612305,28.43247413635254,0.4713604748249054,0.46173158288002014,0.04596058279275894,0.02094738371670246,,0
3001196.png,/home/ubuntu/SCB-05-Dataset/5k_HRW_Dataset_combined/images/val/3001196.png,2,0,30.573102951049805,30.10796356201172,27.92228126525879,27.234312057495117,0.5766611695289612,0.36217060685157776,0.04070834815502167,0.020459841936826706,,0
3001204.png,/home/ubuntu/SCB-05-Dataset/5k_HRW_Dataset_combined/images/val/3001204.png,3,1,28.46782875061035,30.246185302734375,28.259967803955078,28.73122787475586,0.11069557815790176,0.6553309559822083,0.08992022275924683,0.14405323565006256,,0
3001207.png,/home/ubuntu/SCB-05-Dataset/5k_HRW_Dataset_combined/images/val/3001207.png,2,1,29.04389190673828,29.317468643188477,28.388898849487305,27.53754234313965,0.32724419236183167,0.4302142858505249,0.1699855923652649,0.07255589216947556,,0
3001210.png,/home/ubuntu/SCB-05-Dataset/5k_HRW_Dataset_combined/images/val/3001210.png,2,3,25.798526763916016,26.29169273376465,27.002700805664062,27.09577178955078,0.10383464395999908,0.170028418302536,0.3461851179599762,0.3799518942832947,,0
3001222.png,/home/ubuntu/SCB-05-Dataset/5k_HRW_Dataset_combined/images/val/3001222.png,2,1,30.4536075592041,31.075542449951172,28.575414657592773,27.273183822631836,0.3271220922470093,0.60927414894104,0.05000587925314903,0.013597823679447174,,0
3001224.png,/home/ubuntu/SCB-05-Dataset/5k_HRW_Dataset_combined/images/val/3001224.png,2,1,28.67667007446289,29.670597076416016,26.793861389160156,25.171194076538086,0.25746527314186096,0.6956258416175842,0.039176471531391144,0.007732320576906204,,0
3001241.png,/home/ubuntu/SCB-05-Dataset/5k_HRW_Dataset_combined/images/val/3001241.png,2,0,31.553089141845703,30.715105056762695,27.21946907043457,27.314842224121094,0.6848683953285217,0.2962615489959717,0.008985450491309166,0.00988461822271347,,0
3001244.png,/home/ubuntu/SCB-05-Dataset/5k_HRW_Dataset_combined/images/val/3001244.png,2,0,29.5369930267334,29.464500427246094,26.314983367919922,27.279991149902344,0.48201802372932434,0.44831180572509766,0.019220393151044846,0.05044984072446823,,0
3001251.png,/home/ubuntu/SCB-05-Dataset/5k_HRW_Dataset_combined/images/val/3001251.png,2,0,29.032766342163086,28.623109817504883,25.356853485107422,24.94407081604004,0.5861783027648926,0.389151006937027,0.014845714904367924,0.009824984706938267,,0
3001255.png,/home/ubuntu/SCB-05-Dataset/5k_HRW_Dataset_combined/images/val/3001255.png,2,0,28.860506057739258,28.510162353515625,24.796722412109375,25.657230377197266,0.5674535632133484,0.3997403681278229,0.009751052595674992,0.02305501326918602,,0
3001260.png,/home/ubuntu/SCB-05-Dataset/5k_HRW_Dataset_combined/images/val/3001260.png,2,1,29.74867820739746,29.969818115234375,29.465728759765625,27.864953994750977,0.31715038418769836,0.3956444263458252,0.2389911413192749,0.048214107751846313,,0
3001264.png,/home/ubuntu/SCB-05-Dataset/5k_HRW_Dataset_combined/images/val/3001264.png,2,0,30.709823608398438,28.734939575195312,25.097354888916016,26.332069396972656,0.8658135533332825,0.12015536427497864,0.003161987755447626,0.010869007557630539,,0
3001267.png,/home/ubuntu/SCB-05-Dataset/5k_HRW_Dataset_combined/images/val/3001267.png,2,0,29.033023834228516,28.64577865600586,25.925106048583984,26.054168701171875,0.5635486841201782,0.3826070725917816,0.02518719993531704,0.02865702472627163,,0
3001268.png,/home/ubuntu/SCB-05-Dataset/5k_HRW_Dataset_combined/images/val/3001268.png,2,0,28.188451766967773,27.968002319335938,25.00189781188965,26.857471466064453,0.47445300221443176,0.3805863857269287,0.019601548090577126,0.12535907328128815,,0
3001270.png,/home/ubuntu/SCB-05-Dataset/5k_HRW_Dataset_combined/images/val/3001270.png,3,1,30.033742904663086,30.356904983520508,27.57463836669922,28.106143951416016,0.3827754259109497,0.5288001298904419,0.03273169696331024,0.05569272115826607,,0
3001274.png,/home/ubuntu/SCB-05-Dataset/5k_HRW_Dataset_combined/images/val/3001274.png,2,1,30.604961395263672,30.761898040771484,28.6438045501709,26.8548526763916,0.42842474579811096,0.5012233257293701,0.060277462005615234,0.010074488818645477,,0
3001293.png,/home/ubuntu/SCB-05-Dataset/5k_HRW_Dataset_combined/images/val/3001293.png,2,0,30.20993995666504,29.623640060424805,27.16256332397461,29.353214263916016,0.49299564957618713,0.2742939591407776,0.023409074172377586,0.20930127799510956,,0
3001295.png,/home/ubuntu/SCB-05-Dataset/5k_HRW_Dataset_combined/images/val/3001295.png,2,0,32.6275749206543,31.879743576049805,29.288148880004883,28.10538673400879,0.6580182909965515,0.3115006387233734,0.023331552743911743,0.007149514742195606,,0
3001294.png,/home/ubuntu/SCB-05-Dataset/5k_HRW_Dataset_combined/images/val/3001294.png,2,0,32.000518798828125,31.308794021606445,28.521514892578125,27.86748695373535,0.6461684703826904,0.32354414463043213,0.019926616922020912,0.01036078855395317,,0
3001306.png,/home/ubuntu/SCB-05-Dataset/5k_HRW_Dataset_combined/images/val/3001306.png,2,1,29.87661361694336,30.422639846801758,27.492210388183594,27.1063175201416,0.34708166122436523,0.5991945266723633,0.03198147565126419,0.02174239233136177,,0
3001324.png,/home/ubuntu/SCB-05-Dataset/5k_HRW_Dataset_combined/images/val/3001324.png,2,1,28.983983993530273,29.859352111816406,28.255542755126953,26.62726402282715,0.25143635272979736,0.6033865213394165,0.1213584616780281,0.02381867542862892,,0
3001333.png,/home/ubuntu/SCB-05-Dataset/5k_HRW_Dataset_combined/images/val/3001333.png,2,0,30.957496643066406,30.76984214782715,27.858983993530273,28.536849975585938,0.5094550848007202,0.42228785157203674,0.022984705865383148,0.045272283256053925,,0
3001334.png,/home/ubuntu/SCB-05-Dataset/5k_HRW_Dataset_combined/images/val/3001334.png,2,0,28.849740982055664,28.160131454467773,26.659423828125,26.932870864868164,0.5679495334625244,0.2849811613559723,0.0635429099202156,0.0835263803601265,,0
3001337.png,/home/ubuntu/SCB-05-Dataset/5k_HRW_Dataset_combined/images/val/3001337.png,2,1,28.908782958984375,29.66033172607422,27.006649017333984,26.29729461669922,0.2991364300251007,0.6342533230781555,0.04464604705572128,0.021964143961668015,,0
3001341.png,/home/ubuntu/SCB-05-Dataset/5k_HRW_Dataset_combined/images/val/3001341.png,2,0,30.817344665527344,29.815908432006836,26.937231063842773,25.83204460144043,0.7169293165206909,0.2633650600910187,0.014803500846028328,0.004902165848761797,,0
3001343.png,/home/ubuntu/SCB-05-Dataset/5k_HRW_Dataset_combined/images/val/3001343.png,2,0,32.000186920166016,31.55894660949707,28.53032112121582,27.466604232788086,0.593436062335968,0.3817206919193268,0.018468447029590607,0.0063747623935341835,,0
3001348.png,/home/ubuntu/SCB-05-Dataset/5k_HRW_Dataset_combined/images/val/3001348.png,2,1,30.324182510375977,30.759960174560547,30.22676658630371,29.165279388427734,0.26545098423957825,0.41043099761009216,0.24081142246723175,0.08330654352903366,,0
3001354.png,/home/ubuntu/SCB-05-Dataset/5k_HRW_Dataset_combined/images/val/3001354.png,2,3,28.173627853393555,27.43288230895996,26.947154998779297,28.559261322021484,0.308582067489624,0.14711906015872955,0.09051493555307388,0.4537839889526367,,0
3001359.png,/home/ubuntu/SCB-05-Dataset/5k_HRW_Dataset_combined/images/val/3001359.png,2,3,22.241764068603516,21.1920223236084,20.417987823486328,22.692459106445312,0.3245861828327179,0.11361429840326309,0.05239309370517731,0.5094063878059387,,0
3001362.png,/home/ubuntu/SCB-05-Dataset/5k_HRW_Dataset_combined/images/val/3001362.png,2,0,28.88628578186035,28.555307388305664,28.292829513549805,28.671714782714844,0.3249366581439972,0.23337624967098236,0.1794997751712799,0.26218733191490173,,0
3001366.png,/home/ubuntu/SCB-05-Dataset/5k_HRW_Dataset_combined/images/val/3001366.png,3,1,29.45751190185547,30.802371978759766,29.166061401367188,29.224061965942383,0.15682275593280792,0.6018307209014893,0.1171746626496315,0.12417181581258774,,0
3001375.png,/home/ubuntu/SCB-05-Dataset/5k_HRW_Dataset_combined/images/val/3001375.png,2,1,29.06104278564453,29.39113426208496,26.668088912963867,26.382553100585938,0.3919844627380371,0.5452877283096313,0.03581147640943527,0.02691631019115448,,0
3001377.png,/home/ubuntu/SCB-05-Dataset/5k_HRW_Dataset_combined/images/val/3001377.png,2,1,28.29267120361328,28.88301658630371,28.880218505859375,26.30605125427246,0.2109108716249466,0.38061222434043884,0.37954872846603394,0.02892816625535488,,0
3001382.png,/home/ubuntu/SCB-05-Dataset/5k_HRW_Dataset_combined/images/val/3001382.png,2,1,29.994028091430664,30.109745025634766,27.771526336669922,27.75383949279785,0.42781588435173035,0.4802994728088379,0.04634859785437584,0.04553604498505592,,0
3001383.png,/home/ubuntu/SCB-05-Dataset/5k_HRW_Dataset_combined/images/val/3001383.png,2,0,30.94475555419922,29.809972763061523,26.428136825561523,25.257932662963867,0.7486104965209961,0.2406722456216812,0.008179246447980404,0.002538049826398492,,0
3001385.png,/home/ubuntu/SCB-05-Dataset/5k_HRW_Dataset_combined/images/val/3001385.png,2,1,30.532672882080078,30.622657775878906,27.86017608642578,26.411476135253906,0.45882874727249146,0.5020310282707214,0.03169567883014679,0.007444535847753286,,0
3001389.png,/home/ubuntu/SCB-05-Dataset/5k_HRW_Dataset_combined/images/val/3001389.png,2,1,30.027023315429688,30.354434967041016,27.34316062927246,27.737354278564453,0.39108768105506897,0.5425843000411987,0.026710830628871918,0.03961717337369919,,0
3001387.png,/home/ubuntu/SCB-05-Dataset/5k_HRW_Dataset_combined/images/val/3001387.png,2,1,29.86370277404785,30.656278610229492,29.835466384887695,28.208545684814453,0.22871258854866028,0.505244255065918,0.22234489023685455,0.04369829222559929,,0
3001393.png,/home/ubuntu/SCB-05-Dataset/5k_HRW_Dataset_combined/images/val/3001393.png,2,1,30.373119354248047,31.2706298828125,28.781164169311523,30.969297409057617,0.1827424317598343,0.4483562707901001,0.037193071097135544,0.33170822262763977,,0
3002005.png,/home/ubuntu/SCB-05-Dataset/5k_HRW_Dataset_combined/images/val/3002005.png,2,1,29.497920989990234,30.867773056030273,29.179519653320312,27.91966438293457,0.17040379345417023,0.6704995036125183,0.12393652647733688,0.035160183906555176,,0
3002008.png,/home/ubuntu/SCB-05-Dataset/5k_HRW_Dataset_combined/images/val/3002008.png,2,0,31.166034698486328,30.66607093811035,27.537227630615234,26.669776916503906,0.6081796288490295,0.36889296770095825,0.016145851463079453,0.006781596224755049,,0
3002009.png,/home/ubuntu/SCB-05-Dataset/5k_HRW_Dataset_combined/images/val/3002009.png,2,1,30.743854522705078,30.767196655273438,27.471410751342773,27.020606994628906,0.47945863008499146,0.49078184366226196,0.018178032711148262,0.011581513099372387,,0
3002010.png,/home/ubuntu/SCB-05-Dataset/5k_HRW_Dataset_combined/images/val/3002010.png,2,0,30.475557327270508,30.173879623413086,28.232330322265625,27.267688751220703,0.5301848649978638,0.39211219549179077,0.056260839104652405,0.021442117169499397,,0
3002018.png,/home/ubuntu/SCB-05-Dataset/5k_HRW_Dataset_combined/images/val/3002018.png,3,1,30.105989456176758,30.497371673583984,27.137550354003906,28.944942474365234,0.3516711890697479,0.5201300382614136,0.018070079386234283,0.11012869328260422,,0
3002033.png,/home/ubuntu/SCB-05-Dataset/5k_HRW_Dataset_combined/images/val/3002033.png,2,1,27.589839935302734,29.410869598388672,26.09202003479004,26.42189598083496,0.1296539306640625,0.8010300993919373,0.02899284102022648,0.04032311588525772,,0
3002034.png,/home/ubuntu/SCB-05-Dataset/5k_HRW_Dataset_combined/images/val/3002034.png,2,0,30.20978355407715,29.10246467590332,28.38272476196289,26.98253059387207,0.6531695127487183,0.2158357799053192,0.10508588701486588,0.025908827781677246,,0
3002037.png,/home/ubuntu/SCB-05-Dataset/5k_HRW_Dataset_combined/images/val/3002037.png,2,0,31.420970916748047,30.60687828063965,27.700401306152344,27.62250328063965,0.6712912321090698,0.29740962386131287,0.016258785501122475,0.01504033338278532,,0
3002043.png,/home/ubuntu/SCB-05-Dataset/5k_HRW_Dataset_combined/images/val/3002043.png,2,1,30.135154724121094,30.221101760864258,28.1679630279541,28.79157066345215,0.40152475237846375,0.43756103515625,0.05615285038948059,0.10476137697696686,,0
3002044.png,/home/ubuntu/SCB-05-Dataset/5k_HRW_Dataset_combined/images/val/3002044.png,2,0,31.74988555908203,31.33929443359375,29.035810470581055,28.134172439575195,0.5693392753601074,0.37761884927749634,0.0377279594540596,0.015313939191401005,,0
3002045.png,/home/ubuntu/SCB-05-Dataset/5k_HRW_Dataset_combined/images/val/3002045.png,2,1,30.479202270507812,30.491641998291016,27.604652404785156,28.108104705810547,0.46246257424354553,0.46825140714645386,0.02610209956765175,0.04318391531705856,,0
3002055.png,/home/ubuntu/SCB-05-Dataset/5k_HRW_Dataset_combined/images/val/3002055.png,2,1,30.00566864013672,30.95631980895996,28.462718963623047,28.79343032836914,0.24398134648799896,0.6312758326530457,0.05215093120932579,0.07259190827608109,,0
3002059.png,/home/ubuntu/SCB-05-Dataset/5k_HRW_Dataset_combined/images/val/3002059.png,2,0,30.15260124206543,28.52545928955078,25.566091537475586,26.829429626464844,0.8046883940696716,0.1581135094165802,0.008198452182114124,0.02899964526295662,,0
3002060.png,/home/ubuntu/SCB-05-Dataset/5k_HRW_Dataset_combined/images/val/3002060.png,2,0,30.09088134765625,29.704051971435547,27.37657356262207,27.910005569458008,0.5380972027778625,0.36547935009002686,0.035649366676807404,0.06077408418059349,,0
3002063.png,/home/ubuntu/SCB-05-Dataset/5k_HRW_Dataset_combined/images/val/3002063.png,2,1,28.62914276123047,29.09476089477539,26.601119995117188,26.962387084960938,0.3432353436946869,0.5467734336853027,0.04516821354627609,0.06482301652431488,,0
3002066.png,/home/ubuntu/SCB-05-Dataset/5k_HRW_Dataset_combined/images/val/3002066.png,2,0,30.176908493041992,29.829675674438477,27.177074432373047,29.51773452758789,0.4398089349269867,0.3107869625091553,0.02190043218433857,0.2275036871433258,,0
3002069.png,/home/ubuntu/SCB-05-Dataset/5k_HRW_Dataset_combined/images/val/3002069.png,2,1,29.88080406188965,30.277908325195312,27.47904396057129,28.462249755859375,0.3545931875705719,0.5274612903594971,0.03211139887571335,0.08583414554595947,,0
3002071.png,/home/ubuntu/SCB-05-Dataset/5k_HRW_Dataset_combined/images/val/3002071.png,3,1,29.222047805786133,30.94009780883789,27.581172943115234,28.575416564941406,0.137150377035141,0.7644280791282654,0.026581168174743652,0.07184037566184998,,0
3002079.png,/home/ubuntu/SCB-05-Dataset/5k_HRW_Dataset_combined/images/val/3002079.png,2,0,31.597900390625,30.642169952392578,29.54835319519043,27.717262268066406,0.6519066095352173,0.2506784200668335,0.08396114408969879,0.013453821651637554,,0
3002083.png,/home/ubuntu/SCB-05-Dataset/5k_HRW_Dataset_combined/images/val/3002083.png,3,0,30.920570373535156,30.04248046875,26.31971549987793,28.408294677734375,0.6637009382247925,0.2758181393146515,0.006665711756795645,0.05381520092487335,,0
3002106.png,/home/ubuntu/SCB-05-Dataset/5k_HRW_Dataset_combined/images/val/3002106.png,2,0,30.8919734954834,29.353273391723633,25.400920867919922,26.97063636779785,0.8073644638061523,0.1733088344335556,0.003329168539494276,0.015997590497136116,,0
3002107.png,/home/ubuntu/SCB-05-Dataset/5k_HRW_Dataset_combined/images/val/3002107.png,2,0,29.642576217651367,29.144323348999023,25.028261184692383,26.802143096923828,0.5966941118240356,0.3625461459159851,0.00591262336820364,0.03484715521335602,,0
3002108.png,/home/ubuntu/SCB-05-Dataset/5k_HRW_Dataset_combined/images/val/3002108.png,2,0,30.890798568725586,30.304283142089844,26.137083053588867,25.789871215820312,0.6365481615066528,0.3540877103805542,0.005486796610057354,0.003877275390550494,,0
3002118.png,/home/ubuntu/SCB-05-Dataset/5k_HRW_Dataset_combined/images/val/3002118.png,3,1,29.300216674804688,30.818653106689453,28.42584228515625,29.628896713256836,0.1356605887413025,0.6193016171455383,0.056587133556604385,0.1884506344795227,,0
3002123.png,/home/ubuntu/SCB-05-Dataset/5k_HRW_Dataset_combined/images/val/3002123.png,2,1,30.265056610107422,30.430286407470703,26.538610458374023,26.98575782775879,0.4461502730846405,0.5263075232505798,0.010742519982159138,0.01679963432252407,,0
3002125.png,/home/ubuntu/SCB-05-Dataset/5k_HRW_Dataset_combined/images/val/3002125.png,2,1,31.135669708251953,31.209117889404297,29.442792892456055,29.697444915771484,0.40039223432540894,0.4309072196483612,0.07366795837879181,0.09503258764743805,,0
3002126.png,/home/ubuntu/SCB-05-Dataset/5k_HRW_Dataset_combined/images/val/3002126.png,2,0,31.599136352539062,30.483835220336914,27.45172882080078,26.93364906311035,0.7390782833099365,0.24228209257125854,0.011681381613016129,0.006958170793950558,,0
3002128.png,/home/ubuntu/SCB-05-Dataset/5k_HRW_Dataset_combined/images/val/3002128.png,2,1,29.967361450195312,30.09490966796875,29.306283950805664,28.174421310424805,0.3547603189945221,0.40302181243896484,0.18316088616847992,0.05905695632100105,,0
3002133.png,/home/ubuntu/SCB-05-Dataset/5k_HRW_Dataset_combined/images/val/3002133.png,2,0,30.80852699279785,29.116207122802734,27.044954299926758,27.835330963134766,0.7946394085884094,0.146286740899086,0.018436193466186523,0.0406375452876091,,0
3002135.png,/home/ubuntu/SCB-05-Dataset/5k_HRW_Dataset_combined/images/val/3002135.png,2,1,31.523483276367188,31.64751434326172,29.372539520263672,26.766950607299805,0.4430619478225708,0.5015687346458435,0.05156101658940315,0.003808277426287532,,0
3002140.png,/home/ubuntu/SCB-05-Dataset/5k_HRW_Dataset_combined/images/val/3002140.png,2,0,32.08686447143555,31.14847755432129,27.759302139282227,26.6043701171875,0.7099161744117737,0.27776068449020386,0.009370669722557068,0.002952500944957137,,0
3002156.png,/home/ubuntu/SCB-05-Dataset/5k_HRW_Dataset_combined/images/val/3002156.png,2,1,31.460899353027344,32.59929656982422,29.69293212890625,29.454723358154297,0.22588951885700226,0.7051730751991272,0.038554731756448746,0.03038260154426098,,0
3002157.png,/home/ubuntu/SCB-05-Dataset/5k_HRW_Dataset_combined/images/val/3002157.png,2,1,31.307231903076172,32.28221893310547,28.931474685668945,28.111249923706055,0.2642005980014801,0.7004308104515076,0.024555880576372147,0.010812756605446339,,0
3002165.png,/home/ubuntu/SCB-05-Dataset/5k_HRW_Dataset_combined/images/val/3002165.png,2,0,30.79899024963379,30.365726470947266,26.83989715576172,26.187267303466797,0.5961591601371765,0.38654327392578125,0.011374962516129017,0.005922654643654823,,0
3002173.png,/home/ubuntu/SCB-05-Dataset/5k_HRW_Dataset_combined/images/val/3002173.png,2,1,29.181396484375,29.891849517822266,27.468231201171875,27.60704803466797,0.29219692945480347,0.5945953130722046,0.05268140882253647,0.06052638962864876,,0
3002177.png,/home/ubuntu/SCB-05-Dataset/5k_HRW_Dataset_combined/images/val/3002177.png,2,1,29.91086769104004,30.480363845825195,27.273094177246094,27.81031036376953,0.3376912474632263,0.5968275666236877,0.024151792749762535,0.04132942482829094,,0
3002198.png,/home/ubuntu/SCB-05-Dataset/5k_HRW_Dataset_combined/images/val/3002198.png,2,1,28.553617477416992,30.379735946655273,27.948833465576172,28.52163314819336,0.1146204024553299,0.7117624878883362,0.06260479241609573,0.11101235449314117,,0
3002189.png,/home/ubuntu/SCB-05-Dataset/5k_HRW_Dataset_combined/images/val/3002189.png,2,1,29.06104278564453,29.39113426208496,26.668088912963867,26.382553100585938,0.3919844627380371,0.5452877283096313,0.03581147640943527,0.02691631019115448,,0
3002236.png,/home/ubuntu/SCB-05-Dataset/5k_HRW_Dataset_combined/images/val/3002236.png,2,0,30.86641502380371,30.738061904907227,28.480226516723633,26.927406311035156,0.5022627711296082,0.4417615234851837,0.04619792476296425,0.009777801111340523,,0
3002209.png,/home/ubuntu/SCB-05-Dataset/5k_HRW_Dataset_combined/images/val/3002209.png,2,3,27.625024795532227,27.21143913269043,26.98423194885254,28.323810577392578,0.23812593519687653,0.15746669471263885,0.12546250224113464,0.47894486784935,,0
3002238.png,/home/ubuntu/SCB-05-Dataset/5k_HRW_Dataset_combined/images/val/3002238.png,2,0,29.739492416381836,29.23908805847168,27.12244987487793,26.782114028930664,0.5776143670082092,0.3501991927623749,0.04217652976512909,0.03000992350280285,,0
3002245.png,/home/ubuntu/SCB-05-Dataset/5k_HRW_Dataset_combined/images/val/3002245.png,3,3,27.24165916442871,26.593177795410156,24.44818115234375,29.779937744140625,0.07021529227495193,0.03671130910515785,0.004297735169529915,0.8887755870819092,,0
3002248.png,/home/ubuntu/SCB-05-Dataset/5k_HRW_Dataset_combined/images/val/3002248.png,2,1,29.814075469970703,30.45359230041504,28.83649444580078,28.758583068847656,0.2762579321861267,0.5236647129058838,0.10393376648426056,0.09614355862140656,,0
3003003.png,/home/ubuntu/SCB-05-Dataset/5k_HRW_Dataset_combined/images/val/3003003.png,3,1,27.85733985900879,29.274003982543945,25.22543716430664,28.714990615844727,0.13239946961402893,0.545928418636322,0.009525010362267494,0.3121470808982849,,0
3003006.png,/home/ubuntu/SCB-05-Dataset/5k_HRW_Dataset_combined/images/val/3003006.png,3,1,29.145320892333984,30.163978576660156,26.2659854888916,29.319719314575195,0.19935503602027893,0.5521087050437927,0.011198187246918678,0.2373381108045578,,0
3003007.png,/home/ubuntu/SCB-05-Dataset/5k_HRW_Dataset_combined/images/val/3003007.png,3,1,27.720911026000977,30.372604370117188,26.063329696655273,28.07024383544922,0.0595708005130291,0.8445964455604553,0.011354160495102406,0.08447861671447754,,0
3003018.png,/home/ubuntu/SCB-05-Dataset/5k_HRW_Dataset_combined/images/val/3003018.png,2,1,27.23883628845215,28.58389663696289,26.63367462158203,28.181934356689453,0.12574931979179382,0.48267847299575806,0.06865738332271576,0.3229147791862488,,0
3003021.png,/home/ubuntu/SCB-05-Dataset/5k_HRW_Dataset_combined/images/val/3003021.png,2,1,30.337697982788086,30.624807357788086,27.503677368164062,27.667665481567383,0.40640562772750854,0.541563868522644,0.023886920884251595,0.02814357727766037,,0
3003030.png,/home/ubuntu/SCB-05-Dataset/5k_HRW_Dataset_combined/images/val/3003030.png,2,2,28.343128204345703,27.839460372924805,28.465049743652344,27.521709442138672,0.3150814175605774,0.19040685892105103,0.35593658685684204,0.13857509195804596,,0
3003036.png,/home/ubuntu/SCB-05-Dataset/5k_HRW_Dataset_combined/images/val/3003036.png,2,1,30.57925796508789,31.25724220275879,29.189208984375,28.05333137512207,0.303126722574234,0.5971301794052124,0.07549767196178436,0.024245338514447212,,0
3003048.png,/home/ubuntu/SCB-05-Dataset/5k_HRW_Dataset_combined/images/val/3003048.png,3,1,27.460289001464844,28.67222785949707,25.750431060791016,28.38137435913086,0.1417856514453888,0.4763987958431244,0.02564781717956066,0.3561677634716034,,0
3003053.png,/home/ubuntu/SCB-05-Dataset/5k_HRW_Dataset_combined/images/val/3003053.png,3,3,29.570796966552734,29.119461059570312,27.382015228271484,30.991065979003906,0.1698639690876007,0.1081654503941536,0.019033797085285187,0.7029367089271545,,0
3003059.png,/home/ubuntu/SCB-05-Dataset/5k_HRW_Dataset_combined/images/val/3003059.png,3,1,26.64324378967285,28.15818214416504,24.727558135986328,27.769771575927734,0.11387825757265091,0.5180482268333435,0.016767529770731926,0.3513060212135315,,0
3003067.png,/home/ubuntu/SCB-05-Dataset/5k_HRW_Dataset_combined/images/val/3003067.png,3,1,27.352365493774414,28.711759567260742,26.7890567779541,27.241506576538086,0.1572766900062561,0.612409234046936,0.08954112231731415,0.14077287912368774,,0
3003069.png,/home/ubuntu/SCB-05-Dataset/5k_HRW_Dataset_combined/images/val/3003069.png,3,3,27.464590072631836,28.886709213256836,26.233192443847656,29.155319213867188,0.09207072854042053,0.3817157447338104,0.026874005794525146,0.4993394911289215,,0
3003077.png,/home/ubuntu/SCB-05-Dataset/5k_HRW_Dataset_combined/images/val/3003077.png,3,1,30.28399085998535,30.52090072631836,29.22794532775879,29.657390594482422,0.31750455498695374,0.4023820757865906,0.11043715476989746,0.16967621445655823,,0
3003079.png,/home/ubuntu/SCB-05-Dataset/5k_HRW_Dataset_combined/images/val/3003079.png,2,1,29.092451095581055,29.961246490478516,29.21980094909668,28.92824363708496,0.18627464771270752,0.4440856873989105,0.21157339215278625,0.15806633234024048,,0
3003082.png,/home/ubuntu/SCB-05-Dataset/5k_HRW_Dataset_combined/images/val/3003082.png,3,1,29.684001922607422,29.701005935668945,28.530752182006836,29.689603805541992,0.2995468080043793,0.3046838343143463,0.09453980624675751,0.3012295365333557,,0
3003083.png,/home/ubuntu/SCB-05-Dataset/5k_HRW_Dataset_combined/images/val/3003083.png,2,0,30.452896118164062,30.025964736938477,29.625978469848633,28.57477569580078,0.44587501883506775,0.2909371554851532,0.19502371549606323,0.06816411763429642,,0
3003087.png,/home/ubuntu/SCB-05-Dataset/5k_HRW_Dataset_combined/images/val/3003087.png,3,1,30.719106674194336,30.90983009338379,27.69184112548828,30.048297882080078,0.36102810502052307,0.43688902258872986,0.017491064965724945,0.18459181487560272,,0
3003091.png,/home/ubuntu/SCB-05-Dataset/5k_HRW_Dataset_combined/images/val/3003091.png,3,1,28.269439697265625,29.604413986206055,26.544851303100586,29.11807632446289,0.13671280443668365,0.5194947719573975,0.024368567392230034,0.3194239139556885,,0
3003095.png,/home/ubuntu/SCB-05-Dataset/5k_HRW_Dataset_combined/images/val/3003095.png,3,1,28.79265594482422,30.423757553100586,24.704795837402344,28.093305587768555,0.15098479390144348,0.7714568972587585,0.0025327838957309723,0.07502555847167969,,0
3003098.png,/home/ubuntu/SCB-05-Dataset/5k_HRW_Dataset_combined/images/val/3003098.png,3,1,29.74848747253418,30.815523147583008,25.85369300842285,28.64551544189453,0.23479793965816498,0.6824989914894104,0.004777564667165279,0.07792550325393677,,0
3003102.png,/home/ubuntu/SCB-05-Dataset/5k_HRW_Dataset_combined/images/val/3003102.png,2,0,26.68391990661621,25.14103126525879,25.540510177612305,24.249528884887695,0.6172290444374084,0.131940558552742,0.1967296451330185,0.05410081148147583,,0
3003110.png,/home/ubuntu/SCB-05-Dataset/5k_HRW_Dataset_combined/images/val/3003110.png,3,1,27.81352424621582,28.62120246887207,25.372358322143555,26.796138763427734,0.27090778946876526,0.6075634360313416,0.023585038259625435,0.09794370830059052,,0
3003139.png,/home/ubuntu/SCB-05-Dataset/5k_HRW_Dataset_combined/images/val/3003139.png,3,3,28.136571884155273,28.79212760925293,26.722509384155273,29.7452449798584,0.1224658265709877,0.23589523136615753,0.02977798879146576,0.611860990524292,,0
3003140.png,/home/ubuntu/SCB-05-Dataset/5k_HRW_Dataset_combined/images/val/3003140.png,3,3,27.099742889404297,27.86819839477539,25.980741500854492,29.37980842590332,0.07541273534297943,0.16262252628803253,0.024630237370729446,0.7373345494270325,,0
3003141.png,/home/ubuntu/SCB-05-Dataset/5k_HRW_Dataset_combined/images/val/3003141.png,2,1,31.83791732788086,32.0588493347168,29.439857482910156,29.194583892822266,0.41506582498550415,0.517686128616333,0.03772704675793648,0.029521051794290543,,0
3003158.png,/home/ubuntu/SCB-05-Dataset/5k_HRW_Dataset_combined/images/val/3003158.png,2,1,31.379981994628906,32.37131118774414,29.660480499267578,28.747562408447266,0.2534292936325073,0.6829447746276855,0.04540323466062546,0.01822264865040779,,0
3003162.png,/home/ubuntu/SCB-05-Dataset/5k_HRW_Dataset_combined/images/val/3003162.png,3,0,30.861997604370117,30.710098266601562,28.1193904876709,29.705080032348633,0.44684135913848877,0.38387012481689453,0.028777575120329857,0.14051103591918945,,0
3003167.png,/home/ubuntu/SCB-05-Dataset/5k_HRW_Dataset_combined/images/val/3003167.png,3,1,28.984111785888672,29.53009605407715,26.750999450683594,28.892009735107422,0.2669861316680908,0.4608999192714691,0.02861938439309597,0.24349454045295715,,0
3004001.png,/home/ubuntu/SCB-05-Dataset/5k_HRW_Dataset_combined/images/val/3004001.png,3,3,27.21013641357422,27.04552459716797,24.67737579345703,28.912681579589844,0.1348515897989273,0.11438421905040741,0.010712532326579094,0.7400516867637634,,0
3004003.png,/home/ubuntu/SCB-05-Dataset/5k_HRW_Dataset_combined/images/val/3004003.png,2,0,30.600379943847656,29.629457473754883,26.93077278137207,28.97490882873535,0.6245944499969482,0.2365548461675644,0.015918713063001633,0.12293200939893723,,0
3004012.png,/home/ubuntu/SCB-05-Dataset/5k_HRW_Dataset_combined/images/val/3004012.png,3,1,29.203022003173828,29.572551727294922,26.112342834472656,27.478412628173828,0.37442418932914734,0.541812002658844,0.01702546514570713,0.06673836708068848,,0
3004010.png,/home/ubuntu/SCB-05-Dataset/5k_HRW_Dataset_combined/images/val/3004010.png,2,0,30.719518661499023,30.007612228393555,26.913034439086914,26.17766571044922,0.656345546245575,0.32207387685775757,0.014588057063519955,0.00699247419834137,,0
3004028.png,/home/ubuntu/SCB-05-Dataset/5k_HRW_Dataset_combined/images/val/3004028.png,3,3,27.230751037597656,27.053890228271484,24.1190128326416,27.578475952148438,0.3031899333000183,0.25404176115989685,0.013499077409505844,0.4292692542076111,,0
3004032.png,/home/ubuntu/SCB-05-Dataset/5k_HRW_Dataset_combined/images/val/3004032.png,3,3,27.487295150756836,27.962785720825195,25.504653930664062,28.40433692932129,0.19053475558757782,0.3065328896045685,0.026237595826387405,0.4766947329044342,,0
3004015.png,/home/ubuntu/SCB-05-Dataset/5k_HRW_Dataset_combined/images/val/3004015.png,2,0,30.132966995239258,30.016124725341797,26.51207733154297,26.16739273071289,0.516677975654602,0.4597015678882599,0.013825712725520134,0.009794740006327629,,0
3004034.png,/home/ubuntu/SCB-05-Dataset/5k_HRW_Dataset_combined/images/val/3004034.png,3,3,30.412124633789062,29.921113967895508,28.57281494140625,30.571582794189453,0.33969584107398987,0.20789644122123718,0.05398687720298767,0.3984208405017853,,0
3004035.png,/home/ubuntu/SCB-05-Dataset/5k_HRW_Dataset_combined/images/val/3004035.png,2,0,29.747575759887695,28.495084762573242,26.842195510864258,27.711565017700195,0.679777979850769,0.1942751109600067,0.037202876061201096,0.08874398469924927,,0
3004036.png,/home/ubuntu/SCB-05-Dataset/5k_HRW_Dataset_combined/images/val/3004036.png,3,1,29.74892807006836,29.92991828918457,26.56654167175293,29.22534942626953,0.3530716001987457,0.42312222719192505,0.014647716656327248,0.20915848016738892,,0
3004041.png,/home/ubuntu/SCB-05-Dataset/5k_HRW_Dataset_combined/images/val/3004041.png,2,0,30.27324676513672,28.732147216796875,25.57203483581543,24.853342056274414,0.8145595788955688,0.17443427443504333,0.007399671711027622,0.0036065182648599148,,0
3004047.png,/home/ubuntu/SCB-05-Dataset/5k_HRW_Dataset_combined/images/val/3004047.png,2,0,30.33391761779785,29.496829986572266,26.091272354125977,26.359874725341797,0.6820647716522217,0.29531335830688477,0.009800950065255165,0.012820964679121971,,0
3004073.png,/home/ubuntu/SCB-05-Dataset/5k_HRW_Dataset_combined/images/val/3004073.png,2,0,30.13106346130371,29.569122314453125,25.987852096557617,26.999229431152344,0.6136434674263,0.3498389720916748,0.00973962526768446,0.026777982711791992,,0
3004077.png,/home/ubuntu/SCB-05-Dataset/5k_HRW_Dataset_combined/images/val/3004077.png,2,0,30.060745239257812,29.56598472595215,26.80194091796875,26.323551177978516,0.5980961322784424,0.3646693229675293,0.022987421602010727,0.014247157610952854,,0
3004078.png,/home/ubuntu/SCB-05-Dataset/5k_HRW_Dataset_combined/images/val/3004078.png,2,1,30.451690673828125,31.37625503540039,28.999446868896484,27.884626388549805,0.2609892785549164,0.6578938961029053,0.0610831156373024,0.020033683627843857,,0
3004079.png,/home/ubuntu/SCB-05-Dataset/5k_HRW_Dataset_combined/images/val/3004079.png,2,0,28.510677337646484,27.575143814086914,25.580942153930664,24.836872100830078,0.6797323226928711,0.26671096682548523,0.03630530461668968,0.017251409590244293,,0
3004084.png,/home/ubuntu/SCB-05-Dataset/5k_HRW_Dataset_combined/images/val/3004084.png,2,0,32.261234283447266,30.307954788208008,26.464635848999023,26.85443115234375,0.8700705170631409,0.12338316440582275,0.0026431616861373186,0.0039031002670526505,,0
3004085.png,/home/ubuntu/SCB-05-Dataset/5k_HRW_Dataset_combined/images/val/3004085.png,2,0,31.561370849609375,31.352800369262695,28.270221710205078,27.71379852294922,0.5346775054931641,0.43402114510536194,0.019895918667316437,0.011405452154576778,,0
3004088.png,/home/ubuntu/SCB-05-Dataset/5k_HRW_Dataset_combined/images/val/3004088.png,2,0,30.430042266845703,30.06163215637207,28.612714767456055,26.9315242767334,0.530634880065918,0.3671109676361084,0.0862065926194191,0.01604755036532879,,0
3004090.png,/home/ubuntu/SCB-05-Dataset/5k_HRW_Dataset_combined/images/val/3004090.png,2,0,30.41987419128418,29.415428161621094,25.94245147705078,25.73121452331543,0.7210797667503357,0.26409363746643066,0.008193384855985641,0.006633218843489885,,0
3004092.png,/home/ubuntu/SCB-05-Dataset/5k_HRW_Dataset_combined/images/val/3004092.png,2,0,31.265241622924805,29.77626609802246,26.482946395874023,25.61330795288086,0.8080865740776062,0.18230730295181274,0.006769139785319567,0.002836966887116432,,0
3004094.png,/home/ubuntu/SCB-05-Dataset/5k_HRW_Dataset_combined/images/val/3004094.png,2,1,29.017444610595703,30.15913963317871,26.85280418395996,27.276779174804688,0.22612833976745605,0.7082504034042358,0.025957543402910233,0.039663735777139664,,0
3004099.png,/home/ubuntu/SCB-05-Dataset/5k_HRW_Dataset_combined/images/val/3004099.png,2,1,30.61904525756836,31.970226287841797,26.97378921508789,26.966604232788086,0.20349909365177155,0.7859102487564087,0.00531432218849659,0.005276275798678398,,0
3004110.png,/home/ubuntu/SCB-05-Dataset/5k_HRW_Dataset_combined/images/val/3004110.png,2,1,29.5559139251709,29.609325408935547,26.166259765625,26.34676742553711,0.4697096049785614,0.4954795837402344,0.01583876647055149,0.01897207461297512,,0
3004113.png,/home/ubuntu/SCB-05-Dataset/5k_HRW_Dataset_combined/images/val/3004113.png,2,1,29.864559173583984,29.96752166748047,26.53144073486328,25.860198974609375,0.4624561071395874,0.5126093626022339,0.016501201316714287,0.00843332801014185,,0
3004114.png,/home/ubuntu/SCB-05-Dataset/5k_HRW_Dataset_combined/images/val/3004114.png,2,0,30.520719528198242,30.33041000366211,27.293964385986328,27.032398223876953,0.5271643996238708,0.4358085095882416,0.02092108130455017,0.01610598899424076,,0
3004115.png,/home/ubuntu/SCB-05-Dataset/5k_HRW_Dataset_combined/images/val/3004115.png,2,1,30.426895141601562,30.656579971313477,27.40709114074707,26.68035316467285,0.4290716052055359,0.5398593544960022,0.020943323150277138,0.010125751607120037,,0
3004116.png,/home/ubuntu/SCB-05-Dataset/5k_HRW_Dataset_combined/images/val/3004116.png,2,0,29.855981826782227,29.53257179260254,24.902652740478516,27.28411865234375,0.5533636212348938,0.40045657753944397,0.00390667375177145,0.042273152619600296,,0
3004134.png,/home/ubuntu/SCB-05-Dataset/5k_HRW_Dataset_combined/images/val/3004134.png,2,0,29.79997444152832,29.522911071777344,27.645090103149414,27.515104293823242,0.506147027015686,0.38366273045539856,0.05867084860801697,0.051519330590963364,,0
3004136.png,/home/ubuntu/SCB-05-Dataset/5k_HRW_Dataset_combined/images/val/3004136.png,2,0,30.12700080871582,29.5722599029541,27.430788040161133,26.742490768432617,0.5968098044395447,0.342700719833374,0.040261100977659225,0.020228417590260506,,0
3004138.png,/home/ubuntu/SCB-05-Dataset/5k_HRW_Dataset_combined/images/val/3004138.png,2,0,29.551366806030273,28.762657165527344,25.620677947998047,25.21579360961914,0.6724246740341187,0.30557048320770264,0.013199794106185436,0.00880497507750988,,0
3004144.png,/home/ubuntu/SCB-05-Dataset/5k_HRW_Dataset_combined/images/val/3004144.png,2,0,30.631437301635742,29.212940216064453,27.481609344482422,26.3220272064209,0.7701913714408875,0.18644605576992035,0.03301001712679863,0.01035250909626484,,0
3004151.png,/home/ubuntu/SCB-05-Dataset/5k_HRW_Dataset_combined/images/val/3004151.png,2,1,29.13101577758789,30.78099250793457,28.567548751831055,28.153657913208008,0.13981330394744873,0.7279881238937378,0.07958623021841049,0.052612315863370895,,0
3004152.png,/home/ubuntu/SCB-05-Dataset/5k_HRW_Dataset_combined/images/val/3004152.png,2,1,30.39112663269043,30.864763259887695,27.169836044311523,26.087448120117188,0.37604647874832153,0.6038642525672913,0.015005581080913544,0.005083674099296331,,0
3004160.png,/home/ubuntu/SCB-05-Dataset/5k_HRW_Dataset_combined/images/val/3004160.png,2,1,28.599119186401367,29.205364227294922,26.03394317626953,24.48490333557129,0.3416726589202881,0.6264682412147522,0.02627655491232872,0.005582502577453852,,0
3004181.png,/home/ubuntu/SCB-05-Dataset/5k_HRW_Dataset_combined/images/val/3004181.png,2,0,26.63031005859375,25.9951229095459,23.91861343383789,24.72819709777832,0.5728973746299744,0.3035418689250946,0.038054145872592926,0.0855066105723381,,0
3004188.png,/home/ubuntu/SCB-05-Dataset/5k_HRW_Dataset_combined/images/val/3004188.png,2,0,31.583494186401367,30.210453033447266,26.416397094726562,27.36465835571289,0.7850820422172546,0.19888904690742493,0.004475826863199472,0.01155308447778225,,0
3004190.png,/home/ubuntu/SCB-05-Dataset/5k_HRW_Dataset_combined/images/val/3004190.png,2,0,31.484466552734375,30.02088737487793,26.51410675048828,27.841171264648438,0.7908182144165039,0.18300050497055054,0.005488792434334755,0.020692531019449234,,0
3004213.png,/home/ubuntu/SCB-05-Dataset/5k_HRW_Dataset_combined/images/val/3004213.png,2,0,30.35193634033203,29.66167640686035,25.75203514099121,26.60955238342285,0.6513826251029968,0.3266330063343048,0.0065482379868626595,0.015436166897416115,,0
3005002.png,/home/ubuntu/SCB-05-Dataset/5k_HRW_Dataset_combined/images/val/3005002.png,2,1,32.256412506103516,32.2922248840332,29.480606079101562,29.135164260864258,0.46666547656059265,0.48368069529533386,0.029072893783450127,0.020580919459462166,,0
3005006.png,/home/ubuntu/SCB-05-Dataset/5k_HRW_Dataset_combined/images/val/3005006.png,2,1,31.54253387451172,32.3120231628418,29.436874389648438,29.55629539489746,0.2925996482372284,0.631624162197113,0.03562849387526512,0.04014776274561882,,0
3005010.png,/home/ubuntu/SCB-05-Dataset/5k_HRW_Dataset_combined/images/val/3005010.png,2,0,32.28058624267578,32.11921310424805,30.129426956176758,28.99700927734375,0.49879851937294006,0.42446479201316833,0.058034807443618774,0.018701903522014618,,0
3005013.png,/home/ubuntu/SCB-05-Dataset/5k_HRW_Dataset_combined/images/val/3005013.png,2,0,31.585031509399414,31.549226760864258,30.34319305419922,28.3454532623291,0.4361361563205719,0.420796662569046,0.12597911059856415,0.017087996006011963,,0
3005018.png,/home/ubuntu/SCB-05-Dataset/5k_HRW_Dataset_combined/images/val/3005018.png,2,1,31.659746170043945,32.26427459716797,29.467599868774414,28.271451950073242,0.3360404968261719,0.6150847673416138,0.03752792626619339,0.011346819810569286,,0
3005014.png,/home/ubuntu/SCB-05-Dataset/5k_HRW_Dataset_combined/images/val/3005014.png,2,0,32.171024322509766,32.16313552856445,29.448413848876953,28.88340950012207,0.47728410363197327,0.4735337197780609,0.031359001994132996,0.017823131754994392,,0
3005021.png,/home/ubuntu/SCB-05-Dataset/5k_HRW_Dataset_combined/images/val/3005021.png,2,0,30.6768798828125,28.39453125,26.126564025878906,28.402507781982422,0.8227272629737854,0.0839545950293541,0.008691182360053062,0.0846269354224205,,0
3005023.png,/home/ubuntu/SCB-05-Dataset/5k_HRW_Dataset_combined/images/val/3005023.png,2,0,31.069416046142578,30.398603439331055,26.508054733276367,28.500076293945312,0.6256542205810547,0.3198925852775574,0.006536726839840412,0.04791641607880592,,0
3005024.png,/home/ubuntu/SCB-05-Dataset/5k_HRW_Dataset_combined/images/val/3005024.png,2,0,31.25404167175293,30.38201904296875,27.277542114257812,29.104381561279297,0.6437574625015259,0.2691582441329956,0.012071200646460056,0.07501303404569626,,0
3005029.png,/home/ubuntu/SCB-05-Dataset/5k_HRW_Dataset_combined/images/val/3005029.png,2,1,30.55797004699707,31.34535026550293,27.672624588012695,28.635906219482422,0.2941373884677887,0.6464055776596069,0.016423307359218597,0.04303367808461189,,0
3005033.png,/home/ubuntu/SCB-05-Dataset/5k_HRW_Dataset_combined/images/val/3005033.png,2,0,30.123281478881836,30.046335220336914,26.13481330871582,29.192352294921875,0.42759621143341064,0.395928293466568,0.00792253389954567,0.16855299472808838,,0
3005034.png,/home/ubuntu/SCB-05-Dataset/5k_HRW_Dataset_combined/images/val/3005034.png,2,1,30.786361694335938,31.407392501831055,27.376710891723633,29.146818161010742,0.3238376975059509,0.602611780166626,0.010703722946345806,0.06284672766923904,,0
3005037.png,/home/ubuntu/SCB-05-Dataset/5k_HRW_Dataset_combined/images/val/3005037.png,2,0,32.218692779541016,31.811153411865234,27.833101272583008,29.346858978271484,0.5765896439552307,0.3835965692996979,0.007181723602116108,0.032632119953632355,,0
3005040.png,/home/ubuntu/SCB-05-Dataset/5k_HRW_Dataset_combined/images/val/3005040.png,2,1,30.033201217651367,31.098541259765625,27.35487174987793,28.640789031982422,0.2370242029428482,0.6878028512001038,0.01627829670906067,0.05889463797211647,,0
3005049.png,/home/ubuntu/SCB-05-Dataset/5k_HRW_Dataset_combined/images/val/3005049.png,2,0,32.916893005371094,30.920188903808594,28.17484474182129,27.484107971191406,0.870417594909668,0.11818711459636688,0.007590707391500473,0.003804513020440936,,0
3005055.png,/home/ubuntu/SCB-05-Dataset/5k_HRW_Dataset_combined/images/val/3005055.png,2,0,30.662229537963867,29.567401885986328,26.94318389892578,25.93659782409668,0.73114413022995,0.2446388155221939,0.017735440284013748,0.006481674965471029,,0
3005067.png,/home/ubuntu/SCB-05-Dataset/5k_HRW_Dataset_combined/images/val/3005067.png,2,1,30.321847915649414,30.667125701904297,27.905935287475586,26.636930465698242,0.3957626223564148,0.5589680671691895,0.03533598780632019,0.009933343157172203,,0
3005078.png,/home/ubuntu/SCB-05-Dataset/5k_HRW_Dataset_combined/images/val/3005078.png,2,1,27.99653434753418,29.006343841552734,27.050203323364258,27.32337760925293,0.21536237001419067,0.5911865234375,0.08359561115503311,0.10985544323921204,,0
3005079.png,/home/ubuntu/SCB-05-Dataset/5k_HRW_Dataset_combined/images/val/3005079.png,2,0,32.47494125366211,31.949419021606445,29.273540496826172,28.43537712097168,0.6062234044075012,0.358427494764328,0.024676412343978882,0.01067265123128891,,0
3005096.png,/home/ubuntu/SCB-05-Dataset/5k_HRW_Dataset_combined/images/val/3005096.png,2,0,31.615570068359375,30.75094223022461,28.38743019104004,28.677526473999023,0.6605854630470276,0.2782440781593323,0.026179760694503784,0.034990716725587845,,0
3005101.png,/home/ubuntu/SCB-05-Dataset/5k_HRW_Dataset_combined/images/val/3005101.png,2,1,29.447120666503906,30.723480224609375,28.49000358581543,28.261327743530273,0.1896427869796753,0.6795982122421265,0.07282251119613647,0.057936593890190125,,0
3005107.png,/home/ubuntu/SCB-05-Dataset/5k_HRW_Dataset_combined/images/val/3005107.png,2,1,29.24570083618164,30.40929412841797,28.373952865600586,28.823570251464844,0.18956322968006134,0.6068708300590515,0.07927911728620529,0.12428683787584305,,0
3005118.png,/home/ubuntu/SCB-05-Dataset/5k_HRW_Dataset_combined/images/val/3005118.png,2,0,32.729496002197266,32.06553649902344,27.891653060913086,27.27884292602539,0.6548675298690796,0.3371316194534302,0.00518925441429019,0.0028116737958043814,,0
3005127.png,/home/ubuntu/SCB-05-Dataset/5k_HRW_Dataset_combined/images/val/3005127.png,2,1,29.728057861328125,30.700611114501953,27.85523796081543,28.02499771118164,0.2512245178222656,0.6644105315208435,0.038610611110925674,0.04575435072183609,,0
3005140.png,/home/ubuntu/SCB-05-Dataset/5k_HRW_Dataset_combined/images/val/3005140.png,3,1,30.31385612487793,30.788957595825195,28.43824577331543,29.969877243041992,0.28815263509750366,0.46340057253837585,0.04416268318891525,0.20428407192230225,,0
3005139.png,/home/ubuntu/SCB-05-Dataset/5k_HRW_Dataset_combined/images/val/3005139.png,2,1,27.900224685668945,29.289859771728516,27.283985137939453,28.90079116821289,0.12087252736091614,0.48510801792144775,0.06526767462491989,0.3287517726421356,,0
3005164.png,/home/ubuntu/SCB-05-Dataset/5k_HRW_Dataset_combined/images/val/3005164.png,2,0,31.282733917236328,30.55817413330078,26.269208908081055,26.968807220458984,0.664643406867981,0.32204484939575195,0.00441817007958889,0.008893529884517193,,0
3005168.png,/home/ubuntu/SCB-05-Dataset/5k_HRW_Dataset_combined/images/val/3005168.png,2,0,30.780691146850586,30.38571548461914,25.788856506347656,26.150182723999023,0.5916321277618408,0.39858049154281616,0.004019069951027632,0.005768295843154192,,0
3005188.png,/home/ubuntu/SCB-05-Dataset/5k_HRW_Dataset_combined/images/val/3005188.png,2,1,31.33649253845215,32.31256866455078,30.13728904724121,29.78147315979004,0.24000146985054016,0.6369690895080566,0.07234465330839157,0.05068478360772133,,0
3005195.png,/home/ubuntu/SCB-05-Dataset/5k_HRW_Dataset_combined/images/val/3005195.png,2,1,28.150632858276367,29.290699005126953,25.508026123046875,24.288896560668945,0.23701277375221252,0.7411330938339233,0.016869502142071724,0.004984722472727299,,0
3005221.png,/home/ubuntu/SCB-05-Dataset/5k_HRW_Dataset_combined/images/val/3005221.png,2,0,28.54389762878418,28.271270751953125,25.68245506286621,23.830142974853516,0.5471853613853455,0.416614294052124,0.031291455030441284,0.004908817354589701,,0
3005215.png,/home/ubuntu/SCB-05-Dataset/5k_HRW_Dataset_combined/images/val/3005215.png,2,0,31.595775604248047,30.5722599029541,27.454830169677734,29.6182861328125,0.6606531739234924,0.2373921275138855,0.010509542189538479,0.09144516289234161,,0
3005224.png,/home/ubuntu/SCB-05-Dataset/5k_HRW_Dataset_combined/images/val/3005224.png,2,1,30.857208251953125,31.369049072265625,29.054338455200195,28.4976806640625,0.3415709137916565,0.5698631405830383,0.056299492716789246,0.032266441732645035,,0
3005231.png,/home/ubuntu/SCB-05-Dataset/5k_HRW_Dataset_combined/images/val/3005231.png,3,1,28.829193115234375,28.965482711791992,25.664398193359375,27.65610122680664,0.4003771245479584,0.45883768796920776,0.0169050432741642,0.12388021498918533,,0
3005242.png,/home/ubuntu/SCB-05-Dataset/5k_HRW_Dataset_combined/images/val/3005242.png,2,1,31.080856323242188,31.315326690673828,27.330806732177734,27.622222900390625,0.43117791414260864,0.545111894607544,0.010139829479157925,0.013570350594818592,,0
3005258.png,/home/ubuntu/SCB-05-Dataset/5k_HRW_Dataset_combined/images/val/3005258.png,2,1,30.580785751342773,30.954540252685547,27.556901931762695,26.2857666015625,0.39754652976989746,0.5777068138122559,0.019325552508234978,0.005421067588031292,,0
3005273.png,/home/ubuntu/SCB-05-Dataset/5k_HRW_Dataset_combined/images/val/3005273.png,2,1,30.221261978149414,31.208778381347656,28.507104873657227,30.596864700317383,0.1879507452249527,0.5045648217201233,0.03385283797979355,0.27363160252571106,,0
3005276.png,/home/ubuntu/SCB-05-Dataset/5k_HRW_Dataset_combined/images/val/3005276.png,3,1,30.052032470703125,31.525785446166992,29.18853759765625,30.31083869934082,0.14118994772434235,0.6163772344589233,0.05953779071569443,0.18289503455162048,,0
3005277.png,/home/ubuntu/SCB-05-Dataset/5k_HRW_Dataset_combined/images/val/3005277.png,3,1,30.099201202392578,31.270477294921875,28.774127960205078,30.204105377197266,0.17849190533161163,0.5758339762687683,0.04744020476937294,0.19823387265205383,,0
3005278.png,/home/ubuntu/SCB-05-Dataset/5k_HRW_Dataset_combined/images/val/3005278.png,2,1,29.77329444885254,31.053993225097656,28.964859008789062,29.49429702758789,0.1723766326904297,0.6204100251197815,0.07680319994688034,0.13041013479232788,,0
3005283.png,/home/ubuntu/SCB-05-Dataset/5k_HRW_Dataset_combined/images/val/3005283.png,2,0,32.01581573486328,31.107574462890625,27.653154373168945,27.189821243286133,0.7022492289543152,0.2831699252128601,0.0089497622102499,0.005631038453429937,,0
3005294.png,/home/ubuntu/SCB-05-Dataset/5k_HRW_Dataset_combined/images/val/3005294.png,2,1,28.638940811157227,30.50667381286621,26.63382339477539,28.157958984375,0.1215594932436943,0.7869280576705933,0.016367314383387566,0.0751451849937439,,0
