index,image_id,image_path,ground_truth,predicted,raw_answer,stderr,returncode
0,40010001.png,/home/ubuntu/SCB-05-Dataset/5k_HRW_Dataset_combined/images/val/40010001.png,1,0,0,,0
1,40010011.png,/home/ubuntu/SCB-05-Dataset/5k_HRW_Dataset_combined/images/val/40010011.png,1,2,2,,0
2,40010021.png,/home/ubuntu/SCB-05-Dataset/5k_HRW_Dataset_combined/images/val/40010021.png,1,0,0,,0
3,40010029.png,/home/ubuntu/SCB-05-Dataset/5k_HRW_Dataset_combined/images/val/40010029.png,1,2,2,,0
4,40010036.png,/home/ubuntu/SCB-05-Dataset/5k_HRW_Dataset_combined/images/val/40010036.png,1,0,0,,0
5,40010037.png,/home/ubuntu/SCB-05-Dataset/5k_HRW_Dataset_combined/images/val/40010037.png,1,0,0,,0
6,40010042.png,/home/ubuntu/SCB-05-Dataset/5k_HRW_Dataset_combined/images/val/40010042.png,1,0,0,,0
7,40010049.png,/home/ubuntu/SCB-05-Dataset/5k_HRW_Dataset_combined/images/val/40010049.png,1,0,0,,0
8,40010044.png,/home/ubuntu/SCB-05-Dataset/5k_HRW_Dataset_combined/images/val/40010044.png,1,0,0,,0
9,40010054.png,/home/ubuntu/SCB-05-Dataset/5k_HRW_Dataset_combined/images/val/40010054.png,1,0,0,,0
10,40010058.png,/home/ubuntu/SCB-05-Dataset/5k_HRW_Dataset_combined/images/val/40010058.png,1,0,0,,0
11,40010064.png,/home/ubuntu/SCB-05-Dataset/5k_HRW_Dataset_combined/images/val/40010064.png,1,0,0,,0
12,40010067.png,/home/ubuntu/SCB-05-Dataset/5k_HRW_Dataset_combined/images/val/40010067.png,1,0,0,,0
13,40010084.png,/home/ubuntu/SCB-05-Dataset/5k_HRW_Dataset_combined/images/val/40010084.png,1,2,2,,0
14,40010082.png,/home/ubuntu/SCB-05-Dataset/5k_HRW_Dataset_combined/images/val/40010082.png,1,0,0,,0
15,40010089.png,/home/ubuntu/SCB-05-Dataset/5k_HRW_Dataset_combined/images/val/40010089.png,1,0,0,,0
16,40010095.png,/home/ubuntu/SCB-05-Dataset/5k_HRW_Dataset_combined/images/val/40010095.png,1,2,2,,0
17,40010098.png,/home/ubuntu/SCB-05-Dataset/5k_HRW_Dataset_combined/images/val/40010098.png,1,0,0,,0
18,40010099.png,/home/ubuntu/SCB-05-Dataset/5k_HRW_Dataset_combined/images/val/40010099.png,1,0,0,,0
19,40010105.png,/home/ubuntu/SCB-05-Dataset/5k_HRW_Dataset_combined/images/val/40010105.png,1,0,0,,0
20,40010107.png,/home/ubuntu/SCB-05-Dataset/5k_HRW_Dataset_combined/images/val/40010107.png,1,0,0,,0
21,40010106.png,/home/ubuntu/SCB-05-Dataset/5k_HRW_Dataset_combined/images/val/40010106.png,1,0,0,,0
22,40010110.png,/home/ubuntu/SCB-05-Dataset/5k_HRW_Dataset_combined/images/val/40010110.png,1,0,0,,0
23,40010114.png,/home/ubuntu/SCB-05-Dataset/5k_HRW_Dataset_combined/images/val/40010114.png,1,0,0,,0
24,40010120.png,/home/ubuntu/SCB-05-Dataset/5k_HRW_Dataset_combined/images/val/40010120.png,1,0,0,,0
25,40010123.png,/home/ubuntu/SCB-05-Dataset/5k_HRW_Dataset_combined/images/val/40010123.png,1,0,0,,0
26,40010135.png,/home/ubuntu/SCB-05-Dataset/5k_HRW_Dataset_combined/images/val/40010135.png,1,0,0,,0
27,40020002.png,/home/ubuntu/SCB-05-Dataset/5k_HRW_Dataset_combined/images/val/40020002.png,1,0,0,,0
28,40020003.png,/home/ubuntu/SCB-05-Dataset/5k_HRW_Dataset_combined/images/val/40020003.png,1,0,0,,0
29,40020019.png,/home/ubuntu/SCB-05-Dataset/5k_HRW_Dataset_combined/images/val/40020019.png,1,0,0,,0
30,40020021.png,/home/ubuntu/SCB-05-Dataset/5k_HRW_Dataset_combined/images/val/40020021.png,1,0,0,,0
31,40020022.png,/home/ubuntu/SCB-05-Dataset/5k_HRW_Dataset_combined/images/val/40020022.png,1,0,0,,0
32,40020026.png,/home/ubuntu/SCB-05-Dataset/5k_HRW_Dataset_combined/images/val/40020026.png,1,0,0,,0
33,40020034.png,/home/ubuntu/SCB-05-Dataset/5k_HRW_Dataset_combined/images/val/40020034.png,1,0,0,,0
34,40020044.png,/home/ubuntu/SCB-05-Dataset/5k_HRW_Dataset_combined/images/val/40020044.png,1,0,0,,0
35,40020045.png,/home/ubuntu/SCB-05-Dataset/5k_HRW_Dataset_combined/images/val/40020045.png,1,0,0,,0
36,40020046.png,/home/ubuntu/SCB-05-Dataset/5k_HRW_Dataset_combined/images/val/40020046.png,1,0,0,,0
37,40020049.png,/home/ubuntu/SCB-05-Dataset/5k_HRW_Dataset_combined/images/val/40020049.png,1,0,0,,0
38,40020050.png,/home/ubuntu/SCB-05-Dataset/5k_HRW_Dataset_combined/images/val/40020050.png,0,0,0,,0
39,40020058.png,/home/ubuntu/SCB-05-Dataset/5k_HRW_Dataset_combined/images/val/40020058.png,1,0,0,,0
40,40020077.png,/home/ubuntu/SCB-05-Dataset/5k_HRW_Dataset_combined/images/val/40020077.png,0,0,0,,0
41,40020078.png,/home/ubuntu/SCB-05-Dataset/5k_HRW_Dataset_combined/images/val/40020078.png,0,0,0,,0
42,40020083.png,/home/ubuntu/SCB-05-Dataset/5k_HRW_Dataset_combined/images/val/40020083.png,0,0,0,,0
43,40020073.png,/home/ubuntu/SCB-05-Dataset/5k_HRW_Dataset_combined/images/val/40020073.png,0,0,0,,0
44,40020097.png,/home/ubuntu/SCB-05-Dataset/5k_HRW_Dataset_combined/images/val/40020097.png,0,0,0,,0
45,40020086.png,/home/ubuntu/SCB-05-Dataset/5k_HRW_Dataset_combined/images/val/40020086.png,0,0,0,,0
46,40020103.png,/home/ubuntu/SCB-05-Dataset/5k_HRW_Dataset_combined/images/val/40020103.png,0,0,0,,0
47,40020105.png,/home/ubuntu/SCB-05-Dataset/5k_HRW_Dataset_combined/images/val/40020105.png,0,0,0,,0
48,40020110.png,/home/ubuntu/SCB-05-Dataset/5k_HRW_Dataset_combined/images/val/40020110.png,0,0,0,,0
49,40020122.png,/home/ubuntu/SCB-05-Dataset/5k_HRW_Dataset_combined/images/val/40020122.png,1,0,0,,0
50,40020141.png,/home/ubuntu/SCB-05-Dataset/5k_HRW_Dataset_combined/images/val/40020141.png,1,0,0,,0
51,40020148.png,/home/ubuntu/SCB-05-Dataset/5k_HRW_Dataset_combined/images/val/40020148.png,1,0,0,,0
52,40020150.png,/home/ubuntu/SCB-05-Dataset/5k_HRW_Dataset_combined/images/val/40020150.png,1,0,0,,0
53,40020119.png,/home/ubuntu/SCB-05-Dataset/5k_HRW_Dataset_combined/images/val/40020119.png,1,0,0,,0
54,40020144.png,/home/ubuntu/SCB-05-Dataset/5k_HRW_Dataset_combined/images/val/40020144.png,1,0,0,,0
55,40020153.png,/home/ubuntu/SCB-05-Dataset/5k_HRW_Dataset_combined/images/val/40020153.png,1,0,0,,0
56,40020061.png,/home/ubuntu/SCB-05-Dataset/5k_HRW_Dataset_combined/images/val/40020061.png,1,0,0,,0
57,40020167.png,/home/ubuntu/SCB-05-Dataset/5k_HRW_Dataset_combined/images/val/40020167.png,0,0,0,,0
58,40020168.png,/home/ubuntu/SCB-05-Dataset/5k_HRW_Dataset_combined/images/val/40020168.png,1,0,0,,0
59,40020174.png,/home/ubuntu/SCB-05-Dataset/5k_HRW_Dataset_combined/images/val/40020174.png,0,0,0,,0
60,40020170.png,/home/ubuntu/SCB-05-Dataset/5k_HRW_Dataset_combined/images/val/40020170.png,1,0,0,,0
61,40020182.png,/home/ubuntu/SCB-05-Dataset/5k_HRW_Dataset_combined/images/val/40020182.png,1,0,0,,0
62,40020156.png,/home/ubuntu/SCB-05-Dataset/5k_HRW_Dataset_combined/images/val/40020156.png,1,0,0,,0
63,40020164.png,/home/ubuntu/SCB-05-Dataset/5k_HRW_Dataset_combined/images/val/40020164.png,1,0,0,,0
64,40020177.png,/home/ubuntu/SCB-05-Dataset/5k_HRW_Dataset_combined/images/val/40020177.png,0,0,0,,0
65,40020202.png,/home/ubuntu/SCB-05-Dataset/5k_HRW_Dataset_combined/images/val/40020202.png,0,0,0,,0
66,40020194.png,/home/ubuntu/SCB-05-Dataset/5k_HRW_Dataset_combined/images/val/40020194.png,0,0,0,,0
67,40020203.png,/home/ubuntu/SCB-05-Dataset/5k_HRW_Dataset_combined/images/val/40020203.png,0,0,0,,0
68,40020210.png,/home/ubuntu/SCB-05-Dataset/5k_HRW_Dataset_combined/images/val/40020210.png,0,0,0,,0
69,40020215.png,/home/ubuntu/SCB-05-Dataset/5k_HRW_Dataset_combined/images/val/40020215.png,1,0,0,,0
70,40020216.png,/home/ubuntu/SCB-05-Dataset/5k_HRW_Dataset_combined/images/val/40020216.png,0,0,0,,0
71,40020218.png,/home/ubuntu/SCB-05-Dataset/5k_HRW_Dataset_combined/images/val/40020218.png,0,0,0,,0
72,40030006.png,/home/ubuntu/SCB-05-Dataset/5k_HRW_Dataset_combined/images/val/40030006.png,1,0,0,,0
73,40020160.png,/home/ubuntu/SCB-05-Dataset/5k_HRW_Dataset_combined/images/val/40020160.png,1,0,0,,0
74,40020208.png,/home/ubuntu/SCB-05-Dataset/5k_HRW_Dataset_combined/images/val/40020208.png,0,0,0,,0
75,40020217.png,/home/ubuntu/SCB-05-Dataset/5k_HRW_Dataset_combined/images/val/40020217.png,0,0,0,,0
76,40020221.png,/home/ubuntu/SCB-05-Dataset/5k_HRW_Dataset_combined/images/val/40020221.png,0,0,0,,0
77,40020158.png,/home/ubuntu/SCB-05-Dataset/5k_HRW_Dataset_combined/images/val/40020158.png,1,0,0,,0
78,40030020.png,/home/ubuntu/SCB-05-Dataset/5k_HRW_Dataset_combined/images/val/40030020.png,1,0,0,,0
79,40030024.png,/home/ubuntu/SCB-05-Dataset/5k_HRW_Dataset_combined/images/val/40030024.png,1,0,0,,0
80,40030028.png,/home/ubuntu/SCB-05-Dataset/5k_HRW_Dataset_combined/images/val/40030028.png,1,0,0,,0
81,40030030.png,/home/ubuntu/SCB-05-Dataset/5k_HRW_Dataset_combined/images/val/40030030.png,1,0,0,,0
82,40030037.png,/home/ubuntu/SCB-05-Dataset/5k_HRW_Dataset_combined/images/val/40030037.png,1,0,0,,0
83,40020126.png,/home/ubuntu/SCB-05-Dataset/5k_HRW_Dataset_combined/images/val/40020126.png,1,0,0,,0
84,40030033.png,/home/ubuntu/SCB-05-Dataset/5k_HRW_Dataset_combined/images/val/40030033.png,1,0,0,,0
85,40030002.png,/home/ubuntu/SCB-05-Dataset/5k_HRW_Dataset_combined/images/val/40030002.png,1,0,0,,0
86,40030048.png,/home/ubuntu/SCB-05-Dataset/5k_HRW_Dataset_combined/images/val/40030048.png,1,0,0,,0
87,40030042.png,/home/ubuntu/SCB-05-Dataset/5k_HRW_Dataset_combined/images/val/40030042.png,1,0,0,,0
88,40030050.png,/home/ubuntu/SCB-05-Dataset/5k_HRW_Dataset_combined/images/val/40030050.png,1,0,0,,0
89,40030052.png,/home/ubuntu/SCB-05-Dataset/5k_HRW_Dataset_combined/images/val/40030052.png,1,0,0,,0
90,40030059.png,/home/ubuntu/SCB-05-Dataset/5k_HRW_Dataset_combined/images/val/40030059.png,1,0,0,,0
91,40030069.png,/home/ubuntu/SCB-05-Dataset/5k_HRW_Dataset_combined/images/val/40030069.png,1,0,0,,0
92,40030070.png,/home/ubuntu/SCB-05-Dataset/5k_HRW_Dataset_combined/images/val/40030070.png,1,0,0,,0
93,40030072.png,/home/ubuntu/SCB-05-Dataset/5k_HRW_Dataset_combined/images/val/40030072.png,1,0,0,,0
94,40030088.png,/home/ubuntu/SCB-05-Dataset/5k_HRW_Dataset_combined/images/val/40030088.png,1,0,0,,0
95,40030092.png,/home/ubuntu/SCB-05-Dataset/5k_HRW_Dataset_combined/images/val/40030092.png,1,0,0,,0
96,40030100.png,/home/ubuntu/SCB-05-Dataset/5k_HRW_Dataset_combined/images/val/40030100.png,1,0,0,,0
97,40030108.png,/home/ubuntu/SCB-05-Dataset/5k_HRW_Dataset_combined/images/val/40030108.png,1,0,0,,0
98,40030111.png,/home/ubuntu/SCB-05-Dataset/5k_HRW_Dataset_combined/images/val/40030111.png,1,0,0,,0
99,40030113.png,/home/ubuntu/SCB-05-Dataset/5k_HRW_Dataset_combined/images/val/40030113.png,1,0,0,,0
100,40030114.png,/home/ubuntu/SCB-05-Dataset/5k_HRW_Dataset_combined/images/val/40030114.png,1,0,0,,0
101,40030116.png,/home/ubuntu/SCB-05-Dataset/5k_HRW_Dataset_combined/images/val/40030116.png,1,0,0,,0
102,40030130.png,/home/ubuntu/SCB-05-Dataset/5k_HRW_Dataset_combined/images/val/40030130.png,1,0,0,,0
103,40030131.png,/home/ubuntu/SCB-05-Dataset/5k_HRW_Dataset_combined/images/val/40030131.png,1,0,0,,0
104,40030142.png,/home/ubuntu/SCB-05-Dataset/5k_HRW_Dataset_combined/images/val/40030142.png,1,0,0,,0
105,40030144.png,/home/ubuntu/SCB-05-Dataset/5k_HRW_Dataset_combined/images/val/40030144.png,1,2,2,,0
106,40030148.png,/home/ubuntu/SCB-05-Dataset/5k_HRW_Dataset_combined/images/val/40030148.png,1,0,0,,0
107,40030150.png,/home/ubuntu/SCB-05-Dataset/5k_HRW_Dataset_combined/images/val/40030150.png,1,0,0,,0
108,40030160.png,/home/ubuntu/SCB-05-Dataset/5k_HRW_Dataset_combined/images/val/40030160.png,1,0,0,,0
109,40030162.png,/home/ubuntu/SCB-05-Dataset/5k_HRW_Dataset_combined/images/val/40030162.png,1,0,0,,0
110,40030157.png,/home/ubuntu/SCB-05-Dataset/5k_HRW_Dataset_combined/images/val/40030157.png,1,0,0,,0
111,40030165.png,/home/ubuntu/SCB-05-Dataset/5k_HRW_Dataset_combined/images/val/40030165.png,1,2,2,,0
112,40030169.png,/home/ubuntu/SCB-05-Dataset/5k_HRW_Dataset_combined/images/val/40030169.png,1,0,0,,0
113,40030172.png,/home/ubuntu/SCB-05-Dataset/5k_HRW_Dataset_combined/images/val/40030172.png,1,2,2,,0
114,40030168.png,/home/ubuntu/SCB-05-Dataset/5k_HRW_Dataset_combined/images/val/40030168.png,1,0,0,,0
115,40030177.png,/home/ubuntu/SCB-05-Dataset/5k_HRW_Dataset_combined/images/val/40030177.png,1,2,2,,0
116,40030176.png,/home/ubuntu/SCB-05-Dataset/5k_HRW_Dataset_combined/images/val/40030176.png,1,0,0,,0
117,40030184.png,/home/ubuntu/SCB-05-Dataset/5k_HRW_Dataset_combined/images/val/40030184.png,2,0,0,,0
118,40030185.png,/home/ubuntu/SCB-05-Dataset/5k_HRW_Dataset_combined/images/val/40030185.png,2,0,0,,0
119,40030187.png,/home/ubuntu/SCB-05-Dataset/5k_HRW_Dataset_combined/images/val/40030187.png,1,0,0,,0
120,40030193.png,/home/ubuntu/SCB-05-Dataset/5k_HRW_Dataset_combined/images/val/40030193.png,1,0,0,,0
121,40030200.png,/home/ubuntu/SCB-05-Dataset/5k_HRW_Dataset_combined/images/val/40030200.png,1,0,0,,0
122,40030202.png,/home/ubuntu/SCB-05-Dataset/5k_HRW_Dataset_combined/images/val/40030202.png,1,0,0,,0
123,40030209.png,/home/ubuntu/SCB-05-Dataset/5k_HRW_Dataset_combined/images/val/40030209.png,1,0,0,,0
124,40030212.png,/home/ubuntu/SCB-05-Dataset/5k_HRW_Dataset_combined/images/val/40030212.png,1,0,0,,0
125,40030217.png,/home/ubuntu/SCB-05-Dataset/5k_HRW_Dataset_combined/images/val/40030217.png,1,0,0,,0
126,40030222.png,/home/ubuntu/SCB-05-Dataset/5k_HRW_Dataset_combined/images/val/40030222.png,1,0,0,,0
127,40030233.png,/home/ubuntu/SCB-05-Dataset/5k_HRW_Dataset_combined/images/val/40030233.png,1,0,0,,0
128,40030239.png,/home/ubuntu/SCB-05-Dataset/5k_HRW_Dataset_combined/images/val/40030239.png,1,0,0,,0
129,40030245.png,/home/ubuntu/SCB-05-Dataset/5k_HRW_Dataset_combined/images/val/40030245.png,1,0,0,,0
130,40030246.png,/home/ubuntu/SCB-05-Dataset/5k_HRW_Dataset_combined/images/val/40030246.png,1,0,0,,0
131,40030254.png,/home/ubuntu/SCB-05-Dataset/5k_HRW_Dataset_combined/images/val/40030254.png,1,0,0,,0
132,40030255.png,/home/ubuntu/SCB-05-Dataset/5k_HRW_Dataset_combined/images/val/40030255.png,1,0,0,,0
133,40030256.png,/home/ubuntu/SCB-05-Dataset/5k_HRW_Dataset_combined/images/val/40030256.png,1,0,0,,0
134,40030259.png,/home/ubuntu/SCB-05-Dataset/5k_HRW_Dataset_combined/images/val/40030259.png,1,0,0,,0
135,40030257.png,/home/ubuntu/SCB-05-Dataset/5k_HRW_Dataset_combined/images/val/40030257.png,1,0,0,,0
136,40030268.png,/home/ubuntu/SCB-05-Dataset/5k_HRW_Dataset_combined/images/val/40030268.png,1,2,2,,0
137,40030274.png,/home/ubuntu/SCB-05-Dataset/5k_HRW_Dataset_combined/images/val/40030274.png,1,0,0,,0
138,40030283.png,/home/ubuntu/SCB-05-Dataset/5k_HRW_Dataset_combined/images/val/40030283.png,1,0,0,,0
139,40030289.png,/home/ubuntu/SCB-05-Dataset/5k_HRW_Dataset_combined/images/val/40030289.png,1,0,0,,0
140,40030291.png,/home/ubuntu/SCB-05-Dataset/5k_HRW_Dataset_combined/images/val/40030291.png,1,0,0,,0
141,40030295.png,/home/ubuntu/SCB-05-Dataset/5k_HRW_Dataset_combined/images/val/40030295.png,1,0,0,,0
142,0001001.png,/home/ubuntu/SCB-05-Dataset/5k_HRW_Dataset_combined/images/val/0001001.png,3,3,3,,0
143,0001002.png,/home/ubuntu/SCB-05-Dataset/5k_HRW_Dataset_combined/images/val/0001002.png,3,3,3,,0
144,0001007.png,/home/ubuntu/SCB-05-Dataset/5k_HRW_Dataset_combined/images/val/0001007.png,3,0,0,,0
145,0001009.png,/home/ubuntu/SCB-05-Dataset/5k_HRW_Dataset_combined/images/val/0001009.png,3,3,3,,0
146,0001027.png,/home/ubuntu/SCB-05-Dataset/5k_HRW_Dataset_combined/images/val/0001027.png,3,0,0,,0
147,0001028.png,/home/ubuntu/SCB-05-Dataset/5k_HRW_Dataset_combined/images/val/0001028.png,3,0,0,,0
148,0001030.png,/home/ubuntu/SCB-05-Dataset/5k_HRW_Dataset_combined/images/val/0001030.png,3,3,3,,0
149,0001040.png,/home/ubuntu/SCB-05-Dataset/5k_HRW_Dataset_combined/images/val/0001040.png,3,0,0,,0
150,0001031.png,/home/ubuntu/SCB-05-Dataset/5k_HRW_Dataset_combined/images/val/0001031.png,3,0,0,,0
151,0001048.png,/home/ubuntu/SCB-05-Dataset/5k_HRW_Dataset_combined/images/val/0001048.png,3,3,3,,0
152,0001041.png,/home/ubuntu/SCB-05-Dataset/5k_HRW_Dataset_combined/images/val/0001041.png,3,2,2,,0
153,0001052.png,/home/ubuntu/SCB-05-Dataset/5k_HRW_Dataset_combined/images/val/0001052.png,2,0,0,,0
154,0001058.png,/home/ubuntu/SCB-05-Dataset/5k_HRW_Dataset_combined/images/val/0001058.png,3,0,0,,0
155,0001060.png,/home/ubuntu/SCB-05-Dataset/5k_HRW_Dataset_combined/images/val/0001060.png,3,3,3,,0
156,0001059.png,/home/ubuntu/SCB-05-Dataset/5k_HRW_Dataset_combined/images/val/0001059.png,2,3,3,,0
157,0001063.png,/home/ubuntu/SCB-05-Dataset/5k_HRW_Dataset_combined/images/val/0001063.png,3,0,0,,0
158,0001066.png,/home/ubuntu/SCB-05-Dataset/5k_HRW_Dataset_combined/images/val/0001066.png,2,0,0,,0
159,0001068.png,/home/ubuntu/SCB-05-Dataset/5k_HRW_Dataset_combined/images/val/0001068.png,3,3,3,,0
160,0001069.png,/home/ubuntu/SCB-05-Dataset/5k_HRW_Dataset_combined/images/val/0001069.png,3,0,0,,0
161,0001078.png,/home/ubuntu/SCB-05-Dataset/5k_HRW_Dataset_combined/images/val/0001078.png,3,3,3,,0
162,0001086.png,/home/ubuntu/SCB-05-Dataset/5k_HRW_Dataset_combined/images/val/0001086.png,3,3,3,,0
163,0001087.png,/home/ubuntu/SCB-05-Dataset/5k_HRW_Dataset_combined/images/val/0001087.png,3,0,0,,0
164,0002007.png,/home/ubuntu/SCB-05-Dataset/5k_HRW_Dataset_combined/images/val/0002007.png,3,3,3,,0
165,0002009.png,/home/ubuntu/SCB-05-Dataset/5k_HRW_Dataset_combined/images/val/0002009.png,3,0,0,,0
166,0002017.png,/home/ubuntu/SCB-05-Dataset/5k_HRW_Dataset_combined/images/val/0002017.png,3,0,0,,0
167,0002022.png,/home/ubuntu/SCB-05-Dataset/5k_HRW_Dataset_combined/images/val/0002022.png,3,0,0,,0
168,0002018.png,/home/ubuntu/SCB-05-Dataset/5k_HRW_Dataset_combined/images/val/0002018.png,3,0,0,,0
169,0002025.png,/home/ubuntu/SCB-05-Dataset/5k_HRW_Dataset_combined/images/val/0002025.png,2,0,0,,0
170,0002029.png,/home/ubuntu/SCB-05-Dataset/5k_HRW_Dataset_combined/images/val/0002029.png,3,3,3,,0
171,0002034.png,/home/ubuntu/SCB-05-Dataset/5k_HRW_Dataset_combined/images/val/0002034.png,3,3,3,,0
172,0002036.png,/home/ubuntu/SCB-05-Dataset/5k_HRW_Dataset_combined/images/val/0002036.png,3,0,0,,0
173,0002041.png,/home/ubuntu/SCB-05-Dataset/5k_HRW_Dataset_combined/images/val/0002041.png,3,2,2,,0
174,0002043.png,/home/ubuntu/SCB-05-Dataset/5k_HRW_Dataset_combined/images/val/0002043.png,3,2,2,,0
175,0002044.png,/home/ubuntu/SCB-05-Dataset/5k_HRW_Dataset_combined/images/val/0002044.png,3,3,3,,0
176,0002045.png,/home/ubuntu/SCB-05-Dataset/5k_HRW_Dataset_combined/images/val/0002045.png,2,2,2,,0
177,0002052.png,/home/ubuntu/SCB-05-Dataset/5k_HRW_Dataset_combined/images/val/0002052.png,3,0,0,,0
178,0002053.png,/home/ubuntu/SCB-05-Dataset/5k_HRW_Dataset_combined/images/val/0002053.png,3,3,3,,0
179,0002059.png,/home/ubuntu/SCB-05-Dataset/5k_HRW_Dataset_combined/images/val/0002059.png,3,3,3,,0
180,0002075.png,/home/ubuntu/SCB-05-Dataset/5k_HRW_Dataset_combined/images/val/0002075.png,3,3,3,,0
181,0002074.png,/home/ubuntu/SCB-05-Dataset/5k_HRW_Dataset_combined/images/val/0002074.png,3,0,0,,0
182,00030001.png,/home/ubuntu/SCB-05-Dataset/5k_HRW_Dataset_combined/images/val/00030001.png,2,2,2,,0
183,00030005.png,/home/ubuntu/SCB-05-Dataset/5k_HRW_Dataset_combined/images/val/00030005.png,3,0,0,,0
184,00030010.png,/home/ubuntu/SCB-05-Dataset/5k_HRW_Dataset_combined/images/val/00030010.png,3,0,0,,0
185,00030018.png,/home/ubuntu/SCB-05-Dataset/5k_HRW_Dataset_combined/images/val/00030018.png,3,0,0,,0
186,00030014.png,/home/ubuntu/SCB-05-Dataset/5k_HRW_Dataset_combined/images/val/00030014.png,3,0,0,,0
187,00030019.png,/home/ubuntu/SCB-05-Dataset/5k_HRW_Dataset_combined/images/val/00030019.png,3,0,0,,0
188,00030020.png,/home/ubuntu/SCB-05-Dataset/5k_HRW_Dataset_combined/images/val/00030020.png,2,3,3,,0
189,0006003.png,/home/ubuntu/SCB-05-Dataset/5k_HRW_Dataset_combined/images/val/0006003.png,3,3,3,,0
190,0006011.png,/home/ubuntu/SCB-05-Dataset/5k_HRW_Dataset_combined/images/val/0006011.png,3,0,0,,0
191,0006015.png,/home/ubuntu/SCB-05-Dataset/5k_HRW_Dataset_combined/images/val/0006015.png,3,3,3,,0
192,0006019.png,/home/ubuntu/SCB-05-Dataset/5k_HRW_Dataset_combined/images/val/0006019.png,3,0,0,,0
193,0006021.png,/home/ubuntu/SCB-05-Dataset/5k_HRW_Dataset_combined/images/val/0006021.png,3,3,3,,0
194,0008005.png,/home/ubuntu/SCB-05-Dataset/5k_HRW_Dataset_combined/images/val/0008005.png,2,3,3,,0
195,0008007.png,/home/ubuntu/SCB-05-Dataset/5k_HRW_Dataset_combined/images/val/0008007.png,3,3,3,,0
196,0008009.png,/home/ubuntu/SCB-05-Dataset/5k_HRW_Dataset_combined/images/val/0008009.png,3,3,3,,0
197,0008019.png,/home/ubuntu/SCB-05-Dataset/5k_HRW_Dataset_combined/images/val/0008019.png,3,3,3,,0
198,0008022.png,/home/ubuntu/SCB-05-Dataset/5k_HRW_Dataset_combined/images/val/0008022.png,3,3,3,,0
199,0008033.png,/home/ubuntu/SCB-05-Dataset/5k_HRW_Dataset_combined/images/val/0008033.png,3,3,3,,0
200,0008034.png,/home/ubuntu/SCB-05-Dataset/5k_HRW_Dataset_combined/images/val/0008034.png,3,3,3,,0
201,0009008.png,/home/ubuntu/SCB-05-Dataset/5k_HRW_Dataset_combined/images/val/0009008.png,2,2,2,,0
202,0009005.png,/home/ubuntu/SCB-05-Dataset/5k_HRW_Dataset_combined/images/val/0009005.png,2,2,2,,0
203,0009012.png,/home/ubuntu/SCB-05-Dataset/5k_HRW_Dataset_combined/images/val/0009012.png,2,0,0,,0
204,0009013.png,/home/ubuntu/SCB-05-Dataset/5k_HRW_Dataset_combined/images/val/0009013.png,2,2,2,,0
205,0009014.png,/home/ubuntu/SCB-05-Dataset/5k_HRW_Dataset_combined/images/val/0009014.png,2,2,2,,0
206,0009022.png,/home/ubuntu/SCB-05-Dataset/5k_HRW_Dataset_combined/images/val/0009022.png,2,0,0,,0
207,0009031.png,/home/ubuntu/SCB-05-Dataset/5k_HRW_Dataset_combined/images/val/0009031.png,2,2,2,,0
208,0009036.png,/home/ubuntu/SCB-05-Dataset/5k_HRW_Dataset_combined/images/val/0009036.png,2,0,0,,0
209,0009040.png,/home/ubuntu/SCB-05-Dataset/5k_HRW_Dataset_combined/images/val/0009040.png,2,2,2,,0
210,0009047.png,/home/ubuntu/SCB-05-Dataset/5k_HRW_Dataset_combined/images/val/0009047.png,2,0,0,,0
211,0009048.png,/home/ubuntu/SCB-05-Dataset/5k_HRW_Dataset_combined/images/val/0009048.png,2,0,0,,0
212,0011006.png,/home/ubuntu/SCB-05-Dataset/5k_HRW_Dataset_combined/images/val/0011006.png,2,2,2,,0
213,0011008.png,/home/ubuntu/SCB-05-Dataset/5k_HRW_Dataset_combined/images/val/0011008.png,3,3,3,,0
214,0011032.png,/home/ubuntu/SCB-05-Dataset/5k_HRW_Dataset_combined/images/val/0011032.png,2,0,0,,0
215,0011026.png,/home/ubuntu/SCB-05-Dataset/5k_HRW_Dataset_combined/images/val/0011026.png,2,2,2,,0
216,0011033.png,/home/ubuntu/SCB-05-Dataset/5k_HRW_Dataset_combined/images/val/0011033.png,2,2,2,,0
217,0012001.png,/home/ubuntu/SCB-05-Dataset/5k_HRW_Dataset_combined/images/val/0012001.png,2,0,0,,0
218,0012004.png,/home/ubuntu/SCB-05-Dataset/5k_HRW_Dataset_combined/images/val/0012004.png,2,2,2,,0
219,0012014.png,/home/ubuntu/SCB-05-Dataset/5k_HRW_Dataset_combined/images/val/0012014.png,2,2,2,,0
220,0013006.png,/home/ubuntu/SCB-05-Dataset/5k_HRW_Dataset_combined/images/val/0013006.png,2,0,0,,0
221,0013008.png,/home/ubuntu/SCB-05-Dataset/5k_HRW_Dataset_combined/images/val/0013008.png,2,0,0,,0
222,0013016.png,/home/ubuntu/SCB-05-Dataset/5k_HRW_Dataset_combined/images/val/0013016.png,2,2,2,,0
223,0014010.png,/home/ubuntu/SCB-05-Dataset/5k_HRW_Dataset_combined/images/val/0014010.png,2,2,2,,0
224,0014013.png,/home/ubuntu/SCB-05-Dataset/5k_HRW_Dataset_combined/images/val/0014013.png,2,2,2,,0
225,0014019.png,/home/ubuntu/SCB-05-Dataset/5k_HRW_Dataset_combined/images/val/0014019.png,2,2,2,,0
226,0014018.png,/home/ubuntu/SCB-05-Dataset/5k_HRW_Dataset_combined/images/val/0014018.png,2,2,2,,0
227,0015012.png,/home/ubuntu/SCB-05-Dataset/5k_HRW_Dataset_combined/images/val/0015012.png,3,3,3,,0
228,0015013.png,/home/ubuntu/SCB-05-Dataset/5k_HRW_Dataset_combined/images/val/0015013.png,3,3,3,,0
229,0015016.png,/home/ubuntu/SCB-05-Dataset/5k_HRW_Dataset_combined/images/val/0015016.png,2,0,0,,0
230,0014012.png,/home/ubuntu/SCB-05-Dataset/5k_HRW_Dataset_combined/images/val/0014012.png,2,0,0,,0
231,0015018.png,/home/ubuntu/SCB-05-Dataset/5k_HRW_Dataset_combined/images/val/0015018.png,2,0,0,,0
232,0016004.png,/home/ubuntu/SCB-05-Dataset/5k_HRW_Dataset_combined/images/val/0016004.png,2,0,0,,0
233,0016006.png,/home/ubuntu/SCB-05-Dataset/5k_HRW_Dataset_combined/images/val/0016006.png,2,2,2,,0
234,0016007.png,/home/ubuntu/SCB-05-Dataset/5k_HRW_Dataset_combined/images/val/0016007.png,2,2,2,,0
235,0016014.png,/home/ubuntu/SCB-05-Dataset/5k_HRW_Dataset_combined/images/val/0016014.png,2,2,2,,0
236,0016021.png,/home/ubuntu/SCB-05-Dataset/5k_HRW_Dataset_combined/images/val/0016021.png,2,2,2,,0
237,0016026.png,/home/ubuntu/SCB-05-Dataset/5k_HRW_Dataset_combined/images/val/0016026.png,2,0,0,,0
238,0016028.png,/home/ubuntu/SCB-05-Dataset/5k_HRW_Dataset_combined/images/val/0016028.png,2,2,2,,0
239,0020003.png,/home/ubuntu/SCB-05-Dataset/5k_HRW_Dataset_combined/images/val/0020003.png,2,0,0,,0
240,0020006.png,/home/ubuntu/SCB-05-Dataset/5k_HRW_Dataset_combined/images/val/0020006.png,2,2,2,,0
241,0022003.png,/home/ubuntu/SCB-05-Dataset/5k_HRW_Dataset_combined/images/val/0022003.png,2,2,2,,0
242,0022005.png,/home/ubuntu/SCB-05-Dataset/5k_HRW_Dataset_combined/images/val/0022005.png,2,2,2,,0
243,0022009.png,/home/ubuntu/SCB-05-Dataset/5k_HRW_Dataset_combined/images/val/0022009.png,2,2,2,,0
244,0023007.png,/home/ubuntu/SCB-05-Dataset/5k_HRW_Dataset_combined/images/val/0023007.png,2,0,0,,0
245,0023013.png,/home/ubuntu/SCB-05-Dataset/5k_HRW_Dataset_combined/images/val/0023013.png,2,0,0,,0
246,0023025.png,/home/ubuntu/SCB-05-Dataset/5k_HRW_Dataset_combined/images/val/0023025.png,2,2,2,,0
247,0023030.png,/home/ubuntu/SCB-05-Dataset/5k_HRW_Dataset_combined/images/val/0023030.png,2,2,2,,0
248,0023033.png,/home/ubuntu/SCB-05-Dataset/5k_HRW_Dataset_combined/images/val/0023033.png,2,2,2,,0
249,0024004.png,/home/ubuntu/SCB-05-Dataset/5k_HRW_Dataset_combined/images/val/0024004.png,2,0,0,,0
250,0024008.png,/home/ubuntu/SCB-05-Dataset/5k_HRW_Dataset_combined/images/val/0024008.png,2,2,2,,0
251,0024009.png,/home/ubuntu/SCB-05-Dataset/5k_HRW_Dataset_combined/images/val/0024009.png,2,0,0,,0
252,0024012.png,/home/ubuntu/SCB-05-Dataset/5k_HRW_Dataset_combined/images/val/0024012.png,2,2,2,,0
253,0024022.png,/home/ubuntu/SCB-05-Dataset/5k_HRW_Dataset_combined/images/val/0024022.png,2,0,0,,0
254,0024037.png,/home/ubuntu/SCB-05-Dataset/5k_HRW_Dataset_combined/images/val/0024037.png,2,2,2,,0
255,0024038.png,/home/ubuntu/SCB-05-Dataset/5k_HRW_Dataset_combined/images/val/0024038.png,2,2,2,,0
256,0024054.png,/home/ubuntu/SCB-05-Dataset/5k_HRW_Dataset_combined/images/val/0024054.png,2,2,2,,0
257,0024070.png,/home/ubuntu/SCB-05-Dataset/5k_HRW_Dataset_combined/images/val/0024070.png,2,2,2,,0
258,0025002.png,/home/ubuntu/SCB-05-Dataset/5k_HRW_Dataset_combined/images/val/0025002.png,2,2,2,,0
259,0025003.png,/home/ubuntu/SCB-05-Dataset/5k_HRW_Dataset_combined/images/val/0025003.png,2,0,0,,0
260,0025004.png,/home/ubuntu/SCB-05-Dataset/5k_HRW_Dataset_combined/images/val/0025004.png,2,0,0,,0
261,0025012.png,/home/ubuntu/SCB-05-Dataset/5k_HRW_Dataset_combined/images/val/0025012.png,2,0,0,,0
262,0025009.png,/home/ubuntu/SCB-05-Dataset/5k_HRW_Dataset_combined/images/val/0025009.png,2,2,2,,0
263,0025018.png,/home/ubuntu/SCB-05-Dataset/5k_HRW_Dataset_combined/images/val/0025018.png,2,2,2,,0
264,0025021.png,/home/ubuntu/SCB-05-Dataset/5k_HRW_Dataset_combined/images/val/0025021.png,2,2,2,,0
265,0025022.png,/home/ubuntu/SCB-05-Dataset/5k_HRW_Dataset_combined/images/val/0025022.png,2,2,2,,0
266,0026012.png,/home/ubuntu/SCB-05-Dataset/5k_HRW_Dataset_combined/images/val/0026012.png,2,2,2,,0
267,0026013.png,/home/ubuntu/SCB-05-Dataset/5k_HRW_Dataset_combined/images/val/0026013.png,2,2,2,,0
268,0025069.png,/home/ubuntu/SCB-05-Dataset/5k_HRW_Dataset_combined/images/val/0025069.png,2,0,0,,0
269,0026015.png,/home/ubuntu/SCB-05-Dataset/5k_HRW_Dataset_combined/images/val/0026015.png,2,2,2,,0
270,0026017.png,/home/ubuntu/SCB-05-Dataset/5k_HRW_Dataset_combined/images/val/0026017.png,2,2,2,,0
271,0100012.png,/home/ubuntu/SCB-05-Dataset/5k_HRW_Dataset_combined/images/val/0100012.png,3,0,0,,0
272,0100017.png,/home/ubuntu/SCB-05-Dataset/5k_HRW_Dataset_combined/images/val/0100017.png,3,3,3,,0
273,0100019.png,/home/ubuntu/SCB-05-Dataset/5k_HRW_Dataset_combined/images/val/0100019.png,3,3,3,,0
274,0100029.png,/home/ubuntu/SCB-05-Dataset/5k_HRW_Dataset_combined/images/val/0100029.png,3,0,0,,0
275,0100034.png,/home/ubuntu/SCB-05-Dataset/5k_HRW_Dataset_combined/images/val/0100034.png,3,3,3,,0
276,0100057.png,/home/ubuntu/SCB-05-Dataset/5k_HRW_Dataset_combined/images/val/0100057.png,3,3,3,,0
277,0100056.png,/home/ubuntu/SCB-05-Dataset/5k_HRW_Dataset_combined/images/val/0100056.png,3,0,0,,0
278,0100067.png,/home/ubuntu/SCB-05-Dataset/5k_HRW_Dataset_combined/images/val/0100067.png,3,0,0,,0
279,0101007.png,/home/ubuntu/SCB-05-Dataset/5k_HRW_Dataset_combined/images/val/0101007.png,3,0,0,,0
280,0101004.png,/home/ubuntu/SCB-05-Dataset/5k_HRW_Dataset_combined/images/val/0101004.png,3,3,3,,0
281,0101008.png,/home/ubuntu/SCB-05-Dataset/5k_HRW_Dataset_combined/images/val/0101008.png,3,3,3,,0
282,0101011.png,/home/ubuntu/SCB-05-Dataset/5k_HRW_Dataset_combined/images/val/0101011.png,3,3,3,,0
283,0101012.png,/home/ubuntu/SCB-05-Dataset/5k_HRW_Dataset_combined/images/val/0101012.png,3,0,0,,0
284,0101016.png,/home/ubuntu/SCB-05-Dataset/5k_HRW_Dataset_combined/images/val/0101016.png,3,3,3,,0
285,0101018.png,/home/ubuntu/SCB-05-Dataset/5k_HRW_Dataset_combined/images/val/0101018.png,3,3,3,,0
286,0101019.png,/home/ubuntu/SCB-05-Dataset/5k_HRW_Dataset_combined/images/val/0101019.png,3,3,3,,0
287,0101028.png,/home/ubuntu/SCB-05-Dataset/5k_HRW_Dataset_combined/images/val/0101028.png,3,3,3,,0
288,0101041.png,/home/ubuntu/SCB-05-Dataset/5k_HRW_Dataset_combined/images/val/0101041.png,3,3,3,,0
289,0101046.png,/home/ubuntu/SCB-05-Dataset/5k_HRW_Dataset_combined/images/val/0101046.png,3,0,0,,0
290,0101048.png,/home/ubuntu/SCB-05-Dataset/5k_HRW_Dataset_combined/images/val/0101048.png,3,3,3,,0
291,0101051.png,/home/ubuntu/SCB-05-Dataset/5k_HRW_Dataset_combined/images/val/0101051.png,3,3,3,,0
292,0101053.png,/home/ubuntu/SCB-05-Dataset/5k_HRW_Dataset_combined/images/val/0101053.png,3,0,0,,0
293,0101054.png,/home/ubuntu/SCB-05-Dataset/5k_HRW_Dataset_combined/images/val/0101054.png,3,3,3,,0
294,0101056.png,/home/ubuntu/SCB-05-Dataset/5k_HRW_Dataset_combined/images/val/0101056.png,3,0,0,,0
295,0101065.png,/home/ubuntu/SCB-05-Dataset/5k_HRW_Dataset_combined/images/val/0101065.png,3,0,0,,0
296,0101066.png,/home/ubuntu/SCB-05-Dataset/5k_HRW_Dataset_combined/images/val/0101066.png,3,3,3,,0
297,0101080.png,/home/ubuntu/SCB-05-Dataset/5k_HRW_Dataset_combined/images/val/0101080.png,3,3,3,,0
298,0102002.png,/home/ubuntu/SCB-05-Dataset/5k_HRW_Dataset_combined/images/val/0102002.png,3,0,0,,0
299,0102016.png,/home/ubuntu/SCB-05-Dataset/5k_HRW_Dataset_combined/images/val/0102016.png,3,0,0,,0
300,0102014.png,/home/ubuntu/SCB-05-Dataset/5k_HRW_Dataset_combined/images/val/0102014.png,2,0,0,,0
301,0102024.png,/home/ubuntu/SCB-05-Dataset/5k_HRW_Dataset_combined/images/val/0102024.png,3,0,0,,0
302,0102045.png,/home/ubuntu/SCB-05-Dataset/5k_HRW_Dataset_combined/images/val/0102045.png,3,3,3,,0
303,0102048.png,/home/ubuntu/SCB-05-Dataset/5k_HRW_Dataset_combined/images/val/0102048.png,3,0,0,,0
304,0102050.png,/home/ubuntu/SCB-05-Dataset/5k_HRW_Dataset_combined/images/val/0102050.png,3,3,3,,0
305,0103002.png,/home/ubuntu/SCB-05-Dataset/5k_HRW_Dataset_combined/images/val/0103002.png,2,3,3,,0
306,0103014.png,/home/ubuntu/SCB-05-Dataset/5k_HRW_Dataset_combined/images/val/0103014.png,3,3,3,,0
307,0103017.png,/home/ubuntu/SCB-05-Dataset/5k_HRW_Dataset_combined/images/val/0103017.png,3,2,2,,0
308,0103022.png,/home/ubuntu/SCB-05-Dataset/5k_HRW_Dataset_combined/images/val/0103022.png,3,3,3,,0
309,0103030.png,/home/ubuntu/SCB-05-Dataset/5k_HRW_Dataset_combined/images/val/0103030.png,3,3,3,,0
310,0103044.png,/home/ubuntu/SCB-05-Dataset/5k_HRW_Dataset_combined/images/val/0103044.png,3,0,0,,0
311,0104005.png,/home/ubuntu/SCB-05-Dataset/5k_HRW_Dataset_combined/images/val/0104005.png,2,0,0,,0
312,0104011.png,/home/ubuntu/SCB-05-Dataset/5k_HRW_Dataset_combined/images/val/0104011.png,3,2,2,,0
313,0104007.png,/home/ubuntu/SCB-05-Dataset/5k_HRW_Dataset_combined/images/val/0104007.png,3,3,3,,0
314,0104029.png,/home/ubuntu/SCB-05-Dataset/5k_HRW_Dataset_combined/images/val/0104029.png,3,0,0,,0
315,0104040.png,/home/ubuntu/SCB-05-Dataset/5k_HRW_Dataset_combined/images/val/0104040.png,3,3,3,,0
316,0104037.png,/home/ubuntu/SCB-05-Dataset/5k_HRW_Dataset_combined/images/val/0104037.png,2,2,2,,0
317,0104041.png,/home/ubuntu/SCB-05-Dataset/5k_HRW_Dataset_combined/images/val/0104041.png,3,0,0,,0
318,0104042.png,/home/ubuntu/SCB-05-Dataset/5k_HRW_Dataset_combined/images/val/0104042.png,3,3,3,,0
319,0105007.png,/home/ubuntu/SCB-05-Dataset/5k_HRW_Dataset_combined/images/val/0105007.png,2,2,2,,0
320,0105012.png,/home/ubuntu/SCB-05-Dataset/5k_HRW_Dataset_combined/images/val/0105012.png,3,3,3,,0
321,0105014.png,/home/ubuntu/SCB-05-Dataset/5k_HRW_Dataset_combined/images/val/0105014.png,3,3,3,,0
322,0105013.png,/home/ubuntu/SCB-05-Dataset/5k_HRW_Dataset_combined/images/val/0105013.png,3,0,0,,0
323,0105016.png,/home/ubuntu/SCB-05-Dataset/5k_HRW_Dataset_combined/images/val/0105016.png,3,0,0,,0
324,0105026.png,/home/ubuntu/SCB-05-Dataset/5k_HRW_Dataset_combined/images/val/0105026.png,2,2,2,,0
325,0105035.png,/home/ubuntu/SCB-05-Dataset/5k_HRW_Dataset_combined/images/val/0105035.png,3,0,0,,0
326,0105020.png,/home/ubuntu/SCB-05-Dataset/5k_HRW_Dataset_combined/images/val/0105020.png,3,0,0,,0
327,0105037.png,/home/ubuntu/SCB-05-Dataset/5k_HRW_Dataset_combined/images/val/0105037.png,2,0,0,,0
328,0106003.png,/home/ubuntu/SCB-05-Dataset/5k_HRW_Dataset_combined/images/val/0106003.png,2,0,0,,0
329,0106008.png,/home/ubuntu/SCB-05-Dataset/5k_HRW_Dataset_combined/images/val/0106008.png,2,0,0,,0
330,0106006.png,/home/ubuntu/SCB-05-Dataset/5k_HRW_Dataset_combined/images/val/0106006.png,3,0,0,,0
331,0106026.png,/home/ubuntu/SCB-05-Dataset/5k_HRW_Dataset_combined/images/val/0106026.png,3,0,0,,0
332,0106035.png,/home/ubuntu/SCB-05-Dataset/5k_HRW_Dataset_combined/images/val/0106035.png,3,3,3,,0
333,0106038.png,/home/ubuntu/SCB-05-Dataset/5k_HRW_Dataset_combined/images/val/0106038.png,3,0,0,,0
334,0106041.png,/home/ubuntu/SCB-05-Dataset/5k_HRW_Dataset_combined/images/val/0106041.png,3,0,0,,0
335,0107009.png,/home/ubuntu/SCB-05-Dataset/5k_HRW_Dataset_combined/images/val/0107009.png,3,3,3,,0
336,0107012.png,/home/ubuntu/SCB-05-Dataset/5k_HRW_Dataset_combined/images/val/0107012.png,3,0,0,,0
337,0107010.png,/home/ubuntu/SCB-05-Dataset/5k_HRW_Dataset_combined/images/val/0107010.png,3,3,3,,0
338,0107013.png,/home/ubuntu/SCB-05-Dataset/5k_HRW_Dataset_combined/images/val/0107013.png,3,0,0,,0
339,0107024.png,/home/ubuntu/SCB-05-Dataset/5k_HRW_Dataset_combined/images/val/0107024.png,3,3,3,,0
340,0107026.png,/home/ubuntu/SCB-05-Dataset/5k_HRW_Dataset_combined/images/val/0107026.png,3,3,3,,0
341,0107030.png,/home/ubuntu/SCB-05-Dataset/5k_HRW_Dataset_combined/images/val/0107030.png,3,3,3,,0
342,0107027.png,/home/ubuntu/SCB-05-Dataset/5k_HRW_Dataset_combined/images/val/0107027.png,3,0,0,,0
343,0107037.png,/home/ubuntu/SCB-05-Dataset/5k_HRW_Dataset_combined/images/val/0107037.png,3,3,3,,0
344,0107041.png,/home/ubuntu/SCB-05-Dataset/5k_HRW_Dataset_combined/images/val/0107041.png,3,0,0,,0
345,0107042.png,/home/ubuntu/SCB-05-Dataset/5k_HRW_Dataset_combined/images/val/0107042.png,3,0,0,,0
346,0108015.png,/home/ubuntu/SCB-05-Dataset/5k_HRW_Dataset_combined/images/val/0108015.png,3,3,3,,0
347,0108031.png,/home/ubuntu/SCB-05-Dataset/5k_HRW_Dataset_combined/images/val/0108031.png,3,3,3,,0
348,0108020.png,/home/ubuntu/SCB-05-Dataset/5k_HRW_Dataset_combined/images/val/0108020.png,3,2,2,,0
349,0108032.png,/home/ubuntu/SCB-05-Dataset/5k_HRW_Dataset_combined/images/val/0108032.png,3,3,3,,0
350,0108035.png,/home/ubuntu/SCB-05-Dataset/5k_HRW_Dataset_combined/images/val/0108035.png,3,3,3,,0
351,0108040.png,/home/ubuntu/SCB-05-Dataset/5k_HRW_Dataset_combined/images/val/0108040.png,3,3,3,,0
352,0108046.png,/home/ubuntu/SCB-05-Dataset/5k_HRW_Dataset_combined/images/val/0108046.png,3,0,0,,0
353,0200008.png,/home/ubuntu/SCB-05-Dataset/5k_HRW_Dataset_combined/images/val/0200008.png,3,3,3,,0
354,0200014.png,/home/ubuntu/SCB-05-Dataset/5k_HRW_Dataset_combined/images/val/0200014.png,3,3,3,,0
355,0200021.png,/home/ubuntu/SCB-05-Dataset/5k_HRW_Dataset_combined/images/val/0200021.png,3,0,"The image shows two different classroom scenes. In the first scene, where students are watching a presentation on a screen, I would rate their engagement as follows:

- One student is actively focused and alert (raising a hand), which would be a 3.
- Two students appear to be attentive and following along (reading or writing), which would be a 2.
- The rest of the students are leaning over the table, which could indicate a lack of focus or interest in the presentation at that moment, so I would rate them as 1 for being passively present but not focused.

In the second scene, where students are looking at a whiteboard with writing on it, I would rate their engagement as follows:

- The student pointing to the board is actively focused and alert (raising a hand), which would be a 3.
- The other students appear to be attentive and following along (reading or writing), which would be a 2.
- There are no students who seem distracted or disinterested, so I would rate them all as 0 for being focused on the task at hand.

Overall, the students in both scenes appear to be engaged to some extent, with varying levels of focus and attention. The classroom environment seems to be conducive to learning, but individual student engagement may vary.",,0
356,0200025.png,/home/ubuntu/SCB-05-Dataset/5k_HRW_Dataset_combined/images/val/0200025.png,3,3,3,,0
357,0200034.png,/home/ubuntu/SCB-05-Dataset/5k_HRW_Dataset_combined/images/val/0200034.png,3,0,0,,0
358,0202002.png,/home/ubuntu/SCB-05-Dataset/5k_HRW_Dataset_combined/images/val/0202002.png,3,3,3,,0
359,0202004.png,/home/ubuntu/SCB-05-Dataset/5k_HRW_Dataset_combined/images/val/0202004.png,3,0,0,,0
360,0202007.png,/home/ubuntu/SCB-05-Dataset/5k_HRW_Dataset_combined/images/val/0202007.png,3,0,0,,0
361,0202025.png,/home/ubuntu/SCB-05-Dataset/5k_HRW_Dataset_combined/images/val/0202025.png,3,0,0,,0
362,0203003.png,/home/ubuntu/SCB-05-Dataset/5k_HRW_Dataset_combined/images/val/0203003.png,3,0,0,,0
363,0203004.png,/home/ubuntu/SCB-05-Dataset/5k_HRW_Dataset_combined/images/val/0203004.png,3,0,0,,0
364,0203008.png,/home/ubuntu/SCB-05-Dataset/5k_HRW_Dataset_combined/images/val/0203008.png,3,3,3,,0
365,0203016.png,/home/ubuntu/SCB-05-Dataset/5k_HRW_Dataset_combined/images/val/0203016.png,3,0,0,,0
366,0204003.png,/home/ubuntu/SCB-05-Dataset/5k_HRW_Dataset_combined/images/val/0204003.png,3,3,3,,0
367,0205007.png,/home/ubuntu/SCB-05-Dataset/5k_HRW_Dataset_combined/images/val/0205007.png,3,0,0,,0
368,0400002.png,/home/ubuntu/SCB-05-Dataset/5k_HRW_Dataset_combined/images/val/0400002.png,3,3,3,,0
369,0400003.png,/home/ubuntu/SCB-05-Dataset/5k_HRW_Dataset_combined/images/val/0400003.png,3,2,2,,0
370,0400012.png,/home/ubuntu/SCB-05-Dataset/5k_HRW_Dataset_combined/images/val/0400012.png,3,3,3,,0
371,0400021.png,/home/ubuntu/SCB-05-Dataset/5k_HRW_Dataset_combined/images/val/0400021.png,3,0,0,,0
372,0400022.png,/home/ubuntu/SCB-05-Dataset/5k_HRW_Dataset_combined/images/val/0400022.png,3,0,0,,0
373,0400024.png,/home/ubuntu/SCB-05-Dataset/5k_HRW_Dataset_combined/images/val/0400024.png,3,3,3,,0
374,0400027.png,/home/ubuntu/SCB-05-Dataset/5k_HRW_Dataset_combined/images/val/0400027.png,3,3,3,,0
375,0400026.png,/home/ubuntu/SCB-05-Dataset/5k_HRW_Dataset_combined/images/val/0400026.png,3,3,3,,0
376,0401001.png,/home/ubuntu/SCB-05-Dataset/5k_HRW_Dataset_combined/images/val/0401001.png,3,0,0,,0
377,0400034.png,/home/ubuntu/SCB-05-Dataset/5k_HRW_Dataset_combined/images/val/0400034.png,3,3,"The image provided is a collage of three different photos showing a classroom setting. It's difficult to accurately assess the overall engagement level based on just these images without observing the students in real-time. However, I can provide some general observations:

1. In the first photo, there are students who appear to be engaged with the content being displayed on the screen (3).
2. The second photo shows a teacher presenting something to the class, and it seems like the students are attentive (3).
3. The third photo is not clear enough to make an accurate assessment of student engagement.

Based on these observations, the overall classroom engagement appears to be at least moderate, with some students actively engaged in the learning process.",,0
378,0401009.png,/home/ubuntu/SCB-05-Dataset/5k_HRW_Dataset_combined/images/val/0401009.png,3,3,3,,0
379,0401005.png,/home/ubuntu/SCB-05-Dataset/5k_HRW_Dataset_combined/images/val/0401005.png,2,0,0,,0
380,0401019.png,/home/ubuntu/SCB-05-Dataset/5k_HRW_Dataset_combined/images/val/0401019.png,3,3,3,,0
381,0401026.png,/home/ubuntu/SCB-05-Dataset/5k_HRW_Dataset_combined/images/val/0401026.png,3,3,3,,0
382,0401027.png,/home/ubuntu/SCB-05-Dataset/5k_HRW_Dataset_combined/images/val/0401027.png,3,3,3,,0
383,0401021.png,/home/ubuntu/SCB-05-Dataset/5k_HRW_Dataset_combined/images/val/0401021.png,3,3,3,,0
384,0401028.png,/home/ubuntu/SCB-05-Dataset/5k_HRW_Dataset_combined/images/val/0401028.png,3,3,3,,0
385,0401049.png,/home/ubuntu/SCB-05-Dataset/5k_HRW_Dataset_combined/images/val/0401049.png,2,0,0,,0
386,0401040.png,/home/ubuntu/SCB-05-Dataset/5k_HRW_Dataset_combined/images/val/0401040.png,3,0,0,,0
387,0401054.png,/home/ubuntu/SCB-05-Dataset/5k_HRW_Dataset_combined/images/val/0401054.png,3,0,0,,0
388,0401055.png,/home/ubuntu/SCB-05-Dataset/5k_HRW_Dataset_combined/images/val/0401055.png,3,3,3,,0
389,0401070.png,/home/ubuntu/SCB-05-Dataset/5k_HRW_Dataset_combined/images/val/0401070.png,3,3,3,,0
390,0401074.png,/home/ubuntu/SCB-05-Dataset/5k_HRW_Dataset_combined/images/val/0401074.png,3,2,The image provided is of low resolution and does not provide enough detail to accurately assess student engagement based on their body language. It would be necessary to have a clearer image or more information about the students' actions to make an accurate assessment.,,0
391,0402012.png,/home/ubuntu/SCB-05-Dataset/5k_HRW_Dataset_combined/images/val/0402012.png,3,2,2,,0
392,0402013.png,/home/ubuntu/SCB-05-Dataset/5k_HRW_Dataset_combined/images/val/0402013.png,2,0,0,,0
393,0402017.png,/home/ubuntu/SCB-05-Dataset/5k_HRW_Dataset_combined/images/val/0402017.png,3,3,3,,0
394,0402022.png,/home/ubuntu/SCB-05-Dataset/5k_HRW_Dataset_combined/images/val/0402022.png,3,3,3,,0
395,0402025.png,/home/ubuntu/SCB-05-Dataset/5k_HRW_Dataset_combined/images/val/0402025.png,3,3,3,,0
396,0402030.png,/home/ubuntu/SCB-05-Dataset/5k_HRW_Dataset_combined/images/val/0402030.png,3,0,0,,0
397,0402033.png,/home/ubuntu/SCB-05-Dataset/5k_HRW_Dataset_combined/images/val/0402033.png,2,0,0,,0
398,0402036.png,/home/ubuntu/SCB-05-Dataset/5k_HRW_Dataset_combined/images/val/0402036.png,3,3,3,,0
399,0403006.png,/home/ubuntu/SCB-05-Dataset/5k_HRW_Dataset_combined/images/val/0403006.png,3,0,0,,0
400,0403013.png,/home/ubuntu/SCB-05-Dataset/5k_HRW_Dataset_combined/images/val/0403013.png,3,3,3,,0
401,0403020.png,/home/ubuntu/SCB-05-Dataset/5k_HRW_Dataset_combined/images/val/0403020.png,3,3,3,,0
402,0403022.png,/home/ubuntu/SCB-05-Dataset/5k_HRW_Dataset_combined/images/val/0403022.png,3,0,0,,0
403,0403035.png,/home/ubuntu/SCB-05-Dataset/5k_HRW_Dataset_combined/images/val/0403035.png,3,0,0,,0
404,0403037.png,/home/ubuntu/SCB-05-Dataset/5k_HRW_Dataset_combined/images/val/0403037.png,3,0,0,,0
405,0403038.png,/home/ubuntu/SCB-05-Dataset/5k_HRW_Dataset_combined/images/val/0403038.png,3,0,0,,0
406,0403040.png,/home/ubuntu/SCB-05-Dataset/5k_HRW_Dataset_combined/images/val/0403040.png,3,3,3,,0
407,0403043.png,/home/ubuntu/SCB-05-Dataset/5k_HRW_Dataset_combined/images/val/0403043.png,3,0,0,,0
408,0403052.png,/home/ubuntu/SCB-05-Dataset/5k_HRW_Dataset_combined/images/val/0403052.png,2,0,0,,0
409,0404001.png,/home/ubuntu/SCB-05-Dataset/5k_HRW_Dataset_combined/images/val/0404001.png,3,0,0,,0
410,0404016.png,/home/ubuntu/SCB-05-Dataset/5k_HRW_Dataset_combined/images/val/0404016.png,3,0,0,,0
411,0404023.png,/home/ubuntu/SCB-05-Dataset/5k_HRW_Dataset_combined/images/val/0404023.png,3,0,0,,0
412,0404033.png,/home/ubuntu/SCB-05-Dataset/5k_HRW_Dataset_combined/images/val/0404033.png,3,0,0,,0
413,0404029.png,/home/ubuntu/SCB-05-Dataset/5k_HRW_Dataset_combined/images/val/0404029.png,2,0,0,,0
414,0404035.png,/home/ubuntu/SCB-05-Dataset/5k_HRW_Dataset_combined/images/val/0404035.png,3,3,3,,0
415,0404041.png,/home/ubuntu/SCB-05-Dataset/5k_HRW_Dataset_combined/images/val/0404041.png,3,3,3,,0
416,0404043.png,/home/ubuntu/SCB-05-Dataset/5k_HRW_Dataset_combined/images/val/0404043.png,3,0,0,,0
417,0404047.png,/home/ubuntu/SCB-05-Dataset/5k_HRW_Dataset_combined/images/val/0404047.png,2,0,0,,0
418,0404050.png,/home/ubuntu/SCB-05-Dataset/5k_HRW_Dataset_combined/images/val/0404050.png,3,2,2,,0
419,06000014.png,/home/ubuntu/SCB-05-Dataset/5k_HRW_Dataset_combined/images/val/06000014.png,3,3,3,,0
420,06000017.png,/home/ubuntu/SCB-05-Dataset/5k_HRW_Dataset_combined/images/val/06000017.png,3,3,3,,0
421,06000018.png,/home/ubuntu/SCB-05-Dataset/5k_HRW_Dataset_combined/images/val/06000018.png,3,3,3,,0
422,06000022.png,/home/ubuntu/SCB-05-Dataset/5k_HRW_Dataset_combined/images/val/06000022.png,3,3,3,,0
423,06000024.png,/home/ubuntu/SCB-05-Dataset/5k_HRW_Dataset_combined/images/val/06000024.png,3,3,3,,0
424,06000028.png,/home/ubuntu/SCB-05-Dataset/5k_HRW_Dataset_combined/images/val/06000028.png,3,3,3,,0
425,06000053.png,/home/ubuntu/SCB-05-Dataset/5k_HRW_Dataset_combined/images/val/06000053.png,3,3,3,,0
426,06000063.png,/home/ubuntu/SCB-05-Dataset/5k_HRW_Dataset_combined/images/val/06000063.png,3,0,0,,0
427,06000074.png,/home/ubuntu/SCB-05-Dataset/5k_HRW_Dataset_combined/images/val/06000074.png,3,0,0,,0
428,06000077.png,/home/ubuntu/SCB-05-Dataset/5k_HRW_Dataset_combined/images/val/06000077.png,3,0,0,,0
429,06000088.png,/home/ubuntu/SCB-05-Dataset/5k_HRW_Dataset_combined/images/val/06000088.png,3,0,0,,0
430,06010025.png,/home/ubuntu/SCB-05-Dataset/5k_HRW_Dataset_combined/images/val/06010025.png,3,0,0,,0
431,06010028.png,/home/ubuntu/SCB-05-Dataset/5k_HRW_Dataset_combined/images/val/06010028.png,3,3,3,,0
432,06010030.png,/home/ubuntu/SCB-05-Dataset/5k_HRW_Dataset_combined/images/val/06010030.png,3,3,3,,0
433,06010032.png,/home/ubuntu/SCB-05-Dataset/5k_HRW_Dataset_combined/images/val/06010032.png,3,3,3,,0
434,06010031.png,/home/ubuntu/SCB-05-Dataset/5k_HRW_Dataset_combined/images/val/06010031.png,3,0,0,,0
435,06010037.png,/home/ubuntu/SCB-05-Dataset/5k_HRW_Dataset_combined/images/val/06010037.png,3,0,0,,0
436,0800002.png,/home/ubuntu/SCB-05-Dataset/5k_HRW_Dataset_combined/images/val/0800002.png,3,0,0,,0
437,0800004.png,/home/ubuntu/SCB-05-Dataset/5k_HRW_Dataset_combined/images/val/0800004.png,3,2,2,,0
438,0800005.png,/home/ubuntu/SCB-05-Dataset/5k_HRW_Dataset_combined/images/val/0800005.png,3,2,2,,0
439,0800007.png,/home/ubuntu/SCB-05-Dataset/5k_HRW_Dataset_combined/images/val/0800007.png,3,3,3,,0
440,0800009.png,/home/ubuntu/SCB-05-Dataset/5k_HRW_Dataset_combined/images/val/0800009.png,3,3,3,,0
441,0800024.png,/home/ubuntu/SCB-05-Dataset/5k_HRW_Dataset_combined/images/val/0800024.png,3,3,3,,0
442,0800025.png,/home/ubuntu/SCB-05-Dataset/5k_HRW_Dataset_combined/images/val/0800025.png,3,3,3,,0
443,0800028.png,/home/ubuntu/SCB-05-Dataset/5k_HRW_Dataset_combined/images/val/0800028.png,3,3,3,,0
444,0800031.png,/home/ubuntu/SCB-05-Dataset/5k_HRW_Dataset_combined/images/val/0800031.png,3,3,3,,0
445,0800035.png,/home/ubuntu/SCB-05-Dataset/5k_HRW_Dataset_combined/images/val/0800035.png,3,3,3,,0
446,0800036.png,/home/ubuntu/SCB-05-Dataset/5k_HRW_Dataset_combined/images/val/0800036.png,3,3,3,,0
447,1000005.png,/home/ubuntu/SCB-05-Dataset/5k_HRW_Dataset_combined/images/val/1000005.png,3,0,0,,0
448,1000011.png,/home/ubuntu/SCB-05-Dataset/5k_HRW_Dataset_combined/images/val/1000011.png,3,0,0,,0
449,1000014.png,/home/ubuntu/SCB-05-Dataset/5k_HRW_Dataset_combined/images/val/1000014.png,3,3,3,,0
450,1000021.png,/home/ubuntu/SCB-05-Dataset/5k_HRW_Dataset_combined/images/val/1000021.png,3,3,3,,0
451,1000026.png,/home/ubuntu/SCB-05-Dataset/5k_HRW_Dataset_combined/images/val/1000026.png,3,3,3,,0
452,1000018.png,/home/ubuntu/SCB-05-Dataset/5k_HRW_Dataset_combined/images/val/1000018.png,3,3,3,,0
453,1000027.png,/home/ubuntu/SCB-05-Dataset/5k_HRW_Dataset_combined/images/val/1000027.png,2,0,0,,0
454,1000041.png,/home/ubuntu/SCB-05-Dataset/5k_HRW_Dataset_combined/images/val/1000041.png,2,2,2,,0
455,1000047.png,/home/ubuntu/SCB-05-Dataset/5k_HRW_Dataset_combined/images/val/1000047.png,3,0,0,,0
456,1000049.png,/home/ubuntu/SCB-05-Dataset/5k_HRW_Dataset_combined/images/val/1000049.png,3,3,3,,0
457,1000053.png,/home/ubuntu/SCB-05-Dataset/5k_HRW_Dataset_combined/images/val/1000053.png,2,0,0,,0
458,1119001.png,/home/ubuntu/SCB-05-Dataset/5k_HRW_Dataset_combined/images/val/1119001.png,3,0,0,,0
459,1119011.png,/home/ubuntu/SCB-05-Dataset/5k_HRW_Dataset_combined/images/val/1119011.png,3,0,0,,0
460,1119015.png,/home/ubuntu/SCB-05-Dataset/5k_HRW_Dataset_combined/images/val/1119015.png,3,0,0,,0
461,1119018.png,/home/ubuntu/SCB-05-Dataset/5k_HRW_Dataset_combined/images/val/1119018.png,3,0,0,,0
462,1119023.png,/home/ubuntu/SCB-05-Dataset/5k_HRW_Dataset_combined/images/val/1119023.png,3,0,0,,0
463,1119033.png,/home/ubuntu/SCB-05-Dataset/5k_HRW_Dataset_combined/images/val/1119033.png,3,3,3,,0
464,1119041.png,/home/ubuntu/SCB-05-Dataset/5k_HRW_Dataset_combined/images/val/1119041.png,3,0,0,,0
465,1119057.png,/home/ubuntu/SCB-05-Dataset/5k_HRW_Dataset_combined/images/val/1119057.png,3,1,"The image shows two different classroom scenes. In the first scene, where the teacher is presenting, most students are engaged in the lesson, with some leaning over their desks and others looking at the teacher. This would be rated as a 2 for attentiveness.

In the second scene, where the teacher is not present, there is a mix of student behaviors. Some students appear to be actively focused on the screen, which could be rated as a 3 for engagement. However, others are looking away or down, suggesting they might be distracted or disinterested. This would be rated as a 0 or 1 for engagement.

Overall, the first scene seems more engaging than the second, with students showing more signs of active participation in the lesson.",,0
466,1119058.png,/home/ubuntu/SCB-05-Dataset/5k_HRW_Dataset_combined/images/val/1119058.png,3,0,0,,0
467,1119059.png,/home/ubuntu/SCB-05-Dataset/5k_HRW_Dataset_combined/images/val/1119059.png,3,3,3,,0
468,1120017.png,/home/ubuntu/SCB-05-Dataset/5k_HRW_Dataset_combined/images/val/1120017.png,3,3,3,,0
469,1120024.png,/home/ubuntu/SCB-05-Dataset/5k_HRW_Dataset_combined/images/val/1120024.png,3,3,3,,0
470,1120028.png,/home/ubuntu/SCB-05-Dataset/5k_HRW_Dataset_combined/images/val/1120028.png,3,3,3,,0
471,1120037.png,/home/ubuntu/SCB-05-Dataset/5k_HRW_Dataset_combined/images/val/1120037.png,3,3,3,,0
472,1120041.png,/home/ubuntu/SCB-05-Dataset/5k_HRW_Dataset_combined/images/val/1120041.png,3,3,3,,0
473,1120061.png,/home/ubuntu/SCB-05-Dataset/5k_HRW_Dataset_combined/images/val/1120061.png,3,3,3,,0
474,1120063.png,/home/ubuntu/SCB-05-Dataset/5k_HRW_Dataset_combined/images/val/1120063.png,3,0,0,,0
475,1120064.png,/home/ubuntu/SCB-05-Dataset/5k_HRW_Dataset_combined/images/val/1120064.png,3,3,3,,0
476,1121005.png,/home/ubuntu/SCB-05-Dataset/5k_HRW_Dataset_combined/images/val/1121005.png,3,3,3,,0
477,1121006.png,/home/ubuntu/SCB-05-Dataset/5k_HRW_Dataset_combined/images/val/1121006.png,3,3,3,,0
478,1121009.png,/home/ubuntu/SCB-05-Dataset/5k_HRW_Dataset_combined/images/val/1121009.png,3,0,0,,0
479,1121020.png,/home/ubuntu/SCB-05-Dataset/5k_HRW_Dataset_combined/images/val/1121020.png,3,3,3,,0
480,1121013.png,/home/ubuntu/SCB-05-Dataset/5k_HRW_Dataset_combined/images/val/1121013.png,3,3,3,,0
481,1121022.png,/home/ubuntu/SCB-05-Dataset/5k_HRW_Dataset_combined/images/val/1121022.png,3,3,3,,0
482,1121029.png,/home/ubuntu/SCB-05-Dataset/5k_HRW_Dataset_combined/images/val/1121029.png,3,3,3,,0
483,1128007.png,/home/ubuntu/SCB-05-Dataset/5k_HRW_Dataset_combined/images/val/1128007.png,3,3,3,,0
484,1128023.png,/home/ubuntu/SCB-05-Dataset/5k_HRW_Dataset_combined/images/val/1128023.png,3,3,3,,0
485,1128032.png,/home/ubuntu/SCB-05-Dataset/5k_HRW_Dataset_combined/images/val/1128032.png,3,3,3,,0
486,1128026.png,/home/ubuntu/SCB-05-Dataset/5k_HRW_Dataset_combined/images/val/1128026.png,3,3,3,,0
487,1130002.png,/home/ubuntu/SCB-05-Dataset/5k_HRW_Dataset_combined/images/val/1130002.png,3,3,3,,0
488,1130014.png,/home/ubuntu/SCB-05-Dataset/5k_HRW_Dataset_combined/images/val/1130014.png,3,3,3,,0
489,1130021.png,/home/ubuntu/SCB-05-Dataset/5k_HRW_Dataset_combined/images/val/1130021.png,3,3,3,,0
490,1130030.png,/home/ubuntu/SCB-05-Dataset/5k_HRW_Dataset_combined/images/val/1130030.png,2,0,0,,0
491,1130060.png,/home/ubuntu/SCB-05-Dataset/5k_HRW_Dataset_combined/images/val/1130060.png,3,2,2,,0
492,1180028.png,/home/ubuntu/SCB-05-Dataset/5k_HRW_Dataset_combined/images/val/1180028.png,3,0,0,,0
493,1180030.png,/home/ubuntu/SCB-05-Dataset/5k_HRW_Dataset_combined/images/val/1180030.png,3,3,3,,0
494,1180036.png,/home/ubuntu/SCB-05-Dataset/5k_HRW_Dataset_combined/images/val/1180036.png,3,0,0,,0
495,1180032.png,/home/ubuntu/SCB-05-Dataset/5k_HRW_Dataset_combined/images/val/1180032.png,3,3,3,,0
496,1180037.png,/home/ubuntu/SCB-05-Dataset/5k_HRW_Dataset_combined/images/val/1180037.png,3,0,0,,0
497,1180042.png,/home/ubuntu/SCB-05-Dataset/5k_HRW_Dataset_combined/images/val/1180042.png,3,3,3,,0
498,1180047.png,/home/ubuntu/SCB-05-Dataset/5k_HRW_Dataset_combined/images/val/1180047.png,3,3,3,,0
499,1180048.png,/home/ubuntu/SCB-05-Dataset/5k_HRW_Dataset_combined/images/val/1180048.png,3,3,3,,0
500,1243003.png,/home/ubuntu/SCB-05-Dataset/5k_HRW_Dataset_combined/images/val/1243003.png,3,3,3,,0
501,1243008.png,/home/ubuntu/SCB-05-Dataset/5k_HRW_Dataset_combined/images/val/1243008.png,3,3,3,,0
502,1243010.png,/home/ubuntu/SCB-05-Dataset/5k_HRW_Dataset_combined/images/val/1243010.png,2,2,2,,0
503,1243011.png,/home/ubuntu/SCB-05-Dataset/5k_HRW_Dataset_combined/images/val/1243011.png,3,0,0,,0
504,1243012.png,/home/ubuntu/SCB-05-Dataset/5k_HRW_Dataset_combined/images/val/1243012.png,3,3,3,,0
505,1243015.png,/home/ubuntu/SCB-05-Dataset/5k_HRW_Dataset_combined/images/val/1243015.png,3,3,3,,0
506,1243021.png,/home/ubuntu/SCB-05-Dataset/5k_HRW_Dataset_combined/images/val/1243021.png,3,0,0,,0
507,1243028.png,/home/ubuntu/SCB-05-Dataset/5k_HRW_Dataset_combined/images/val/1243028.png,3,3,3,,0
508,1243032.png,/home/ubuntu/SCB-05-Dataset/5k_HRW_Dataset_combined/images/val/1243032.png,3,3,3,,0
509,1246027.png,/home/ubuntu/SCB-05-Dataset/5k_HRW_Dataset_combined/images/val/1246027.png,3,0,0,,0
510,1246029.png,/home/ubuntu/SCB-05-Dataset/5k_HRW_Dataset_combined/images/val/1246029.png,3,3,3,,0
511,1246034.png,/home/ubuntu/SCB-05-Dataset/5k_HRW_Dataset_combined/images/val/1246034.png,3,0,0,,0
512,1246039.png,/home/ubuntu/SCB-05-Dataset/5k_HRW_Dataset_combined/images/val/1246039.png,3,0,0,,0
513,1246048.png,/home/ubuntu/SCB-05-Dataset/5k_HRW_Dataset_combined/images/val/1246048.png,3,0,0,,0
514,1246040.png,/home/ubuntu/SCB-05-Dataset/5k_HRW_Dataset_combined/images/val/1246040.png,2,0,0,,0
515,1246050.png,/home/ubuntu/SCB-05-Dataset/5k_HRW_Dataset_combined/images/val/1246050.png,3,0,0,,0
516,1249003.png,/home/ubuntu/SCB-05-Dataset/5k_HRW_Dataset_combined/images/val/1249003.png,3,3,3,,0
517,1249010.png,/home/ubuntu/SCB-05-Dataset/5k_HRW_Dataset_combined/images/val/1249010.png,3,3,3,,0
518,1249012.png,/home/ubuntu/SCB-05-Dataset/5k_HRW_Dataset_combined/images/val/1249012.png,2,0,0,,0
519,1249022.png,/home/ubuntu/SCB-05-Dataset/5k_HRW_Dataset_combined/images/val/1249022.png,3,0,0,,0
520,1249023.png,/home/ubuntu/SCB-05-Dataset/5k_HRW_Dataset_combined/images/val/1249023.png,3,2,2,,0
521,1249042.png,/home/ubuntu/SCB-05-Dataset/5k_HRW_Dataset_combined/images/val/1249042.png,3,3,3,,0
522,1249043.png,/home/ubuntu/SCB-05-Dataset/5k_HRW_Dataset_combined/images/val/1249043.png,3,1,"The image shows two different classrooms. In the left classroom, most students are engaged in an activity that requires focus and attention, so I would rate their engagement as 2. In the right classroom, there is a mix of behaviors; some students appear to be actively participating (raising hands), while others seem to be less engaged (leaning over the table or looking away). Therefore, the overall engagement level in this classroom would be rated as 1.5.",,0
523,1249052.png,/home/ubuntu/SCB-05-Dataset/5k_HRW_Dataset_combined/images/val/1249052.png,3,3,"The image shows two different scenes of a classroom. In the first scene, where the teacher is standing at the front of the room, most students are sitting and facing towards the front of the room, which suggests they are attentive and following along (2). There is one student who appears to be leaning over the table, which could indicate a lack of focus or interest (1).

In the second scene, where the teacher is interacting with the students, most students are looking towards the front of the room, indicating that they are attentive and following along (2). There is one student who seems to be actively focused and alert (3), as they are raising their hand. The overall engagement level in both scenes appears to be moderate, with a majority of students showing signs of attentiveness.",,0
524,1249063.png,/home/ubuntu/SCB-05-Dataset/5k_HRW_Dataset_combined/images/val/1249063.png,3,0,0,,0
525,1249054.png,/home/ubuntu/SCB-05-Dataset/5k_HRW_Dataset_combined/images/val/1249054.png,3,3,3,,0
526,1249068.png,/home/ubuntu/SCB-05-Dataset/5k_HRW_Dataset_combined/images/val/1249068.png,3,3,3,,0
527,1252006.png,/home/ubuntu/SCB-05-Dataset/5k_HRW_Dataset_combined/images/val/1252006.png,3,3,3,,0
528,1252007.png,/home/ubuntu/SCB-05-Dataset/5k_HRW_Dataset_combined/images/val/1252007.png,2,2,2,,0
529,1252035.png,/home/ubuntu/SCB-05-Dataset/5k_HRW_Dataset_combined/images/val/1252035.png,3,0,0,,0
530,1252031.png,/home/ubuntu/SCB-05-Dataset/5k_HRW_Dataset_combined/images/val/1252031.png,3,0,0,,0
531,1253001.png,/home/ubuntu/SCB-05-Dataset/5k_HRW_Dataset_combined/images/val/1253001.png,3,3,3,,0
532,1253034.png,/home/ubuntu/SCB-05-Dataset/5k_HRW_Dataset_combined/images/val/1253034.png,3,0,0,,0
533,1253044.png,/home/ubuntu/SCB-05-Dataset/5k_HRW_Dataset_combined/images/val/1253044.png,3,0,0,,0
534,1253052.png,/home/ubuntu/SCB-05-Dataset/5k_HRW_Dataset_combined/images/val/1253052.png,3,0,0,,0
535,1254012.png,/home/ubuntu/SCB-05-Dataset/5k_HRW_Dataset_combined/images/val/1254012.png,3,3,3,,0
536,1254013.png,/home/ubuntu/SCB-05-Dataset/5k_HRW_Dataset_combined/images/val/1254013.png,3,3,3,,0
537,1254015.png,/home/ubuntu/SCB-05-Dataset/5k_HRW_Dataset_combined/images/val/1254015.png,3,3,3,,0
538,1254016.png,/home/ubuntu/SCB-05-Dataset/5k_HRW_Dataset_combined/images/val/1254016.png,3,0,0,,0
539,1254026.png,/home/ubuntu/SCB-05-Dataset/5k_HRW_Dataset_combined/images/val/1254026.png,3,3,3,,0
540,1254022.png,/home/ubuntu/SCB-05-Dataset/5k_HRW_Dataset_combined/images/val/1254022.png,3,3,3,,0
541,1254032.png,/home/ubuntu/SCB-05-Dataset/5k_HRW_Dataset_combined/images/val/1254032.png,3,0,0,,0
542,1255004.png,/home/ubuntu/SCB-05-Dataset/5k_HRW_Dataset_combined/images/val/1255004.png,3,3,3,,0
543,1255007.png,/home/ubuntu/SCB-05-Dataset/5k_HRW_Dataset_combined/images/val/1255007.png,2,2,2,,0
544,1255009.png,/home/ubuntu/SCB-05-Dataset/5k_HRW_Dataset_combined/images/val/1255009.png,2,0,0,,0
545,1256001.png,/home/ubuntu/SCB-05-Dataset/5k_HRW_Dataset_combined/images/val/1256001.png,2,0,0,,0
546,1256028.png,/home/ubuntu/SCB-05-Dataset/5k_HRW_Dataset_combined/images/val/1256028.png,2,2,2,,0
547,1256039.png,/home/ubuntu/SCB-05-Dataset/5k_HRW_Dataset_combined/images/val/1256039.png,3,3,3,,0
548,1256044.png,/home/ubuntu/SCB-05-Dataset/5k_HRW_Dataset_combined/images/val/1256044.png,3,0,0,,0
549,1256057.png,/home/ubuntu/SCB-05-Dataset/5k_HRW_Dataset_combined/images/val/1256057.png,3,3,3,,0
550,1256058.png,/home/ubuntu/SCB-05-Dataset/5k_HRW_Dataset_combined/images/val/1256058.png,3,3,3,,0
551,1257001.png,/home/ubuntu/SCB-05-Dataset/5k_HRW_Dataset_combined/images/val/1257001.png,3,3,3,,0
552,1257004.png,/home/ubuntu/SCB-05-Dataset/5k_HRW_Dataset_combined/images/val/1257004.png,3,3,3,,0
553,1257006.png,/home/ubuntu/SCB-05-Dataset/5k_HRW_Dataset_combined/images/val/1257006.png,2,0,0,,0
554,1257011.png,/home/ubuntu/SCB-05-Dataset/5k_HRW_Dataset_combined/images/val/1257011.png,3,3,3,,0
555,1257016.png,/home/ubuntu/SCB-05-Dataset/5k_HRW_Dataset_combined/images/val/1257016.png,3,3,3,,0
556,1257020.png,/home/ubuntu/SCB-05-Dataset/5k_HRW_Dataset_combined/images/val/1257020.png,3,3,3,,0
557,1257022.png,/home/ubuntu/SCB-05-Dataset/5k_HRW_Dataset_combined/images/val/1257022.png,2,3,3,,0
558,1257028.png,/home/ubuntu/SCB-05-Dataset/5k_HRW_Dataset_combined/images/val/1257028.png,3,0,0,,0
559,1257033.png,/home/ubuntu/SCB-05-Dataset/5k_HRW_Dataset_combined/images/val/1257033.png,3,0,0,,0
560,1257031.png,/home/ubuntu/SCB-05-Dataset/5k_HRW_Dataset_combined/images/val/1257031.png,3,3,3,,0
561,1257034.png,/home/ubuntu/SCB-05-Dataset/5k_HRW_Dataset_combined/images/val/1257034.png,3,3,3,,0
562,1262004.png,/home/ubuntu/SCB-05-Dataset/5k_HRW_Dataset_combined/images/val/1262004.png,3,0,0,,0
563,1262011.png,/home/ubuntu/SCB-05-Dataset/5k_HRW_Dataset_combined/images/val/1262011.png,3,3,3,,0
564,1262012.png,/home/ubuntu/SCB-05-Dataset/5k_HRW_Dataset_combined/images/val/1262012.png,3,0,0,,0
565,1262013.png,/home/ubuntu/SCB-05-Dataset/5k_HRW_Dataset_combined/images/val/1262013.png,3,3,3,,0
566,1262031.png,/home/ubuntu/SCB-05-Dataset/5k_HRW_Dataset_combined/images/val/1262031.png,2,0,0,,0
567,1262025.png,/home/ubuntu/SCB-05-Dataset/5k_HRW_Dataset_combined/images/val/1262025.png,2,0,0,,0
568,1265001.png,/home/ubuntu/SCB-05-Dataset/5k_HRW_Dataset_combined/images/val/1265001.png,3,0,0,,0
569,1265003.png,/home/ubuntu/SCB-05-Dataset/5k_HRW_Dataset_combined/images/val/1265003.png,2,0,0,,0
570,1265019.png,/home/ubuntu/SCB-05-Dataset/5k_HRW_Dataset_combined/images/val/1265019.png,3,3,3,,0
571,1265033.png,/home/ubuntu/SCB-05-Dataset/5k_HRW_Dataset_combined/images/val/1265033.png,3,0,0,,0
572,1265043.png,/home/ubuntu/SCB-05-Dataset/5k_HRW_Dataset_combined/images/val/1265043.png,3,2,2,,0
573,1265052.png,/home/ubuntu/SCB-05-Dataset/5k_HRW_Dataset_combined/images/val/1265052.png,3,0,0,,0
574,1265054.png,/home/ubuntu/SCB-05-Dataset/5k_HRW_Dataset_combined/images/val/1265054.png,3,3,3,,0
575,1265055.png,/home/ubuntu/SCB-05-Dataset/5k_HRW_Dataset_combined/images/val/1265055.png,3,0,0,,0
576,1265066.png,/home/ubuntu/SCB-05-Dataset/5k_HRW_Dataset_combined/images/val/1265066.png,3,0,0,,0
577,1265058.png,/home/ubuntu/SCB-05-Dataset/5k_HRW_Dataset_combined/images/val/1265058.png,3,0,0,,0
578,1265067.png,/home/ubuntu/SCB-05-Dataset/5k_HRW_Dataset_combined/images/val/1265067.png,3,3,3,,0
579,1265069.png,/home/ubuntu/SCB-05-Dataset/5k_HRW_Dataset_combined/images/val/1265069.png,3,0,0,,0
580,1265070.png,/home/ubuntu/SCB-05-Dataset/5k_HRW_Dataset_combined/images/val/1265070.png,3,3,3,,0
581,1265071.png,/home/ubuntu/SCB-05-Dataset/5k_HRW_Dataset_combined/images/val/1265071.png,3,0,0,,0
582,1265073.png,/home/ubuntu/SCB-05-Dataset/5k_HRW_Dataset_combined/images/val/1265073.png,3,3,3,,0
583,1265074.png,/home/ubuntu/SCB-05-Dataset/5k_HRW_Dataset_combined/images/val/1265074.png,2,0,0,,0
584,1265083.png,/home/ubuntu/SCB-05-Dataset/5k_HRW_Dataset_combined/images/val/1265083.png,2,0,0,,0
585,1265099.png,/home/ubuntu/SCB-05-Dataset/5k_HRW_Dataset_combined/images/val/1265099.png,3,0,0,,0
586,1265106.png,/home/ubuntu/SCB-05-Dataset/5k_HRW_Dataset_combined/images/val/1265106.png,3,3,3,,0
587,1265109.png,/home/ubuntu/SCB-05-Dataset/5k_HRW_Dataset_combined/images/val/1265109.png,3,3,3,,0
588,1266010.png,/home/ubuntu/SCB-05-Dataset/5k_HRW_Dataset_combined/images/val/1266010.png,3,3,3,,0
589,1266011.png,/home/ubuntu/SCB-05-Dataset/5k_HRW_Dataset_combined/images/val/1266011.png,3,3,3,,0
590,1266002.png,/home/ubuntu/SCB-05-Dataset/5k_HRW_Dataset_combined/images/val/1266002.png,3,0,0,,0
591,1266015.png,/home/ubuntu/SCB-05-Dataset/5k_HRW_Dataset_combined/images/val/1266015.png,3,3,3,,0
592,1266028.png,/home/ubuntu/SCB-05-Dataset/5k_HRW_Dataset_combined/images/val/1266028.png,3,0,0,,0
593,1266051.png,/home/ubuntu/SCB-05-Dataset/5k_HRW_Dataset_combined/images/val/1266051.png,2,2,2,,0
594,1266045.png,/home/ubuntu/SCB-05-Dataset/5k_HRW_Dataset_combined/images/val/1266045.png,3,3,3,,0
595,1266056.png,/home/ubuntu/SCB-05-Dataset/5k_HRW_Dataset_combined/images/val/1266056.png,3,3,3,,0
596,1266053.png,/home/ubuntu/SCB-05-Dataset/5k_HRW_Dataset_combined/images/val/1266053.png,3,0,0,,0
597,1267008.png,/home/ubuntu/SCB-05-Dataset/5k_HRW_Dataset_combined/images/val/1267008.png,3,3,3,,0
598,1267014.png,/home/ubuntu/SCB-05-Dataset/5k_HRW_Dataset_combined/images/val/1267014.png,3,3,3,,0
599,1267002.png,/home/ubuntu/SCB-05-Dataset/5k_HRW_Dataset_combined/images/val/1267002.png,3,3,3,,0
600,1267010.png,/home/ubuntu/SCB-05-Dataset/5k_HRW_Dataset_combined/images/val/1267010.png,2,3,3,,0
601,1267059.png,/home/ubuntu/SCB-05-Dataset/5k_HRW_Dataset_combined/images/val/1267059.png,3,3,3,,0
602,1267080.png,/home/ubuntu/SCB-05-Dataset/5k_HRW_Dataset_combined/images/val/1267080.png,3,3,3,,0
603,1267063.png,/home/ubuntu/SCB-05-Dataset/5k_HRW_Dataset_combined/images/val/1267063.png,3,3,3,,0
604,1267112.png,/home/ubuntu/SCB-05-Dataset/5k_HRW_Dataset_combined/images/val/1267112.png,3,0,0,,0
605,1270008.png,/home/ubuntu/SCB-05-Dataset/5k_HRW_Dataset_combined/images/val/1270008.png,3,0,0,,0
606,1267128.png,/home/ubuntu/SCB-05-Dataset/5k_HRW_Dataset_combined/images/val/1267128.png,2,3,3,,0
607,1270011.png,/home/ubuntu/SCB-05-Dataset/5k_HRW_Dataset_combined/images/val/1270011.png,3,3,3,,0
608,1270019.png,/home/ubuntu/SCB-05-Dataset/5k_HRW_Dataset_combined/images/val/1270019.png,3,3,3,,0
609,1270044.png,/home/ubuntu/SCB-05-Dataset/5k_HRW_Dataset_combined/images/val/1270044.png,3,0,0,,0
610,1270048.png,/home/ubuntu/SCB-05-Dataset/5k_HRW_Dataset_combined/images/val/1270048.png,3,0,0,,0
611,1270049.png,/home/ubuntu/SCB-05-Dataset/5k_HRW_Dataset_combined/images/val/1270049.png,3,0,0,,0
612,1270052.png,/home/ubuntu/SCB-05-Dataset/5k_HRW_Dataset_combined/images/val/1270052.png,3,3,3,,0
613,1270055.png,/home/ubuntu/SCB-05-Dataset/5k_HRW_Dataset_combined/images/val/1270055.png,2,0,0,,0
614,1270058.png,/home/ubuntu/SCB-05-Dataset/5k_HRW_Dataset_combined/images/val/1270058.png,3,3,3,,0
615,1270076.png,/home/ubuntu/SCB-05-Dataset/5k_HRW_Dataset_combined/images/val/1270076.png,3,3,3,,0
616,1270063.png,/home/ubuntu/SCB-05-Dataset/5k_HRW_Dataset_combined/images/val/1270063.png,3,3,3,,0
617,1270079.png,/home/ubuntu/SCB-05-Dataset/5k_HRW_Dataset_combined/images/val/1270079.png,3,3,3,,0
618,1270086.png,/home/ubuntu/SCB-05-Dataset/5k_HRW_Dataset_combined/images/val/1270086.png,3,0,0,,0
619,1270095.png,/home/ubuntu/SCB-05-Dataset/5k_HRW_Dataset_combined/images/val/1270095.png,3,0,0,,0
620,1274007.png,/home/ubuntu/SCB-05-Dataset/5k_HRW_Dataset_combined/images/val/1274007.png,3,2,2,,0
621,1270082.png,/home/ubuntu/SCB-05-Dataset/5k_HRW_Dataset_combined/images/val/1270082.png,3,3,3,,0
622,1274010.png,/home/ubuntu/SCB-05-Dataset/5k_HRW_Dataset_combined/images/val/1274010.png,2,3,3,,0
623,1274029.png,/home/ubuntu/SCB-05-Dataset/5k_HRW_Dataset_combined/images/val/1274029.png,3,3,3,,0
624,1274033.png,/home/ubuntu/SCB-05-Dataset/5k_HRW_Dataset_combined/images/val/1274033.png,3,3,3,,0
625,1274047.png,/home/ubuntu/SCB-05-Dataset/5k_HRW_Dataset_combined/images/val/1274047.png,2,0,0,,0
626,1274032.png,/home/ubuntu/SCB-05-Dataset/5k_HRW_Dataset_combined/images/val/1274032.png,2,0,0,,0
627,1274051.png,/home/ubuntu/SCB-05-Dataset/5k_HRW_Dataset_combined/images/val/1274051.png,2,0,0,,0
628,1276007.png,/home/ubuntu/SCB-05-Dataset/5k_HRW_Dataset_combined/images/val/1276007.png,3,0,0,,0
629,1276009.png,/home/ubuntu/SCB-05-Dataset/5k_HRW_Dataset_combined/images/val/1276009.png,3,3,3,,0
630,1276011.png,/home/ubuntu/SCB-05-Dataset/5k_HRW_Dataset_combined/images/val/1276011.png,3,0,0,,0
631,1276018.png,/home/ubuntu/SCB-05-Dataset/5k_HRW_Dataset_combined/images/val/1276018.png,3,0,0,,0
632,1276030.png,/home/ubuntu/SCB-05-Dataset/5k_HRW_Dataset_combined/images/val/1276030.png,2,0,0,,0
633,1276028.png,/home/ubuntu/SCB-05-Dataset/5k_HRW_Dataset_combined/images/val/1276028.png,3,0,0,,0
634,1281003.png,/home/ubuntu/SCB-05-Dataset/5k_HRW_Dataset_combined/images/val/1281003.png,3,3,3,,0
635,1281013.png,/home/ubuntu/SCB-05-Dataset/5k_HRW_Dataset_combined/images/val/1281013.png,2,0,0,,0
636,1281035.png,/home/ubuntu/SCB-05-Dataset/5k_HRW_Dataset_combined/images/val/1281035.png,3,0,0,,0
637,1281028.png,/home/ubuntu/SCB-05-Dataset/5k_HRW_Dataset_combined/images/val/1281028.png,3,3,3,,0
638,1281036.png,/home/ubuntu/SCB-05-Dataset/5k_HRW_Dataset_combined/images/val/1281036.png,3,0,0,,0
639,1281040.png,/home/ubuntu/SCB-05-Dataset/5k_HRW_Dataset_combined/images/val/1281040.png,3,0,0,,0
640,1281044.png,/home/ubuntu/SCB-05-Dataset/5k_HRW_Dataset_combined/images/val/1281044.png,3,3,3,,0
641,1281047.png,/home/ubuntu/SCB-05-Dataset/5k_HRW_Dataset_combined/images/val/1281047.png,3,0,0,,0
642,1281048.png,/home/ubuntu/SCB-05-Dataset/5k_HRW_Dataset_combined/images/val/1281048.png,3,0,0,,0
643,1283004.png,/home/ubuntu/SCB-05-Dataset/5k_HRW_Dataset_combined/images/val/1283004.png,3,3,3,,0
644,1283015.png,/home/ubuntu/SCB-05-Dataset/5k_HRW_Dataset_combined/images/val/1283015.png,3,3,3,,0
645,1283016.png,/home/ubuntu/SCB-05-Dataset/5k_HRW_Dataset_combined/images/val/1283016.png,3,0,0,,0
646,1283018.png,/home/ubuntu/SCB-05-Dataset/5k_HRW_Dataset_combined/images/val/1283018.png,3,3,3,,0
647,1283020.png,/home/ubuntu/SCB-05-Dataset/5k_HRW_Dataset_combined/images/val/1283020.png,3,0,0,,0
648,1283026.png,/home/ubuntu/SCB-05-Dataset/5k_HRW_Dataset_combined/images/val/1283026.png,3,3,3,,0
649,1283028.png,/home/ubuntu/SCB-05-Dataset/5k_HRW_Dataset_combined/images/val/1283028.png,3,3,3,,0
650,1283033.png,/home/ubuntu/SCB-05-Dataset/5k_HRW_Dataset_combined/images/val/1283033.png,3,0,0,,0
651,1283035.png,/home/ubuntu/SCB-05-Dataset/5k_HRW_Dataset_combined/images/val/1283035.png,3,3,3,,0
652,1283040.png,/home/ubuntu/SCB-05-Dataset/5k_HRW_Dataset_combined/images/val/1283040.png,3,0,0,,0
653,1283039.png,/home/ubuntu/SCB-05-Dataset/5k_HRW_Dataset_combined/images/val/1283039.png,3,0,0,,0
654,1283051.png,/home/ubuntu/SCB-05-Dataset/5k_HRW_Dataset_combined/images/val/1283051.png,2,3,3,,0
655,1283043.png,/home/ubuntu/SCB-05-Dataset/5k_HRW_Dataset_combined/images/val/1283043.png,3,0,0,,0
656,1290003.png,/home/ubuntu/SCB-05-Dataset/5k_HRW_Dataset_combined/images/val/1290003.png,3,0,0,,0
657,1290006.png,/home/ubuntu/SCB-05-Dataset/5k_HRW_Dataset_combined/images/val/1290006.png,2,0,0,,0
658,1290007.png,/home/ubuntu/SCB-05-Dataset/5k_HRW_Dataset_combined/images/val/1290007.png,3,0,0,,0
659,1290013.png,/home/ubuntu/SCB-05-Dataset/5k_HRW_Dataset_combined/images/val/1290013.png,3,2,2,,0
660,1290017.png,/home/ubuntu/SCB-05-Dataset/5k_HRW_Dataset_combined/images/val/1290017.png,3,0,0,,0
661,1290019.png,/home/ubuntu/SCB-05-Dataset/5k_HRW_Dataset_combined/images/val/1290019.png,3,0,0,,0
662,1292015.png,/home/ubuntu/SCB-05-Dataset/5k_HRW_Dataset_combined/images/val/1292015.png,3,0,0,,0
663,1292011.png,/home/ubuntu/SCB-05-Dataset/5k_HRW_Dataset_combined/images/val/1292011.png,2,0,0,,0
664,1292017.png,/home/ubuntu/SCB-05-Dataset/5k_HRW_Dataset_combined/images/val/1292017.png,3,3,3,,0
665,1294005.png,/home/ubuntu/SCB-05-Dataset/5k_HRW_Dataset_combined/images/val/1294005.png,3,3,3,,0
666,1294013.png,/home/ubuntu/SCB-05-Dataset/5k_HRW_Dataset_combined/images/val/1294013.png,3,0,0,,0
667,1296001.png,/home/ubuntu/SCB-05-Dataset/5k_HRW_Dataset_combined/images/val/1296001.png,3,3,3,,0
668,1296002.png,/home/ubuntu/SCB-05-Dataset/5k_HRW_Dataset_combined/images/val/1296002.png,2,3,3,,0
669,1296008.png,/home/ubuntu/SCB-05-Dataset/5k_HRW_Dataset_combined/images/val/1296008.png,2,0,0,,0
670,1296009.png,/home/ubuntu/SCB-05-Dataset/5k_HRW_Dataset_combined/images/val/1296009.png,2,0,0,,0
671,1296013.png,/home/ubuntu/SCB-05-Dataset/5k_HRW_Dataset_combined/images/val/1296013.png,3,3,3,,0
672,1296015.png,/home/ubuntu/SCB-05-Dataset/5k_HRW_Dataset_combined/images/val/1296015.png,3,3,3,,0
673,1296026.png,/home/ubuntu/SCB-05-Dataset/5k_HRW_Dataset_combined/images/val/1296026.png,3,0,0,,0
674,1296028.png,/home/ubuntu/SCB-05-Dataset/5k_HRW_Dataset_combined/images/val/1296028.png,3,0,0,,0
675,1296033.png,/home/ubuntu/SCB-05-Dataset/5k_HRW_Dataset_combined/images/val/1296033.png,3,0,0,,0
676,1296032.png,/home/ubuntu/SCB-05-Dataset/5k_HRW_Dataset_combined/images/val/1296032.png,3,3,3,,0
677,1296036.png,/home/ubuntu/SCB-05-Dataset/5k_HRW_Dataset_combined/images/val/1296036.png,3,0,0,,0
678,1297001.png,/home/ubuntu/SCB-05-Dataset/5k_HRW_Dataset_combined/images/val/1297001.png,3,0,0,,0
679,1297003.png,/home/ubuntu/SCB-05-Dataset/5k_HRW_Dataset_combined/images/val/1297003.png,3,0,0,,0
680,1297004.png,/home/ubuntu/SCB-05-Dataset/5k_HRW_Dataset_combined/images/val/1297004.png,3,2,2,,0
681,1297011.png,/home/ubuntu/SCB-05-Dataset/5k_HRW_Dataset_combined/images/val/1297011.png,3,2,2,,0
682,1297016.png,/home/ubuntu/SCB-05-Dataset/5k_HRW_Dataset_combined/images/val/1297016.png,3,3,3,,0
683,1297030.png,/home/ubuntu/SCB-05-Dataset/5k_HRW_Dataset_combined/images/val/1297030.png,3,3,3,,0
684,1297032.png,/home/ubuntu/SCB-05-Dataset/5k_HRW_Dataset_combined/images/val/1297032.png,3,2,2,,0
685,1297035.png,/home/ubuntu/SCB-05-Dataset/5k_HRW_Dataset_combined/images/val/1297035.png,3,3,3,,0
686,1298008.png,/home/ubuntu/SCB-05-Dataset/5k_HRW_Dataset_combined/images/val/1298008.png,3,3,3,,0
687,1298014.png,/home/ubuntu/SCB-05-Dataset/5k_HRW_Dataset_combined/images/val/1298014.png,3,0,0,,0
688,1298032.png,/home/ubuntu/SCB-05-Dataset/5k_HRW_Dataset_combined/images/val/1298032.png,3,0,0,,0
689,1298039.png,/home/ubuntu/SCB-05-Dataset/5k_HRW_Dataset_combined/images/val/1298039.png,3,3,3,,0
690,1298041.png,/home/ubuntu/SCB-05-Dataset/5k_HRW_Dataset_combined/images/val/1298041.png,3,3,3,,0
691,1298051.png,/home/ubuntu/SCB-05-Dataset/5k_HRW_Dataset_combined/images/val/1298051.png,3,3,3,,0
692,1298058.png,/home/ubuntu/SCB-05-Dataset/5k_HRW_Dataset_combined/images/val/1298058.png,3,3,3,,0
693,1298059.png,/home/ubuntu/SCB-05-Dataset/5k_HRW_Dataset_combined/images/val/1298059.png,3,3,3,,0
694,1301003.png,/home/ubuntu/SCB-05-Dataset/5k_HRW_Dataset_combined/images/val/1301003.png,2,0,0,,0
695,1301006.png,/home/ubuntu/SCB-05-Dataset/5k_HRW_Dataset_combined/images/val/1301006.png,3,3,3,,0
696,1301015.png,/home/ubuntu/SCB-05-Dataset/5k_HRW_Dataset_combined/images/val/1301015.png,3,3,3,,0
697,1301022.png,/home/ubuntu/SCB-05-Dataset/5k_HRW_Dataset_combined/images/val/1301022.png,3,3,3,,0
698,1302006.png,/home/ubuntu/SCB-05-Dataset/5k_HRW_Dataset_combined/images/val/1302006.png,3,3,3,,0
699,1302018.png,/home/ubuntu/SCB-05-Dataset/5k_HRW_Dataset_combined/images/val/1302018.png,3,0,0,,0
700,1303003.png,/home/ubuntu/SCB-05-Dataset/5k_HRW_Dataset_combined/images/val/1303003.png,3,0,0,,0
701,1303006.png,/home/ubuntu/SCB-05-Dataset/5k_HRW_Dataset_combined/images/val/1303006.png,3,0,0,,0
702,1303008.png,/home/ubuntu/SCB-05-Dataset/5k_HRW_Dataset_combined/images/val/1303008.png,3,0,0,,0
703,1303016.png,/home/ubuntu/SCB-05-Dataset/5k_HRW_Dataset_combined/images/val/1303016.png,3,3,3,,0
704,1303017.png,/home/ubuntu/SCB-05-Dataset/5k_HRW_Dataset_combined/images/val/1303017.png,3,3,3,,0
705,1303031.png,/home/ubuntu/SCB-05-Dataset/5k_HRW_Dataset_combined/images/val/1303031.png,3,3,3,,0
706,1304005.png,/home/ubuntu/SCB-05-Dataset/5k_HRW_Dataset_combined/images/val/1304005.png,2,2,2,,0
707,1304013.png,/home/ubuntu/SCB-05-Dataset/5k_HRW_Dataset_combined/images/val/1304013.png,2,3,3,,0
708,1304011.png,/home/ubuntu/SCB-05-Dataset/5k_HRW_Dataset_combined/images/val/1304011.png,3,3,3,,0
709,1304019.png,/home/ubuntu/SCB-05-Dataset/5k_HRW_Dataset_combined/images/val/1304019.png,3,0,0,,0
710,1304022.png,/home/ubuntu/SCB-05-Dataset/5k_HRW_Dataset_combined/images/val/1304022.png,3,3,3,,0
711,1305022.png,/home/ubuntu/SCB-05-Dataset/5k_HRW_Dataset_combined/images/val/1305022.png,3,3,3,,0
712,1307005.png,/home/ubuntu/SCB-05-Dataset/5k_HRW_Dataset_combined/images/val/1307005.png,3,3,3,,0
713,1305009.png,/home/ubuntu/SCB-05-Dataset/5k_HRW_Dataset_combined/images/val/1305009.png,3,0,0,,0
714,1309022.png,/home/ubuntu/SCB-05-Dataset/5k_HRW_Dataset_combined/images/val/1309022.png,2,0,0,,0
715,1309037.png,/home/ubuntu/SCB-05-Dataset/5k_HRW_Dataset_combined/images/val/1309037.png,3,3,3,,0
716,1310003.png,/home/ubuntu/SCB-05-Dataset/5k_HRW_Dataset_combined/images/val/1310003.png,3,3,3,,0
717,1310004.png,/home/ubuntu/SCB-05-Dataset/5k_HRW_Dataset_combined/images/val/1310004.png,3,3,3,,0
718,1310007.png,/home/ubuntu/SCB-05-Dataset/5k_HRW_Dataset_combined/images/val/1310007.png,3,0,0,,0
719,1310012.png,/home/ubuntu/SCB-05-Dataset/5k_HRW_Dataset_combined/images/val/1310012.png,2,2,2,,0
720,1310017.png,/home/ubuntu/SCB-05-Dataset/5k_HRW_Dataset_combined/images/val/1310017.png,3,0,0,,0
721,1310023.png,/home/ubuntu/SCB-05-Dataset/5k_HRW_Dataset_combined/images/val/1310023.png,3,2,2,,0
722,1311017.png,/home/ubuntu/SCB-05-Dataset/5k_HRW_Dataset_combined/images/val/1311017.png,3,0,0,,0
723,1311023.png,/home/ubuntu/SCB-05-Dataset/5k_HRW_Dataset_combined/images/val/1311023.png,3,0,0,,0
724,1312024.png,/home/ubuntu/SCB-05-Dataset/5k_HRW_Dataset_combined/images/val/1312024.png,3,0,0,,0
725,1312025.png,/home/ubuntu/SCB-05-Dataset/5k_HRW_Dataset_combined/images/val/1312025.png,3,3,3,,0
726,1312026.png,/home/ubuntu/SCB-05-Dataset/5k_HRW_Dataset_combined/images/val/1312026.png,3,0,0,,0
727,1312037.png,/home/ubuntu/SCB-05-Dataset/5k_HRW_Dataset_combined/images/val/1312037.png,3,0,0,,0
728,1313021.png,/home/ubuntu/SCB-05-Dataset/5k_HRW_Dataset_combined/images/val/1313021.png,3,3,3,,0
729,1313018.png,/home/ubuntu/SCB-05-Dataset/5k_HRW_Dataset_combined/images/val/1313018.png,3,0,0,,0
730,1313023.png,/home/ubuntu/SCB-05-Dataset/5k_HRW_Dataset_combined/images/val/1313023.png,3,0,0,,0
731,1313024.png,/home/ubuntu/SCB-05-Dataset/5k_HRW_Dataset_combined/images/val/1313024.png,3,3,3,,0
732,1313032.png,/home/ubuntu/SCB-05-Dataset/5k_HRW_Dataset_combined/images/val/1313032.png,3,0,0,,0
733,1313036.png,/home/ubuntu/SCB-05-Dataset/5k_HRW_Dataset_combined/images/val/1313036.png,3,0,0,,0
734,1313038.png,/home/ubuntu/SCB-05-Dataset/5k_HRW_Dataset_combined/images/val/1313038.png,3,2,2,,0
735,1313039.png,/home/ubuntu/SCB-05-Dataset/5k_HRW_Dataset_combined/images/val/1313039.png,3,3,3,,0
736,1313041.png,/home/ubuntu/SCB-05-Dataset/5k_HRW_Dataset_combined/images/val/1313041.png,3,0,0,,0
737,1313047.png,/home/ubuntu/SCB-05-Dataset/5k_HRW_Dataset_combined/images/val/1313047.png,3,0,0,,0
738,1313050.png,/home/ubuntu/SCB-05-Dataset/5k_HRW_Dataset_combined/images/val/1313050.png,3,3,3,,0
739,1314006.png,/home/ubuntu/SCB-05-Dataset/5k_HRW_Dataset_combined/images/val/1314006.png,3,3,3,,0
740,1314010.png,/home/ubuntu/SCB-05-Dataset/5k_HRW_Dataset_combined/images/val/1314010.png,3,3,3,,0
741,1314021.png,/home/ubuntu/SCB-05-Dataset/5k_HRW_Dataset_combined/images/val/1314021.png,3,0,0,,0
742,1314027.png,/home/ubuntu/SCB-05-Dataset/5k_HRW_Dataset_combined/images/val/1314027.png,3,0,0,,0
743,1314044.png,/home/ubuntu/SCB-05-Dataset/5k_HRW_Dataset_combined/images/val/1314044.png,3,3,3,,0
744,1314052.png,/home/ubuntu/SCB-05-Dataset/5k_HRW_Dataset_combined/images/val/1314052.png,3,3,3,,0
745,1314046.png,/home/ubuntu/SCB-05-Dataset/5k_HRW_Dataset_combined/images/val/1314046.png,3,3,3,,0
746,1314054.png,/home/ubuntu/SCB-05-Dataset/5k_HRW_Dataset_combined/images/val/1314054.png,3,3,3,,0
747,1314055.png,/home/ubuntu/SCB-05-Dataset/5k_HRW_Dataset_combined/images/val/1314055.png,3,3,3,,0
748,1315002.png,/home/ubuntu/SCB-05-Dataset/5k_HRW_Dataset_combined/images/val/1315002.png,3,2,2,,0
749,13160019.png,/home/ubuntu/SCB-05-Dataset/5k_HRW_Dataset_combined/images/val/13160019.png,3,0,0,,0
750,13160017.png,/home/ubuntu/SCB-05-Dataset/5k_HRW_Dataset_combined/images/val/13160017.png,3,3,3,,0
751,13160025.png,/home/ubuntu/SCB-05-Dataset/5k_HRW_Dataset_combined/images/val/13160025.png,3,3,3,,0
752,13160037.png,/home/ubuntu/SCB-05-Dataset/5k_HRW_Dataset_combined/images/val/13160037.png,3,3,3,,0
753,13160042.png,/home/ubuntu/SCB-05-Dataset/5k_HRW_Dataset_combined/images/val/13160042.png,3,3,3,,0
754,1317015.png,/home/ubuntu/SCB-05-Dataset/5k_HRW_Dataset_combined/images/val/1317015.png,3,3,3,,0
755,1317028.png,/home/ubuntu/SCB-05-Dataset/5k_HRW_Dataset_combined/images/val/1317028.png,3,3,3,,0
756,1317045.png,/home/ubuntu/SCB-05-Dataset/5k_HRW_Dataset_combined/images/val/1317045.png,3,3,3,,0
757,1318012.png,/home/ubuntu/SCB-05-Dataset/5k_HRW_Dataset_combined/images/val/1318012.png,3,3,3,,0
758,1318013.png,/home/ubuntu/SCB-05-Dataset/5k_HRW_Dataset_combined/images/val/1318013.png,3,3,3,,0
759,1318026.png,/home/ubuntu/SCB-05-Dataset/5k_HRW_Dataset_combined/images/val/1318026.png,3,3,3,,0
760,1319002.png,/home/ubuntu/SCB-05-Dataset/5k_HRW_Dataset_combined/images/val/1319002.png,3,3,3,,0
761,1319003.png,/home/ubuntu/SCB-05-Dataset/5k_HRW_Dataset_combined/images/val/1319003.png,2,3,3,,0
762,1319006.png,/home/ubuntu/SCB-05-Dataset/5k_HRW_Dataset_combined/images/val/1319006.png,3,0,0,,0
763,1319007.png,/home/ubuntu/SCB-05-Dataset/5k_HRW_Dataset_combined/images/val/1319007.png,3,3,3,,0
764,1319008.png,/home/ubuntu/SCB-05-Dataset/5k_HRW_Dataset_combined/images/val/1319008.png,3,3,3,,0
765,1319022.png,/home/ubuntu/SCB-05-Dataset/5k_HRW_Dataset_combined/images/val/1319022.png,3,0,0,,0
766,1319029.png,/home/ubuntu/SCB-05-Dataset/5k_HRW_Dataset_combined/images/val/1319029.png,3,3,3,,0
767,1320014.png,/home/ubuntu/SCB-05-Dataset/5k_HRW_Dataset_combined/images/val/1320014.png,3,3,3,,0
768,1320016.png,/home/ubuntu/SCB-05-Dataset/5k_HRW_Dataset_combined/images/val/1320016.png,3,0,0,,0
769,1320023.png,/home/ubuntu/SCB-05-Dataset/5k_HRW_Dataset_combined/images/val/1320023.png,3,3,3,,0
770,1320024.png,/home/ubuntu/SCB-05-Dataset/5k_HRW_Dataset_combined/images/val/1320024.png,3,3,3,,0
771,1320030.png,/home/ubuntu/SCB-05-Dataset/5k_HRW_Dataset_combined/images/val/1320030.png,3,0,0,,0
772,1320032.png,/home/ubuntu/SCB-05-Dataset/5k_HRW_Dataset_combined/images/val/1320032.png,3,3,3,,0
773,1320039.png,/home/ubuntu/SCB-05-Dataset/5k_HRW_Dataset_combined/images/val/1320039.png,3,3,3,,0
774,1320047.png,/home/ubuntu/SCB-05-Dataset/5k_HRW_Dataset_combined/images/val/1320047.png,3,3,3,,0
775,1320062.png,/home/ubuntu/SCB-05-Dataset/5k_HRW_Dataset_combined/images/val/1320062.png,2,3,3,,0
776,13210004.png,/home/ubuntu/SCB-05-Dataset/5k_HRW_Dataset_combined/images/val/13210004.png,2,0,0,,0
777,13210005.png,/home/ubuntu/SCB-05-Dataset/5k_HRW_Dataset_combined/images/val/13210005.png,2,0,0,,0
778,13210012.png,/home/ubuntu/SCB-05-Dataset/5k_HRW_Dataset_combined/images/val/13210012.png,3,0,0,,0
779,13210018.png,/home/ubuntu/SCB-05-Dataset/5k_HRW_Dataset_combined/images/val/13210018.png,3,3,3,,0
780,13210031.png,/home/ubuntu/SCB-05-Dataset/5k_HRW_Dataset_combined/images/val/13210031.png,2,3,3,,0
781,13210038.png,/home/ubuntu/SCB-05-Dataset/5k_HRW_Dataset_combined/images/val/13210038.png,3,3,3,,0
782,13210039.png,/home/ubuntu/SCB-05-Dataset/5k_HRW_Dataset_combined/images/val/13210039.png,3,0,0,,0
783,13210040.png,/home/ubuntu/SCB-05-Dataset/5k_HRW_Dataset_combined/images/val/13210040.png,3,3,3,,0
784,1322001.png,/home/ubuntu/SCB-05-Dataset/5k_HRW_Dataset_combined/images/val/1322001.png,3,3,3,,0
785,1322004.png,/home/ubuntu/SCB-05-Dataset/5k_HRW_Dataset_combined/images/val/1322004.png,3,0,0,,0
786,1322006.png,/home/ubuntu/SCB-05-Dataset/5k_HRW_Dataset_combined/images/val/1322006.png,2,0,0,,0
787,1322014.png,/home/ubuntu/SCB-05-Dataset/5k_HRW_Dataset_combined/images/val/1322014.png,2,0,0,,0
788,1322009.png,/home/ubuntu/SCB-05-Dataset/5k_HRW_Dataset_combined/images/val/1322009.png,3,0,0,,0
789,1322025.png,/home/ubuntu/SCB-05-Dataset/5k_HRW_Dataset_combined/images/val/1322025.png,3,3,3,,0
790,1322033.png,/home/ubuntu/SCB-05-Dataset/5k_HRW_Dataset_combined/images/val/1322033.png,3,0,0,,0
791,1322021.png,/home/ubuntu/SCB-05-Dataset/5k_HRW_Dataset_combined/images/val/1322021.png,3,3,3,,0
792,1325002.png,/home/ubuntu/SCB-05-Dataset/5k_HRW_Dataset_combined/images/val/1325002.png,3,0,0,,0
793,1325003.png,/home/ubuntu/SCB-05-Dataset/5k_HRW_Dataset_combined/images/val/1325003.png,3,0,0,,0
794,1325005.png,/home/ubuntu/SCB-05-Dataset/5k_HRW_Dataset_combined/images/val/1325005.png,2,0,0,,0
795,1325006.png,/home/ubuntu/SCB-05-Dataset/5k_HRW_Dataset_combined/images/val/1325006.png,2,0,0,,0
796,1325025.png,/home/ubuntu/SCB-05-Dataset/5k_HRW_Dataset_combined/images/val/1325025.png,3,3,3,,0
797,1325030.png,/home/ubuntu/SCB-05-Dataset/5k_HRW_Dataset_combined/images/val/1325030.png,3,0,0,,0
798,1325031.png,/home/ubuntu/SCB-05-Dataset/5k_HRW_Dataset_combined/images/val/1325031.png,3,3,3,,0
799,1325034.png,/home/ubuntu/SCB-05-Dataset/5k_HRW_Dataset_combined/images/val/1325034.png,3,3,3,,0
800,1325038.png,/home/ubuntu/SCB-05-Dataset/5k_HRW_Dataset_combined/images/val/1325038.png,3,3,3,,0
801,1325047.png,/home/ubuntu/SCB-05-Dataset/5k_HRW_Dataset_combined/images/val/1325047.png,3,3,3,,0
802,1325053.png,/home/ubuntu/SCB-05-Dataset/5k_HRW_Dataset_combined/images/val/1325053.png,3,3,3,,0
803,1329015.png,/home/ubuntu/SCB-05-Dataset/5k_HRW_Dataset_combined/images/val/1329015.png,3,3,3,,0
804,1329024.png,/home/ubuntu/SCB-05-Dataset/5k_HRW_Dataset_combined/images/val/1329024.png,3,3,3,,0
805,1330016.png,/home/ubuntu/SCB-05-Dataset/5k_HRW_Dataset_combined/images/val/1330016.png,3,0,0,,0
806,1330037.png,/home/ubuntu/SCB-05-Dataset/5k_HRW_Dataset_combined/images/val/1330037.png,3,3,3,,0
807,1330041.png,/home/ubuntu/SCB-05-Dataset/5k_HRW_Dataset_combined/images/val/1330041.png,2,0,0,,0
808,1330044.png,/home/ubuntu/SCB-05-Dataset/5k_HRW_Dataset_combined/images/val/1330044.png,3,3,3,,0
809,1330048.png,/home/ubuntu/SCB-05-Dataset/5k_HRW_Dataset_combined/images/val/1330048.png,3,0,0,,0
810,1331001.png,/home/ubuntu/SCB-05-Dataset/5k_HRW_Dataset_combined/images/val/1331001.png,3,3,3,,0
811,1331003.png,/home/ubuntu/SCB-05-Dataset/5k_HRW_Dataset_combined/images/val/1331003.png,3,3,3,,0
812,1331018.png,/home/ubuntu/SCB-05-Dataset/5k_HRW_Dataset_combined/images/val/1331018.png,3,3,3,,0
813,1331022.png,/home/ubuntu/SCB-05-Dataset/5k_HRW_Dataset_combined/images/val/1331022.png,3,3,3,,0
814,1331034.png,/home/ubuntu/SCB-05-Dataset/5k_HRW_Dataset_combined/images/val/1331034.png,2,2,2,,0
815,1331044.png,/home/ubuntu/SCB-05-Dataset/5k_HRW_Dataset_combined/images/val/1331044.png,3,0,0,,0
816,1332001.png,/home/ubuntu/SCB-05-Dataset/5k_HRW_Dataset_combined/images/val/1332001.png,2,0,0,,0
817,1332007.png,/home/ubuntu/SCB-05-Dataset/5k_HRW_Dataset_combined/images/val/1332007.png,3,0,0,,0
818,1332009.png,/home/ubuntu/SCB-05-Dataset/5k_HRW_Dataset_combined/images/val/1332009.png,3,3,3,,0
819,1332015.png,/home/ubuntu/SCB-05-Dataset/5k_HRW_Dataset_combined/images/val/1332015.png,3,0,0,,0
820,1332016.png,/home/ubuntu/SCB-05-Dataset/5k_HRW_Dataset_combined/images/val/1332016.png,3,3,3,,0
821,1332029.png,/home/ubuntu/SCB-05-Dataset/5k_HRW_Dataset_combined/images/val/1332029.png,3,3,3,,0
822,1332030.png,/home/ubuntu/SCB-05-Dataset/5k_HRW_Dataset_combined/images/val/1332030.png,3,3,3,,0
823,1332034.png,/home/ubuntu/SCB-05-Dataset/5k_HRW_Dataset_combined/images/val/1332034.png,3,0,0,,0
824,1332036.png,/home/ubuntu/SCB-05-Dataset/5k_HRW_Dataset_combined/images/val/1332036.png,3,2,2,,0
825,1332049.png,/home/ubuntu/SCB-05-Dataset/5k_HRW_Dataset_combined/images/val/1332049.png,3,0,0,,0
826,1332040.png,/home/ubuntu/SCB-05-Dataset/5k_HRW_Dataset_combined/images/val/1332040.png,3,3,3,,0
827,1333035.png,/home/ubuntu/SCB-05-Dataset/5k_HRW_Dataset_combined/images/val/1333035.png,3,3,3,,0
828,1333038.png,/home/ubuntu/SCB-05-Dataset/5k_HRW_Dataset_combined/images/val/1333038.png,3,3,3,,0
829,1333045.png,/home/ubuntu/SCB-05-Dataset/5k_HRW_Dataset_combined/images/val/1333045.png,3,3,3,,0
830,1333048.png,/home/ubuntu/SCB-05-Dataset/5k_HRW_Dataset_combined/images/val/1333048.png,3,3,3,,0
831,1333050.png,/home/ubuntu/SCB-05-Dataset/5k_HRW_Dataset_combined/images/val/1333050.png,3,3,3,,0
832,1335003.png,/home/ubuntu/SCB-05-Dataset/5k_HRW_Dataset_combined/images/val/1335003.png,2,2,2,,0
833,1335004.png,/home/ubuntu/SCB-05-Dataset/5k_HRW_Dataset_combined/images/val/1335004.png,3,3,3,,0
834,1335010.png,/home/ubuntu/SCB-05-Dataset/5k_HRW_Dataset_combined/images/val/1335010.png,3,0,0,,0
835,1335017.png,/home/ubuntu/SCB-05-Dataset/5k_HRW_Dataset_combined/images/val/1335017.png,3,0,0,,0
836,1340003.png,/home/ubuntu/SCB-05-Dataset/5k_HRW_Dataset_combined/images/val/1340003.png,3,3,3,,0
837,1335020.png,/home/ubuntu/SCB-05-Dataset/5k_HRW_Dataset_combined/images/val/1335020.png,3,0,0,,0
838,1340005.png,/home/ubuntu/SCB-05-Dataset/5k_HRW_Dataset_combined/images/val/1340005.png,3,2,2,,0
839,1340007.png,/home/ubuntu/SCB-05-Dataset/5k_HRW_Dataset_combined/images/val/1340007.png,3,3,3,,0
840,1340010.png,/home/ubuntu/SCB-05-Dataset/5k_HRW_Dataset_combined/images/val/1340010.png,3,3,3,,0
841,1340012.png,/home/ubuntu/SCB-05-Dataset/5k_HRW_Dataset_combined/images/val/1340012.png,2,2,2,,0
842,1340013.png,/home/ubuntu/SCB-05-Dataset/5k_HRW_Dataset_combined/images/val/1340013.png,3,3,3,,0
843,1340018.png,/home/ubuntu/SCB-05-Dataset/5k_HRW_Dataset_combined/images/val/1340018.png,2,0,0,,0
844,1340019.png,/home/ubuntu/SCB-05-Dataset/5k_HRW_Dataset_combined/images/val/1340019.png,3,0,0,,0
845,1358005.png,/home/ubuntu/SCB-05-Dataset/5k_HRW_Dataset_combined/images/val/1358005.png,3,3,3,,0
846,1358006.png,/home/ubuntu/SCB-05-Dataset/5k_HRW_Dataset_combined/images/val/1358006.png,2,0,0,,0
847,1358011.png,/home/ubuntu/SCB-05-Dataset/5k_HRW_Dataset_combined/images/val/1358011.png,2,2,2,,0
848,1358019.png,/home/ubuntu/SCB-05-Dataset/5k_HRW_Dataset_combined/images/val/1358019.png,3,0,0,,0
849,1358020.png,/home/ubuntu/SCB-05-Dataset/5k_HRW_Dataset_combined/images/val/1358020.png,3,3,3,,0
850,1363012.png,/home/ubuntu/SCB-05-Dataset/5k_HRW_Dataset_combined/images/val/1363012.png,2,2,2,,0
851,1363017.png,/home/ubuntu/SCB-05-Dataset/5k_HRW_Dataset_combined/images/val/1363017.png,3,2,2,,0
852,1363018.png,/home/ubuntu/SCB-05-Dataset/5k_HRW_Dataset_combined/images/val/1363018.png,3,0,0,,0
853,1363025.png,/home/ubuntu/SCB-05-Dataset/5k_HRW_Dataset_combined/images/val/1363025.png,3,3,3,,0
854,1363032.png,/home/ubuntu/SCB-05-Dataset/5k_HRW_Dataset_combined/images/val/1363032.png,3,3,3,,0
855,1363041.png,/home/ubuntu/SCB-05-Dataset/5k_HRW_Dataset_combined/images/val/1363041.png,3,0,0,,0
856,1363034.png,/home/ubuntu/SCB-05-Dataset/5k_HRW_Dataset_combined/images/val/1363034.png,3,3,3,,0
857,1367001.png,/home/ubuntu/SCB-05-Dataset/5k_HRW_Dataset_combined/images/val/1367001.png,2,0,0,,0
858,1367003.png,/home/ubuntu/SCB-05-Dataset/5k_HRW_Dataset_combined/images/val/1367003.png,3,0,0,,0
859,1367006.png,/home/ubuntu/SCB-05-Dataset/5k_HRW_Dataset_combined/images/val/1367006.png,2,2,2,,0
860,1379041.png,/home/ubuntu/SCB-05-Dataset/5k_HRW_Dataset_combined/images/val/1379041.png,2,2,2,,0
861,1379035.png,/home/ubuntu/SCB-05-Dataset/5k_HRW_Dataset_combined/images/val/1379035.png,2,2,2,,0
862,1395005.png,/home/ubuntu/SCB-05-Dataset/5k_HRW_Dataset_combined/images/val/1395005.png,2,2,"The image shows a classroom setting where students are seated at desks. Based on their body language and engagement, I would rate the overall classroom's engagement as follows:

- Students in the foreground who appear to be actively engaged in an activity (writing or drawing) would receive a 3 for being actively focused and alert.
- The students in the background are more passive, with some leaning over their desks and others looking at something off-camera. This would suggest a mix of engagement levels, with some students being more attentive than others. Therefore, I would rate this group as a 2 for being passively present but not fully focused on the activity.

Please note that this assessment is based solely on the visible body language and does not take into account the quality or nature of the educational activity taking place.",,0
863,1395008.png,/home/ubuntu/SCB-05-Dataset/5k_HRW_Dataset_combined/images/val/1395008.png,2,0,"The image shows a classroom setting where students are engaged in various activities. Based on their body language and behaviors, I would rate the overall engagement as follows:

- Students at desks who appear to be working on tasks: 2 (attentive and following along)
- Students standing up and interacting with each other or materials: 3 (actively focused and alert)
- Students in the foreground who seem to be looking at something off-camera: 0 (distracted and disinterested)

The overall engagement level of the classroom seems to be a mix of attentive and passive, with some students actively engaged in their tasks while others are less focused.",,0
864,1399008.png,/home/ubuntu/SCB-05-Dataset/5k_HRW_Dataset_combined/images/val/1399008.png,2,0,0,,0
865,1395010.png,/home/ubuntu/SCB-05-Dataset/5k_HRW_Dataset_combined/images/val/1395010.png,2,2,2,,0
866,1399009.png,/home/ubuntu/SCB-05-Dataset/5k_HRW_Dataset_combined/images/val/1399009.png,2,2,2,,0
867,1399010.png,/home/ubuntu/SCB-05-Dataset/5k_HRW_Dataset_combined/images/val/1399010.png,2,2,2,,0
868,1399026.png,/home/ubuntu/SCB-05-Dataset/5k_HRW_Dataset_combined/images/val/1399026.png,2,0,0,,0
869,1399027.png,/home/ubuntu/SCB-05-Dataset/5k_HRW_Dataset_combined/images/val/1399027.png,2,2,2,,0
870,1424001.png,/home/ubuntu/SCB-05-Dataset/5k_HRW_Dataset_combined/images/val/1424001.png,2,2,2,,0
871,1424002.png,/home/ubuntu/SCB-05-Dataset/5k_HRW_Dataset_combined/images/val/1424002.png,2,0,0,,0
872,1424036.png,/home/ubuntu/SCB-05-Dataset/5k_HRW_Dataset_combined/images/val/1424036.png,2,2,2,,0
873,1427005.png,/home/ubuntu/SCB-05-Dataset/5k_HRW_Dataset_combined/images/val/1427005.png,2,0,0,,0
874,1429002.png,/home/ubuntu/SCB-05-Dataset/5k_HRW_Dataset_combined/images/val/1429002.png,2,2,2,,0
875,1429021.png,/home/ubuntu/SCB-05-Dataset/5k_HRW_Dataset_combined/images/val/1429021.png,2,0,0,,0
876,1429022.png,/home/ubuntu/SCB-05-Dataset/5k_HRW_Dataset_combined/images/val/1429022.png,2,3,3,,0
877,1429024.png,/home/ubuntu/SCB-05-Dataset/5k_HRW_Dataset_combined/images/val/1429024.png,2,0,0,,0
878,1429026.png,/home/ubuntu/SCB-05-Dataset/5k_HRW_Dataset_combined/images/val/1429026.png,2,0,0,,0
879,1429029.png,/home/ubuntu/SCB-05-Dataset/5k_HRW_Dataset_combined/images/val/1429029.png,2,2,2,,0
880,1429033.png,/home/ubuntu/SCB-05-Dataset/5k_HRW_Dataset_combined/images/val/1429033.png,2,2,2,,0
881,1429035.png,/home/ubuntu/SCB-05-Dataset/5k_HRW_Dataset_combined/images/val/1429035.png,2,0,0,,0
882,1431001.png,/home/ubuntu/SCB-05-Dataset/5k_HRW_Dataset_combined/images/val/1431001.png,2,0,0,,0
883,1431004.png,/home/ubuntu/SCB-05-Dataset/5k_HRW_Dataset_combined/images/val/1431004.png,2,2,2,,0
884,1431010.png,/home/ubuntu/SCB-05-Dataset/5k_HRW_Dataset_combined/images/val/1431010.png,2,2,2,,0
885,1431013.png,/home/ubuntu/SCB-05-Dataset/5k_HRW_Dataset_combined/images/val/1431013.png,2,2,2,,0
886,1431015.png,/home/ubuntu/SCB-05-Dataset/5k_HRW_Dataset_combined/images/val/1431015.png,2,0,0,,0
887,1433002.png,/home/ubuntu/SCB-05-Dataset/5k_HRW_Dataset_combined/images/val/1433002.png,2,2,2,,0
888,1433005.png,/home/ubuntu/SCB-05-Dataset/5k_HRW_Dataset_combined/images/val/1433005.png,2,2,2,,0
889,1433010.png,/home/ubuntu/SCB-05-Dataset/5k_HRW_Dataset_combined/images/val/1433010.png,2,2,2,,0
890,1433011.png,/home/ubuntu/SCB-05-Dataset/5k_HRW_Dataset_combined/images/val/1433011.png,2,2,2,,0
891,1433016.png,/home/ubuntu/SCB-05-Dataset/5k_HRW_Dataset_combined/images/val/1433016.png,2,2,2,,0
892,2110008.png,/home/ubuntu/SCB-05-Dataset/5k_HRW_Dataset_combined/images/val/2110008.png,3,0,0,,0
893,2110014.png,/home/ubuntu/SCB-05-Dataset/5k_HRW_Dataset_combined/images/val/2110014.png,2,3,3,,0
894,2110017.png,/home/ubuntu/SCB-05-Dataset/5k_HRW_Dataset_combined/images/val/2110017.png,3,2,2,,0
895,2110038.png,/home/ubuntu/SCB-05-Dataset/5k_HRW_Dataset_combined/images/val/2110038.png,3,0,0,,0
896,3000002.png,/home/ubuntu/SCB-05-Dataset/5k_HRW_Dataset_combined/images/val/3000002.png,3,3,3,,0
897,3000003.png,/home/ubuntu/SCB-05-Dataset/5k_HRW_Dataset_combined/images/val/3000003.png,2,2,2,,0
898,3000009.png,/home/ubuntu/SCB-05-Dataset/5k_HRW_Dataset_combined/images/val/3000009.png,2,2,2,,0
899,3000008.png,/home/ubuntu/SCB-05-Dataset/5k_HRW_Dataset_combined/images/val/3000008.png,2,2,2,,0
900,3000010.png,/home/ubuntu/SCB-05-Dataset/5k_HRW_Dataset_combined/images/val/3000010.png,2,2,2,,0
901,3000014.png,/home/ubuntu/SCB-05-Dataset/5k_HRW_Dataset_combined/images/val/3000014.png,2,2,2,,0
902,3000021.png,/home/ubuntu/SCB-05-Dataset/5k_HRW_Dataset_combined/images/val/3000021.png,3,3,3,,0
903,3000022.png,/home/ubuntu/SCB-05-Dataset/5k_HRW_Dataset_combined/images/val/3000022.png,3,3,3,,0
904,3000023.png,/home/ubuntu/SCB-05-Dataset/5k_HRW_Dataset_combined/images/val/3000023.png,2,2,2,,0
905,3000025.png,/home/ubuntu/SCB-05-Dataset/5k_HRW_Dataset_combined/images/val/3000025.png,2,2,2,,0
906,3000030.png,/home/ubuntu/SCB-05-Dataset/5k_HRW_Dataset_combined/images/val/3000030.png,2,2,2,,0
907,3000032.png,/home/ubuntu/SCB-05-Dataset/5k_HRW_Dataset_combined/images/val/3000032.png,2,3,3,,0
908,3000035.png,/home/ubuntu/SCB-05-Dataset/5k_HRW_Dataset_combined/images/val/3000035.png,2,2,2,,0
909,3000039.png,/home/ubuntu/SCB-05-Dataset/5k_HRW_Dataset_combined/images/val/3000039.png,2,0,0,,0
910,3000056.png,/home/ubuntu/SCB-05-Dataset/5k_HRW_Dataset_combined/images/val/3000056.png,2,0,0,,0
911,3000068.png,/home/ubuntu/SCB-05-Dataset/5k_HRW_Dataset_combined/images/val/3000068.png,2,0,0,,0
912,3000080.png,/home/ubuntu/SCB-05-Dataset/5k_HRW_Dataset_combined/images/val/3000080.png,3,0,0,,0
913,3000082.png,/home/ubuntu/SCB-05-Dataset/5k_HRW_Dataset_combined/images/val/3000082.png,2,0,0,,0
914,3000084.png,/home/ubuntu/SCB-05-Dataset/5k_HRW_Dataset_combined/images/val/3000084.png,3,0,0,,0
915,3000087.png,/home/ubuntu/SCB-05-Dataset/5k_HRW_Dataset_combined/images/val/3000087.png,2,0,0,,0
916,3000090.png,/home/ubuntu/SCB-05-Dataset/5k_HRW_Dataset_combined/images/val/3000090.png,2,2,2,,0
917,3000102.png,/home/ubuntu/SCB-05-Dataset/5k_HRW_Dataset_combined/images/val/3000102.png,2,2,2,,0
918,3000105.png,/home/ubuntu/SCB-05-Dataset/5k_HRW_Dataset_combined/images/val/3000105.png,2,2,2,,0
919,3000108.png,/home/ubuntu/SCB-05-Dataset/5k_HRW_Dataset_combined/images/val/3000108.png,2,2,2,,0
920,3000112.png,/home/ubuntu/SCB-05-Dataset/5k_HRW_Dataset_combined/images/val/3000112.png,2,2,2,,0
921,3000115.png,/home/ubuntu/SCB-05-Dataset/5k_HRW_Dataset_combined/images/val/3000115.png,2,0,0,,0
922,3000125.png,/home/ubuntu/SCB-05-Dataset/5k_HRW_Dataset_combined/images/val/3000125.png,2,2,2,,0
923,3000128.png,/home/ubuntu/SCB-05-Dataset/5k_HRW_Dataset_combined/images/val/3000128.png,2,0,0,,0
924,3000136.png,/home/ubuntu/SCB-05-Dataset/5k_HRW_Dataset_combined/images/val/3000136.png,2,2,2,,0
925,3000141.png,/home/ubuntu/SCB-05-Dataset/5k_HRW_Dataset_combined/images/val/3000141.png,2,2,2,,0
926,3000147.png,/home/ubuntu/SCB-05-Dataset/5k_HRW_Dataset_combined/images/val/3000147.png,2,2,2,,0
927,3000170.png,/home/ubuntu/SCB-05-Dataset/5k_HRW_Dataset_combined/images/val/3000170.png,2,2,2,,0
928,3000184.png,/home/ubuntu/SCB-05-Dataset/5k_HRW_Dataset_combined/images/val/3000184.png,2,2,2,,0
929,3000187.png,/home/ubuntu/SCB-05-Dataset/5k_HRW_Dataset_combined/images/val/3000187.png,2,0,0,,0
930,3000188.png,/home/ubuntu/SCB-05-Dataset/5k_HRW_Dataset_combined/images/val/3000188.png,2,2,2,,0
931,3000192.png,/home/ubuntu/SCB-05-Dataset/5k_HRW_Dataset_combined/images/val/3000192.png,2,0,0,,0
932,3000198.png,/home/ubuntu/SCB-05-Dataset/5k_HRW_Dataset_combined/images/val/3000198.png,2,2,2,,0
933,3000199.png,/home/ubuntu/SCB-05-Dataset/5k_HRW_Dataset_combined/images/val/3000199.png,2,2,2,,0
934,3000202.png,/home/ubuntu/SCB-05-Dataset/5k_HRW_Dataset_combined/images/val/3000202.png,2,2,2,,0
935,3000205.png,/home/ubuntu/SCB-05-Dataset/5k_HRW_Dataset_combined/images/val/3000205.png,3,0,0,,0
936,3000239.png,/home/ubuntu/SCB-05-Dataset/5k_HRW_Dataset_combined/images/val/3000239.png,2,0,0,,0
937,3000250.png,/home/ubuntu/SCB-05-Dataset/5k_HRW_Dataset_combined/images/val/3000250.png,2,2,2,,0
938,3001002.png,/home/ubuntu/SCB-05-Dataset/5k_HRW_Dataset_combined/images/val/3001002.png,3,2,2,,0
939,3001001.png,/home/ubuntu/SCB-05-Dataset/5k_HRW_Dataset_combined/images/val/3001001.png,3,0,0,,0
940,3001014.png,/home/ubuntu/SCB-05-Dataset/5k_HRW_Dataset_combined/images/val/3001014.png,2,2,2,,0
941,3001020.png,/home/ubuntu/SCB-05-Dataset/5k_HRW_Dataset_combined/images/val/3001020.png,2,0,0,,0
942,3001025.png,/home/ubuntu/SCB-05-Dataset/5k_HRW_Dataset_combined/images/val/3001025.png,3,2,2,,0
943,3001023.png,/home/ubuntu/SCB-05-Dataset/5k_HRW_Dataset_combined/images/val/3001023.png,3,3,3,,0
944,3001026.png,/home/ubuntu/SCB-05-Dataset/5k_HRW_Dataset_combined/images/val/3001026.png,3,3,3,,0
945,3001032.png,/home/ubuntu/SCB-05-Dataset/5k_HRW_Dataset_combined/images/val/3001032.png,3,0,0,,0
946,3001033.png,/home/ubuntu/SCB-05-Dataset/5k_HRW_Dataset_combined/images/val/3001033.png,3,0,0,,0
947,3001036.png,/home/ubuntu/SCB-05-Dataset/5k_HRW_Dataset_combined/images/val/3001036.png,3,3,3,,0
948,3001038.png,/home/ubuntu/SCB-05-Dataset/5k_HRW_Dataset_combined/images/val/3001038.png,3,0,0,,0
949,3001049.png,/home/ubuntu/SCB-05-Dataset/5k_HRW_Dataset_combined/images/val/3001049.png,3,0,0,,0
950,3001053.png,/home/ubuntu/SCB-05-Dataset/5k_HRW_Dataset_combined/images/val/3001053.png,3,3,3,,0
951,3001056.png,/home/ubuntu/SCB-05-Dataset/5k_HRW_Dataset_combined/images/val/3001056.png,3,0,0,,0
952,3001070.png,/home/ubuntu/SCB-05-Dataset/5k_HRW_Dataset_combined/images/val/3001070.png,3,2,2,,0
953,3001080.png,/home/ubuntu/SCB-05-Dataset/5k_HRW_Dataset_combined/images/val/3001080.png,3,3,3,,0
954,3001083.png,/home/ubuntu/SCB-05-Dataset/5k_HRW_Dataset_combined/images/val/3001083.png,3,0,0,,0
955,3001085.png,/home/ubuntu/SCB-05-Dataset/5k_HRW_Dataset_combined/images/val/3001085.png,3,3,3,,0
956,3001097.png,/home/ubuntu/SCB-05-Dataset/5k_HRW_Dataset_combined/images/val/3001097.png,3,3,3,,0
957,3001101.png,/home/ubuntu/SCB-05-Dataset/5k_HRW_Dataset_combined/images/val/3001101.png,3,0,0,,0
958,3001103.png,/home/ubuntu/SCB-05-Dataset/5k_HRW_Dataset_combined/images/val/3001103.png,3,0,0,,0
959,3001109.png,/home/ubuntu/SCB-05-Dataset/5k_HRW_Dataset_combined/images/val/3001109.png,3,2,2,,0
960,3001110.png,/home/ubuntu/SCB-05-Dataset/5k_HRW_Dataset_combined/images/val/3001110.png,3,2,2,,0
961,3001124.png,/home/ubuntu/SCB-05-Dataset/5k_HRW_Dataset_combined/images/val/3001124.png,2,0,0,,0
962,3001125.png,/home/ubuntu/SCB-05-Dataset/5k_HRW_Dataset_combined/images/val/3001125.png,2,0,0,,0
963,3001131.png,/home/ubuntu/SCB-05-Dataset/5k_HRW_Dataset_combined/images/val/3001131.png,2,2,2,,0
964,3001136.png,/home/ubuntu/SCB-05-Dataset/5k_HRW_Dataset_combined/images/val/3001136.png,2,0,0,,0
965,3001158.png,/home/ubuntu/SCB-05-Dataset/5k_HRW_Dataset_combined/images/val/3001158.png,2,2,2,,0
966,3001159.png,/home/ubuntu/SCB-05-Dataset/5k_HRW_Dataset_combined/images/val/3001159.png,2,2,2,,0
967,3001160.png,/home/ubuntu/SCB-05-Dataset/5k_HRW_Dataset_combined/images/val/3001160.png,2,0,0,,0
968,3001167.png,/home/ubuntu/SCB-05-Dataset/5k_HRW_Dataset_combined/images/val/3001167.png,2,2,2,,0
969,3001169.png,/home/ubuntu/SCB-05-Dataset/5k_HRW_Dataset_combined/images/val/3001169.png,2,0,0,,0
970,3001176.png,/home/ubuntu/SCB-05-Dataset/5k_HRW_Dataset_combined/images/val/3001176.png,2,2,2,,0
971,3001180.png,/home/ubuntu/SCB-05-Dataset/5k_HRW_Dataset_combined/images/val/3001180.png,2,2,2,,0
972,3001185.png,/home/ubuntu/SCB-05-Dataset/5k_HRW_Dataset_combined/images/val/3001185.png,2,0,0,,0
973,3001189.png,/home/ubuntu/SCB-05-Dataset/5k_HRW_Dataset_combined/images/val/3001189.png,3,3,3,,0
974,3001192.png,/home/ubuntu/SCB-05-Dataset/5k_HRW_Dataset_combined/images/val/3001192.png,2,2,2,,0
975,3001190.png,/home/ubuntu/SCB-05-Dataset/5k_HRW_Dataset_combined/images/val/3001190.png,3,3,3,,0
976,3001195.png,/home/ubuntu/SCB-05-Dataset/5k_HRW_Dataset_combined/images/val/3001195.png,2,2,2,,0
977,3001196.png,/home/ubuntu/SCB-05-Dataset/5k_HRW_Dataset_combined/images/val/3001196.png,2,2,2,,0
978,3001204.png,/home/ubuntu/SCB-05-Dataset/5k_HRW_Dataset_combined/images/val/3001204.png,3,0,0,,0
979,3001207.png,/home/ubuntu/SCB-05-Dataset/5k_HRW_Dataset_combined/images/val/3001207.png,2,2,2,,0
980,3001210.png,/home/ubuntu/SCB-05-Dataset/5k_HRW_Dataset_combined/images/val/3001210.png,2,2,2,,0
981,3001222.png,/home/ubuntu/SCB-05-Dataset/5k_HRW_Dataset_combined/images/val/3001222.png,2,0,0,,0
982,3001224.png,/home/ubuntu/SCB-05-Dataset/5k_HRW_Dataset_combined/images/val/3001224.png,2,2,2,,0
983,3001241.png,/home/ubuntu/SCB-05-Dataset/5k_HRW_Dataset_combined/images/val/3001241.png,2,0,0,,0
984,3001244.png,/home/ubuntu/SCB-05-Dataset/5k_HRW_Dataset_combined/images/val/3001244.png,2,0,0,,0
985,3001251.png,/home/ubuntu/SCB-05-Dataset/5k_HRW_Dataset_combined/images/val/3001251.png,2,2,2,,0
986,3001255.png,/home/ubuntu/SCB-05-Dataset/5k_HRW_Dataset_combined/images/val/3001255.png,2,2,2,,0
987,3001260.png,/home/ubuntu/SCB-05-Dataset/5k_HRW_Dataset_combined/images/val/3001260.png,2,0,0,,0
988,3001264.png,/home/ubuntu/SCB-05-Dataset/5k_HRW_Dataset_combined/images/val/3001264.png,2,0,0,,0
989,3001267.png,/home/ubuntu/SCB-05-Dataset/5k_HRW_Dataset_combined/images/val/3001267.png,2,0,0,,0
990,3001268.png,/home/ubuntu/SCB-05-Dataset/5k_HRW_Dataset_combined/images/val/3001268.png,2,0,0,,0
991,3001270.png,/home/ubuntu/SCB-05-Dataset/5k_HRW_Dataset_combined/images/val/3001270.png,3,3,3,,0
992,3001274.png,/home/ubuntu/SCB-05-Dataset/5k_HRW_Dataset_combined/images/val/3001274.png,2,0,0,,0
993,3001293.png,/home/ubuntu/SCB-05-Dataset/5k_HRW_Dataset_combined/images/val/3001293.png,2,0,0,,0
994,3001295.png,/home/ubuntu/SCB-05-Dataset/5k_HRW_Dataset_combined/images/val/3001295.png,2,2,2,,0
995,3001294.png,/home/ubuntu/SCB-05-Dataset/5k_HRW_Dataset_combined/images/val/3001294.png,2,0,0,,0
996,3001306.png,/home/ubuntu/SCB-05-Dataset/5k_HRW_Dataset_combined/images/val/3001306.png,2,2,2,,0
997,3001324.png,/home/ubuntu/SCB-05-Dataset/5k_HRW_Dataset_combined/images/val/3001324.png,2,2,2,,0
998,3001333.png,/home/ubuntu/SCB-05-Dataset/5k_HRW_Dataset_combined/images/val/3001333.png,2,2,2,,0
999,3001334.png,/home/ubuntu/SCB-05-Dataset/5k_HRW_Dataset_combined/images/val/3001334.png,2,2,"The image shows a series of four photos in which students are engaged in different activities. In the first photo, all students appear to be attentive and focused on the teacher, so they would receive a 3 for engagement.

In the second photo, most students continue to show engagement with the teacher, but one student is leaning over the table, which could indicate a lack of focus or interest in the lesson at that moment, so this student might be given a 1 for engagement.

The third photo shows a mix of behaviors. Some students are still engaged and focused on the teacher (3), while others are looking down at their books or papers, which could suggest they are actively reading or working on an assignment (2). One student is leaning over the table again, so this student would receive a 1 for engagement.

In the fourth photo, all students seem to be engaged in their work, with some students still focused on the teacher and others looking down at their books or papers, indicating that they are actively reading or working on an assignment (2). The student who was leaning over the table in the previous photos is now sitting upright and appears to be attentive, so this student would receive a 3 for engagement.

Overall, based on these observations, the students' engagement levels seem to fluctuate throughout the class period, with some students maintaining focus and others showing varying degrees of interest or distraction. The average level of engagement across all photos could be estimated as around 2.5, indicating that while most students are engaged in learning activities, there are moments when their attention may wane.",,0
1000,3001337.png,/home/ubuntu/SCB-05-Dataset/5k_HRW_Dataset_combined/images/val/3001337.png,2,2,2,,0
1001,3001341.png,/home/ubuntu/SCB-05-Dataset/5k_HRW_Dataset_combined/images/val/3001341.png,2,2,2,,0
1002,3001343.png,/home/ubuntu/SCB-05-Dataset/5k_HRW_Dataset_combined/images/val/3001343.png,2,2,2,,0
1003,3001348.png,/home/ubuntu/SCB-05-Dataset/5k_HRW_Dataset_combined/images/val/3001348.png,2,2,2,,0
1004,3001354.png,/home/ubuntu/SCB-05-Dataset/5k_HRW_Dataset_combined/images/val/3001354.png,2,2,2,,0
1005,3001359.png,/home/ubuntu/SCB-05-Dataset/5k_HRW_Dataset_combined/images/val/3001359.png,2,0,0,,0
1006,3001362.png,/home/ubuntu/SCB-05-Dataset/5k_HRW_Dataset_combined/images/val/3001362.png,2,2,2,,0
1007,3001366.png,/home/ubuntu/SCB-05-Dataset/5k_HRW_Dataset_combined/images/val/3001366.png,3,0,0,,0
1008,3001375.png,/home/ubuntu/SCB-05-Dataset/5k_HRW_Dataset_combined/images/val/3001375.png,2,2,2,,0
1009,3001377.png,/home/ubuntu/SCB-05-Dataset/5k_HRW_Dataset_combined/images/val/3001377.png,2,0,0,,0
1010,3001382.png,/home/ubuntu/SCB-05-Dataset/5k_HRW_Dataset_combined/images/val/3001382.png,2,0,0,,0
1011,3001383.png,/home/ubuntu/SCB-05-Dataset/5k_HRW_Dataset_combined/images/val/3001383.png,2,2,2,,0
1012,3001385.png,/home/ubuntu/SCB-05-Dataset/5k_HRW_Dataset_combined/images/val/3001385.png,2,2,2,,0
1013,3001389.png,/home/ubuntu/SCB-05-Dataset/5k_HRW_Dataset_combined/images/val/3001389.png,2,0,0,,0
1014,3001387.png,/home/ubuntu/SCB-05-Dataset/5k_HRW_Dataset_combined/images/val/3001387.png,2,0,0,,0
1015,3001393.png,/home/ubuntu/SCB-05-Dataset/5k_HRW_Dataset_combined/images/val/3001393.png,2,0,0,,0
1016,3002005.png,/home/ubuntu/SCB-05-Dataset/5k_HRW_Dataset_combined/images/val/3002005.png,2,0,0,,0
1017,3002008.png,/home/ubuntu/SCB-05-Dataset/5k_HRW_Dataset_combined/images/val/3002008.png,2,2,2,,0
1018,3002009.png,/home/ubuntu/SCB-05-Dataset/5k_HRW_Dataset_combined/images/val/3002009.png,2,2,2,,0
1019,3002010.png,/home/ubuntu/SCB-05-Dataset/5k_HRW_Dataset_combined/images/val/3002010.png,2,2,2,,0
1020,3002018.png,/home/ubuntu/SCB-05-Dataset/5k_HRW_Dataset_combined/images/val/3002018.png,3,3,3,,0
1021,3002033.png,/home/ubuntu/SCB-05-Dataset/5k_HRW_Dataset_combined/images/val/3002033.png,2,0,0,,0
1022,3002034.png,/home/ubuntu/SCB-05-Dataset/5k_HRW_Dataset_combined/images/val/3002034.png,2,2,2,,0
1023,3002037.png,/home/ubuntu/SCB-05-Dataset/5k_HRW_Dataset_combined/images/val/3002037.png,2,2,2,,0
1024,3002043.png,/home/ubuntu/SCB-05-Dataset/5k_HRW_Dataset_combined/images/val/3002043.png,2,2,2,,0
1025,3002044.png,/home/ubuntu/SCB-05-Dataset/5k_HRW_Dataset_combined/images/val/3002044.png,2,2,2,,0
1026,3002045.png,/home/ubuntu/SCB-05-Dataset/5k_HRW_Dataset_combined/images/val/3002045.png,2,2,2,,0
1027,3002055.png,/home/ubuntu/SCB-05-Dataset/5k_HRW_Dataset_combined/images/val/3002055.png,2,0,0,,0
1028,3002059.png,/home/ubuntu/SCB-05-Dataset/5k_HRW_Dataset_combined/images/val/3002059.png,2,2,2,,0
1029,3002060.png,/home/ubuntu/SCB-05-Dataset/5k_HRW_Dataset_combined/images/val/3002060.png,2,2,2,,0
1030,3002063.png,/home/ubuntu/SCB-05-Dataset/5k_HRW_Dataset_combined/images/val/3002063.png,2,0,0,,0
1031,3002066.png,/home/ubuntu/SCB-05-Dataset/5k_HRW_Dataset_combined/images/val/3002066.png,2,2,2,,0
1032,3002069.png,/home/ubuntu/SCB-05-Dataset/5k_HRW_Dataset_combined/images/val/3002069.png,2,2,2,,0
1033,3002071.png,/home/ubuntu/SCB-05-Dataset/5k_HRW_Dataset_combined/images/val/3002071.png,3,0,0,,0
1034,3002079.png,/home/ubuntu/SCB-05-Dataset/5k_HRW_Dataset_combined/images/val/3002079.png,2,2,2,,0
1035,3002083.png,/home/ubuntu/SCB-05-Dataset/5k_HRW_Dataset_combined/images/val/3002083.png,3,0,0,,0
1036,3002106.png,/home/ubuntu/SCB-05-Dataset/5k_HRW_Dataset_combined/images/val/3002106.png,2,0,0,,0
1037,3002107.png,/home/ubuntu/SCB-05-Dataset/5k_HRW_Dataset_combined/images/val/3002107.png,2,2,2,,0
1038,3002108.png,/home/ubuntu/SCB-05-Dataset/5k_HRW_Dataset_combined/images/val/3002108.png,2,2,2,,0
1039,3002118.png,/home/ubuntu/SCB-05-Dataset/5k_HRW_Dataset_combined/images/val/3002118.png,3,0,0,,0
1040,3002123.png,/home/ubuntu/SCB-05-Dataset/5k_HRW_Dataset_combined/images/val/3002123.png,2,2,2,,0
1041,3002125.png,/home/ubuntu/SCB-05-Dataset/5k_HRW_Dataset_combined/images/val/3002125.png,2,2,2,,0
1042,3002126.png,/home/ubuntu/SCB-05-Dataset/5k_HRW_Dataset_combined/images/val/3002126.png,2,0,0,,0
1043,3002128.png,/home/ubuntu/SCB-05-Dataset/5k_HRW_Dataset_combined/images/val/3002128.png,2,2,2,,0
1044,3002133.png,/home/ubuntu/SCB-05-Dataset/5k_HRW_Dataset_combined/images/val/3002133.png,2,2,2,,0
1045,3002135.png,/home/ubuntu/SCB-05-Dataset/5k_HRW_Dataset_combined/images/val/3002135.png,2,2,2,,0
1046,3002140.png,/home/ubuntu/SCB-05-Dataset/5k_HRW_Dataset_combined/images/val/3002140.png,2,2,2,,0
1047,3002156.png,/home/ubuntu/SCB-05-Dataset/5k_HRW_Dataset_combined/images/val/3002156.png,2,2,2,,0
1048,3002157.png,/home/ubuntu/SCB-05-Dataset/5k_HRW_Dataset_combined/images/val/3002157.png,2,2,2,,0
1049,3002165.png,/home/ubuntu/SCB-05-Dataset/5k_HRW_Dataset_combined/images/val/3002165.png,2,0,0,,0
1050,3002173.png,/home/ubuntu/SCB-05-Dataset/5k_HRW_Dataset_combined/images/val/3002173.png,2,0,0,,0
1051,3002177.png,/home/ubuntu/SCB-05-Dataset/5k_HRW_Dataset_combined/images/val/3002177.png,2,0,0,,0
1052,3002198.png,/home/ubuntu/SCB-05-Dataset/5k_HRW_Dataset_combined/images/val/3002198.png,2,0,0,,0
1053,3002189.png,/home/ubuntu/SCB-05-Dataset/5k_HRW_Dataset_combined/images/val/3002189.png,2,2,2,,0
1054,3002236.png,/home/ubuntu/SCB-05-Dataset/5k_HRW_Dataset_combined/images/val/3002236.png,2,2,2,,0
1055,3002209.png,/home/ubuntu/SCB-05-Dataset/5k_HRW_Dataset_combined/images/val/3002209.png,2,2,2,,0
1056,3002238.png,/home/ubuntu/SCB-05-Dataset/5k_HRW_Dataset_combined/images/val/3002238.png,2,0,0,,0
1057,3002245.png,/home/ubuntu/SCB-05-Dataset/5k_HRW_Dataset_combined/images/val/3002245.png,3,3,3,,0
1058,3002248.png,/home/ubuntu/SCB-05-Dataset/5k_HRW_Dataset_combined/images/val/3002248.png,2,0,0,,0
1059,3003003.png,/home/ubuntu/SCB-05-Dataset/5k_HRW_Dataset_combined/images/val/3003003.png,3,3,3,,0
1060,3003006.png,/home/ubuntu/SCB-05-Dataset/5k_HRW_Dataset_combined/images/val/3003006.png,3,3,3,,0
1061,3003007.png,/home/ubuntu/SCB-05-Dataset/5k_HRW_Dataset_combined/images/val/3003007.png,3,0,0,,0
1062,3003018.png,/home/ubuntu/SCB-05-Dataset/5k_HRW_Dataset_combined/images/val/3003018.png,2,0,0,,0
1063,3003021.png,/home/ubuntu/SCB-05-Dataset/5k_HRW_Dataset_combined/images/val/3003021.png,2,2,2,,0
1064,3003030.png,/home/ubuntu/SCB-05-Dataset/5k_HRW_Dataset_combined/images/val/3003030.png,2,0,0,,0
1065,3003036.png,/home/ubuntu/SCB-05-Dataset/5k_HRW_Dataset_combined/images/val/3003036.png,2,0,0,,0
1066,3003048.png,/home/ubuntu/SCB-05-Dataset/5k_HRW_Dataset_combined/images/val/3003048.png,3,3,3,,0
1067,3003053.png,/home/ubuntu/SCB-05-Dataset/5k_HRW_Dataset_combined/images/val/3003053.png,3,3,3,,0
1068,3003059.png,/home/ubuntu/SCB-05-Dataset/5k_HRW_Dataset_combined/images/val/3003059.png,3,3,3,,0
1069,3003067.png,/home/ubuntu/SCB-05-Dataset/5k_HRW_Dataset_combined/images/val/3003067.png,3,0,0,,0
1070,3003069.png,/home/ubuntu/SCB-05-Dataset/5k_HRW_Dataset_combined/images/val/3003069.png,3,3,3,,0
1071,3003077.png,/home/ubuntu/SCB-05-Dataset/5k_HRW_Dataset_combined/images/val/3003077.png,3,3,3,,0
1072,3003079.png,/home/ubuntu/SCB-05-Dataset/5k_HRW_Dataset_combined/images/val/3003079.png,2,0,0,,0
1073,3003082.png,/home/ubuntu/SCB-05-Dataset/5k_HRW_Dataset_combined/images/val/3003082.png,3,0,0,,0
1074,3003083.png,/home/ubuntu/SCB-05-Dataset/5k_HRW_Dataset_combined/images/val/3003083.png,2,0,0,,0
1075,3003087.png,/home/ubuntu/SCB-05-Dataset/5k_HRW_Dataset_combined/images/val/3003087.png,3,0,0,,0
1076,3003091.png,/home/ubuntu/SCB-05-Dataset/5k_HRW_Dataset_combined/images/val/3003091.png,3,0,0,,0
1077,3003095.png,/home/ubuntu/SCB-05-Dataset/5k_HRW_Dataset_combined/images/val/3003095.png,3,0,0,,0
1078,3003098.png,/home/ubuntu/SCB-05-Dataset/5k_HRW_Dataset_combined/images/val/3003098.png,3,3,3,,0
1079,3003102.png,/home/ubuntu/SCB-05-Dataset/5k_HRW_Dataset_combined/images/val/3003102.png,2,2,2,,0
1080,3003110.png,/home/ubuntu/SCB-05-Dataset/5k_HRW_Dataset_combined/images/val/3003110.png,3,3,3,,0
1081,3003139.png,/home/ubuntu/SCB-05-Dataset/5k_HRW_Dataset_combined/images/val/3003139.png,3,3,3,,0
1082,3003140.png,/home/ubuntu/SCB-05-Dataset/5k_HRW_Dataset_combined/images/val/3003140.png,3,3,3,,0
1083,3003141.png,/home/ubuntu/SCB-05-Dataset/5k_HRW_Dataset_combined/images/val/3003141.png,2,0,0,,0
1084,3003158.png,/home/ubuntu/SCB-05-Dataset/5k_HRW_Dataset_combined/images/val/3003158.png,2,2,2,,0
1085,3003162.png,/home/ubuntu/SCB-05-Dataset/5k_HRW_Dataset_combined/images/val/3003162.png,3,2,2,,0
1086,3003167.png,/home/ubuntu/SCB-05-Dataset/5k_HRW_Dataset_combined/images/val/3003167.png,3,3,3,,0
1087,3004001.png,/home/ubuntu/SCB-05-Dataset/5k_HRW_Dataset_combined/images/val/3004001.png,3,3,3,,0
1088,3004003.png,/home/ubuntu/SCB-05-Dataset/5k_HRW_Dataset_combined/images/val/3004003.png,2,2,2,,0
1089,3004012.png,/home/ubuntu/SCB-05-Dataset/5k_HRW_Dataset_combined/images/val/3004012.png,3,0,0,,0
1090,3004010.png,/home/ubuntu/SCB-05-Dataset/5k_HRW_Dataset_combined/images/val/3004010.png,2,2,2,,0
1091,3004028.png,/home/ubuntu/SCB-05-Dataset/5k_HRW_Dataset_combined/images/val/3004028.png,3,0,0,,0
1092,3004032.png,/home/ubuntu/SCB-05-Dataset/5k_HRW_Dataset_combined/images/val/3004032.png,3,0,0,,0
1093,3004015.png,/home/ubuntu/SCB-05-Dataset/5k_HRW_Dataset_combined/images/val/3004015.png,2,2,2,,0
1094,3004034.png,/home/ubuntu/SCB-05-Dataset/5k_HRW_Dataset_combined/images/val/3004034.png,3,2,2,,0
1095,3004035.png,/home/ubuntu/SCB-05-Dataset/5k_HRW_Dataset_combined/images/val/3004035.png,2,2,2,,0
1096,3004036.png,/home/ubuntu/SCB-05-Dataset/5k_HRW_Dataset_combined/images/val/3004036.png,3,3,3,,0
1097,3004041.png,/home/ubuntu/SCB-05-Dataset/5k_HRW_Dataset_combined/images/val/3004041.png,2,2,2,,0
1098,3004047.png,/home/ubuntu/SCB-05-Dataset/5k_HRW_Dataset_combined/images/val/3004047.png,2,0,0,,0
1099,3004073.png,/home/ubuntu/SCB-05-Dataset/5k_HRW_Dataset_combined/images/val/3004073.png,2,2,2,,0
1100,3004077.png,/home/ubuntu/SCB-05-Dataset/5k_HRW_Dataset_combined/images/val/3004077.png,2,2,2,,0
1101,3004078.png,/home/ubuntu/SCB-05-Dataset/5k_HRW_Dataset_combined/images/val/3004078.png,2,2,2,,0
1102,3004079.png,/home/ubuntu/SCB-05-Dataset/5k_HRW_Dataset_combined/images/val/3004079.png,2,0,0,,0
1103,3004084.png,/home/ubuntu/SCB-05-Dataset/5k_HRW_Dataset_combined/images/val/3004084.png,2,0,0,,0
1104,3004085.png,/home/ubuntu/SCB-05-Dataset/5k_HRW_Dataset_combined/images/val/3004085.png,2,0,0,,0
1105,3004088.png,/home/ubuntu/SCB-05-Dataset/5k_HRW_Dataset_combined/images/val/3004088.png,2,2,The image is too blurry to accurately assess the students' engagement levels based on their body language.,,0
1106,3004090.png,/home/ubuntu/SCB-05-Dataset/5k_HRW_Dataset_combined/images/val/3004090.png,2,0,0,,0
1107,3004092.png,/home/ubuntu/SCB-05-Dataset/5k_HRW_Dataset_combined/images/val/3004092.png,2,0,0,,0
1108,3004094.png,/home/ubuntu/SCB-05-Dataset/5k_HRW_Dataset_combined/images/val/3004094.png,2,0,0,,0
1109,3004099.png,/home/ubuntu/SCB-05-Dataset/5k_HRW_Dataset_combined/images/val/3004099.png,2,2,2,,0
1110,3004110.png,/home/ubuntu/SCB-05-Dataset/5k_HRW_Dataset_combined/images/val/3004110.png,2,0,0,,0
1111,3004113.png,/home/ubuntu/SCB-05-Dataset/5k_HRW_Dataset_combined/images/val/3004113.png,2,0,0,,0
1112,3004114.png,/home/ubuntu/SCB-05-Dataset/5k_HRW_Dataset_combined/images/val/3004114.png,2,0,0,,0
1113,3004115.png,/home/ubuntu/SCB-05-Dataset/5k_HRW_Dataset_combined/images/val/3004115.png,2,0,0,,0
1114,3004116.png,/home/ubuntu/SCB-05-Dataset/5k_HRW_Dataset_combined/images/val/3004116.png,2,2,2,,0
1115,3004134.png,/home/ubuntu/SCB-05-Dataset/5k_HRW_Dataset_combined/images/val/3004134.png,2,2,2,,0
1116,3004136.png,/home/ubuntu/SCB-05-Dataset/5k_HRW_Dataset_combined/images/val/3004136.png,2,2,2,,0
1117,3004138.png,/home/ubuntu/SCB-05-Dataset/5k_HRW_Dataset_combined/images/val/3004138.png,2,2,2,,0
1118,3004144.png,/home/ubuntu/SCB-05-Dataset/5k_HRW_Dataset_combined/images/val/3004144.png,2,0,0,,0
1119,3004151.png,/home/ubuntu/SCB-05-Dataset/5k_HRW_Dataset_combined/images/val/3004151.png,2,0,0,,0
1120,3004152.png,/home/ubuntu/SCB-05-Dataset/5k_HRW_Dataset_combined/images/val/3004152.png,2,2,2,,0
1121,3004160.png,/home/ubuntu/SCB-05-Dataset/5k_HRW_Dataset_combined/images/val/3004160.png,2,2,2,,0
1122,3004181.png,/home/ubuntu/SCB-05-Dataset/5k_HRW_Dataset_combined/images/val/3004181.png,2,2,2,,0
1123,3004188.png,/home/ubuntu/SCB-05-Dataset/5k_HRW_Dataset_combined/images/val/3004188.png,2,2,2,,0
1124,3004190.png,/home/ubuntu/SCB-05-Dataset/5k_HRW_Dataset_combined/images/val/3004190.png,2,2,2,,0
1125,3004213.png,/home/ubuntu/SCB-05-Dataset/5k_HRW_Dataset_combined/images/val/3004213.png,2,2,2,,0
1126,3005002.png,/home/ubuntu/SCB-05-Dataset/5k_HRW_Dataset_combined/images/val/3005002.png,2,2,2,,0
1127,3005006.png,/home/ubuntu/SCB-05-Dataset/5k_HRW_Dataset_combined/images/val/3005006.png,2,0,0,,0
1128,3005010.png,/home/ubuntu/SCB-05-Dataset/5k_HRW_Dataset_combined/images/val/3005010.png,2,2,2,,0
1129,3005013.png,/home/ubuntu/SCB-05-Dataset/5k_HRW_Dataset_combined/images/val/3005013.png,2,2,2,,0
1130,3005018.png,/home/ubuntu/SCB-05-Dataset/5k_HRW_Dataset_combined/images/val/3005018.png,2,2,2,,0
1131,3005014.png,/home/ubuntu/SCB-05-Dataset/5k_HRW_Dataset_combined/images/val/3005014.png,2,0,0,,0
1132,3005021.png,/home/ubuntu/SCB-05-Dataset/5k_HRW_Dataset_combined/images/val/3005021.png,2,2,2,,0
1133,3005023.png,/home/ubuntu/SCB-05-Dataset/5k_HRW_Dataset_combined/images/val/3005023.png,2,0,0,,0
1134,3005024.png,/home/ubuntu/SCB-05-Dataset/5k_HRW_Dataset_combined/images/val/3005024.png,2,0,0,,0
1135,3005029.png,/home/ubuntu/SCB-05-Dataset/5k_HRW_Dataset_combined/images/val/3005029.png,2,0,0,,0
1136,3005033.png,/home/ubuntu/SCB-05-Dataset/5k_HRW_Dataset_combined/images/val/3005033.png,2,2,2,,0
1137,3005034.png,/home/ubuntu/SCB-05-Dataset/5k_HRW_Dataset_combined/images/val/3005034.png,2,0,0,,0
1138,3005037.png,/home/ubuntu/SCB-05-Dataset/5k_HRW_Dataset_combined/images/val/3005037.png,2,0,0,,0
1139,3005040.png,/home/ubuntu/SCB-05-Dataset/5k_HRW_Dataset_combined/images/val/3005040.png,2,2,2,,0
1140,3005049.png,/home/ubuntu/SCB-05-Dataset/5k_HRW_Dataset_combined/images/val/3005049.png,2,2,2,,0
1141,3005055.png,/home/ubuntu/SCB-05-Dataset/5k_HRW_Dataset_combined/images/val/3005055.png,2,2,2,,0
1142,3005067.png,/home/ubuntu/SCB-05-Dataset/5k_HRW_Dataset_combined/images/val/3005067.png,2,2,2,,0
1143,3005078.png,/home/ubuntu/SCB-05-Dataset/5k_HRW_Dataset_combined/images/val/3005078.png,2,2,2,,0
1144,3005079.png,/home/ubuntu/SCB-05-Dataset/5k_HRW_Dataset_combined/images/val/3005079.png,2,0,0,,0
1145,3005096.png,/home/ubuntu/SCB-05-Dataset/5k_HRW_Dataset_combined/images/val/3005096.png,2,0,0,,0
1146,3005101.png,/home/ubuntu/SCB-05-Dataset/5k_HRW_Dataset_combined/images/val/3005101.png,2,2,2,,0
1147,3005107.png,/home/ubuntu/SCB-05-Dataset/5k_HRW_Dataset_combined/images/val/3005107.png,2,0,0,,0
1148,3005118.png,/home/ubuntu/SCB-05-Dataset/5k_HRW_Dataset_combined/images/val/3005118.png,2,2,2,,0
1149,3005127.png,/home/ubuntu/SCB-05-Dataset/5k_HRW_Dataset_combined/images/val/3005127.png,2,2,2,,0
1150,3005140.png,/home/ubuntu/SCB-05-Dataset/5k_HRW_Dataset_combined/images/val/3005140.png,3,0,0,,0
1151,3005139.png,/home/ubuntu/SCB-05-Dataset/5k_HRW_Dataset_combined/images/val/3005139.png,2,0,0,,0
1152,3005164.png,/home/ubuntu/SCB-05-Dataset/5k_HRW_Dataset_combined/images/val/3005164.png,2,0,0,,0
1153,3005168.png,/home/ubuntu/SCB-05-Dataset/5k_HRW_Dataset_combined/images/val/3005168.png,2,0,0,,0
1154,3005188.png,/home/ubuntu/SCB-05-Dataset/5k_HRW_Dataset_combined/images/val/3005188.png,2,0,0,,0
1155,3005195.png,/home/ubuntu/SCB-05-Dataset/5k_HRW_Dataset_combined/images/val/3005195.png,2,2,2,,0
1156,3005221.png,/home/ubuntu/SCB-05-Dataset/5k_HRW_Dataset_combined/images/val/3005221.png,2,2,2,,0
1157,3005215.png,/home/ubuntu/SCB-05-Dataset/5k_HRW_Dataset_combined/images/val/3005215.png,2,0,0,,0
1158,3005224.png,/home/ubuntu/SCB-05-Dataset/5k_HRW_Dataset_combined/images/val/3005224.png,2,2,2,,0
1159,3005231.png,/home/ubuntu/SCB-05-Dataset/5k_HRW_Dataset_combined/images/val/3005231.png,3,0,0,,0
1160,3005242.png,/home/ubuntu/SCB-05-Dataset/5k_HRW_Dataset_combined/images/val/3005242.png,2,2,2,,0
1161,3005258.png,/home/ubuntu/SCB-05-Dataset/5k_HRW_Dataset_combined/images/val/3005258.png,2,0,0,,0
1162,3005273.png,/home/ubuntu/SCB-05-Dataset/5k_HRW_Dataset_combined/images/val/3005273.png,2,2,2,,0
1163,3005276.png,/home/ubuntu/SCB-05-Dataset/5k_HRW_Dataset_combined/images/val/3005276.png,3,2,2,,0
1164,3005277.png,/home/ubuntu/SCB-05-Dataset/5k_HRW_Dataset_combined/images/val/3005277.png,3,2,2,,0
1165,3005278.png,/home/ubuntu/SCB-05-Dataset/5k_HRW_Dataset_combined/images/val/3005278.png,2,0,0,,0
1166,3005283.png,/home/ubuntu/SCB-05-Dataset/5k_HRW_Dataset_combined/images/val/3005283.png,2,2,2,,0
1167,3005294.png,/home/ubuntu/SCB-05-Dataset/5k_HRW_Dataset_combined/images/val/3005294.png,2,2,2,,0
