index,image_id,image_path,ground_truth,predicted,raw_answer,stderr,returncode
0,40010001.png,/home/ubuntu/SCB-05-Dataset/5k_HRW_Dataset_combined/images/val/40010001.png,1,2,"Behaviors: The students in the classroom are seated at desks with laptops open in front of them. They appear to be engaged in a lecture or presentation, as indicated by their focused attention on the speaker and the presence of writing materials.
Posture: The students are sitting upright in their chairs, suggesting that they are attentive and actively participating in the class.
Rating: 2",,0
1,40010011.png,/home/ubuntu/SCB-05-Dataset/5k_HRW_Dataset_combined/images/val/40010011.png,1,2,"Behaviors: The students in the classroom are seated at desks and appear to be engaged in an activity that involves writing or taking notes. They seem focused on their tasks.
Posture: Most of the students are sitting upright with their attention directed towards their work.
Rating: 2",,0
2,40010021.png,/home/ubuntu/SCB-05-Dataset/5k_HRW_Dataset_combined/images/val/40010021.png,1,2,"Behaviors: The students in the classroom are seated at desks and appear to be engaged in an activity that involves writing or taking notes. Some students may also be looking at a teacher or speaker who is standing at the front of the room.

Posture: The students are sitting upright, with their attention directed towards the front of the room where the teacher or speaker is likely providing instruction or guidance.

Rating: 2",,0
3,40010029.png,/home/ubuntu/SCB-05-Dataset/5k_HRW_Dataset_combined/images/val/40010029.png,1,2,"Behaviors: The students in the classroom are seated at desks and appear to be engaged in an activity that involves writing or taking notes. They seem focused on their tasks.
Posture: Most of the students are sitting upright with their attention directed towards the front of the room, where a teacher is likely leading the class.
Rating: 2",,0
4,40010036.png,/home/ubuntu/SCB-05-Dataset/5k_HRW_Dataset_combined/images/val/40010036.png,1,2,"Behaviors: The students in the classroom are seated at desks with laptops open in front of them. They appear to be engaged in a lecture or presentation, as indicated by their focused attention on the speaker and the presence of writing materials.
Posture: The students are sitting upright in their chairs, suggesting that they are attentive and actively participating in the class.
Rating: 2",,0
5,40010037.png,/home/ubuntu/SCB-05-Dataset/5k_HRW_Dataset_combined/images/val/40010037.png,1,2,"Behaviors: The students in the classroom are sitting at desks with their heads down, focusing on their work. Some of them appear to be writing or reading, while others may be resting their heads on their hands or using devices like laptops or cell phones.

Posture: The majority of the students have a posture that suggests they are engaged in their tasks, as they are sitting upright and leaning forward slightly over their desks. Their visual attention seems to be directed towards their work or the teacher at the front of the room.

Rating: 2",,0
6,40010042.png,/home/ubuntu/SCB-05-Dataset/5k_HRW_Dataset_combined/images/val/40010042.png,1,2,"Behaviors: The students in the classroom are sitting at desks and appear to be engaged in an activity that involves writing or taking notes. Some students may also be using devices such as laptops or tablets.
Posture: The students are seated upright with their attention directed towards the front of the room, where a teacher is likely leading a lecture or discussion.
Rating: 2",,0
7,40010049.png,/home/ubuntu/SCB-05-Dataset/5k_HRW_Dataset_combined/images/val/40010049.png,1,2,"Behaviors: The students in the classroom are seated at desks with laptops open in front of them. They appear to be engaged in a lecture or presentation, as indicated by their focused attention on the speaker and the presence of writing materials.
Posture: The students are sitting upright in their chairs, suggesting that they are attentive and actively participating in the class.
Rating: 2",,0
8,40010044.png,/home/ubuntu/SCB-05-Dataset/5k_HRW_Dataset_combined/images/val/40010044.png,1,2,"Behaviors: The students in the classroom are sitting at desks and appear to be engaged in an activity that involves writing or taking notes. Some students may also be using devices such as laptops or tablets.
Posture: The students are seated upright with their attention directed towards the front of the room, where a teacher is likely providing instruction or leading a discussion.
Rating: 2",,0
9,40010054.png,/home/ubuntu/SCB-05-Dataset/5k_HRW_Dataset_combined/images/val/40010054.png,1,2,"Behaviors: The students in the classroom are seated at desks and appear to be engaged in an activity that involves writing or taking notes. Some students may also be using devices such as laptops or tablets.
Posture: The students are sitting upright with their attention directed towards the front of the room, where a teacher is likely providing instruction or leading a discussion.
Rating: 2",,0
10,40010058.png,/home/ubuntu/SCB-05-Dataset/5k_HRW_Dataset_combined/images/val/40010058.png,1,2,"Behaviors: The students in the classroom are sitting at desks with laptops open in front of them. They appear to be engaged in a lecture or presentation, as indicated by their focused attention on the speaker or content being displayed.
Posture: Most of the students are seated upright and facing forward, indicating that they are actively participating in the class.
Rating: 2",,0
11,40010064.png,/home/ubuntu/SCB-05-Dataset/5k_HRW_Dataset_combined/images/val/40010064.png,1,2,"Behaviors: The students in the classroom are sitting at desks with laptops open in front of them. They appear to be engaged in a lecture or presentation, as indicated by their focused attention on the speaker and the presence of writing materials.
Posture: The students are seated upright in their chairs, suggesting that they are attentive and actively participating in the class.
Rating: 2",,0
12,40010067.png,/home/ubuntu/SCB-05-Dataset/5k_HRW_Dataset_combined/images/val/40010067.png,1,2,"Behaviors: The students in the classroom are sitting at desks and appear to be engaged in an activity that involves writing or taking notes. Some students may also be using devices such as laptops or tablets.
Posture: The students are seated upright with their attention directed towards the front of the room, where a teacher is likely leading a lecture or discussion.
Rating: 2",,0
13,40010084.png,/home/ubuntu/SCB-05-Dataset/5k_HRW_Dataset_combined/images/val/40010084.png,1,2,"Behaviors: The students in the classroom are sitting at desks and appear to be engaged in an activity that involves writing or taking notes. Some students may also be using devices such as laptops or tablets.
Posture: The students are seated upright with their attention directed towards the front of the room, where a teacher is likely leading a lecture or discussion.
Rating: 2",,0
14,40010082.png,/home/ubuntu/SCB-05-Dataset/5k_HRW_Dataset_combined/images/val/40010082.png,1,2,"Behaviors: The students in the classroom are seated at desks with laptops open in front of them. They appear to be engaged in a lecture or presentation, as indicated by their focused attention on the speaker and the presence of writing materials such as notebooks and pens.

Posture: The students are sitting upright in their chairs, with most of them facing towards the front of the room where the speaker is standing. Their gaze is directed forward, indicating that they are actively participating in the lecture or presentation.

Rating: 2",,0
15,40010089.png,/home/ubuntu/SCB-05-Dataset/5k_HRW_Dataset_combined/images/val/40010089.png,1,2,"Behaviors: The students in this classroom environment are predominantly sitting at desks and engaging with their surroundings. Some of them appear to be writing or taking notes, while others seem to be focused on the front of the room where a teacher is likely conducting a lesson.

Posture: The majority of the students are seated upright, facing forward towards the front of the classroom, indicating that they are attentive and actively participating in the class.

Rating: Based on their posture and engagement with the environment, I would rate the overall engagement level of the majority of students as 2 for engaged. While some students may be more focused than others, the general atmosphere suggests a level of active participation in the classroom setting.",,0
16,40010095.png,/home/ubuntu/SCB-05-Dataset/5k_HRW_Dataset_combined/images/val/40010095.png,1,2,"Behaviors: The students in the classroom are seated at desks and appear to be engaged in an activity that involves writing or taking notes. They seem focused on their tasks.
Posture: Most of the students are sitting upright with their attention directed towards their work.
Rating: 2",,0
17,40010098.png,/home/ubuntu/SCB-05-Dataset/5k_HRW_Dataset_combined/images/val/40010098.png,1,2,"Behaviors: The students in the classroom are seated at desks and appear to be engaged in an activity that involves writing or taking notes. They seem focused on their tasks.
Posture: Most of the students are sitting upright with their attention directed towards their work.
Rating: 2",,0
18,40010099.png,/home/ubuntu/SCB-05-Dataset/5k_HRW_Dataset_combined/images/val/40010099.png,1,2,"Behaviors: The students in the classroom are seated at desks and appear to be engaged in an activity that involves writing or taking notes. Some students may also be using devices such as laptops or tablets.
Posture: Most of the students are sitting upright with their attention directed towards the front of the room, where a teacher is likely leading the class.
Rating: 2",,0
19,40010105.png,/home/ubuntu/SCB-05-Dataset/5k_HRW_Dataset_combined/images/val/40010105.png,1,2,"Behaviors: The students in the classroom are seated at desks and appear to be engaged in an activity that involves writing or taking notes. Some students may also be using devices such as laptops or tablets.
Posture: The students are sitting upright with their attention directed towards the front of the room, where a teacher is likely leading a lecture or discussion.
Rating: 2",,0
20,40010107.png,/home/ubuntu/SCB-05-Dataset/5k_HRW_Dataset_combined/images/val/40010107.png,1,2,"Behaviors: The students in the classroom are seated at desks and appear to be engaged in an activity that involves writing or taking notes. Some students may also be using electronic devices, such as laptops or tablets.
Posture: Most of the students are sitting upright with their attention directed towards the front of the room, where a teacher is likely leading a lecture or discussion.
Rating: 2",,0
21,40010106.png,/home/ubuntu/SCB-05-Dataset/5k_HRW_Dataset_combined/images/val/40010106.png,1,2,"Behaviors: The students in the classroom are seated at desks and appear to be engaged in an activity that involves writing or taking notes. Some students may also be using devices such as laptops or tablets.
Posture: Most of the students are sitting upright with their attention directed towards the front of the room, where a teacher is likely leading a lecture or discussion.
Rating: 2",,0
22,40010110.png,/home/ubuntu/SCB-05-Dataset/5k_HRW_Dataset_combined/images/val/40010110.png,1,2,"Behaviors: The students in the classroom are seated at desks and appear to be engaged in various activities. Some of them are writing on papers, while others seem to be focused on their laptops or other devices. There is a teacher standing at the front of the room, possibly leading a discussion or lecture.

Posture: The students are sitting upright with their attention directed towards the front of the classroom where the teacher is likely speaking or presenting. Their body language suggests that they are actively participating in the class.

Rating: Based on the behaviors and posture observed, I would rate the overall engagement level of the majority of students as 2 for engaged. The students seem to be actively involved in their tasks, but it's not possible to determine if they are highly engaged or just barely engaged without more context about the nature of the class and the students' individual levels of focus.",,0
23,40010114.png,/home/ubuntu/SCB-05-Dataset/5k_HRW_Dataset_combined/images/val/40010114.png,1,2,"Behaviors: The students in the classroom are seated at desks and appear to be engaged in an activity that involves writing or taking notes. Some students may also be using devices such as laptops or tablets.
Posture: Most of the students are sitting upright with their attention directed towards the front of the room, where a teacher is likely conducting a lecture or presentation.
Rating: 2",,0
24,40010120.png,/home/ubuntu/SCB-05-Dataset/5k_HRW_Dataset_combined/images/val/40010120.png,1,2,"Behaviors: The students in the classroom are seated at desks with laptops open in front of them. They appear to be engaged in a lecture or class session, as indicated by their focused attention on the front of the room where the teacher is likely speaking.

Posture: The students are sitting upright in their chairs, suggesting that they are attentive and actively participating in the class.

Rating: 2",,0
25,40010123.png,/home/ubuntu/SCB-05-Dataset/5k_HRW_Dataset_combined/images/val/40010123.png,1,2,"Behaviors: The students in the classroom are seated at desks with laptops open in front of them. They appear to be engaged in individual tasks on their computers.

Posture: The students are sitting upright and facing forward, indicating that they are focused on their work or the ongoing lecture.

Rating: 2",,0
26,40010135.png,/home/ubuntu/SCB-05-Dataset/5k_HRW_Dataset_combined/images/val/40010135.png,1,2,"Behaviors: The students in the classroom are seated at desks and appear to be engaged in an activity that involves writing or taking notes. They seem focused on their tasks.
Posture: Most of the students are sitting upright with their attention directed towards the front of the room, where a teacher is likely conducting a lesson or lecture.
Rating: 2",,0
27,40020002.png,/home/ubuntu/SCB-05-Dataset/5k_HRW_Dataset_combined/images/val/40020002.png,1,2,"Behaviors: The students in the classroom are sitting at desks and appear to be engaged in an activity that involves writing or taking notes. Some students may also be using devices such as laptops or tablets.
Posture: Most of the students are seated upright with their attention directed towards the front of the room, where a teacher is likely leading a lecture or discussion.
Rating: 2 (engaged)",,0
28,40020003.png,/home/ubuntu/SCB-05-Dataset/5k_HRW_Dataset_combined/images/val/40020003.png,1,2,"Behaviors: The students in the classroom are seated at desks with laptops open in front of them. They appear to be engaged in a lecture or presentation, as indicated by their focused attention on the speaker and the content displayed on the screen.
Posture: Most of the students are sitting upright with their gaze directed towards the front of the room where the teacher is standing. Their body language suggests that they are actively participating in the class.
Rating: 2",,0
29,40020019.png,/home/ubuntu/SCB-05-Dataset/5k_HRW_Dataset_combined/images/val/40020019.png,1,2,"Behaviors: The students in the classroom are seated at desks with laptops open in front of them. They appear to be engaged in a lecture or presentation, as indicated by their focused attention on the speaker and the presence of writing materials such as notebooks and pens.

Posture: The students are sitting upright in their chairs, suggesting that they are attentive and actively participating in the class. Their gaze is directed towards the front of the room where the speaker or presentation is taking place.

Rating: 2",,0
30,40020021.png,/home/ubuntu/SCB-05-Dataset/5k_HRW_Dataset_combined/images/val/40020021.png,1,2,"Behaviors: The students in the classroom are seated at desks with laptops open in front of them. They appear to be engaged in a lecture or presentation, as indicated by their attention towards the front of the room where a speaker is likely delivering information.

Posture: The students are sitting upright in their chairs, suggesting that they are attentive and focused on the ongoing activity.

Rating: 2",,0
31,40020022.png,/home/ubuntu/SCB-05-Dataset/5k_HRW_Dataset_combined/images/val/40020022.png,1,2,"Behaviors: The students in the classroom are seated at desks and appear to be engaged in an activity that involves writing or taking notes. Some students may also be using devices such as laptops or tablets.
Posture: The students are sitting upright with their attention directed towards the front of the room, where a teacher is likely conducting a lecture or presentation.
Rating: 2",,0
32,40020026.png,/home/ubuntu/SCB-05-Dataset/5k_HRW_Dataset_combined/images/val/40020026.png,1,2,"Behaviors: The students in the classroom are seated at desks with laptops open in front of them. They appear to be engaged in a lecture or presentation, as indicated by their focused attention on the speaker and the content being displayed.
Posture: The students are sitting upright in their chairs, suggesting that they are attentive and actively participating in the class.
Rating: 2",,0
33,40020034.png,/home/ubuntu/SCB-05-Dataset/5k_HRW_Dataset_combined/images/val/40020034.png,1,2,"Behaviors: The students in the classroom are seated at desks with laptops open in front of them. They appear to be engaged in a lecture or presentation, as indicated by their focused attention on the speaker and the presence of writing materials.
Posture: The students are sitting upright in their chairs, suggesting that they are attentive and actively participating in the class.
Rating: 2",,0
34,40020044.png,/home/ubuntu/SCB-05-Dataset/5k_HRW_Dataset_combined/images/val/40020044.png,1,2,"Behaviors: The students in the classroom are seated at desks and appear to be engaged in an activity that involves writing or taking notes. Some students may also be using devices such as laptops or tablets.
Posture: The students are sitting upright with their attention directed towards the front of the room, where a teacher is likely leading the class.
Rating: 2",,0
35,40020045.png,/home/ubuntu/SCB-05-Dataset/5k_HRW_Dataset_combined/images/val/40020045.png,1,2,"Behaviors: The students in the classroom are sitting at desks with their heads down, focusing on their work. Some of them appear to be writing or reading, while others may be using devices or engaged in conversation.
Posture: The students are seated upright and attentive, indicating a level of engagement and focus on their tasks.
Rating: 2",,0
36,40020046.png,/home/ubuntu/SCB-05-Dataset/5k_HRW_Dataset_combined/images/val/40020046.png,1,2,"Behaviors: The students in the classroom are seated at desks with laptops open in front of them. They appear to be engaged in a lecture or presentation, as indicated by their focused attention on the speaker and the content displayed on the screen.
Posture: The students are sitting upright in their chairs, with most of them facing towards the front of the room where the speaker is standing. Their body language suggests that they are actively participating in the class.
Rating: 2",,0
37,40020049.png,/home/ubuntu/SCB-05-Dataset/5k_HRW_Dataset_combined/images/val/40020049.png,1,2,"Behaviors: The students in the classroom are seated at desks with laptops open in front of them. They appear to be engaged in a lecture or presentation, as indicated by their attention towards the front of the room where a speaker is likely delivering information.

Posture: The students are sitting upright in their chairs, suggesting that they are attentive and focused on the ongoing activity.

Rating: 2",,0
38,40020050.png,/home/ubuntu/SCB-05-Dataset/5k_HRW_Dataset_combined/images/val/40020050.png,0,2,"Behaviors: The students in the classroom are seated at desks with laptops open in front of them. They appear to be engaged in a lecture or presentation, as indicated by their focused attention on the speaker and the content displayed on the screen.
Posture: The students are sitting upright in their chairs, suggesting that they are attentive and actively participating in the class.
Rating: 2",,0
39,40020058.png,/home/ubuntu/SCB-05-Dataset/5k_HRW_Dataset_combined/images/val/40020058.png,1,2,"Behaviors: The students in the classroom are sitting at desks and appear to be engaged in an activity that involves writing or taking notes. Some students may also be using devices such as laptops or tablets.
Posture: The students are seated upright with their attention directed towards the front of the room, where a teacher is likely providing instruction or guidance.
Rating: 2",,0
40,40020077.png,/home/ubuntu/SCB-05-Dataset/5k_HRW_Dataset_combined/images/val/40020077.png,0,2,"Behaviors: The students in the classroom are seated at desks with laptops open in front of them. They appear to be engaged in a lecture or presentation, as indicated by their focused attention on the speaker and the content being displayed.
Posture: Most of the students are sitting upright with their gaze directed towards the front of the room where the speaker is standing. Their body language suggests that they are actively participating in the class.
Rating: 2",,0
41,40020078.png,/home/ubuntu/SCB-05-Dataset/5k_HRW_Dataset_combined/images/val/40020078.png,0,2,"Behaviors: The students in the classroom are seated at desks with laptops open in front of them. They appear to be engaged in individual tasks on their computers.

Posture: The students are sitting upright and facing forward, indicating that they are focused on their work or the ongoing lecture.

Rating: 2",,0
42,40020083.png,/home/ubuntu/SCB-05-Dataset/5k_HRW_Dataset_combined/images/val/40020083.png,0,2,"Behaviors: The students in the classroom are seated at desks with laptops open in front of them. They appear to be engaged in individual tasks on their computers.

Posture: The students are sitting upright and facing forward, indicating that they are focused on their work or the ongoing lecture.

Rating: 2",,0
43,40020073.png,/home/ubuntu/SCB-05-Dataset/5k_HRW_Dataset_combined/images/val/40020073.png,0,2,"Behaviors: The students in the classroom are seated at desks with laptops open in front of them. They appear to be engaged in a lecture or presentation, as indicated by their focused attention on the speaker and the content displayed on the screen.
Posture: The students are sitting upright in their chairs, with most of them facing towards the front of the room where the speaker is standing. Their body language suggests that they are actively participating in the class.
Rating: 2",,0
44,40020097.png,/home/ubuntu/SCB-05-Dataset/5k_HRW_Dataset_combined/images/val/40020097.png,0,2,"Behaviors: The students in this classroom environment are predominantly sitting at desks and using laptops. Some of them appear to be writing or taking notes, while others seem to be engaged in conversation with their peers.
Posture: The majority of the students have an upright posture, suggesting that they are attentive and focused on their tasks.
Rating: Based on the behaviors and posture observed, I would rate the overall engagement level of the majority of students as 2 for being engaged in their activities.",,0
45,40020086.png,/home/ubuntu/SCB-05-Dataset/5k_HRW_Dataset_combined/images/val/40020086.png,0,2,"Behaviors: The students in the classroom are seated at desks with laptops open in front of them. They appear to be engaged in individual tasks on their computers.

Posture: The students are sitting upright and facing forward, indicating that they are focused on their work or the ongoing lecture.

Rating: 2",,0
46,40020103.png,/home/ubuntu/SCB-05-Dataset/5k_HRW_Dataset_combined/images/val/40020103.png,0,2,"Behaviors: The students in the classroom are seated at desks with laptops open in front of them. They appear to be engaged in individual tasks on their computers.

Posture: The students are sitting upright and facing forward, indicating that they are focused on their screens or the front of the room where a teacher or presentation is taking place.

Rating: 2",,0
47,40020105.png,/home/ubuntu/SCB-05-Dataset/5k_HRW_Dataset_combined/images/val/40020105.png,0,2,"Behaviors: The students in the classroom are seated at desks with laptops open in front of them. They appear to be engaged in individual tasks on their computers.

Posture: The students are sitting upright and facing forward, indicating that they are focused on their screens or the front of the room where a teacher or speaker is likely present.

Rating: 2",,0
48,40020110.png,/home/ubuntu/SCB-05-Dataset/5k_HRW_Dataset_combined/images/val/40020110.png,0,2,"Behaviors: The students in the classroom are seated at desks with laptops open in front of them. They appear to be engaged in individual tasks on their computers.

Posture: The students are sitting upright and facing forward, indicating that they are focused on their work or the ongoing lecture.

Rating: 2",,0
49,40020122.png,/home/ubuntu/SCB-05-Dataset/5k_HRW_Dataset_combined/images/val/40020122.png,1,2,"Behaviors: The students in the classroom are seated at desks with laptops open in front of them. They appear to be engaged in individual tasks on their computers.

Posture: The students are sitting upright and facing forward, indicating that they are focused on their screens or the front of the room where a teacher or presentation is taking place.

Rating: 2",,0
50,40020141.png,/home/ubuntu/SCB-05-Dataset/5k_HRW_Dataset_combined/images/val/40020141.png,1,2,"Behaviors: The students in the classroom are seated at desks with laptops open in front of them. They appear to be engaged in a lecture or presentation, as indicated by their focused attention on the speaker and the presence of writing materials.
Posture: The students are sitting upright in their chairs, suggesting that they are attentive and actively participating in the class.
Rating: 2",,0
51,40020148.png,/home/ubuntu/SCB-05-Dataset/5k_HRW_Dataset_combined/images/val/40020148.png,1,2,"Behaviors: The students in the classroom are seated at desks with laptops open in front of them. They appear to be engaged in a lecture or presentation, as indicated by their focused attention on the speaker and the content being displayed.

Posture: The students are sitting upright in their chairs, with most of them facing towards the front of the room where the speaker is standing. Their body language suggests that they are actively participating in the class.

Rating: 2",,0
52,40020150.png,/home/ubuntu/SCB-05-Dataset/5k_HRW_Dataset_combined/images/val/40020150.png,1,2,"Behaviors: The students in the classroom are seated at desks with laptops open in front of them. They appear to be engaged in a lecture or presentation, as indicated by their focused attention on the speaker and the content displayed on the screen.
Posture: Most of the students are sitting upright with their gaze directed towards the front of the room where the speaker is standing. Their body language suggests that they are actively participating in the class.
Rating: 2",,0
53,40020119.png,/home/ubuntu/SCB-05-Dataset/5k_HRW_Dataset_combined/images/val/40020119.png,1,2,"Behaviors: The students in the classroom are seated at desks and appear to be engaged in an activity that involves writing or taking notes. They seem focused on their tasks.
Posture: Most of the students are sitting upright with their attention directed towards their work.
Rating: 2",,0
54,40020144.png,/home/ubuntu/SCB-05-Dataset/5k_HRW_Dataset_combined/images/val/40020144.png,1,2,"Behaviors: The students in this classroom environment are predominantly sitting at desks and appear to be engaged in various activities such as writing, reading, or using devices. Some students may also be resting their heads on the desks.
Posture: The majority of the students are seated upright with their attention directed towards the front of the room where a teacher is likely conducting a lesson or lecture.
Rating: Based on the behaviors and posture observed in the image, I would rate the overall engagement level of the majority of students as 2 for engaged. While some students may be more actively participating than others, it seems that most are attentive to the ongoing class.",,0
55,40020153.png,/home/ubuntu/SCB-05-Dataset/5k_HRW_Dataset_combined/images/val/40020153.png,1,2,"Behaviors: The students in the classroom are seated at desks with laptops open in front of them. They appear to be engaged in a lecture or presentation, as indicated by their focused attention on the speaker and the content being displayed.
Posture: Most of the students are sitting upright with their laptops open, suggesting that they are actively participating in the class.
Rating: 2",,0
56,40020061.png,/home/ubuntu/SCB-05-Dataset/5k_HRW_Dataset_combined/images/val/40020061.png,1,2,"Behaviors: The students in the classroom are seated at desks with laptops open in front of them. They appear to be engaged in a lecture or presentation, as indicated by their focused attention on the speaker and the content displayed on the screen.
Posture: The students are sitting upright in their chairs, with most of them facing towards the front of the room where the speaker is standing. Their body language suggests that they are actively participating in the class.
Rating: 2",,0
57,40020167.png,/home/ubuntu/SCB-05-Dataset/5k_HRW_Dataset_combined/images/val/40020167.png,0,2,"Behaviors: The students in the classroom are seated at desks with laptops open in front of them. They appear to be engaged in a lecture or presentation, as indicated by their focused attention on the speaker and the presence of writing materials such as pens and notebooks.

Posture: The students are sitting upright in their chairs, with most of them facing towards the front of the room where the speaker is standing. Their gaze is directed forward, suggesting that they are actively participating in the lecture or presentation.

Rating: 2",,0
58,40020168.png,/home/ubuntu/SCB-05-Dataset/5k_HRW_Dataset_combined/images/val/40020168.png,1,2,"Behaviors: The students in the classroom are seated at desks with laptops open in front of them. They appear to be engaged in a lecture or presentation, as indicated by their focused attention on the speaker and the content displayed on the screen.
Posture: Most of the students are sitting upright with their gaze directed towards the front of the room where the speaker is standing. Their body language suggests that they are actively participating in the class.
Rating: 2",,0
59,40020174.png,/home/ubuntu/SCB-05-Dataset/5k_HRW_Dataset_combined/images/val/40020174.png,0,2,"Behaviors: The students in the classroom are seated at desks with laptops open in front of them. They appear to be engaged in a lecture or class session, as indicated by their focused attention on the front of the room where the teacher is likely speaking.

Posture: The students are sitting upright in their chairs, suggesting that they are attentive and actively participating in the class.

Rating: 2",,0
60,40020170.png,/home/ubuntu/SCB-05-Dataset/5k_HRW_Dataset_combined/images/val/40020170.png,1,2,"Behaviors: The students in the classroom are seated at desks with laptops open in front of them. They appear to be engaged in individual tasks on their computers.

Posture: The students are sitting upright in their chairs, with most of them focused on their screens.

Rating: 2",,0
61,40020182.png,/home/ubuntu/SCB-05-Dataset/5k_HRW_Dataset_combined/images/val/40020182.png,1,3,"Behaviors: The students in the classroom are seated at desks with laptops open in front of them. They appear to be engaged in a lecture or class session, as indicated by their focused attention on the front of the room where the teacher is likely presenting.

Posture: The students are sitting upright in their chairs, suggesting that they are attentive and actively participating in the class. Their gaze is directed towards the front of the room, indicating a high level of focus on the ongoing lecture or presentation.

Rating: 2 - The students seem to be engaged in the class, as evidenced by their focused attention and active use of laptops. However, without more context or information about their level of interaction with the material being presented, it is difficult to rate them as highly engaged (3).",,0
62,40020156.png,/home/ubuntu/SCB-05-Dataset/5k_HRW_Dataset_combined/images/val/40020156.png,1,2,"Behaviors: The students in the classroom are seated at desks with laptops open in front of them. They appear to be engaged in a lecture or presentation, as indicated by their focused attention on the speaker and the content displayed on the screen.
Posture: Most of the students are sitting upright with their gaze directed towards the front of the room where the speaker is standing. Their body language suggests that they are actively participating in the class.
Rating: 2",,0
63,40020164.png,/home/ubuntu/SCB-05-Dataset/5k_HRW_Dataset_combined/images/val/40020164.png,1,2,"Behaviors: The students in the classroom are seated at desks with laptops open in front of them. They appear to be engaged in a lecture or presentation, as indicated by their focused attention on the speaker and the presence of writing materials.
Posture: The students are sitting upright in their chairs, suggesting that they are attentive and actively participating in the class.
Rating: 2",,0
64,40020177.png,/home/ubuntu/SCB-05-Dataset/5k_HRW_Dataset_combined/images/val/40020177.png,0,2,"Behaviors: The students in the classroom are seated at desks with laptops open in front of them. They appear to be engaged in a lecture or presentation, as indicated by their focused attention on the speaker and the presence of writing materials such as notebooks and pens.

Posture: The students are sitting upright in their chairs, suggesting that they are attentive and actively participating in the class. Their gaze is directed towards the front of the room where the speaker or presentation is taking place.

Rating: 2",,0
65,40020202.png,/home/ubuntu/SCB-05-Dataset/5k_HRW_Dataset_combined/images/val/40020202.png,0,3,"Behaviors: The students in the classroom are seated at desks with laptops open in front of them. They appear to be engaged in a lecture or presentation, as indicated by their focused attention on the front of the room where the speaker is likely standing.

Posture: The students are sitting upright in their chairs, suggesting that they are attentive and actively participating in the class. Their gaze is directed towards the front of the room, indicating that they are paying attention to the ongoing lecture or presentation.

Rating: 2 - The students seem to be engaged in the activity, as evidenced by their focused posture and the presence of laptops on their desks, which suggests active participation in the class. However, without more context or a clearer view of their facial expressions and body language, it is difficult to definitively rate their engagement level as highly engaged (3).",,0
66,40020194.png,/home/ubuntu/SCB-05-Dataset/5k_HRW_Dataset_combined/images/val/40020194.png,0,2,"Behaviors: The students in the classroom are seated at desks with laptops open in front of them. They appear to be engaged in a lecture or presentation, as indicated by their focused attention on the speaker or content being displayed.
Posture: Most of the students are sitting upright and facing forward, indicating that they are actively participating in the class.
Rating: 2",,0
67,40020203.png,/home/ubuntu/SCB-05-Dataset/5k_HRW_Dataset_combined/images/val/40020203.png,0,2,"Behaviors: The students in the classroom are seated at desks with laptops open in front of them. They appear to be engaged in a lecture or class session, as indicated by their focused attention on the front of the room where the teacher is likely speaking.

Posture: The students are sitting upright in their chairs, suggesting that they are attentive and actively participating in the class.

Rating: 2",,0
68,40020210.png,/home/ubuntu/SCB-05-Dataset/5k_HRW_Dataset_combined/images/val/40020210.png,0,2,"Behaviors: The students in the classroom are seated at desks with laptops open in front of them. They appear to be engaged in individual tasks on their computers.

Posture: The students are sitting upright and facing forward, indicating that they are focused on their work or the ongoing lecture.

Rating: 2",,0
69,40020215.png,/home/ubuntu/SCB-05-Dataset/5k_HRW_Dataset_combined/images/val/40020215.png,1,2,"Behaviors: The students in the classroom are seated at desks with laptops open in front of them. They appear to be engaged in a lecture or presentation, as indicated by their focused attention on the speaker or content being displayed.
Posture: Most of the students are sitting upright and facing forward, indicating that they are actively participating in the class.
Rating: 2 (engaged)",,0
70,40020216.png,/home/ubuntu/SCB-05-Dataset/5k_HRW_Dataset_combined/images/val/40020216.png,0,3,"Behaviors: The students in the classroom are seated at desks with laptops open in front of them. They appear to be engaged in a lecture or presentation, as indicated by their focused attention on the front of the room where the speaker is likely standing.

Posture: The students are sitting upright in their chairs, suggesting that they are attentive and actively participating in the class. Their gaze is directed towards the front of the room, indicating that they are paying attention to the ongoing lecture or presentation.

Rating: 2 - The students seem engaged as they are focused on the speaker and have their laptops open, which suggests active participation in the class. However, without more context or a clearer view of their facial expressions and body language, it is difficult to accurately rate their engagement level as highly engaged (3).",,0
71,40020218.png,/home/ubuntu/SCB-05-Dataset/5k_HRW_Dataset_combined/images/val/40020218.png,0,3,"Behaviors: The students in the classroom are seated at desks with laptops open in front of them. They appear to be engaged in a lecture or presentation, as indicated by their focused attention on the front of the room where the speaker is likely standing.

Posture: The students are sitting upright in their chairs, suggesting that they are attentive and actively participating in the class. Their gaze is directed towards the front of the room, indicating that they are paying attention to the ongoing lecture or presentation.

Rating: 2 - The students seem engaged as they are focused on the speaker and have their laptops open, which suggests active participation in the class. However, without more context or a clearer view of their facial expressions and body language, it is difficult to definitively rate their engagement level as highly engaged (3).",,0
72,40030006.png,/home/ubuntu/SCB-05-Dataset/5k_HRW_Dataset_combined/images/val/40030006.png,1,2,"Behaviors: The students in the classroom are sitting at desks and appear to be engaged in an activity that involves writing or taking notes. Some students may also be using devices such as laptops or tablets.
Posture: The students are seated upright with their attention directed towards the front of the room, where a teacher is likely providing instruction or guidance.
Rating: 2",,0
73,40020160.png,/home/ubuntu/SCB-05-Dataset/5k_HRW_Dataset_combined/images/val/40020160.png,1,2,"Behaviors: The students in the classroom are seated at desks with laptops open in front of them. They appear to be engaged in a lecture or class session, as indicated by their focused attention on the front of the room where the teacher is likely presenting.

Posture: The students are sitting upright in their chairs, suggesting that they are attentive and actively participating in the class. Their gaze is directed towards the front of the room, which further supports their engagement in the ongoing lecture or class session.

Rating: 2",,0
74,40020208.png,/home/ubuntu/SCB-05-Dataset/5k_HRW_Dataset_combined/images/val/40020208.png,0,3,"Behaviors: The students in the classroom are seated at desks with laptops open in front of them. They appear to be engaged in a lecture or presentation, as indicated by their focused attention on the front of the room where the speaker is likely standing.

Posture: The students are sitting upright in their chairs, suggesting that they are attentive and actively participating in the class. Their gaze is directed towards the front of the room, indicating that they are paying attention to the ongoing lecture or presentation.

Rating: 2 - The students seem engaged as they are focused on the speaker and have their laptops open, which suggests active participation in the learning process. However, without more context or a clearer view of their facial expressions and body language, it is difficult to accurately rate their engagement level as highly engaged (3).",,0
75,40020217.png,/home/ubuntu/SCB-05-Dataset/5k_HRW_Dataset_combined/images/val/40020217.png,0,2,"Behaviors: The students in the classroom are seated at desks with laptops open in front of them. They appear to be engaged in a lecture or presentation, as indicated by their focused attention on the speaker and the content displayed on the screen.
Posture: The students are sitting upright in their chairs, with most of them facing towards the front of the room where the speaker is standing. Their body language suggests that they are actively participating in the class.
Rating: 2",,0
76,40020221.png,/home/ubuntu/SCB-05-Dataset/5k_HRW_Dataset_combined/images/val/40020221.png,0,2,"Behaviors: The students in the classroom are seated at desks with laptops open in front of them. They appear to be engaged in a lecture or presentation, as indicated by their focused attention on the front of the room where the speaker is likely delivering the content.

Posture: The students are sitting upright in their chairs, suggesting that they are attentive and actively participating in the class. Their gaze is directed towards the front of the room, which further supports their engagement in the ongoing lecture or presentation.

Rating: 2",,0
77,40020158.png,/home/ubuntu/SCB-05-Dataset/5k_HRW_Dataset_combined/images/val/40020158.png,1,2,"Behaviors: The students in the classroom are seated at desks with laptops open in front of them. They appear to be engaged in a lecture or class session, as indicated by their focused attention on the front of the room where the teacher is likely speaking.

Posture: The students are sitting upright in their chairs, suggesting that they are attentive and actively participating in the class.

Rating: 2",,0
78,40030020.png,/home/ubuntu/SCB-05-Dataset/5k_HRW_Dataset_combined/images/val/40030020.png,1,2,"Behaviors: The students in the classroom are sitting at desks and appear to be engaged in an activity that involves writing or taking notes. Some students may also be using devices such as laptops or tablets.
Posture: The students are seated upright with their attention directed towards the front of the room, where a teacher is likely leading the class.
Rating: 2",,0
79,40030024.png,/home/ubuntu/SCB-05-Dataset/5k_HRW_Dataset_combined/images/val/40030024.png,1,2,"Behaviors: The students in the classroom are seated at desks with laptops open in front of them. They appear to be engaged in a lecture or presentation, as indicated by their focused attention on the speaker and the content displayed on the screen.
Posture: The students are sitting upright in their chairs, with most of them facing towards the front of the room where the speaker is standing. Their body language suggests that they are actively participating in the class.
Rating: 2",,0
80,40030028.png,/home/ubuntu/SCB-05-Dataset/5k_HRW_Dataset_combined/images/val/40030028.png,1,2,"Behaviors: The students in the classroom are sitting at desks and appear to be engaged in an activity that involves writing or reading. Some students may be using devices such as laptops or tablets.
Posture: The students are seated upright with their attention directed towards the front of the room, where a teacher is likely conducting a lesson or lecture.
Rating: 2",,0
81,40030030.png,/home/ubuntu/SCB-05-Dataset/5k_HRW_Dataset_combined/images/val/40030030.png,1,2,"Behaviors: The students in the classroom are seated at desks with laptops open in front of them. They appear to be engaged in a lecture or class session, as indicated by their focused attention on the front of the room where the teacher is likely speaking.

Posture: The students are sitting upright in their chairs, suggesting that they are attentive and actively participating in the class. Their gaze is directed towards the front of the room, indicating that they are paying attention to the ongoing lecture or presentation.

Rating: Based on the behaviors and posture observed in the image, I would rate the overall engagement level of the majority of students as 2 for engaged. The students seem to be actively participating in the class, with their laptops open and their focused attention on the front of the room. However, without more context or a clearer view of individual student actions, it is difficult to accurately assess their level of engagement.",,0
82,40030037.png,/home/ubuntu/SCB-05-Dataset/5k_HRW_Dataset_combined/images/val/40030037.png,1,2,"Behaviors: The students in the classroom are seated at desks and appear to be engaged in an activity that involves writing or taking notes. Some students may also be using devices such as laptops or tablets.
Posture: The students are sitting upright with their attention directed towards the front of the room, where a teacher is likely leading a lecture or discussion.
Rating: 2",,0
83,40020126.png,/home/ubuntu/SCB-05-Dataset/5k_HRW_Dataset_combined/images/val/40020126.png,1,2,"Behaviors: The students in the classroom are seated at desks with laptops open in front of them. They appear to be engaged in a lecture or class session, as indicated by their focused attention on the front of the room where the teacher is likely speaking.

Posture: The students are sitting upright in their chairs, suggesting that they are attentive and actively participating in the class. Their gaze is directed towards the front of the room, indicating that they are paying attention to the ongoing lecture or presentation.

Rating: 2 - The students seem engaged as they are focused on the front of the room where the teacher is likely speaking, but their level of engagement may vary depending on individual interest and participation in the class.",,0
84,40030033.png,/home/ubuntu/SCB-05-Dataset/5k_HRW_Dataset_combined/images/val/40030033.png,1,2,"Behaviors: The students in the classroom are seated at desks and appear to be engaged in a lecture or class session. They are looking towards the front of the room where the teacher is likely speaking or presenting.
Posture: The students are sitting upright with their attention directed forward, indicating that they are actively participating in the class.
Rating: 2",,0
85,40030002.png,/home/ubuntu/SCB-05-Dataset/5k_HRW_Dataset_combined/images/val/40030002.png,1,2,"Behaviors: The students in the classroom are seated at desks with laptops open in front of them. They appear to be engaged in a lecture or presentation, as indicated by their focused attention on the speaker and the content being displayed.

Posture: The students are sitting upright in their chairs, suggesting that they are attentive and actively participating in the class.

Rating: 2",,0
86,40030048.png,/home/ubuntu/SCB-05-Dataset/5k_HRW_Dataset_combined/images/val/40030048.png,1,2,"Behaviors: The students in the classroom are sitting at desks and appear to be engaged in an activity that involves writing or taking notes. Some students may also be using devices such as laptops or tablets.
Posture: The students are seated upright with their attention directed towards the front of the room, where a teacher is likely providing instruction or leading a discussion.
Rating: 2",,0
87,40030042.png,/home/ubuntu/SCB-05-Dataset/5k_HRW_Dataset_combined/images/val/40030042.png,1,2,"Behaviors: The students in the classroom are seated at desks and appear to be engaged in an activity that involves writing or taking notes. Some students may also be looking at a teacher or speaker who is standing at the front of the room.

Posture: Most of the students are sitting upright with their attention directed towards the front of the room, where the teacher or speaker is likely providing instruction or guidance.

Rating: Based on the behaviors and posture observed in the image, I would rate the overall engagement level of the majority of students as 2 for engaged. The students seem to be actively participating in the activity at hand, but it's not possible to determine their level of focus or comprehension from this single snapshot.",,0
88,40030050.png,/home/ubuntu/SCB-05-Dataset/5k_HRW_Dataset_combined/images/val/40030050.png,1,2,"Behaviors: The students in the classroom are sitting at desks with their attention directed towards a teacher who is standing and speaking. Some students appear to be taking notes or working on assignments, while others seem to be listening attentively.

Posture: Most of the students are seated upright, facing forward towards the front of the room where the teacher is standing. Their body language suggests that they are actively engaged in the class.

Rating: 2",,0
89,40030052.png,/home/ubuntu/SCB-05-Dataset/5k_HRW_Dataset_combined/images/val/40030052.png,1,2,"Behaviors: The students in the classroom are seated at desks with laptops open in front of them. They appear to be engaged in a lecture or presentation, as indicated by their attention towards the front of the room where a speaker is standing.

Posture: The students are sitting upright and facing forward, indicating that they are actively participating in the class.

Rating: 2",,0
90,40030059.png,/home/ubuntu/SCB-05-Dataset/5k_HRW_Dataset_combined/images/val/40030059.png,1,2,"Behaviors: The students in the classroom are seated at desks and appear to be engaged in a lecture or class session. They are looking towards the front of the room where the teacher is likely speaking or presenting.
Posture: Most of the students are sitting upright with their attention directed forward, indicating that they are actively participating in the class.
Rating: 2 (engaged)",,0
91,40030069.png,/home/ubuntu/SCB-05-Dataset/5k_HRW_Dataset_combined/images/val/40030069.png,1,2,"Behaviors: The students in the classroom are sitting at desks with their heads down, focusing on their work. Some of them appear to be writing or reading, while others may be using devices such as laptops or tablets.

Posture: The students are seated upright in their chairs, maintaining a focused posture as they engage with their tasks.

Rating: 2",,0
92,40030070.png,/home/ubuntu/SCB-05-Dataset/5k_HRW_Dataset_combined/images/val/40030070.png,1,2,"Behaviors: The students in the classroom are sitting at desks and appear to be engaged in a lecture or class activity. Some of them are looking down at their desks, while others are facing towards the front of the room where the teacher is likely standing.

Posture: The students are seated upright with their attention directed towards the front of the classroom, indicating that they are focused on the ongoing lesson or discussion.

Rating: 2",,0
93,40030072.png,/home/ubuntu/SCB-05-Dataset/5k_HRW_Dataset_combined/images/val/40030072.png,1,2,"Behaviors: The students in the classroom are seated at desks with laptops open in front of them. They appear to be engaged in a lecture or presentation, as indicated by their focused attention on the speaker and the content being displayed.

Posture: The students are sitting upright in their chairs, with most of them facing towards the front of the room where the speaker is standing. Their body language suggests that they are actively participating in the class.

Rating: 2",,0
94,40030088.png,/home/ubuntu/SCB-05-Dataset/5k_HRW_Dataset_combined/images/val/40030088.png,1,2,"Behaviors: The students in the classroom are sitting at desks with their attention directed towards a teacher who is standing and appears to be leading a lecture or discussion. Some students are taking notes, while others seem to be listening attentively.

Posture: The majority of the students are sitting upright in their chairs, indicating that they are actively engaged in the class.

Rating: 2",,0
95,40030092.png,/home/ubuntu/SCB-05-Dataset/5k_HRW_Dataset_combined/images/val/40030092.png,1,2,"Behaviors: The students in the classroom are seated at desks and appear to be engaged in a lecture or presentation. They are looking towards the front of the room where the speaker is standing, suggesting that they are paying attention to the ongoing activity.

Posture: The students are sitting upright with their bodies facing forward, indicating that they are actively participating in the class. Their visual attention seems to be directed towards the speaker or the content being presented.

Rating: 2",,0
96,40030100.png,/home/ubuntu/SCB-05-Dataset/5k_HRW_Dataset_combined/images/val/40030100.png,1,2,"Behaviors: The students in the classroom are seated at desks with laptops open in front of them. They appear to be engaged in a lecture or presentation, as indicated by their focused attention on the speaker and the presence of writing materials.
Posture: The students are sitting upright in their chairs, with most of them facing towards the front of the room where the teacher is standing. Their gaze seems directed towards the front of the classroom, suggesting that they are actively participating in the lecture or presentation.
Rating: 2",,0
97,40030108.png,/home/ubuntu/SCB-05-Dataset/5k_HRW_Dataset_combined/images/val/40030108.png,1,2,"Behaviors: The students in the classroom are seated at desks with laptops open in front of them. They appear to be engaged in a lecture or class session, as indicated by their focused attention on the front of the room where the teacher is likely speaking.

Posture: The students are sitting upright in their chairs, suggesting that they are attentive and actively participating in the class.

Rating: 2",,0
98,40030111.png,/home/ubuntu/SCB-05-Dataset/5k_HRW_Dataset_combined/images/val/40030111.png,1,2,"Behaviors: The students in the classroom are seated at desks with laptops open in front of them. They appear to be engaged in a lecture or presentation, as indicated by their focused attention on the speaker and the presence of writing materials.
Posture: The students are sitting upright in their chairs, with most of them facing towards the front of the room where the speaker is standing. Their body language suggests that they are actively participating in the class.
Rating: 2",,0
99,40030113.png,/home/ubuntu/SCB-05-Dataset/5k_HRW_Dataset_combined/images/val/40030113.png,1,2,"Behaviors: The students in the classroom are seated at desks with laptops open in front of them. They appear to be engaged in a lecture or presentation, as indicated by their focused attention on the speaker and the presence of writing materials.
Posture: Most of the students are sitting upright with their gaze directed towards the front of the room where the teacher is standing. Their body language suggests that they are actively participating in the class.
Rating: 2",,0
100,40030114.png,/home/ubuntu/SCB-05-Dataset/5k_HRW_Dataset_combined/images/val/40030114.png,1,2,"Behaviors: The students in the classroom are seated at desks with laptops open in front of them. They appear to be engaged in a lecture or presentation, as indicated by their focused attention on the speaker and the presence of writing materials.
Posture: The students are sitting upright in their chairs, suggesting that they are attentive and actively participating in the class.
Rating: 2",,0
101,40030116.png,/home/ubuntu/SCB-05-Dataset/5k_HRW_Dataset_combined/images/val/40030116.png,1,2,"Behaviors: The students in the classroom are seated at desks and appear to be engaged in an activity that involves writing or taking notes. They seem focused on their tasks.
Posture: Most of the students are sitting upright with their attention directed towards the front of the room, where a teacher is likely providing instruction or guidance.
Rating: 2",,0
102,40030130.png,/home/ubuntu/SCB-05-Dataset/5k_HRW_Dataset_combined/images/val/40030130.png,1,2,"Behaviors: The students in the classroom are seated at desks with laptops open in front of them. They appear to be engaged in a lecture or presentation, as indicated by their focused attention on the speaker and the presence of writing materials such as notebooks and pens.

Posture: The majority of the students are sitting upright in their chairs, with their bodies facing forward towards the front of the classroom where the speaker is standing. Their visual attention seems to be directed towards the speaker or the content being presented.

Rating: 2",,0
103,40030131.png,/home/ubuntu/SCB-05-Dataset/5k_HRW_Dataset_combined/images/val/40030131.png,1,2,"Behaviors: The students in the classroom are seated at desks with laptops open in front of them. They appear to be engaged in a lecture or presentation, as indicated by their attention towards the front of the room where the speaker is likely standing.

Posture: The students are sitting upright in their chairs, suggesting that they are attentive and focused on the ongoing activity.

Rating: 2",,0
104,40030142.png,/home/ubuntu/SCB-05-Dataset/5k_HRW_Dataset_combined/images/val/40030142.png,1,2,"Behaviors: The students in the classroom are sitting at desks and appear to be engaged in an activity that involves writing or taking notes. Some students may also be listening attentively to a teacher or speaker.
Posture: Most of the students are seated upright with their attention directed towards the front of the room, suggesting they are focused on the ongoing activity or lecture.
Rating: 2",,0
105,40030144.png,/home/ubuntu/SCB-05-Dataset/5k_HRW_Dataset_combined/images/val/40030144.png,1,2,"Behaviors: The students in the classroom are seated at desks and appear to be engaged in an activity that involves writing or taking notes. They seem focused on their tasks.
Posture: Most of the students are sitting upright with their attention directed towards the front of the room, where a teacher is likely providing instruction or guidance.
Rating: 2",,0
106,40030148.png,/home/ubuntu/SCB-05-Dataset/5k_HRW_Dataset_combined/images/val/40030148.png,1,2,"Behaviors: The students in the classroom are sitting at desks with papers and pens, suggesting that they are actively engaged in writing or taking notes. Some students appear to be looking down at their work, while others may be looking up towards the front of the room where a teacher is likely leading the class.

Posture: The students are seated upright in rows, which indicates that they are attentive and focused on the ongoing lesson. Their body language suggests that they are actively participating in the class.

Rating: Based on their posture and the fact that they have papers and pens, it seems that the majority of the students are engaged in learning activities. I would rate their overall engagement level as a 2, indicating that they are actively participating in the class but not necessarily highly engaged.",,0
107,40030150.png,/home/ubuntu/SCB-05-Dataset/5k_HRW_Dataset_combined/images/val/40030150.png,1,2,"Behaviors: The students in the classroom are sitting at desks and appear to be engaged in an activity that involves writing or taking notes. Some students may also be using devices such as laptops or tablets.
Posture: The students are seated upright with their attention directed towards the front of the room, where a teacher is likely providing instruction or guidance.
Rating: 2",,0
108,40030160.png,/home/ubuntu/SCB-05-Dataset/5k_HRW_Dataset_combined/images/val/40030160.png,1,2,"Behaviors: The students in the classroom are sitting at desks and appear to be engaged in an activity that involves writing or taking notes. Some of them have their heads down on the desks, which could indicate a moment of rest or concentration.

Posture: The majority of the students are seated upright with their attention directed towards the front of the classroom, where the teacher is likely providing instruction or guidance.

Rating: 2",,0
109,40030162.png,/home/ubuntu/SCB-05-Dataset/5k_HRW_Dataset_combined/images/val/40030162.png,1,2,"Behaviors: The students in the classroom are sitting at desks and appear to be engaged in an activity that involves writing or taking notes. Some students may also be using devices such as laptops or tablets.
Posture: The students are seated upright with their attention directed towards the front of the room, where a teacher is likely leading the class.
Rating: 2",,0
110,40030157.png,/home/ubuntu/SCB-05-Dataset/5k_HRW_Dataset_combined/images/val/40030157.png,1,2,"Behaviors: The students in the classroom are sitting at desks and appear to be engaged in a lecture or class session. They are looking towards the front of the room where the teacher is likely speaking, suggesting that they are focused on the ongoing activity.

Posture: The students are seated upright with their attention directed forward, indicating that they are actively participating in the class.

Rating: 2",,0
111,40030165.png,/home/ubuntu/SCB-05-Dataset/5k_HRW_Dataset_combined/images/val/40030165.png,1,2,"Behaviors: The students in the classroom are sitting at desks and appear to be engaged in an activity that involves writing or taking notes. Some students may also be looking at a teacher or a presentation.
Posture: Most of the students are seated upright with their attention directed towards the front of the room, suggesting they are focused on the ongoing class or lecture.
Rating: 2 (engaged)",,0
112,40030169.png,/home/ubuntu/SCB-05-Dataset/5k_HRW_Dataset_combined/images/val/40030169.png,1,2,"Behaviors: The students in the classroom are sitting at desks and appear to be engaged in an activity that involves writing or taking notes. Some students may also be using devices such as laptops or tablets.
Posture: The students are seated upright with their attention directed towards the front of the room, where a teacher is likely providing instruction or guidance.
Rating: 2",,0
113,40030172.png,/home/ubuntu/SCB-05-Dataset/5k_HRW_Dataset_combined/images/val/40030172.png,1,2,"Behaviors: The students in the classroom are predominantly focused on their desks and appear to be engaged in writing or reading. Some students may also be using devices such as laptops or tablets.
Posture: The students are sitting upright at their desks, with most of them looking down towards their work.
Rating: 2",,0
114,40030168.png,/home/ubuntu/SCB-05-Dataset/5k_HRW_Dataset_combined/images/val/40030168.png,1,2,"Behaviors: The students in the classroom are sitting at desks and appear to be engaged in an activity that involves writing or taking notes. Some students may also be using devices such as laptops or tablets.
Posture: The students are seated upright with their attention directed towards the front of the room, where a teacher is likely providing instruction or guidance.
Rating: 2",,0
115,40030177.png,/home/ubuntu/SCB-05-Dataset/5k_HRW_Dataset_combined/images/val/40030177.png,1,2,"Behaviors: The students in the classroom are sitting at desks and appear to be engaged in an activity that involves writing or taking notes. Some students may also be listening attentively to a lecture or presentation.
Posture: Most of the students are seated upright with their attention directed towards the front of the room, where the teacher is likely delivering a lesson or lecture.
Rating: 2 (engaged)",,0
116,40030176.png,/home/ubuntu/SCB-05-Dataset/5k_HRW_Dataset_combined/images/val/40030176.png,1,2,"Behaviors: The students in the classroom are sitting at desks and appear to be engaged in an activity that involves writing or taking notes. Some students may also be using devices such as laptops or tablets.
Posture: The students are seated upright with their attention directed towards the front of the room, where a teacher is likely leading a lecture or discussion.
Rating: 2",,0
117,40030184.png,/home/ubuntu/SCB-05-Dataset/5k_HRW_Dataset_combined/images/val/40030184.png,2,2,"Behaviors: The students in the classroom are seated at desks and appear to be engaged in a lecture or presentation. They are looking towards the front of the room where the speaker is standing, suggesting that they are paying attention to the content being delivered.

Posture: The students are sitting upright with their bodies facing forward, indicating that they are actively participating in the class. Their visual attention seems to be directed towards the front of the room, which further supports their engagement in the ongoing lecture or presentation.

Rating: 2",,0
118,40030185.png,/home/ubuntu/SCB-05-Dataset/5k_HRW_Dataset_combined/images/val/40030185.png,2,2,"Behaviors: The students in the classroom are seated at desks and appear to be engaged in a lecture or presentation. They are looking towards the front of the room where the speaker is standing, suggesting that they are paying attention to the ongoing activity.

Posture: The students are sitting upright with their bodies facing forward, indicating that they are actively participating in the class. Their visual attention seems to be directed towards the front of the room, which further supports their engagement in the lecture or presentation.

Rating: 2",,0
119,40030187.png,/home/ubuntu/SCB-05-Dataset/5k_HRW_Dataset_combined/images/val/40030187.png,1,2,"Behaviors: The students in the classroom are sitting at desks and appear to be engaged in a lecture or presentation. They are looking towards the front of the room where the speaker is standing.
Posture: Most of the students are sitting upright with their attention directed forward, indicating that they are focused on the ongoing activity.
Rating: 2",,0
120,40030193.png,/home/ubuntu/SCB-05-Dataset/5k_HRW_Dataset_combined/images/val/40030193.png,1,2,"Behaviors: The students in the classroom are seated at desks and appear to be engaged in a lecture or presentation. They are looking towards the front of the room where the speaker is standing. Some students may be taking notes or using devices, while others seem to be focused on the speaker.

Posture: The students are sitting upright with their attention directed forward, indicating that they are actively participating in the class.

Rating: 2",,0
121,40030200.png,/home/ubuntu/SCB-05-Dataset/5k_HRW_Dataset_combined/images/val/40030200.png,1,2,"Behaviors: The students in the classroom are seated at desks and appear to be engaged in an activity that involves writing or taking notes. Some students may also be listening attentively to a speaker or watching a presentation.
Posture: Most of the students are sitting upright with their attention directed towards the front of the room, where the teacher or presenter is likely speaking or presenting.
Rating: 2",,0
122,40030202.png,/home/ubuntu/SCB-05-Dataset/5k_HRW_Dataset_combined/images/val/40030202.png,1,2,"Behaviors: The students in the classroom are sitting at desks and appear to be engaged in an activity that involves writing or taking notes. Some students may also be listening attentively to a speaker or teacher.
Posture: The students are seated upright with their attention directed towards the front of the room, where the speaker or teacher is likely delivering a lecture or presentation.
Rating: 2",,0
123,40030209.png,/home/ubuntu/SCB-05-Dataset/5k_HRW_Dataset_combined/images/val/40030209.png,1,2,"Behaviors: The students in the classroom are seated at desks with laptops open in front of them. They appear to be engaged in a lecture or presentation, as indicated by their focused attention on the speaker and the presence of writing materials.
Posture: The students are sitting upright in their chairs, with most of them facing towards the front of the room where the speaker is standing. Their body language suggests that they are actively participating in the class.
Rating: 2",,0
124,40030212.png,/home/ubuntu/SCB-05-Dataset/5k_HRW_Dataset_combined/images/val/40030212.png,1,2,"Behaviors: The students in the classroom are seated at desks and appear to be engaged in a lecture or presentation. They are looking towards the front of the room where the speaker is standing, suggesting that they are paying attention to the content being delivered.

Posture: The students are sitting upright with their bodies facing forward, indicating that they are actively participating in the class. Their visual attention seems to be directed towards the speaker or the material being presented.

Rating: 2",,0
125,40030217.png,/home/ubuntu/SCB-05-Dataset/5k_HRW_Dataset_combined/images/val/40030217.png,1,2,"Behaviors: The students in the classroom are seated at desks with laptops open in front of them. They appear to be engaged in a lecture or presentation, as indicated by their focused attention on the speaker and the use of devices for note-taking or following along with the presentation.

Posture: The students are sitting upright in their chairs, suggesting that they are attentive and actively participating in the class. Their gaze is directed towards the front of the room where the speaker is standing, indicating a high level of focus on the ongoing lecture or presentation.

Rating: 2 (engaged) - While it's not possible to determine the exact level of engagement from this image alone, the students seem to be actively participating in the class, with their laptops open and their attention directed towards the speaker. This suggests that they are engaged in the learning process.",,0
126,40030222.png,/home/ubuntu/SCB-05-Dataset/5k_HRW_Dataset_combined/images/val/40030222.png,1,2,"Behaviors: The students in the classroom are seated at desks with laptops open in front of them. They appear to be engaged in a lecture or presentation, as indicated by their focused attention on the speaker and the presence of writing materials.
Posture: The students are sitting upright in their chairs, suggesting that they are actively participating in the class. Their gaze is directed towards the front of the room where the teacher is standing, indicating that they are paying attention to the ongoing lecture or presentation.
Rating: 2",,0
127,40030233.png,/home/ubuntu/SCB-05-Dataset/5k_HRW_Dataset_combined/images/val/40030233.png,1,2,"Behaviors: The students in the classroom are sitting at desks and appear to be engaged in a lecture or presentation. They are looking towards the front of the room where the speaker is standing. Some students may be taking notes or using devices, but it's not clear from this image if they are actively participating in the class or just listening.

Posture: The students are sitting upright with their attention directed forward, indicating that they are focused on the lecture or presentation.

Rating: 2 - The students seem to be engaged and attentive during the lecture or presentation, but it's not possible to determine if they are actively participating or just listening from this image alone.",,0
128,40030239.png,/home/ubuntu/SCB-05-Dataset/5k_HRW_Dataset_combined/images/val/40030239.png,1,2,"Behaviors: The students in the classroom are seated at desks with laptops open in front of them. They appear to be engaged in a lecture or presentation, as indicated by their focused attention on the speaker and the content being displayed.
Posture: The students are sitting upright in their chairs, suggesting that they are attentive and actively participating in the class.
Rating: 2",,0
129,40030245.png,/home/ubuntu/SCB-05-Dataset/5k_HRW_Dataset_combined/images/val/40030245.png,1,2,"Behaviors: The students in the classroom are seated at desks and appear to be engaged in a lecture or presentation. They are looking towards the front of the room where the speaker is standing. Some students may be taking notes or using devices, while others seem to be focused on the speaker.

Posture: The students are sitting upright with their attention directed forward, indicating that they are actively participating in the class.

Rating: 2",,0
130,40030246.png,/home/ubuntu/SCB-05-Dataset/5k_HRW_Dataset_combined/images/val/40030246.png,1,2,"Behaviors: The students in the classroom are seated at desks and appear to be engaged in a lecture or presentation. They are looking towards the front of the room where the speaker is standing. Some students may be taking notes or using devices, while others seem to be focused on the speaker.

Posture: The students are sitting upright with their attention directed forward, indicating that they are actively participating in the class.

Rating: 2",,0
131,40030254.png,/home/ubuntu/SCB-05-Dataset/5k_HRW_Dataset_combined/images/val/40030254.png,1,2,"Behaviors: The students in the classroom are seated at desks and appear to be engaged in a lecture or presentation. They are looking towards the front of the room where the speaker is standing, suggesting that they are paying attention to the ongoing activity.

Posture: The students are sitting upright with their bodies facing forward, indicating that they are actively participating in the class. Their visual attention seems to be directed towards the speaker or the content being presented.

Rating: 2",,0
132,40030255.png,/home/ubuntu/SCB-05-Dataset/5k_HRW_Dataset_combined/images/val/40030255.png,1,2,"Behaviors: The students in the classroom are seated at desks with laptops open in front of them. They appear to be engaged in a lecture or presentation, as indicated by their focused attention on the speaker and the presence of writing materials.
Posture: The students are sitting upright in their chairs, suggesting that they are attentive and actively participating in the class.
Rating: 2",,0
133,40030256.png,/home/ubuntu/SCB-05-Dataset/5k_HRW_Dataset_combined/images/val/40030256.png,1,2,"Behaviors: The students in the classroom are seated at desks with laptops open in front of them. They appear to be engaged in a lecture or presentation, as indicated by their focused attention on the speaker and the presence of writing materials.
Posture: The students are sitting upright in their chairs, suggesting that they are attentive and actively participating in the class.
Rating: 2",,0
134,40030259.png,/home/ubuntu/SCB-05-Dataset/5k_HRW_Dataset_combined/images/val/40030259.png,1,2,"Behaviors: The students in the classroom are seated at desks with laptops open in front of them. They appear to be engaged in a lecture or presentation, as indicated by their focused attention on the speaker and the presence of writing materials.
Posture: The students are sitting upright in their chairs, with most of them facing towards the front of the room where the speaker is standing. Their body language suggests that they are actively participating in the class.
Rating: 2",,0
135,40030257.png,/home/ubuntu/SCB-05-Dataset/5k_HRW_Dataset_combined/images/val/40030257.png,1,2,"Behaviors: The students in the classroom are seated at desks with laptops open in front of them. They appear to be engaged in a lecture or presentation, as indicated by their focused attention on the speaker and the presence of writing materials.
Posture: The students are sitting upright in their chairs, with most of them facing towards the front of the room where the speaker is standing. Their body language suggests that they are actively participating in the class.
Rating: 2",,0
136,40030268.png,/home/ubuntu/SCB-05-Dataset/5k_HRW_Dataset_combined/images/val/40030268.png,1,2,"Behaviors: The students in the classroom are sitting at desks and appear to be engaged in an activity that involves writing or taking notes. Some students may also be using devices such as laptops or tablets.
Posture: The students are seated upright with their attention directed towards the front of the room, where a teacher is likely providing instruction or guidance.
Rating: 2",,0
137,40030274.png,/home/ubuntu/SCB-05-Dataset/5k_HRW_Dataset_combined/images/val/40030274.png,1,2,"Behaviors: The students in the classroom are seated at desks and appear to be engaged in an activity that involves writing or taking notes. They seem focused on their tasks.
Posture: Most of the students are sitting upright with their attention directed towards the front of the room, where a teacher is likely providing instruction or guidance.
Rating: 2",,0
138,40030283.png,/home/ubuntu/SCB-05-Dataset/5k_HRW_Dataset_combined/images/val/40030283.png,1,2,"Behaviors: The students in the classroom are seated at desks and appear to be engaged in an activity that involves writing or taking notes. Some students may also be using devices such as laptops or tablets.
Posture: The students are sitting upright with their attention directed towards the front of the room, where a teacher is likely providing instruction or leading a discussion.
Rating: 2",,0
139,40030289.png,/home/ubuntu/SCB-05-Dataset/5k_HRW_Dataset_combined/images/val/40030289.png,1,2,"Behaviors: The students in the classroom are sitting at desks and appear to be engaged in an activity that involves writing or taking notes. Some students may also be using devices such as laptops or tablets.
Posture: The students are seated upright with their attention directed towards the front of the room, where a teacher is likely leading a lecture or discussion.
Rating: 2",,0
140,40030291.png,/home/ubuntu/SCB-05-Dataset/5k_HRW_Dataset_combined/images/val/40030291.png,1,3,"Behaviors: The students in the classroom are seated at desks with laptops open in front of them. They appear to be engaged in a lecture or class discussion, as indicated by their focused attention on the front of the room where the teacher is likely speaking.

Posture: The students are sitting upright in their chairs, suggesting that they are attentive and actively participating in the class. Their gaze is directed towards the front of the room, indicating that they are paying attention to the ongoing lecture or discussion.

Rating: 2 - The students seem to be engaged in the class activity, as evidenced by their focused posture and the presence of laptops on their desks, which suggests active participation in the learning process. However, without more context or a clearer view of their facial expressions and level of interaction with the material being presented, it is difficult to rate them as highly engaged (3).",,0
141,40030295.png,/home/ubuntu/SCB-05-Dataset/5k_HRW_Dataset_combined/images/val/40030295.png,1,2,"Behaviors: The students in the classroom are seated at desks with laptops open in front of them. They appear to be engaged in a lecture or presentation, as indicated by their focused attention on the speaker and the presence of writing materials.
Posture: The students are sitting upright in their chairs, suggesting that they are attentive and actively participating in the class.
Rating: 2",,0
142,0001001.png,/home/ubuntu/SCB-05-Dataset/5k_HRW_Dataset_combined/images/val/0001001.png,3,2,"Behaviors: The students in the classroom are sitting at desks and appear to be engaged in a lecture or presentation. They are looking towards the front of the room where a teacher is standing, suggesting that they are paying attention to the speaker.

Posture: The students are seated upright with their gaze directed forward, indicating that they are focused on the ongoing activity.

Rating: 2",,0
143,0001002.png,/home/ubuntu/SCB-05-Dataset/5k_HRW_Dataset_combined/images/val/0001002.png,3,2,"Behaviors: The students in the classroom are sitting at desks and facing towards the front of the room where a teacher is standing. They appear to be attentive as they are looking at the teacher and the presentation screen.
Posture: The students are seated upright, with their attention directed forward towards the teacher and the presentation screen.
Rating: 2 (engaged)",,0
144,0001007.png,/home/ubuntu/SCB-05-Dataset/5k_HRW_Dataset_combined/images/val/0001007.png,3,2,"Behaviors: The students in the classroom are sitting at desks with their attention directed towards the front of the room where a teacher is standing. Some students appear to be looking down at their desks, while others seem to be paying attention to the teacher.

Posture: The students are seated upright in their chairs, suggesting that they are attentive and focused on the ongoing lesson or activity.

Rating: Based on the behaviors and posture observed in the image, I would rate the overall engagement level of the majority of students as 2 for engaged. While some students may be more actively participating than others, their body language indicates that they are generally attentive to the teacher and the lesson being taught.",,0
145,0001009.png,/home/ubuntu/SCB-05-Dataset/5k_HRW_Dataset_combined/images/val/0001009.png,3,2,"Behaviors: The students in the classroom are sitting and looking at the teacher who is standing in front of them. They appear to be attentive and engaged in the ongoing lesson.
Posture: The students are seated with their bodies facing forward, indicating that they are actively participating in the class.
Rating: 2",,0
146,0001027.png,/home/ubuntu/SCB-05-Dataset/5k_HRW_Dataset_combined/images/val/0001027.png,3,2,"Behaviors: The students in the classroom are seated and facing towards a speaker who is standing at the front of the room. They appear to be attentive as they listen to the presentation.
Posture: The students are sitting upright with their attention directed towards the speaker, suggesting that they are engaged in the ongoing lecture or discussion.
Rating: 2",,0
147,0001028.png,/home/ubuntu/SCB-05-Dataset/5k_HRW_Dataset_combined/images/val/0001028.png,3,2,"Behaviors: The students in the classroom are sitting at desks and appear to be engaged in a learning activity. They are looking towards the front of the room where a teacher is standing, suggesting that they are paying attention to her instructions or lesson.

Posture: The students are seated upright with their bodies facing forward, indicating that they are actively participating in the class. Their gaze is directed towards the front of the room, which further supports their engagement in the ongoing activity.

Rating: Based on the behaviors and posture observed, I would rate the overall engagement level of the majority of students as 2 for engaged. The students seem to be attentive and actively participating in the class, but it is not possible to determine if they are highly engaged or barely engaged without more context about their level of focus and involvement in the activity.",,0
148,0001030.png,/home/ubuntu/SCB-05-Dataset/5k_HRW_Dataset_combined/images/val/0001030.png,3,2,"Behaviors: The students in the classroom are seated and facing towards a presentation screen where a teacher is standing. They appear to be attentive as they watch the teacher and listen to the lecture.
Posture: The students are sitting upright with their attention directed towards the front of the room, indicating that they are focused on the ongoing presentation or lecture.
Rating: 2",,0
149,0001040.png,/home/ubuntu/SCB-05-Dataset/5k_HRW_Dataset_combined/images/val/0001040.png,3,2,"Behaviors: The students in the classroom are sitting and looking at a presentation on a screen. One student is standing up and appears to be gesturing towards the screen.

Posture: The students are seated with their attention directed towards the front of the room where the teacher or presenter is standing. Their body postures suggest they are attentive and engaged in the ongoing presentation.

Rating: 2",,0
150,0001031.png,/home/ubuntu/SCB-05-Dataset/5k_HRW_Dataset_combined/images/val/0001031.png,3,2,"Behaviors: The students in the classroom are seated and facing towards a teacher who is standing at the front of the room. They appear to be attentive as they watch the teacher present on a screen.
Posture: The students are sitting upright with their attention directed towards the front of the room, where the teacher is speaking.
Rating: 2",,0
151,0001048.png,/home/ubuntu/SCB-05-Dataset/5k_HRW_Dataset_combined/images/val/0001048.png,3,2,"Behaviors: The students in the classroom are sitting and looking towards a woman who is standing at the front of the room. They appear to be attentive as she seems to be leading a discussion or presentation.
Posture: The students are seated with their bodies facing forward, indicating that they are focused on the speaker.
Rating: 2",,0
152,0001041.png,/home/ubuntu/SCB-05-Dataset/5k_HRW_Dataset_combined/images/val/0001041.png,3,2,"Behaviors: The students in the classroom are sitting at desks and appear to be engaged in writing or taking notes. Some of them may also be looking at their surroundings or interacting with each other.
Posture: The students are seated upright, facing forward towards the front of the room where a teacher is likely leading the class.
Rating: 2 - The students seem to be actively participating in the classroom activity, but it's not possible to determine if they are highly engaged or just barely engaged based on this image alone.",,0
153,0001052.png,/home/ubuntu/SCB-05-Dataset/5k_HRW_Dataset_combined/images/val/0001052.png,2,2,"Behaviors: The students in the classroom are sitting at desks and appear to be engaged in reading books. They seem focused on their tasks.

Posture: The students are seated upright with their attention directed towards their books, indicating a level of engagement and focus.

Rating: 2",,0
154,0001058.png,/home/ubuntu/SCB-05-Dataset/5k_HRW_Dataset_combined/images/val/0001058.png,3,2,"Behaviors: The students in the classroom are sitting at desks and appear to be engaged in various activities. Some of them are looking down at their desks, while others seem to be focused on a task or discussion. There is no clear indication that they are using devices or raising hands.

Posture: The students are seated upright with their attention directed towards the front of the classroom, suggesting that they are actively participating in the class.

Rating: Based on the behaviors and posture observed, I would rate the overall engagement level of the majority of students as 2 for engaged. While some students may be more focused than others, it is evident that they are all present and attentive to their surroundings.",,0
155,0001060.png,/home/ubuntu/SCB-05-Dataset/5k_HRW_Dataset_combined/images/val/0001060.png,3,2,"Behaviors: The students in the classroom are sitting at desks and facing towards the front of the room where a teacher is standing. They appear to be attentive as they are looking at the teacher and the whiteboard.
Posture: The students are seated upright, with their attention directed towards the front of the room.
Rating: 2",,0
156,0001059.png,/home/ubuntu/SCB-05-Dataset/5k_HRW_Dataset_combined/images/val/0001059.png,2,2,"Behaviors: The students in the classroom are sitting at desks and appear to be engaged in a lesson being taught by a teacher. They seem to be paying attention to the front of the room where the teacher is standing.

Posture: The students are seated upright, facing towards the front of the room, with their bodies oriented towards the teacher or the content being presented. Their visual attention seems directed towards the front of the classroom.

Rating: 2",,0
157,0001063.png,/home/ubuntu/SCB-05-Dataset/5k_HRW_Dataset_combined/images/val/0001063.png,3,2,"Behaviors: The students in the classroom are sitting at desks and facing towards a teacher who is standing at the front of the room. They appear to be attentive as they listen to the teacher's instructions or lecture.
Posture: The students are seated upright, with their attention directed towards the front of the room where the teacher is speaking.
Rating: 2",,0
158,0001066.png,/home/ubuntu/SCB-05-Dataset/5k_HRW_Dataset_combined/images/val/0001066.png,2,2,"Behaviors: The students in the classroom are sitting at desks with open books, suggesting that they are engaged in reading or studying. Some of them appear to be looking at their books, while others may be interacting with each other or the teacher.

Posture: Most of the students are seated upright and facing forward, indicating that they are attentive and focused on their tasks.

Rating: Based on the behaviors and posture observed in the image, I would rate the overall engagement level of the majority of students as 2 for engaged. The students seem to be actively participating in the classroom activity, but it is not possible to determine if they are highly engaged or barely engaged without more context or a longer observation period.",,0
159,0001068.png,/home/ubuntu/SCB-05-Dataset/5k_HRW_Dataset_combined/images/val/0001068.png,3,2,"Behaviors: The students in the classroom are sitting on chairs and appear to be attentive, with some of them raising their hands.
Posture: The students are seated upright, facing towards the front of the room where a teacher is likely presenting or leading an activity.
Rating: 2",,0
160,0001069.png,/home/ubuntu/SCB-05-Dataset/5k_HRW_Dataset_combined/images/val/0001069.png,3,2,"Behaviors: The students in the classroom are sitting and appear to be listening attentively to a person who is speaking. They seem to be engaged in the activity taking place.
Posture: The students are seated upright with their attention directed towards the front of the room, indicating that they are focused on the speaker or activity.
Rating: 2",,0
161,0001078.png,/home/ubuntu/SCB-05-Dataset/5k_HRW_Dataset_combined/images/val/0001078.png,3,2,"Behaviors: The students in the classroom are sitting at desks and facing a teacher who is standing in front of them. They appear to be attentive as they listen to the teacher's instructions or lecture.
Posture: The students are seated upright with their attention directed towards the front of the room, where the teacher is speaking.
Rating: 2 - The students seem engaged and focused on the teacher's presentation.",,0
162,0001086.png,/home/ubuntu/SCB-05-Dataset/5k_HRW_Dataset_combined/images/val/0001086.png,3,2,"Behaviors: The students in the classroom are sitting at desks and facing a teacher who is presenting information on a screen. They appear to be attentive and engaged in the lesson being taught.
Posture: The students are seated upright with their attention directed towards the front of the room, where the teacher is standing.
Rating: 2",,0
163,0001087.png,/home/ubuntu/SCB-05-Dataset/5k_HRW_Dataset_combined/images/val/0001087.png,3,2,"Behaviors: The students in the classroom are sitting at desks and appear to be engaged in a lesson being taught by an adult standing at the front of the room. They seem to be paying attention to the teacher and possibly taking notes or following along with the presentation.

Posture: The students are seated upright, facing towards the front of the room where the teacher is standing. Their body language suggests that they are actively participating in the lesson.

Rating: Based on their posture and engagement in the classroom environment, I would rate the overall engagement level of the majority of students as 2 for engaged. The students seem to be attentive and focused on the ongoing lesson.",,0
164,0002007.png,/home/ubuntu/SCB-05-Dataset/5k_HRW_Dataset_combined/images/val/0002007.png,3,2,"Behaviors: The students in the classroom are actively participating in a lesson, with one woman standing at the front of the room gesturing and speaking to them. They appear to be listening attentively and possibly taking notes or following along with the lesson.

Posture: The students are sitting upright in their chairs, facing towards the front of the room where the teacher is standing. Their body language suggests that they are engaged in the lesson being taught.

Rating: Based on the behaviors and posture observed in the image, I would rate the overall engagement level of the majority of students as 2 for engaged. The students seem to be actively participating in the lesson, but their level of engagement may vary individually.",,0
165,0002009.png,/home/ubuntu/SCB-05-Dataset/5k_HRW_Dataset_combined/images/val/0002009.png,3,2,"Behaviors: The students in the classroom are sitting at desks and appear to be engaged in a lesson being taught by a woman standing at the front of the room. They seem to be listening attentively and possibly taking notes or following along with the teacher's instructions.

Posture: The students are seated upright, facing towards the front of the classroom where the teacher is standing. Their body language suggests that they are focused on the ongoing lesson.

Rating: Based on their posture and the fact that they seem to be actively participating in the class, I would rate the overall engagement level of the majority of students as 2 for engaged.",,0
166,0002017.png,/home/ubuntu/SCB-05-Dataset/5k_HRW_Dataset_combined/images/val/0002017.png,3,2,"Behaviors: The students in the classroom are sitting at their desks, with some of them looking towards the front of the room where a teacher is standing. There is no clear indication that they are engaged in writing, reading, or using devices.
Posture: The students appear to be sitting upright and facing forward, suggesting that they are attentive to the ongoing lesson or activity.
Rating: 2",,0
167,0002022.png,/home/ubuntu/SCB-05-Dataset/5k_HRW_Dataset_combined/images/val/0002022.png,3,2,"Behaviors: The students in the classroom are sitting at desks and appear to be engaged in a lecture or presentation. One student is standing up and seems to be actively participating, possibly giving a speech or demonstration.
Posture: Most of the students are sitting upright with their attention directed towards the front of the room where the speaker is standing. Their body language suggests that they are focused on the ongoing activity.
Rating: 2",,0
168,0002018.png,/home/ubuntu/SCB-05-Dataset/5k_HRW_Dataset_combined/images/val/0002018.png,3,2,"Behaviors: The students in the classroom are sitting at their desks, looking attentively towards the front of the room where a teacher is likely to be giving instructions or teaching. Some students appear to be actively engaged in writing or taking notes, while others seem to be listening and observing.

Posture: The students are seated upright with their attention directed forward, indicating that they are focused on the ongoing lesson or activity.

Rating: Based on the behaviors and posture observed in the image, I would rate the overall engagement level of the majority of students as 2 for engaged. While some students seem to be actively participating, others appear to be more passive observers, suggesting that their level of engagement may vary. However, given that they are all facing forward and looking towards the front of the room, it is clear that they are at least somewhat attentive to the ongoing lesson or activity.",,0
169,0002025.png,/home/ubuntu/SCB-05-Dataset/5k_HRW_Dataset_combined/images/val/0002025.png,2,2,"Behaviors: The students in the classroom are sitting at desks with their attention directed towards a teacher who is standing and pointing to something on a screen. They appear to be listening attentively and possibly taking notes or following along with the presentation.
Posture: The students are seated upright, facing forward, with their gaze directed towards the front of the room where the teacher is presenting.
Rating: 2",,0
170,0002029.png,/home/ubuntu/SCB-05-Dataset/5k_HRW_Dataset_combined/images/val/0002029.png,3,2,"Behaviors: The students in the classroom are sitting at their desks and appear to be engaged in a lesson being taught by the teacher.
Posture: The students are seated upright with their attention directed towards the front of the room where the teacher is standing.
Rating: 2",,0
171,0002034.png,/home/ubuntu/SCB-05-Dataset/5k_HRW_Dataset_combined/images/val/0002034.png,3,2,"Behaviors: The students in the classroom are sitting at their desks and appear to be engaged in a lesson being taught by a woman standing at the front of the room. They seem to be paying attention to her as she speaks.
Posture: Most of the students are sitting upright with their gaze directed towards the teacher, indicating that they are focused on the ongoing lesson.
Rating: 2",,0
172,0002036.png,/home/ubuntu/SCB-05-Dataset/5k_HRW_Dataset_combined/images/val/0002036.png,3,2,"Behaviors: The students in the classroom are sitting at desks and facing towards a man who is standing at the front of the room. They appear to be attentive as they listen to him speak.
Posture: The students are seated upright with their attention directed towards the speaker, indicating that they are actively engaged in the lecture or presentation.
Rating: 2",,0
173,0002041.png,/home/ubuntu/SCB-05-Dataset/5k_HRW_Dataset_combined/images/val/0002041.png,3,2,"Behaviors: The students in the classroom are sitting at their desks and appear to be engaged in some form of learning activity. They seem to be focused on the task at hand, with some students looking down at their books or papers, while others may be interacting with each other or the teacher.

Posture: The students are seated upright in their chairs, suggesting that they are attentive and actively participating in the class. Their gaze is directed towards the front of the classroom, where the teacher or a presentation might be taking place.

Rating: Based on the behaviors and posture observed in the image, I would rate the overall engagement level of the majority of students as 2 for engaged. The students seem to be actively participating in the class, but their level of engagement may vary individually. Some students may be more focused than others, but overall, they appear to be engaged in the learning activity.",,0
174,0002043.png,/home/ubuntu/SCB-05-Dataset/5k_HRW_Dataset_combined/images/val/0002043.png,3,2,"Behaviors: The students in the classroom are sitting at their desks, looking down at their books and papers. They appear to be engaged in a learning activity, possibly taking notes or working on assignments.
Posture: The students are seated upright with their attention focused on their work.
Rating: 2",,0
175,0002044.png,/home/ubuntu/SCB-05-Dataset/5k_HRW_Dataset_combined/images/val/0002044.png,3,2,"Behaviors: The students in the classroom are actively participating in a lesson, with one student standing and gesturing towards the teacher, while the others appear to be attentively watching the teacher.
Posture: The students are sitting upright at their desks, facing the front of the room where the teacher is standing.
Rating: 2",,0
176,0002045.png,/home/ubuntu/SCB-05-Dataset/5k_HRW_Dataset_combined/images/val/0002045.png,2,2,"Behaviors: The students in the classroom are sitting at desks and appear to be engaged in an activity, possibly related to a lesson or lecture being conducted by the woman standing at the front of the room. They seem to be focused on their work, with some students looking down at their papers or books.

Posture: The students are seated upright, facing forward towards the front of the classroom where the teacher is standing. Their attention seems to be directed towards her and the activity she is leading.

Rating: 2",,0
177,0002052.png,/home/ubuntu/SCB-05-Dataset/5k_HRW_Dataset_combined/images/val/0002052.png,3,2,"Behaviors: The students in the classroom are sitting at desks and facing towards the front of the room where a woman is standing. It appears that they are attentive to her presentation, as indicated by their focused gaze on her.
Posture: The students are seated upright with their attention directed towards the front of the room.
Rating: 2",,0
178,0002053.png,/home/ubuntu/SCB-05-Dataset/5k_HRW_Dataset_combined/images/val/0002053.png,3,2,"Behaviors: The students in the classroom are attentively watching a woman who is speaking at the front of the room. They appear to be listening and observing her actions.
Posture: The students are sitting upright with their attention directed towards the speaker.
Rating: 2",,0
179,0002059.png,/home/ubuntu/SCB-05-Dataset/5k_HRW_Dataset_combined/images/val/0002059.png,3,2,"Behaviors: The students in the classroom are actively participating in a lesson, with their hands raised to answer questions or provide answers. They appear engaged and attentive.

Posture: The students are sitting upright at their desks, facing towards the front of the room where the teacher is likely presenting information. Their body language suggests focus on the ongoing activity.

Rating: 2 (engaged)",,0
180,0002075.png,/home/ubuntu/SCB-05-Dataset/5k_HRW_Dataset_combined/images/val/0002075.png,3,2,"Behaviors: The students in the classroom are sitting and looking at a woman who is standing in front of them. They appear to be attentive as she speaks, with some students raising their hands, indicating active participation.
Posture: The students are seated in chairs, facing towards the front of the room where the woman is speaking. Their body postures suggest that they are engaged and focused on the ongoing presentation or lecture.
Rating: 2",,0
181,0002074.png,/home/ubuntu/SCB-05-Dataset/5k_HRW_Dataset_combined/images/val/0002074.png,3,2,"Behaviors: The students in the classroom are sitting at desks and facing towards the front of the room where a teacher is standing. They appear to be attentive and engaged in the ongoing lesson.
Posture: Most of the students have their bodies oriented towards the front of the room, suggesting that they are focused on the teacher or the content being presented. Their postures seem to indicate engagement and interest in the class.
Rating: Based on the behaviors and posture observed, I would rate the overall engagement level of the majority of students as 2 for engaged. The students appear to be actively participating in the lesson and are not exhibiting any signs of disengagement or distraction.",,0
182,00030001.png,/home/ubuntu/SCB-05-Dataset/5k_HRW_Dataset_combined/images/val/00030001.png,2,2,"Behaviors: The students in the classroom are sitting at desks and appear to be engaged in an activity that involves writing or taking notes. Some students are looking down at their papers, while others seem to be paying attention to a teacher or speaker who is standing among them.

Posture: Most of the students have upright postures with their heads facing forward, indicating they are actively participating in the class.

Rating: Based on the behaviors and posture observed, I would rate the overall engagement level of the majority of students as 2 for engaged. The students seem to be actively involved in the activity, but it is not possible to determine if their attention is fully focused or if they are just going through the motions without full engagement.",,0
183,00030005.png,/home/ubuntu/SCB-05-Dataset/5k_HRW_Dataset_combined/images/val/00030005.png,3,2,"Behaviors: The students in the classroom are sitting at desks with their heads down, suggesting that they might be working on assignments or tasks.
Posture: The students appear to be focused and engaged, as they are all seated upright and looking towards the front of the room where the teacher is likely providing instructions or guidance.
Rating: 2",,0
184,00030010.png,/home/ubuntu/SCB-05-Dataset/5k_HRW_Dataset_combined/images/val/00030010.png,3,2,"Behaviors: The students in the classroom are sitting at desks with chairs, and it appears that they are engaged in an activity. Some of them might be listening to a teacher or participating in a group discussion, while others seem to be focused on their own tasks.

Posture: The students are seated upright, facing towards the front of the room where the teacher is likely standing. Their attention seems directed towards the front of the classroom, suggesting that they are actively engaged in the ongoing activity.

Rating: Based on the behaviors and posture observed in the image, I would rate the overall engagement level of the majority of students as 2 for engaged. The students appear to be actively participating in the class, but their level of engagement may vary individually.",,0
185,00030018.png,/home/ubuntu/SCB-05-Dataset/5k_HRW_Dataset_combined/images/val/00030018.png,3,2,"Behaviors: The students in the classroom are sitting at desks and facing a teacher who is standing at the front of the room. They appear to be attentive as they listen to the teacher's instructions or lecture.

Posture: The students are seated upright, with their attention directed towards the front of the room where the teacher is speaking. Their body language suggests that they are actively engaged in the class.

Rating: 2 (engaged)",,0
186,00030014.png,/home/ubuntu/SCB-05-Dataset/5k_HRW_Dataset_combined/images/val/00030014.png,3,2,"Behaviors: The students in the classroom are sitting at desks with papers and pens in front of them, suggesting that they are engaged in an activity such as taking notes or completing assignments.
Posture: The students appear to be sitting upright with their attention directed towards the front of the room, indicating that they are focused on the ongoing class or lecture.
Rating: 2",,0
187,00030019.png,/home/ubuntu/SCB-05-Dataset/5k_HRW_Dataset_combined/images/val/00030019.png,3,2,"Behaviors: The students in the classroom are sitting at desks and facing a teacher who is standing in front of them. They appear to be attentive as they listen to the teacher's instructions or lecture.
Posture: The students are seated upright with their attention directed towards the front of the room, where the teacher is speaking.
Rating: 2 (engaged)",,0
188,00030020.png,/home/ubuntu/SCB-05-Dataset/5k_HRW_Dataset_combined/images/val/00030020.png,2,2,"Behaviors: The students in the classroom are actively participating in a lesson, with some children raising their hands and others looking at papers.
Posture: The students appear to be sitting upright and focused on the front of the room where the teacher is likely leading the class.
Rating: 2",,0
189,0006003.png,/home/ubuntu/SCB-05-Dataset/5k_HRW_Dataset_combined/images/val/0006003.png,3,2,"Behaviors: The students in the classroom are predominantly sitting at their desks with their attention directed towards the front of the room where a teacher is likely leading a lesson. Some students appear to be actively participating by raising their hands, while others seem to be more focused on their own tasks or materials.

Posture: The majority of the students have an upright posture, suggesting that they are attentive and engaged in the classroom environment.

Rating: Based on the behaviors and posture observed in the image, I would rate the overall engagement level of the majority of students as 2 for engaged. While some students are actively participating by raising their hands, others seem to be more focused on their own tasks or materials, indicating a moderate level of engagement.",,0
190,0006011.png,/home/ubuntu/SCB-05-Dataset/5k_HRW_Dataset_combined/images/val/0006011.png,3,2,"Behaviors: The students in the classroom are sitting at desks and appear to be engaged in an activity. They seem to be listening attentively to a person standing in front of them.
Posture: The students are seated upright with their attention directed towards the front of the room, where the speaker is likely addressing them.
Rating: 2",,0
191,0006015.png,/home/ubuntu/SCB-05-Dataset/5k_HRW_Dataset_combined/images/val/0006015.png,3,2,"Behaviors: The students in the classroom are sitting at desks and appear to be engaged in a group activity. They are looking towards the front of the room where an instructor is likely providing instructions or guidance.
Posture: The students are seated upright with their attention directed forward, indicating that they are actively participating in the class.
Rating: 2",,0
192,0006019.png,/home/ubuntu/SCB-05-Dataset/5k_HRW_Dataset_combined/images/val/0006019.png,3,2,"Behaviors: The students in the classroom are sitting at desks with their attention directed towards the front of the room where a teacher is standing. Some students appear to be actively engaged in the lesson, while others seem to be more passive and focused on their own activities.

Posture: The majority of the students have an upright posture, suggesting that they are attentive and engaged in the classroom environment.

Rating: 2",,0
193,0006021.png,/home/ubuntu/SCB-05-Dataset/5k_HRW_Dataset_combined/images/val/0006021.png,3,2,"Behaviors: The students in the classroom are sitting at desks with their attention directed towards the front of the room where a teacher is standing. They appear to be engaged in an activity that involves writing or taking notes, as suggested by the presence of pens and notebooks on the desks.

Posture: The students are seated upright in their chairs, suggesting they are attentive and focused on the ongoing lesson or activity.

Rating: 2",,0
194,0008005.png,/home/ubuntu/SCB-05-Dataset/5k_HRW_Dataset_combined/images/val/0008005.png,2,2,"Behaviors: The students in the classroom are actively participating in a group activity, with some of them raising their hands and others looking attentively at the teacher.
Posture: The students are sitting upright in their chairs, indicating that they are focused on the ongoing lesson.
Rating: 2",,0
195,0008007.png,/home/ubuntu/SCB-05-Dataset/5k_HRW_Dataset_combined/images/val/0008007.png,3,2,"Behaviors: The students in the classroom are sitting at desks and facing towards the front of the room where a teacher is standing. They appear to be attentive as they listen to the teacher's presentation.
Posture: The students are seated upright with their attention directed forward, indicating that they are actively engaged in the class.
Rating: 2 (engaged)",,0
196,0008009.png,/home/ubuntu/SCB-05-Dataset/5k_HRW_Dataset_combined/images/val/0008009.png,3,2,"Behaviors: The students in the classroom are sitting and looking towards a woman who is standing at the front of the room. They appear to be attentive and engaged with her presentation.
Posture: The students are seated upright, facing forward towards the teacher, indicating that they are actively participating in the class.
Rating: 2",,0
197,0008019.png,/home/ubuntu/SCB-05-Dataset/5k_HRW_Dataset_combined/images/val/0008019.png,3,2,"Behaviors: The students in the classroom are sitting on chairs and appear to be attentive, with some of them looking towards the front of the room where a teacher is standing.
Posture: The students are seated upright, facing forward, which suggests they are focused on the ongoing activity or lesson.
Rating: 2 (engaged)",,0
198,0008022.png,/home/ubuntu/SCB-05-Dataset/5k_HRW_Dataset_combined/images/val/0008022.png,3,2,"Behaviors: The students in the classroom are sitting at desks and facing towards a teacher who is standing at the front of the room. They appear to be attentive as they listen to the teacher's presentation.
Posture: The students are seated upright with their attention directed towards the front of the room, indicating that they are focused on the ongoing lecture or discussion.
Rating: 2 (engaged) - The students seem to be actively participating in the class, as evidenced by their posture and focus on the teacher.",,0
199,0008033.png,/home/ubuntu/SCB-05-Dataset/5k_HRW_Dataset_combined/images/val/0008033.png,3,2,"Behaviors: The students in the classroom are actively participating in a group activity. They are standing up and raising their hands, indicating that they are engaged in a discussion or presentation.
Posture: The students appear to be focused on the front of the room where the teacher is likely leading the activity. Their body postures suggest attentiveness and engagement with the ongoing lesson.
Rating: 2",,0
200,0008034.png,/home/ubuntu/SCB-05-Dataset/5k_HRW_Dataset_combined/images/val/0008034.png,3,2,"Behaviors: The students in the classroom are actively participating in a group activity. They are sitting at desks and appear to be engaged in a discussion or presentation, as indicated by their raised hands and focused attention on the speaker or material being presented.
Posture: The students are seated upright with their gaze directed towards the front of the room, indicating that they are attentive and actively involved in the activity.
Rating: 2 (engaged)",,0
201,0009008.png,/home/ubuntu/SCB-05-Dataset/5k_HRW_Dataset_combined/images/val/0009008.png,2,2,"Behaviors: The students in the classroom are sitting at desks and appear to be engaged in an activity that involves writing or reading. They seem focused on their work.

Posture: The students are seated upright with their attention directed towards their tasks.

Rating: 2",,0
202,0009005.png,/home/ubuntu/SCB-05-Dataset/5k_HRW_Dataset_combined/images/val/0009005.png,2,2,"Behaviors: The students in the classroom are sitting at desks and appear to be engaged in an activity that involves writing or drawing on paper. They seem to be focused on their work.
Posture: The students are seated upright with their attention directed towards their tasks.
Rating: 2",,0
203,0009012.png,/home/ubuntu/SCB-05-Dataset/5k_HRW_Dataset_combined/images/val/0009012.png,2,2,"Behaviors: The students in the classroom are sitting at desks and appear to be engaged in writing or drawing activities. Some of them are looking down at their work, while others seem to be paying attention to a teacher or an activity being led by someone out of frame.

Posture: Most of the students have upright postures with their heads facing forward, indicating that they are focused on their tasks.

Rating: Based on the behaviors and posture observed in the image, I would rate the overall engagement level of the majority of students as 2 for engaged. The students seem to be actively participating in the classroom activity, but it is not possible to determine if their engagement is high or low without more context about the nature of the task they are performing.",,0
204,0009013.png,/home/ubuntu/SCB-05-Dataset/5k_HRW_Dataset_combined/images/val/0009013.png,2,2,"Behaviors: The students in the classroom are sitting at desks and appear to be engaged in writing or taking notes.
Posture: The students are seated upright with their attention directed towards their work.
Rating: 2",,0
205,0009014.png,/home/ubuntu/SCB-05-Dataset/5k_HRW_Dataset_combined/images/val/0009014.png,2,2,"Behaviors: The students in the classroom are sitting at desks and appear to be engaged in writing or drawing on paper.
Posture: Most of the students have their heads down, suggesting that they are focused on their tasks.
Rating: Based on the behaviors and posture observed, I would rate the overall engagement level of the majority of students as 2 for engaged.",,0
206,0009022.png,/home/ubuntu/SCB-05-Dataset/5k_HRW_Dataset_combined/images/val/0009022.png,2,2,"Behaviors: The students in the classroom are sitting at desks and appear to be engaged in writing or reading. Some of them are looking down at their work, while others seem to be paying attention to the front of the room where a teacher is likely instructing.

Posture: The students are seated upright with their attention directed towards the front of the classroom, indicating that they are focused on the ongoing lesson or activity.

Rating: Based on the behaviors and posture observed in the image, I would rate the overall engagement level of the majority of students as 2 for engaged. While some students seem to be actively participating in the class, it is not possible to determine if all students are equally engaged without more information about their individual actions.",,0
207,0009031.png,/home/ubuntu/SCB-05-Dataset/5k_HRW_Dataset_combined/images/val/0009031.png,2,2,"Behaviors: The students in the classroom are sitting at desks and appear to be engaged in writing or reading. They seem focused on their tasks.

Posture: The students are seated upright with their attention directed towards their work.

Rating: Based on the behaviors and posture observed, I would rate the overall engagement level of the majority of students as 2 for engaged.",,0
208,0009036.png,/home/ubuntu/SCB-05-Dataset/5k_HRW_Dataset_combined/images/val/0009036.png,2,2,"Behaviors: The students in the classroom are sitting at desks and appear to be engaged in various activities. Some of them are looking down at their books or papers, while others seem to be paying attention to the front of the room where a teacher is likely providing instruction.

Posture: The students are seated upright with their attention directed towards the front of the classroom, indicating that they are focused on the ongoing lesson or activity.

Rating: Based on the behaviors and posture observed in the image, I would rate the overall engagement level of the majority of students as 2 for engaged. While some students may be more actively participating than others, it is evident that most of them are attentive to the class and their surroundings.",,0
209,0009040.png,/home/ubuntu/SCB-05-Dataset/5k_HRW_Dataset_combined/images/val/0009040.png,2,2,"Behaviors: The students in the classroom are sitting at desks and appear to be engaged in reading or writing. They seem focused on their tasks.
Posture: The students are seated upright with their attention directed towards their books or papers.
Rating: Based on their posture and engagement, I would rate the overall learning engagement level of the majority of students as 2 for engaged.",,0
210,0009047.png,/home/ubuntu/SCB-05-Dataset/5k_HRW_Dataset_combined/images/val/0009047.png,2,2,"Behaviors: The students in the classroom are sitting at desks and appear to be engaged in various activities. Some of them are looking down at their desks, while others seem to be focused on a teacher or an activity being led by her.
Posture: The students are seated upright with their attention directed towards the front of the room where the teacher is standing.
Rating: 2",,0
211,0009048.png,/home/ubuntu/SCB-05-Dataset/5k_HRW_Dataset_combined/images/val/0009048.png,2,2,"Behaviors: The students in the classroom are sitting at desks and appear to be engaged in various activities. Some of them are looking down at their desks, while others seem to be paying attention to a teacher or presentation.
Posture: The students are seated upright with their gaze directed towards the front of the room, indicating that they are focused on the ongoing activity or lesson.
Rating: 2",,0
212,0011006.png,/home/ubuntu/SCB-05-Dataset/5k_HRW_Dataset_combined/images/val/0011006.png,2,2,"Behaviors: The students in the classroom are sitting at desks and appear to be engaged in writing or reading. Some of them may also be interacting with their environment by using devices such as laptops or tablets.
Posture: The students are seated upright, facing forward towards the front of the room where a teacher is likely leading the class. Their attention seems focused on the task at hand.
Rating: 2",,0
213,0011008.png,/home/ubuntu/SCB-05-Dataset/5k_HRW_Dataset_combined/images/val/0011008.png,3,2,"Behaviors: The students in the classroom are sitting at desks and appear to be engaged in an activity. They seem to be focused on a presentation or lecture being given by someone standing at the front of the room.
Posture: The students are seated upright with their attention directed towards the front of the room, where the presenter is speaking.
Rating: 2",,0
214,0011032.png,/home/ubuntu/SCB-05-Dataset/5k_HRW_Dataset_combined/images/val/0011032.png,2,2,"Behaviors: The students in the classroom are sitting at desks and appear to be engaged in various activities. Some of them are looking at books, while others seem to be focused on their own tasks. There is a woman standing in front of the class, possibly teaching or leading an activity.

Posture: The students are seated upright with most of them facing towards the front of the classroom, suggesting that they are attentive and engaged in the ongoing lesson or activity.

Rating: Based on their posture and the fact that they seem to be actively participating in the class, I would rate the overall engagement level of the majority of students as 2 for engaged.",,0
215,0011026.png,/home/ubuntu/SCB-05-Dataset/5k_HRW_Dataset_combined/images/val/0011026.png,2,2,"Behaviors: The students in the classroom are sitting at desks and appear to be engaged in reading or writing. They seem focused on their tasks.

Posture: The students are seated upright with their attention directed towards their books or papers.

Rating: Based on the behaviors and posture observed, I would rate the overall engagement level of the majority of students as 2 for engaged.",,0
216,0011033.png,/home/ubuntu/SCB-05-Dataset/5k_HRW_Dataset_combined/images/val/0011033.png,2,2,"Behaviors: The students in the classroom are sitting at desks and appear to be engaged in writing or drawing on paper. They seem focused on their tasks.

Posture: The students are seated upright with their attention directed towards their work.

Rating: Based on the behaviors and posture observed, I would rate the overall engagement level of the majority of students as 2 for engaged.",,0
217,0012001.png,/home/ubuntu/SCB-05-Dataset/5k_HRW_Dataset_combined/images/val/0012001.png,2,2,"Behaviors: The students in the classroom are sitting and looking at a woman who is speaking. There is no clear indication of writing, reading, or using devices.

Posture: The students appear to be sitting upright with their attention directed towards the speaker.

Rating: 2",,0
218,0012004.png,/home/ubuntu/SCB-05-Dataset/5k_HRW_Dataset_combined/images/val/0012004.png,2,2,"Behaviors: The students in the classroom are sitting at desks and appear to be engaged in writing or reading. Some of them have their heads down on the desks, which could indicate a lack of focus or fatigue.
Posture: The students' postures vary; some are sitting upright while others have their heads down on the desks. This suggests that there is a mix of engagement and disengagement among the class.
Rating: Based on the behaviors and posture observed, I would rate the overall engagement level of the majority of students as 2 for engaged, with some students showing signs of fatigue or lack of focus.",,0
219,0012014.png,/home/ubuntu/SCB-05-Dataset/5k_HRW_Dataset_combined/images/val/0012014.png,2,2,"Behaviors: The students in the classroom are sitting at desks and appear to be engaged in reading books. They seem focused on their tasks.

Posture: The students are seated upright with their attention directed towards the books they are reading. Their body language suggests that they are actively participating in the learning activity.

Rating: 2",,0
220,0013006.png,/home/ubuntu/SCB-05-Dataset/5k_HRW_Dataset_combined/images/val/0013006.png,2,2,"Behaviors: The students in this classroom are predominantly focused on their devices, with some of them using laptops and others looking at books. They appear to be engaged in a learning activity that involves technology.
Posture: The students are sitting upright at desks, with most of them looking down at their devices or books. Their body posture suggests concentration and engagement in the task at hand.
Rating: Based on their behaviors and posture, I would rate the overall engagement level of the majority of students as 2 for engaged. While they are actively using their devices or reading, there is no clear indication that they are interacting with each other or the teacher, which could suggest a higher level of engagement if those interactions were visible in the image.",,0
221,0013008.png,/home/ubuntu/SCB-05-Dataset/5k_HRW_Dataset_combined/images/val/0013008.png,2,2,"Behaviors: The students in the classroom are sitting at desks and appear to be engaged in writing or reading. Some of them are looking down at their work, while others seem to be paying attention to the teacher or the front of the room.
Posture: The students are seated upright with their attention directed towards the front of the room or their work.
Rating: 2",,0
222,0013016.png,/home/ubuntu/SCB-05-Dataset/5k_HRW_Dataset_combined/images/val/0013016.png,2,2,"Behaviors: The students in the classroom are sitting at desks and appear to be engaged in writing or reading. They seem focused on their tasks.

Posture: The students are seated upright with their attention directed towards their work.

Rating: Based on the behaviors and posture observed, I would rate the overall engagement level of the majority of students as 2 for engaged.",,0
223,0014010.png,/home/ubuntu/SCB-05-Dataset/5k_HRW_Dataset_combined/images/val/0014010.png,2,2,"Behaviors: The students in the classroom are sitting at desks and appear to be engaged in some form of learning activity. Some students are looking down at their desks, while others are looking up towards the front of the room where a teacher is likely instructing.

Posture: The students are seated upright with their attention directed towards the front of the classroom, suggesting that they are focused on the ongoing lesson or task.

Rating: Based on the behaviors and posture observed in the image, I would rate the overall engagement level of the majority of students as 2 for engaged. While some students seem to be actively participating in the class, it is not possible to determine if all students are equally engaged without more information or a clearer view of their activities.",,0
224,0014013.png,/home/ubuntu/SCB-05-Dataset/5k_HRW_Dataset_combined/images/val/0014013.png,2,2,"Behaviors: The students in the classroom are sitting at desks and appear to be engaged in an activity that involves writing or drawing. They seem focused on their tasks.

Posture: The students are seated upright with their attention directed towards their work.

Rating: 2",,0
225,0014019.png,/home/ubuntu/SCB-05-Dataset/5k_HRW_Dataset_combined/images/val/0014019.png,2,2,"Behaviors: The students in the classroom are sitting at desks and appear to be engaged in an activity that involves writing or drawing. They seem focused on their tasks.

Posture: The students are seated upright with their attention directed towards their work.

Rating: 2",,0
226,0014018.png,/home/ubuntu/SCB-05-Dataset/5k_HRW_Dataset_combined/images/val/0014018.png,2,2,"Behaviors: The students in the classroom are sitting at desks and appear to be engaged in an activity that involves writing or reading. They seem focused on their work.

Posture: The students are seated upright with their attention directed towards their tasks.

Rating: 2",,0
227,0015012.png,/home/ubuntu/SCB-05-Dataset/5k_HRW_Dataset_combined/images/val/0015012.png,3,2,"Behaviors: The students in the classroom are actively participating in a lesson, with one student standing at the front of the room and gesturing towards the teacher. Other students are attentively watching the teacher and the student presenting.
Posture: The students are sitting upright in their chairs, facing the front of the room where the teacher is standing. Their body language suggests they are engaged in the lesson.
Rating: 2",,0
228,0015013.png,/home/ubuntu/SCB-05-Dataset/5k_HRW_Dataset_combined/images/val/0015013.png,3,2,"Behaviors: The students in the classroom are actively participating in a lesson, with one student standing at the front of the room and gesturing towards the teacher. Other students are attentively watching the teacher and the student presenting.
Posture: The students appear to be sitting upright and facing towards the front of the room, indicating that they are focused on the ongoing lesson.
Rating: 2",,0
229,0015016.png,/home/ubuntu/SCB-05-Dataset/5k_HRW_Dataset_combined/images/val/0015016.png,2,2,"Behaviors: The students in the classroom are sitting at desks and appear to be engaged in writing or drawing on paper.
Posture: The students are seated upright with their attention directed towards their work.
Rating: 2",,0
230,0014012.png,/home/ubuntu/SCB-05-Dataset/5k_HRW_Dataset_combined/images/val/0014012.png,2,2,"Behaviors: The students in the classroom are sitting at desks and appear to be engaged in a learning activity. One student is standing up and reading from a book, while others are looking towards the camera.
Posture: The students are seated upright with their attention directed towards the front of the room where the teacher or speaker is likely located.
Rating: 2",,0
231,0015018.png,/home/ubuntu/SCB-05-Dataset/5k_HRW_Dataset_combined/images/val/0015018.png,2,2,"Behaviors: The students in the classroom are sitting at desks and appear to be engaged in writing or reading. Some of them have their heads down on the desks, which could indicate a lack of focus or fatigue.
Posture: The students' postures vary; some are sitting upright while others have their heads down on the desks. This suggests that there is a mix of engagement levels among the class.
Rating: 2",,0
232,0016004.png,/home/ubuntu/SCB-05-Dataset/5k_HRW_Dataset_combined/images/val/0016004.png,2,2,"Behaviors: The students in the classroom are sitting at desks and appear to be engaged in various activities. Some of them are looking down at their desks, while others seem to be focused on a book or paperwork. A few students are also looking upwards, possibly towards the teacher or the front of the room.

Posture: The students are sitting upright with their attention directed towards their tasks. Their body language suggests that they are actively participating in the class.

Rating: 2",,0
233,0016006.png,/home/ubuntu/SCB-05-Dataset/5k_HRW_Dataset_combined/images/val/0016006.png,2,2,"Behaviors: The students in the classroom are sitting at desks and appear to be engaged in various activities. Some of them are writing, while others seem to be focused on their workbooks or tasks. There is a mix of attentive and relaxed postures among the students.

Posture: The students' body posture varies from sitting upright with attention directed towards their work, to leaning forward or resting their heads on their hands, indicating a range of engagement levels within the classroom.

Rating: Based on the behaviors and posture observed in the image, I would rate the overall engagement level of the majority of students as 2 for engaged. While some students are actively writing or working on tasks, others seem to be less focused, suggesting that their engagement levels may vary. However, it is not possible to accurately determine the exact number of students who fall into each category without more information.",,0
234,0016007.png,/home/ubuntu/SCB-05-Dataset/5k_HRW_Dataset_combined/images/val/0016007.png,2,2,"Behaviors: The students in the classroom are sitting at desks and appear to be engaged in reading or writing. They seem focused on their tasks.

Posture: The students are seated upright with their attention directed towards their work.

Rating: Based on the behaviors and posture observed, I would rate the overall engagement level of the majority of students as 2 for engaged.",,0
235,0016014.png,/home/ubuntu/SCB-05-Dataset/5k_HRW_Dataset_combined/images/val/0016014.png,2,2,"Behaviors: The students in the classroom are sitting at desks and appear to be engaged in reading books. They seem to be focused on their tasks.

Posture: The students are seated upright with their attention directed towards the books they are reading.

Rating: 2",,0
236,0016021.png,/home/ubuntu/SCB-05-Dataset/5k_HRW_Dataset_combined/images/val/0016021.png,2,2,"Behaviors: The students in the classroom are sitting at desks and appear to be engaged in various activities. Some of them are looking down at their work, while others seem to be focused on the teacher or the front of the room.
Posture: The students are seated upright with their attention directed towards the front of the room or their work.
Rating: 2",,0
237,0016026.png,/home/ubuntu/SCB-05-Dataset/5k_HRW_Dataset_combined/images/val/0016026.png,2,2,"Behaviors: The students in the classroom are sitting at desks and appear to be engaged in an activity, possibly listening to a teacher or participating in a group discussion.
Posture: The students are seated upright with their attention directed towards the front of the room, suggesting that they are focused on the ongoing activity.
Rating: 2",,0
238,0016028.png,/home/ubuntu/SCB-05-Dataset/5k_HRW_Dataset_combined/images/val/0016028.png,2,2,"Behaviors: The students in the classroom are sitting at desks with notebooks and pens, indicating that they are actively engaged in writing or taking notes. One student is looking down at their notebook, while another appears to be looking up towards the camera.
Posture: The students are seated upright at their desks, suggesting that they are focused on their tasks.
Rating: 2",,0
239,0020003.png,/home/ubuntu/SCB-05-Dataset/5k_HRW_Dataset_combined/images/val/0020003.png,2,2,"Behaviors: The students in the classroom are sitting at desks and appear to be engaged in an activity. Some of them are looking down at their desks, while others are looking up towards the front of the room where a woman is standing.

Posture: The students are seated upright with their attention directed towards the front of the room. Their body language suggests that they are focused on the ongoing activity or lesson.

Rating: 2",,0
240,0020006.png,/home/ubuntu/SCB-05-Dataset/5k_HRW_Dataset_combined/images/val/0020006.png,2,2,"Behaviors: The students in the classroom are sitting at desks and appear to be engaged in writing or drawing on paper. Some of them have their heads down, possibly indicating that they are focused on their work.
Posture: The students are seated upright with their attention directed towards their tasks.
Rating: 2",,0
241,0022003.png,/home/ubuntu/SCB-05-Dataset/5k_HRW_Dataset_combined/images/val/0022003.png,2,2,"Behaviors: The students in the classroom are sitting at desks and appear to be engaged in various activities such as writing, reading, or working on assignments. Some students may also be interacting with their devices or talking to each other.
Posture: The students are seated upright at their desks, suggesting that they are focused on their tasks.
Rating: Based on the behaviors and posture observed in the image, I would rate the overall engagement level of the majority of students as 2 for engaged. While some students may be more actively engaged than others, it is clear that most of them are participating in classroom activities.",,0
242,0022005.png,/home/ubuntu/SCB-05-Dataset/5k_HRW_Dataset_combined/images/val/0022005.png,2,2,"Behaviors: The students in the classroom are sitting at desks and appear to be engaged in an activity that involves writing or reading. They seem focused on their work.

Posture: The students are seated upright with their attention directed towards their tasks.

Rating: 2",,0
243,0022009.png,/home/ubuntu/SCB-05-Dataset/5k_HRW_Dataset_combined/images/val/0022009.png,2,2,"Behaviors: The students in the classroom are sitting at desks and appear to be engaged in writing or taking notes. Some of them may also be looking at their surroundings or interacting with each other.
Posture: The students are seated upright, facing forward towards the front of the room where the teacher is likely standing or presenting.
Rating: 2 (engaged)",,0
244,0023007.png,/home/ubuntu/SCB-05-Dataset/5k_HRW_Dataset_combined/images/val/0023007.png,2,2,"Behaviors: The students in the classroom are sitting at desks and appear to be engaged in various activities. Some of them are looking down at their desks, while others seem to be focused on a task or activity.
Posture: The students are seated upright with their attention directed towards their work or the front of the room.
Rating: 2",,0
245,0023013.png,/home/ubuntu/SCB-05-Dataset/5k_HRW_Dataset_combined/images/val/0023013.png,2,2,"Behaviors: The students in this classroom environment are predominantly sitting at desks and appear to be engaged in various activities. Some of them are writing on paper, while others seem to be looking at their surroundings or possibly interacting with each other.

Posture: The students' postures vary, but many of them are sitting upright, suggesting that they are attentive and focused on the task at hand.

Rating: Based on the behaviors and posture observed in the image, I would rate the overall engagement level of the majority of students as 2 for engaged. While some students seem to be actively writing or looking at their surroundings, it is not possible to determine if they are fully immersed in the learning process without more context about the specific activity or lesson being taught.",,0
246,0023025.png,/home/ubuntu/SCB-05-Dataset/5k_HRW_Dataset_combined/images/val/0023025.png,2,2,"Behaviors: The students in the classroom are sitting at desks and appear to be engaged in reading or writing. They seem focused on their tasks.

Posture: The students are seated upright with their attention directed towards their books or papers.

Rating: Based on the behaviors and posture observed, I would rate the overall engagement level of the majority of students as 2 for engaged. While they are actively reading or writing, there is no clear indication that they are highly engaged or demonstrating a high level of focus and interaction with their environment.",,0
247,0023030.png,/home/ubuntu/SCB-05-Dataset/5k_HRW_Dataset_combined/images/val/0023030.png,2,2,"Behaviors: The students in this classroom environment are predominantly sitting at desks and working on papers. Some of them appear to be writing or reading, while others seem to be engaged in conversation with their peers.
Posture: The students are generally seated upright, focused on their work or the ongoing discussion.
Rating: Based on the behaviors and posture observed, I would rate the overall engagement level of the majority of students as 2 for being engaged.",,0
248,0023033.png,/home/ubuntu/SCB-05-Dataset/5k_HRW_Dataset_combined/images/val/0023033.png,2,2,"Behaviors: The students in the classroom are sitting at desks and appear to be engaged in writing or drawing activities. Some of them are looking down at their work, while others seem to be paying attention to a teacher or an activity being led by someone out of frame.

Posture: The students are seated upright with their focus directed towards their tasks on the desk. Their body language suggests that they are actively participating in the classroom activity.

Rating: Based on the behaviors and posture observed, I would rate the overall engagement level of the majority of students as 2 for engaged. While some students seem to be more focused than others, most of them appear to be actively involved in their tasks or paying attention to the ongoing activity.",,0
249,0024004.png,/home/ubuntu/SCB-05-Dataset/5k_HRW_Dataset_combined/images/val/0024004.png,2,2,"Behaviors: The students in the classroom are sitting at desks and appear to be engaged in various activities. Some of them are looking at papers or books, while others seem to be interacting with each other or their surroundings.
Posture: Most of the students are sitting upright, suggesting that they are focused on their tasks or discussions.
Rating: Based on the behaviors and posture observed, I would rate the overall engagement level of the majority of students as 2 for engaged. The students seem to be actively participating in class activities, but it is not possible to determine if their engagement is high or low without more context about the nature of the tasks they are performing or the level of interaction among them.",,0
250,0024008.png,/home/ubuntu/SCB-05-Dataset/5k_HRW_Dataset_combined/images/val/0024008.png,2,2,"Behaviors: The students in the classroom are sitting at desks and appear to be engaged in writing or reading. They seem focused on their tasks.

Posture: The students are seated upright with their attention directed towards their work.

Rating: Based on the behaviors and posture observed, I would rate the overall engagement level of the majority of students as 2 for engaged.",,0
251,0024009.png,/home/ubuntu/SCB-05-Dataset/5k_HRW_Dataset_combined/images/val/0024009.png,2,2,"Behaviors: The students in the classroom are sitting at desks and appear to be engaged in an activity that involves writing or taking notes. They seem focused on their work.
Posture: The students are seated upright with their attention directed towards the front of the room, indicating a level of engagement and focus.
Rating: 2",,0
252,0024012.png,/home/ubuntu/SCB-05-Dataset/5k_HRW_Dataset_combined/images/val/0024012.png,2,2,"Behaviors: The students in the classroom are sitting at desks and appear to be engaged in writing or reading. Some of them are looking down at their papers, while others seem to be focused on the front of the room where a teacher is likely leading the class.

Posture: The students are seated upright with their attention directed towards the front of the classroom, indicating that they are actively participating in the lesson.

Rating: 2",,0
253,0024022.png,/home/ubuntu/SCB-05-Dataset/5k_HRW_Dataset_combined/images/val/0024022.png,2,2,"Behaviors: The students in the classroom are sitting and looking at papers, with some of them writing on them.
Posture: The students appear to be seated upright, focused on their tasks.
Rating: 2",,0
254,0024037.png,/home/ubuntu/SCB-05-Dataset/5k_HRW_Dataset_combined/images/val/0024037.png,2,2,"Behaviors: The students in the classroom are sitting at desks and working on their schoolwork. They appear to be focused on their tasks, with some students writing or drawing, while others may be reading or solving problems.
Posture: The students are seated upright at their desks, indicating that they are actively engaged in their work. Their visual attention seems to be directed towards their tasks, suggesting a level of focus and engagement.
Rating: Based on the behaviors and posture observed, I would rate the overall engagement level of the majority of students as 2 for engaged. The students seem to be actively participating in their learning activities, but there is no clear indication of high levels of engagement or excitement.",,0
255,0024038.png,/home/ubuntu/SCB-05-Dataset/5k_HRW_Dataset_combined/images/val/0024038.png,2,2,"Behaviors: The students in this classroom environment are predominantly focused on writing and taking notes. They are seated at desks with paper and pens, indicating that they are actively engaged in the learning process.

Posture: The students appear to be sitting upright and attentive, suggesting a high level of focus and engagement.

Rating: Based on their behaviors and posture, I would rate the overall engagement level of the majority of students as 2 for engaged. While they are actively writing and taking notes, it is not possible to determine if they are fully immersed in the learning process or simply following along with the teacher's instructions.",,0
256,0024054.png,/home/ubuntu/SCB-05-Dataset/5k_HRW_Dataset_combined/images/val/0024054.png,2,2,"Behaviors: The students in the classroom are sitting at desks and appear to be engaged in reading or writing. Some of them may also be looking out of the window or interacting with each other.
Posture: Most of the students are sitting upright with their attention directed towards their books or papers, suggesting that they are focused on their tasks.
Rating: 2 (engaged)",,0
257,0024070.png,/home/ubuntu/SCB-05-Dataset/5k_HRW_Dataset_combined/images/val/0024070.png,2,2,"Behaviors: The students in the classroom are sitting at desks and appear to be engaged in an activity that involves writing or drawing. They seem focused on their work.

Posture: The students are seated upright with their attention directed towards their tasks.

Rating: 2",,0
258,0025002.png,/home/ubuntu/SCB-05-Dataset/5k_HRW_Dataset_combined/images/val/0025002.png,2,2,"Behaviors: The students in the classroom are sitting at desks and appear to be engaged in writing or taking notes. Some of them may also be looking at their books or other materials on their desks.
Posture: Most of the students are sitting upright with their attention directed towards their work, suggesting a level of focus and engagement.
Rating: 2 (engaged)",,0
259,0025003.png,/home/ubuntu/SCB-05-Dataset/5k_HRW_Dataset_combined/images/val/0025003.png,2,2,"Behaviors: The students in this classroom are predominantly focused on their work. They are sitting at desks and appear to be engaged in writing or reading, with some students looking down at their books or papers.
Posture: The students' posture is generally upright, suggesting that they are attentive and actively participating in the class.
Rating: Based on the behaviors and posture observed, I would rate the overall engagement level of the majority of students as 2 for engaged.",,0
260,0025004.png,/home/ubuntu/SCB-05-Dataset/5k_HRW_Dataset_combined/images/val/0025004.png,2,2,"Behaviors: The students in the classroom are sitting at desks and appear to be engaged in writing or reading. Some of them are looking down at their work, while others seem to be paying attention to a teacher or presentation.
Posture: Most of the students have an upright posture with their heads facing forward, indicating that they are focused on their tasks.
Rating: Based on the behaviors and posture observed in the image, I would rate the overall engagement level of the majority of students as 2 for engaged. While some students seem to be actively participating in the class activity, others may not be fully engaged or may be slightly distracted.",,0
261,0025012.png,/home/ubuntu/SCB-05-Dataset/5k_HRW_Dataset_combined/images/val/0025012.png,2,2,"Behaviors: The students in the classroom are sitting at desks and appear to be engaged in an activity that involves writing or taking notes. Some students are looking down at their papers, while others seem to be paying attention to a teacher or presentation.

Posture: The students are seated upright with their attention directed towards the front of the room, suggesting they are focused on the ongoing lesson or task.

Rating: 2",,0
262,0025009.png,/home/ubuntu/SCB-05-Dataset/5k_HRW_Dataset_combined/images/val/0025009.png,2,2,"Behaviors: The students in this classroom environment are predominantly sitting at desks and writing on paper. Some of them appear to be focused on their tasks, while others may be engaged in conversation with each other.
Posture: The majority of the students have an upright posture, suggesting that they are actively participating in the class or working on their assignments. Their visual attention seems to be directed towards their desks and the task at hand.
Rating: Based on the behaviors and posture observed, I would rate the overall engagement level of the majority of students as a 2 for being engaged. While some students may be more focused than others, the general atmosphere suggests that they are actively participating in the class or working on their assignments.",,0
263,0025018.png,/home/ubuntu/SCB-05-Dataset/5k_HRW_Dataset_combined/images/val/0025018.png,2,2,"Behaviors: The students in the classroom are sitting at desks and appear to be engaged in various activities. Some of them are writing on papers, while others seem to be focused on their work. There is no clear indication that any student is resting their head or using a device.

Posture: The students are seated upright with their attention directed towards the task at hand. Their body language suggests focus and engagement in their activities.

Rating: Based on the behaviors and posture observed, I would rate the overall engagement level of the majority of students as 2 for engaged. While some students seem to be actively writing or working on tasks, others may not be as visibly engaged but are still present and participating in the classroom environment.",,0
264,0025021.png,/home/ubuntu/SCB-05-Dataset/5k_HRW_Dataset_combined/images/val/0025021.png,2,2,"Behaviors: The students in the classroom are sitting at desks with paper and pencils, suggesting that they are engaged in writing or drawing activities.

Posture: The students appear to be sitting upright and focused on their tasks, indicating a level of engagement.

Rating: 2",,0
265,0025022.png,/home/ubuntu/SCB-05-Dataset/5k_HRW_Dataset_combined/images/val/0025022.png,2,2,"Behaviors: The students in the classroom are sitting at desks and appear to be engaged in various activities. Some of them are writing on papers, while others seem to be focused on their workbooks or other materials.
Posture: The students are seated upright with their attention directed towards their tasks.
Rating: 2",,0
266,0026012.png,/home/ubuntu/SCB-05-Dataset/5k_HRW_Dataset_combined/images/val/0026012.png,2,2,"Behaviors: The students in this classroom are actively engaged in writing and reading. They are sitting at desks with books open before them, focusing on their tasks.

Posture: The students are seated upright at their desks, indicating that they are attentive to the task at hand.

Rating: 2",,0
267,0026013.png,/home/ubuntu/SCB-05-Dataset/5k_HRW_Dataset_combined/images/val/0026013.png,2,2,"Behaviors: The students in this classroom are actively engaged in writing and reading. They are sitting at desks with books open before them, indicating that they are focused on their tasks.
Posture: The students appear to be sitting upright and attentive, suggesting that they are concentrating on their work.
Rating: 2",,0
268,0025069.png,/home/ubuntu/SCB-05-Dataset/5k_HRW_Dataset_combined/images/val/0025069.png,2,2,"Behaviors: The students in the classroom are sitting at desks and appear to be engaged in an activity that involves writing or drawing on paper. They seem focused on their tasks.
Posture: The students are seated upright with their attention directed towards their work.
Rating: 2",,0
269,0026015.png,/home/ubuntu/SCB-05-Dataset/5k_HRW_Dataset_combined/images/val/0026015.png,2,2,"Behaviors: The students in this classroom environment are predominantly engaged in writing and reading. They are sitting at desks with paper and pencils, focusing on their tasks.
Posture: The students appear to be sitting upright, indicating that they are attentive and focused on their work.
Rating: 2",,0
270,0026017.png,/home/ubuntu/SCB-05-Dataset/5k_HRW_Dataset_combined/images/val/0026017.png,2,2,"Behaviors: The students in this classroom are sitting at desks and appear to be engaged in writing or reading. They seem focused on their tasks.

Posture: The students are seated upright with their attention directed towards the front of the room, indicating that they are actively participating in the class.

Rating: 2",,0
271,0100012.png,/home/ubuntu/SCB-05-Dataset/5k_HRW_Dataset_combined/images/val/0100012.png,3,2,"Behaviors: The students in the classroom are sitting at desks and appear to be engaged in a lecture or presentation. They are looking towards the front of the room where the speaker is standing.
Posture: The students are seated upright with their attention directed forward, indicating that they are focused on the ongoing activity.
Rating: 2",,0
272,0100017.png,/home/ubuntu/SCB-05-Dataset/5k_HRW_Dataset_combined/images/val/0100017.png,3,2,"Behaviors: The students in the classroom are sitting at their desks and appear to be engaged in a group activity. Some of them are raising their hands, indicating that they are actively participating in the class.
Posture: The students are seated upright with their attention directed towards the front of the room, suggesting that they are focused on the ongoing lesson or discussion.
Rating: 2",,0
273,0100019.png,/home/ubuntu/SCB-05-Dataset/5k_HRW_Dataset_combined/images/val/0100019.png,3,2,"Behaviors: The students in this classroom environment are predominantly sitting at their desks and engaging with the learning materials. Some of them are raising their hands, indicating that they are actively participating in the class.
Posture: The students appear to be sitting upright and focused on the front of the room or their workbooks, suggesting a level of engagement and attentiveness.
Rating: Based on the behaviors and posture observed, I would rate the overall engagement level of the majority of students as 2 for engaged.",,0
274,0100029.png,/home/ubuntu/SCB-05-Dataset/5k_HRW_Dataset_combined/images/val/0100029.png,3,2,"Behaviors: The students in the classroom are sitting at desks and facing a teacher who is standing in front of them. They appear to be attentive as they watch the teacher present information on a screen.
Posture: The students are seated upright with their attention directed towards the front of the room, where the teacher is presenting.
Rating: 2",,0
275,0100034.png,/home/ubuntu/SCB-05-Dataset/5k_HRW_Dataset_combined/images/val/0100034.png,3,2,"Behaviors: The students in the classroom are actively participating in a lesson, with their hands raised and pointing towards the teacher. They appear to be engaged in the activity being led by the person at the front of the room.
Posture: The students are sitting upright, facing forward, and looking towards the teacher or the front of the room.
Rating: 2",,0
276,0100057.png,/home/ubuntu/SCB-05-Dataset/5k_HRW_Dataset_combined/images/val/0100057.png,3,2,"Behaviors: The students in the classroom are sitting and facing towards the front of the room where a woman is standing. They appear to be attentive as they watch her.
Posture: The students are seated with their bodies oriented towards the front of the room, suggesting that they are focused on the speaker or presentation.
Rating: 2",,0
277,0100056.png,/home/ubuntu/SCB-05-Dataset/5k_HRW_Dataset_combined/images/val/0100056.png,3,2,"Behaviors: The students in the classroom are sitting at desks and appear to be engaged in a group activity. They seem to be listening attentively to the teacher or speaker, as indicated by their focused gaze towards the front of the room.
Posture: The students are seated upright with their attention directed forward, suggesting that they are actively participating in the class.
Rating: 2",,0
278,0100067.png,/home/ubuntu/SCB-05-Dataset/5k_HRW_Dataset_combined/images/val/0100067.png,3,2,"Behaviors: The students in the classroom are sitting at desks and facing towards the front of the room where a teacher is standing. It appears that they are engaged in an activity, possibly listening to the teacher or waiting for instructions.
Posture: The students are seated upright with their attention directed forward, indicating that they are focused on the ongoing lesson or activity.
Rating: 2",,0
279,0101007.png,/home/ubuntu/SCB-05-Dataset/5k_HRW_Dataset_combined/images/val/0101007.png,3,2,"Behaviors: The students in the classroom are sitting at desks and appear to be engaged in a group activity. They seem to be listening attentively to someone speaking or watching something, possibly on a screen out of frame.
Posture: Most of the students have their heads down, suggesting that they might be focused on the task at hand or taking notes. Their body postures are generally upright and facing forward, indicating engagement in the activity.
Rating: 2",,0
280,0101004.png,/home/ubuntu/SCB-05-Dataset/5k_HRW_Dataset_combined/images/val/0101004.png,3,2,"Behaviors: The students in the classroom are sitting at desks and facing towards a teacher who is standing at the front of the room. They appear to be attentive as they listen to the presentation.
Posture: The students are seated upright with their attention directed towards the front of the room, indicating that they are actively engaged in the class.
Rating: 2",,0
281,0101008.png,/home/ubuntu/SCB-05-Dataset/5k_HRW_Dataset_combined/images/val/0101008.png,3,2,"Behaviors: The students in the classroom are sitting at desks and appear to be engaged in a group activity, possibly listening to a teacher or participating in a discussion.

Posture: The students are seated upright with their attention directed towards the front of the room, suggesting that they are focused on the ongoing activity.

Rating: 2",,0
282,0101011.png,/home/ubuntu/SCB-05-Dataset/5k_HRW_Dataset_combined/images/val/0101011.png,3,2,"Behaviors: The students in the classroom are sitting at desks and appear to be engaged in an activity. They seem to be listening attentively to a teacher or presentation, as indicated by their focused gaze towards the front of the room.
Posture: The students are seated upright with their attention directed forward, suggesting that they are actively participating in the class.
Rating: 2",,0
283,0101012.png,/home/ubuntu/SCB-05-Dataset/5k_HRW_Dataset_combined/images/val/0101012.png,3,2,"Behaviors: The students in the classroom are sitting at desks and appear to be engaged in a group activity. They seem to be listening attentively to someone speaking or watching something, as indicated by their focused gaze towards the front of the room.
Posture: The students are seated upright with their attention directed forward, suggesting that they are actively participating in the class activity.
Rating: 2",,0
284,0101016.png,/home/ubuntu/SCB-05-Dataset/5k_HRW_Dataset_combined/images/val/0101016.png,3,2,"Behaviors: The students in the classroom are actively participating in a group activity. They are standing up and raising their hands, indicating that they are engaged in the lesson being taught by the woman at the front of the room.
Posture: The students appear to be focused on the teacher and the content being presented, with most of them standing upright and looking towards the front of the classroom.
Rating: 2",,0
285,0101018.png,/home/ubuntu/SCB-05-Dataset/5k_HRW_Dataset_combined/images/val/0101018.png,3,2,"Behaviors: The students in the classroom are actively participating in a group activity. They are standing up and raising their hands, indicating that they are engaged in the lesson being taught by the teacher.
Posture: The students appear to be focused on the front of the room where the teacher is standing, suggesting that they are paying attention to the ongoing lesson.
Rating: 2",,0
286,0101019.png,/home/ubuntu/SCB-05-Dataset/5k_HRW_Dataset_combined/images/val/0101019.png,3,2,"Behaviors: The students in the classroom are actively participating in a group activity. They are raising their hands and seem to be engaged in a discussion or presentation.

Posture: The students are sitting upright with their attention directed towards the front of the room where the teacher is standing, indicating that they are focused on the ongoing activity.

Rating: 2",,0
287,0101028.png,/home/ubuntu/SCB-05-Dataset/5k_HRW_Dataset_combined/images/val/0101028.png,3,2,"Behaviors: The students in the classroom are sitting at desks and appear to be engaged in a group activity, possibly listening to an instructor or participating in a discussion.

Posture: The students are seated upright with their attention directed towards the front of the room, suggesting that they are focused on the ongoing activity.

Rating: 2",,0
288,0101041.png,/home/ubuntu/SCB-05-Dataset/5k_HRW_Dataset_combined/images/val/0101041.png,3,2,"Behaviors: The students in the classroom are sitting at desks and facing a large screen displaying a presentation. They appear to be attentive and engaged with the content being shown on the screen.
Posture: The students are seated upright in their chairs, suggesting that they are actively participating in the class or paying attention to the presentation.
Rating: 2",,0
289,0101046.png,/home/ubuntu/SCB-05-Dataset/5k_HRW_Dataset_combined/images/val/0101046.png,3,2,"Behaviors: The students in the classroom are actively participating in an activity with a teacher. They appear to be engaged and focused on the task at hand.

Posture: The students are sitting upright, facing towards the front of the room where the teacher is standing. Their attention seems to be directed towards the teacher or the activity being conducted.

Rating: 2",,0
290,0101048.png,/home/ubuntu/SCB-05-Dataset/5k_HRW_Dataset_combined/images/val/0101048.png,3,2,"Behaviors: The students in the classroom are actively participating in a lesson with their teacher. They appear to be paying attention and possibly taking notes or following along with the teacher's instructions.
Posture: The students are sitting upright at desks, facing towards the front of the room where the teacher is standing. Their body language suggests they are engaged in the class activity.
Rating: 2",,0
291,0101051.png,/home/ubuntu/SCB-05-Dataset/5k_HRW_Dataset_combined/images/val/0101051.png,3,2,"Behaviors: The students in the classroom are sitting at desks and facing towards the front of the room where a teacher is standing. They appear to be attentive as they are looking at the teacher who is writing on the chalkboard.
Posture: The students are seated upright, with their attention directed towards the front of the room.
Rating: 2",,0
292,0101053.png,/home/ubuntu/SCB-05-Dataset/5k_HRW_Dataset_combined/images/val/0101053.png,3,2,"Behaviors: The students in the classroom are sitting at desks with their heads down, suggesting that they might be working on tasks or paying attention to something out of frame.
Posture: The students' posture is generally upright and focused, as they are seated and looking ahead.
Rating: 2",,0
293,0101054.png,/home/ubuntu/SCB-05-Dataset/5k_HRW_Dataset_combined/images/val/0101054.png,3,2,"Behaviors: The students in the classroom are sitting at desks and facing a teacher who is standing at the front of the room. They appear to be attentive as they listen to the teacher's instructions or lecture.
Posture: The students are seated upright, with their attention directed towards the front of the room where the teacher is speaking.
Rating: 2 (engaged)",,0
294,0101056.png,/home/ubuntu/SCB-05-Dataset/5k_HRW_Dataset_combined/images/val/0101056.png,3,2,"Behaviors: The students in the classroom are sitting at desks and appear to be engaged in an activity that involves writing on paper. They seem to be focused on their work.
Posture: Most of the students are sitting upright with their attention directed towards their tasks.
Rating: 2",,0
295,0101065.png,/home/ubuntu/SCB-05-Dataset/5k_HRW_Dataset_combined/images/val/0101065.png,3,2,"Behaviors: The students in the classroom are interacting with each other and their environment. They appear to be engaged in a group activity, possibly involving a teacher or an adult figure who is standing among them. Some students are looking at the camera, while others seem to be focused on the task at hand.

Posture: The students are sitting upright, facing towards the front of the room where the teacher or adult figure is present. Their body language suggests that they are attentive and actively participating in the activity.

Rating: Based on their posture and engagement with the environment, I would rate the overall learning engagement level of the majority of students as 2 for engaged. The students seem to be actively involved in the group activity, but it is not possible to determine if they are fully immersed or just participating at a basic level.",,0
296,0101066.png,/home/ubuntu/SCB-05-Dataset/5k_HRW_Dataset_combined/images/val/0101066.png,3,2,"Behaviors: The students in the classroom are actively participating in a lesson with a teacher. They appear to be listening attentively and observing the teacher's actions. Some students may be taking notes or following along with the lesson.
Posture: The students are sitting upright, facing towards the front of the room where the teacher is standing. Their body language suggests that they are engaged in the lesson.
Rating: 2 (engaged)",,0
297,0101080.png,/home/ubuntu/SCB-05-Dataset/5k_HRW_Dataset_combined/images/val/0101080.png,3,2,"Behaviors: The students in the classroom are sitting at desks and facing towards a teacher who is standing in front of them. They appear to be attentive as they listen to the teacher's instructions or lecture.
Posture: The students are seated upright with their attention directed towards the front of the room, where the teacher is speaking.
Rating: 2 - The students seem engaged and focused on the teacher's presentation or lesson.",,0
298,0102002.png,/home/ubuntu/SCB-05-Dataset/5k_HRW_Dataset_combined/images/val/0102002.png,3,2,"Behaviors: The students in the classroom are sitting at desks with their attention directed towards the front of the room where a teacher is likely leading a lesson. Some students appear to be actively engaged in taking notes or working on assignments, while others seem to be listening attentively.

Posture: Most of the students are sitting upright and facing forward, indicating that they are focused on the ongoing lesson or activity.

Rating: Based on their posture and engagement in activities, I would rate the overall engagement level of the majority of students as 2 for engaged. While some students seem to be actively participating, others appear to be more passive observers, suggesting a range of engagement levels within the class.",,0
299,0102016.png,/home/ubuntu/SCB-05-Dataset/5k_HRW_Dataset_combined/images/val/0102016.png,3,2,"Behaviors: The students in the classroom are sitting at desks and facing towards the front of the room where a teacher is standing. They appear to be attentive as they listen to the lecture.
Posture: The students are seated upright with their attention directed forward, indicating that they are actively engaged in the class.
Rating: 2",,0
300,0102014.png,/home/ubuntu/SCB-05-Dataset/5k_HRW_Dataset_combined/images/val/0102014.png,2,2,"Behaviors: The students in the classroom are sitting at desks and appear to be engaged in a learning activity. They are looking down at their desks, suggesting that they might be writing or reading. There is no clear indication of students using devices or raising hands.

Posture: The students are seated upright with their attention directed towards their desks, indicating that they are focused on the task at hand.

Rating: 2",,0
301,0102024.png,/home/ubuntu/SCB-05-Dataset/5k_HRW_Dataset_combined/images/val/0102024.png,3,2,"Behaviors: The students in the classroom are sitting at desks and facing towards a teacher who is standing at the front of the room. They appear to be attentive and engaged in the ongoing lesson.
Posture: The students are seated upright with their attention directed towards the front of the room, where the teacher is speaking or presenting.
Rating: 2",,0
302,0102045.png,/home/ubuntu/SCB-05-Dataset/5k_HRW_Dataset_combined/images/val/0102045.png,3,2,"Behaviors: The students in the classroom are sitting at desks and facing towards a teacher who is standing at the front of the room. They appear to be attentive as they listen to the teacher's instructions or lecture.
Posture: The students are seated upright, with their attention directed towards the front of the room where the teacher is speaking.
Rating: 2 (engaged)",,0
303,0102048.png,/home/ubuntu/SCB-05-Dataset/5k_HRW_Dataset_combined/images/val/0102048.png,3,2,"Behaviors: The students are seated in a classroom setting, with one student actively participating by raising their hand and pointing at the screen. The other students appear to be attentively watching the presentation on the screen.
Posture: Most of the students are sitting upright with their attention directed towards the front of the room where the presentation is taking place.
Rating: 2",,0
304,0102050.png,/home/ubuntu/SCB-05-Dataset/5k_HRW_Dataset_combined/images/val/0102050.png,3,2,"Behaviors: The students are sitting in a classroom setting, with one student actively participating by raising their hand and pointing at the screen. The rest of the class appears to be attentive but not actively engaged in any specific activity.
Posture: The students are seated upright, facing towards the front of the room where the teacher is standing. Their attention seems to be directed towards the teacher or the screen.
Rating: 2",,0
305,0103002.png,/home/ubuntu/SCB-05-Dataset/5k_HRW_Dataset_combined/images/val/0103002.png,2,2,"Behaviors: The students in the classroom are sitting at desks and appear to be engaged in a group activity. Some of them are looking up towards the front of the room where an instructor is standing, while others seem to be focused on their own tasks.

Posture: The students are seated upright with their attention directed towards the front of the room, indicating that they are actively participating in the class.

Rating: 2",,0
306,0103014.png,/home/ubuntu/SCB-05-Dataset/5k_HRW_Dataset_combined/images/val/0103014.png,3,2,"Behaviors: The students in the classroom are sitting at desks and facing towards a teacher who is standing at the front of the room. They appear to be attentive as they listen to the teacher's presentation.
Posture: The students are seated upright with their attention directed towards the front of the room, where the teacher is speaking.
Rating: 2",,0
307,0103017.png,/home/ubuntu/SCB-05-Dataset/5k_HRW_Dataset_combined/images/val/0103017.png,3,2,"Behaviors: The students in the classroom are sitting at desks with their attention directed towards the front of the room where a teacher is likely presenting. Some students appear to be writing or taking notes, while others seem to be listening attentively.

Posture: The students are seated upright in their chairs, suggesting that they are actively engaged in the class. Their gaze is directed forward, indicating that they are focused on the ongoing lesson.

Rating: Based on the behaviors and posture observed in the image, I would rate the overall engagement level of the majority of students as 2 for engaged. The students seem to be actively participating in the class, with some taking notes or writing, while others are attentively listening to the teacher. This indicates a moderate level of engagement among the students.",,0
308,0103022.png,/home/ubuntu/SCB-05-Dataset/5k_HRW_Dataset_combined/images/val/0103022.png,3,2,"Behaviors: The students in the classroom are actively participating in a lesson, with one student standing at the front of the room gesturing towards a presentation on the screen. Other students appear to be attentively watching and listening to the teacher.
Posture: Most of the students are sitting upright in their chairs, facing forward towards the teacher and the presentation.
Rating: 2",,0
309,0103030.png,/home/ubuntu/SCB-05-Dataset/5k_HRW_Dataset_combined/images/val/0103030.png,3,2,"Behaviors: The students in the classroom are sitting at desks and appear to be engaged in a learning activity. One student is standing up and raising their hand, possibly indicating an answer or question.
Posture: Most of the students are sitting upright with their attention directed towards the front of the room where the teacher is likely presenting information.
Rating: 2",,0
310,0103044.png,/home/ubuntu/SCB-05-Dataset/5k_HRW_Dataset_combined/images/val/0103044.png,3,2,"Behaviors: The students in the classroom are sitting at desks with their attention directed towards the front of the room where a teacher is standing. They appear to be listening attentively and possibly taking notes or following along with the lesson being taught.
Posture: The students are seated upright, facing forward, which suggests that they are actively engaged in the class.
Rating: 2",,0
311,0104005.png,/home/ubuntu/SCB-05-Dataset/5k_HRW_Dataset_combined/images/val/0104005.png,2,2,"Behaviors: The students in the classroom are sitting at desks and facing towards a teacher who is standing in front of them. They appear to be attentive as they listen to the teacher's instructions or lecture.
Posture: The students are seated upright with their attention directed towards the front of the room, indicating that they are focused on the ongoing activity.
Rating: 2",,0
312,0104011.png,/home/ubuntu/SCB-05-Dataset/5k_HRW_Dataset_combined/images/val/0104011.png,3,2,"Behaviors: The students in the classroom are sitting at desks and appear to be engaged in a learning activity. They seem to be focused on their work, with some students looking down at their papers while others may be interacting with each other or the teacher.

Posture: The students are seated upright in their chairs, suggesting that they are attentive and actively participating in the class. Their gaze is directed towards their desks or the front of the classroom where the teacher is likely providing instructions or guidance.

Rating: Based on the behaviors and posture observed, I would rate the overall engagement level of the majority of students as a 2 for engaged. The students seem to be actively participating in the class, but it's not possible to determine their level of focus or comprehension from this image alone.",,0
313,0104007.png,/home/ubuntu/SCB-05-Dataset/5k_HRW_Dataset_combined/images/val/0104007.png,3,2,"Behaviors: The students in the classroom are actively participating in a group activity, with one woman standing and gesturing towards them. They appear to be engaged in a discussion or presentation.
Posture: The students are sitting upright, facing the front of the room where the woman is speaking. Their attention seems focused on her.
Rating: 2",,0
314,0104029.png,/home/ubuntu/SCB-05-Dataset/5k_HRW_Dataset_combined/images/val/0104029.png,3,2,"Behaviors: The students in the classroom are sitting at desks and appear to be engaged in a learning activity. They seem to be focused on their work, with some looking down at their desks and others looking up towards the front of the room.
Posture: The students are seated upright in their chairs, suggesting that they are attentive and actively participating in the class.
Rating: 2",,0
315,0104040.png,/home/ubuntu/SCB-05-Dataset/5k_HRW_Dataset_combined/images/val/0104040.png,3,2,"Behaviors: The students in the classroom are focused on the teacher who is standing at the front of the room and gesturing with her hand. She appears to be teaching a lesson or giving instructions.
Posture: The students are sitting upright in their chairs, facing towards the front of the room where the teacher is speaking. Their attention seems to be directed towards the teacher.
Rating: 2",,0
316,0104037.png,/home/ubuntu/SCB-05-Dataset/5k_HRW_Dataset_combined/images/val/0104037.png,2,2,"Behaviors: The students in the classroom are sitting at desks and appear to be engaged in some form of learning activity. They seem to be focused on their work, with some students looking down at their books or papers, while others may be interacting with each other or the teacher.

Posture: The students are seated upright in their chairs, suggesting that they are attentive and actively participating in the class. Their gaze is directed towards their desks or the front of the classroom, indicating that they are focused on the task at hand.

Rating: Based on the behaviors and posture observed, I would rate the overall engagement level of the majority of students as a 2 for engaged. The students seem to be actively participating in the class, but it is not possible to determine their level of focus or comprehension from this image alone.",,0
317,0104041.png,/home/ubuntu/SCB-05-Dataset/5k_HRW_Dataset_combined/images/val/0104041.png,3,1,"Behaviors: The students in the classroom are sitting at desks and looking downward. One student is covering their face with their hand.
Posture: The students appear to be sitting upright but their attention seems to be directed downwards rather than towards the front of the room or the teacher.
Rating: 1",,0
318,0104042.png,/home/ubuntu/SCB-05-Dataset/5k_HRW_Dataset_combined/images/val/0104042.png,3,2,"Behaviors: The students are sitting in a classroom setting, with one woman standing at the front of the room. She appears to be speaking or presenting, as she is gesturing with her hands and has a microphone. The students seem to be attentive, with some looking towards the speaker and others towards their desks.

Posture: The students are sitting upright in their chairs, facing forward towards the front of the room where the woman is standing. Their body language suggests that they are actively engaged in the ongoing presentation or lecture.

Rating: 2",,0
319,0105007.png,/home/ubuntu/SCB-05-Dataset/5k_HRW_Dataset_combined/images/val/0105007.png,2,2,"Behaviors: The students in the classroom are sitting at desks and appear to be engaged in reading or writing. Some of them have their heads down on the desks, which could indicate a lack of focus or fatigue.
Posture: The students' postures vary; some are sitting upright while others have their heads down on the desks. This suggests that there is a mix of engagement levels among the class.
Rating: 2",,0
320,0105012.png,/home/ubuntu/SCB-05-Dataset/5k_HRW_Dataset_combined/images/val/0105012.png,3,2,"Behaviors: The students in the classroom are actively participating in an activity with a teacher. They appear to be engaged and focused on the task at hand.

Posture: The students are sitting upright and facing towards the front of the room where the teacher is standing. Their attention seems to be directed towards the teacher or the activity being conducted.

Rating: 2",,0
321,0105014.png,/home/ubuntu/SCB-05-Dataset/5k_HRW_Dataset_combined/images/val/0105014.png,3,2,"Behaviors: The students in the classroom are actively participating in a lecture, with their hands raised up to answer questions or engage in discussion.
Posture: The students are sitting upright and facing towards the front of the room where the teacher is standing, indicating that they are focused on the ongoing lecture.
Rating: 2",,0
322,0105013.png,/home/ubuntu/SCB-05-Dataset/5k_HRW_Dataset_combined/images/val/0105013.png,3,2,"Behaviors: The students in the classroom are sitting at desks and appear to be engaged in an activity, possibly listening to a teacher or participating in a class discussion.
Posture: The students are seated upright with their attention directed towards the front of the room where the teacher is standing.
Rating: 2",,0
323,0105016.png,/home/ubuntu/SCB-05-Dataset/5k_HRW_Dataset_combined/images/val/0105016.png,3,2,"Behaviors: The students in the classroom are sitting at desks and appear to be engaged in an activity, possibly listening to a teacher or participating in a class discussion.
Posture: The students are seated upright with their attention directed towards the front of the room where the teacher is standing.
Rating: 2",,0
324,0105026.png,/home/ubuntu/SCB-05-Dataset/5k_HRW_Dataset_combined/images/val/0105026.png,2,2,"Behaviors: The students in the classroom are sitting at desks and appear to be engaged in some form of learning activity. Some students are looking down at their desks, while others are looking up towards the front of the room where a teacher is standing.

Posture: The students are seated upright with their attention directed towards the front of the room, suggesting that they are focused on the ongoing lesson or activity.

Rating: Based on the behaviors and posture observed in the image, I would rate the overall engagement level of the majority of students as 2 for engaged. While some students seem to be actively participating in the class, it is not possible to determine if all students are equally engaged without more information about their individual actions.",,0
325,0105035.png,/home/ubuntu/SCB-05-Dataset/5k_HRW_Dataset_combined/images/val/0105035.png,3,2,"Behaviors: The students in the classroom are sitting at desks and appear to be engaged in a group activity, possibly listening to a teacher or participating in a class discussion.
Posture: Most of the students have their heads down on their desks, suggesting that they may be focused on the task at hand or taking a break.
Rating: 2",,0
326,0105020.png,/home/ubuntu/SCB-05-Dataset/5k_HRW_Dataset_combined/images/val/0105020.png,3,2,"Behaviors: The students in the classroom are sitting at desks and facing a teacher who is standing in front of them. They appear to be attentive as they listen to the teacher's presentation.
Posture: The students are seated upright with their attention directed towards the teacher, suggesting that they are engaged in the class activity.
Rating: 2 (engaged)",,0
327,0105037.png,/home/ubuntu/SCB-05-Dataset/5k_HRW_Dataset_combined/images/val/0105037.png,2,0,"Behaviors: The students in the classroom are sitting at desks with their heads resting on them.
Posture: The students' posture is slumped over, indicating a lack of engagement.
Rating: 0",,0
328,0106003.png,/home/ubuntu/SCB-05-Dataset/5k_HRW_Dataset_combined/images/val/0106003.png,2,2,"Behaviors: The students in the classroom are sitting at desks and facing towards the front of the room where a teacher is standing. They appear to be attentive and engaged in the ongoing lesson.
Posture: The students are seated upright with their attention directed forward, indicating that they are actively participating in the class.
Rating: 2",,0
329,0106008.png,/home/ubuntu/SCB-05-Dataset/5k_HRW_Dataset_combined/images/val/0106008.png,2,2,"Behaviors: The students in the classroom are sitting at desks and appear to be engaged in some form of activity. Some students are looking down at their desks, while others seem to be paying attention to something happening in front of them.
Posture: The students are seated upright with their attention directed towards the front of the room or their desks.
Rating: 2",,0
330,0106006.png,/home/ubuntu/SCB-05-Dataset/5k_HRW_Dataset_combined/images/val/0106006.png,3,2,"Behaviors: The students in the classroom are sitting at their desks and appear to be engaged in a lesson being taught by the woman standing at the front of the room. They seem to be paying attention to her as she speaks.
Posture: The students are seated upright, with most of them facing towards the front of the room where the teacher is standing. Their body language suggests that they are actively participating in the class.
Rating: 2",,0
331,0106026.png,/home/ubuntu/SCB-05-Dataset/5k_HRW_Dataset_combined/images/val/0106026.png,3,2,"Behaviors: The students are seated in a classroom setting, with one woman standing at the front of the room. She appears to be giving a lecture or presentation, as she is gesturing and speaking. The students are facing her, suggesting they are attentive to her speech.
Posture: The students are sitting upright, indicating that they are actively engaged in the class. Their gaze is directed towards the front of the room, where the woman is standing.
Rating: 2",,0
332,0106035.png,/home/ubuntu/SCB-05-Dataset/5k_HRW_Dataset_combined/images/val/0106035.png,3,2,"Behaviors: The students in the classroom are actively participating in a lesson, with one student standing at the front of the room and gesturing towards the teacher. Other students are sitting attentively, looking towards the teacher, and some are raising their hands to answer questions or participate in the discussion.
Posture: The students are seated upright, facing forward, and appear to be focused on the teacher and the ongoing lesson.
Rating: 2",,0
333,0106038.png,/home/ubuntu/SCB-05-Dataset/5k_HRW_Dataset_combined/images/val/0106038.png,3,2,"Behaviors: The students in the classroom are sitting and facing towards a teacher who is standing at the front of the room. They appear to be attentive as they watch the teacher present something on a screen.
Posture: The students are seated upright with their attention directed towards the front of the room, where the teacher is speaking or presenting.
Rating: 2 - The students seem engaged in the ongoing presentation or lecture by the teacher.",,0
334,0106041.png,/home/ubuntu/SCB-05-Dataset/5k_HRW_Dataset_combined/images/val/0106041.png,3,2,"Behaviors: The students in the classroom are sitting at desks and appear to be engaged in a group activity. Some of them are looking towards the front of the room where a teacher is standing, while others seem to be focused on their own tasks.
Posture: Most of the students are sitting upright with their attention directed towards the front of the room or their individual tasks.
Rating: 2",,0
335,0107009.png,/home/ubuntu/SCB-05-Dataset/5k_HRW_Dataset_combined/images/val/0107009.png,3,2,"Behaviors: The students in the classroom are sitting at desks and facing towards a teacher who is standing at the front of the room. They appear to be attentive and engaged in the ongoing lesson.
Posture: The students are seated upright with their attention directed towards the front of the room, indicating that they are actively participating in the class.
Rating: 2",,0
336,0107012.png,/home/ubuntu/SCB-05-Dataset/5k_HRW_Dataset_combined/images/val/0107012.png,3,2,"Behaviors: The students in the classroom are sitting at desks and facing a teacher who is standing at the front of the room. They appear to be attentive and engaged in the ongoing lesson.
Posture: The students are seated upright with their attention directed towards the front of the room, where the teacher is speaking or presenting.
Rating: 2",,0
337,0107010.png,/home/ubuntu/SCB-05-Dataset/5k_HRW_Dataset_combined/images/val/0107010.png,3,2,"Behaviors: The students in the classroom are sitting at desks and facing towards the front of the room where a teacher is standing. They appear to be attentive and engaged in the ongoing lesson.
Posture: The students are seated upright with their attention directed forward, indicating that they are actively participating in the class.
Rating: 2",,0
338,0107013.png,/home/ubuntu/SCB-05-Dataset/5k_HRW_Dataset_combined/images/val/0107013.png,3,2,"Behaviors: The students in the classroom are sitting at desks and facing towards the front of the room where a teacher is standing. One student appears to be actively engaged in an activity, possibly related to the presentation on the screen, while others seem to be attentive but not directly interacting with the content.

Posture: The students are seated upright, with their attention directed towards the front of the classroom.

Rating: 2",,0
339,0107024.png,/home/ubuntu/SCB-05-Dataset/5k_HRW_Dataset_combined/images/val/0107024.png,3,2,"Behaviors: The students in the classroom are actively participating in a lesson, with one man standing at the front of the room gesturing and speaking to them. They appear to be listening attentively and possibly taking notes or following along with the teacher's instructions.

Posture: The students are sitting upright in their chairs, facing towards the front of the classroom where the teacher is standing. Their body language suggests that they are engaged in the lesson.

Rating: 2",,0
340,0107026.png,/home/ubuntu/SCB-05-Dataset/5k_HRW_Dataset_combined/images/val/0107026.png,3,2,"Behaviors: The students in the classroom are actively participating in a lesson, with one woman standing at the front of the room gesturing and teaching. They appear to be engaged in the activity, as some students are raising their hands and others are attentively watching the teacher.
Posture: The students are sitting upright in their chairs, facing towards the front of the classroom where the teacher is standing. Their body language suggests that they are focused on the lesson being taught.
Rating: 2",,0
341,0107030.png,/home/ubuntu/SCB-05-Dataset/5k_HRW_Dataset_combined/images/val/0107030.png,3,2,"Behaviors: The students in the classroom are sitting and looking at a woman who is speaking. There is no clear indication of writing, reading, or using devices.

Posture: The students appear to be sitting upright with their attention directed towards the speaker.

Rating: 2",,0
342,0107027.png,/home/ubuntu/SCB-05-Dataset/5k_HRW_Dataset_combined/images/val/0107027.png,3,2,"Behaviors: The students in the classroom are sitting at desks with books and notebooks, suggesting that they are engaged in learning activities. Some of them appear to be looking at the teacher or the front of the room, while others seem to be focused on their own work.

Posture: The students' postures vary; some are sitting upright, while others have their heads resting on their desks or are leaning forward slightly. This suggests a range of engagement levels among the students.

Rating: 2",,0
343,0107037.png,/home/ubuntu/SCB-05-Dataset/5k_HRW_Dataset_combined/images/val/0107037.png,3,2,"Behaviors: The students in the classroom are actively participating in a group activity. They are standing up and raising their hands, indicating that they are engaged in the lesson being taught by the man at the front of the room.
Posture: The students appear to be focused on the teacher and the activity, with most of them standing upright and facing towards the front of the classroom.
Rating: 2",,0
344,0107041.png,/home/ubuntu/SCB-05-Dataset/5k_HRW_Dataset_combined/images/val/0107041.png,3,2,"Behaviors: The students in the classroom are sitting at desks and facing towards the front of the room where a teacher is standing. They appear to be attentive and engaged in the ongoing lesson.
Posture: The students are seated upright with their attention directed forward, indicating that they are actively participating in the class.
Rating: 2",,0
345,0107042.png,/home/ubuntu/SCB-05-Dataset/5k_HRW_Dataset_combined/images/val/0107042.png,3,2,"Behaviors: The students in the classroom are sitting at desks and appear to be engaged in a lesson being taught by a teacher. They seem to be listening attentively and possibly taking notes or following along with the teacher's instructions.
Posture: Most of the students are sitting upright, facing towards the front of the room where the teacher is standing. Their body language suggests they are focused on the ongoing lesson.
Rating: 2",,0
346,0108015.png,/home/ubuntu/SCB-05-Dataset/5k_HRW_Dataset_combined/images/val/0108015.png,3,2,"Behaviors: The students in the classroom are actively participating in a lecture, with some of them raising their hands to answer questions and others looking attentively at the teacher.
Posture: The students are sitting upright in their chairs, facing towards the front of the room where the teacher is standing.
Rating: 2",,0
347,0108031.png,/home/ubuntu/SCB-05-Dataset/5k_HRW_Dataset_combined/images/val/0108031.png,3,2,"Behaviors: The students in the classroom are sitting at desks and facing towards the front of the room where a teacher is standing. They appear to be attentive as they listen to the teacher's instructions or lecture.
Posture: The students are seated upright, with their attention directed forward towards the teacher.
Rating: 2 (engaged)",,0
348,0108020.png,/home/ubuntu/SCB-05-Dataset/5k_HRW_Dataset_combined/images/val/0108020.png,3,2,"Behaviors: The students in the classroom are sitting at desks and appear to be engaged in some form of learning activity. They seem to be focused on their work, with some students looking down at their papers or books, while others may be interacting with each other or the teacher.

Posture: The students are seated upright in their chairs, suggesting that they are attentive and actively participating in the class. Their gaze is directed towards their desks or the front of the classroom, indicating that they are focused on the task at hand.

Rating: Based on the behaviors and posture observed, I would rate the overall engagement level of the majority of students as a 2 for engaged. The students seem to be actively participating in the class, but it is not possible to determine their level of focus or comprehension from this image alone.",,0
349,0108032.png,/home/ubuntu/SCB-05-Dataset/5k_HRW_Dataset_combined/images/val/0108032.png,3,2,"Behaviors: The students in the classroom are sitting at desks and facing towards the front of the room where a teacher is standing. They appear to be attentive as they listen to the teacher's presentation.
Posture: The students are seated upright with their attention directed forward, indicating that they are actively engaged in the class.
Rating: 2 (engaged)",,0
350,0108035.png,/home/ubuntu/SCB-05-Dataset/5k_HRW_Dataset_combined/images/val/0108035.png,3,2,"Behaviors: The students in the classroom are sitting at desks and appear to be engaged in an activity, possibly listening to a teacher or participating in a group discussion.
Posture: The students are seated upright with their attention directed towards the front of the room where the teacher is standing.
Rating: 2",,0
351,0108040.png,/home/ubuntu/SCB-05-Dataset/5k_HRW_Dataset_combined/images/val/0108040.png,3,2,"Behaviors: The students are sitting in a classroom setting, with one woman standing at the front of the room. She appears to be speaking or presenting to the class. There is no clear indication that any student is writing, reading, resting their head, or using devices.
Posture: The students are seated and facing towards the front of the room where the woman is standing. Their body postures suggest they are attentive and focused on the speaker.
Rating: 2",,0
352,0108046.png,/home/ubuntu/SCB-05-Dataset/5k_HRW_Dataset_combined/images/val/0108046.png,3,2,"Behaviors: The students in the classroom are sitting and looking at a woman who is standing in front of them. They appear to be attentive as she speaks or demonstrates something.
Posture: Most of the students have upright postures with their attention directed towards the woman, indicating engagement in the ongoing activity.
Rating: 2",,0
353,0200008.png,/home/ubuntu/SCB-05-Dataset/5k_HRW_Dataset_combined/images/val/0200008.png,3,2,"Behaviors: The students in the classroom are sitting and facing towards a man who is standing at the front of the room. They appear to be attentive as they listen to him speak.
Posture: The students are seated with their bodies oriented towards the speaker, suggesting that they are actively engaged in the lecture or presentation.
Rating: 2",,0
354,0200014.png,/home/ubuntu/SCB-05-Dataset/5k_HRW_Dataset_combined/images/val/0200014.png,3,2,"Behaviors: The students in the classroom are sitting at desks and appear to be engaged in an activity. They seem to be focused on a teacher who is standing in front of them, possibly leading a discussion or giving instructions.
Posture: The students are seated upright with their attention directed towards the front of the room where the teacher is standing.
Rating: 2",,0
355,0200021.png,/home/ubuntu/SCB-05-Dataset/5k_HRW_Dataset_combined/images/val/0200021.png,3,2,"Behaviors: The students in the classroom are actively participating in a learning activity. They are sitting at desks and looking up at the front of the room where a teacher is writing on a whiteboard. Some students appear to be taking notes or working on assignments.

Posture: The students are seated upright, with their attention directed towards the front of the classroom. Their body language suggests that they are engaged in the lesson being taught.

Rating: 2",,0
356,0200025.png,/home/ubuntu/SCB-05-Dataset/5k_HRW_Dataset_combined/images/val/0200025.png,3,2,"Behaviors: The students in the classroom are sitting at desks and facing towards a teacher who is standing at the front of the room. They appear to be attentive as they listen to the teacher's presentation.
Posture: The students are seated upright with their attention directed towards the front of the room, indicating that they are focused on the ongoing lecture or discussion.
Rating: 2 (engaged)",,0
357,0200034.png,/home/ubuntu/SCB-05-Dataset/5k_HRW_Dataset_combined/images/val/0200034.png,3,2,"Behaviors: The students in the classroom are sitting at desks and appear to be engaged in a group activity. Some of them are looking at their desks, while others seem to be focused on the front of the room where the teacher is likely leading the class.

Posture: The students are seated upright with their attention directed towards the front of the classroom. Their body language suggests that they are actively participating in the activity or lesson being conducted by the teacher.

Rating: Based on the behaviors and posture observed, I would rate the overall engagement level of the majority of students as 2 for engaged. The students seem to be attentive and involved in the classroom activity, but their level of engagement may vary individually.",,0
358,0202002.png,/home/ubuntu/SCB-05-Dataset/5k_HRW_Dataset_combined/images/val/0202002.png,3,2,"Behaviors: The students are sitting in front of a teacher who is standing at the front of the classroom. They appear to be attentive and focused on the teacher as she presents information.
Posture: The students are seated upright with their attention directed towards the teacher, indicating that they are actively engaged in the lesson.
Rating: 2",,0
359,0202004.png,/home/ubuntu/SCB-05-Dataset/5k_HRW_Dataset_combined/images/val/0202004.png,3,2,"Behaviors: The students in the classroom are sitting at desks and facing towards the front of the room where a teacher is standing. They appear to be attentive and engaged in the ongoing lesson.
Posture: The students are seated upright with their attention directed forward, indicating that they are actively participating in the class.
Rating: 2",,0
360,0202007.png,/home/ubuntu/SCB-05-Dataset/5k_HRW_Dataset_combined/images/val/0202007.png,3,2,"Behaviors: The students in the classroom are sitting at their desks, with some looking out of the window and others seemingly engaged in class activities. There is no clear indication that they are using devices or raising hands.
Posture: The students appear to be sitting upright, with most of them facing forward towards the front of the room. Their gaze seems directed towards the front of the classroom, suggesting focus on the ongoing lesson.
Rating: 2",,0
361,0202025.png,/home/ubuntu/SCB-05-Dataset/5k_HRW_Dataset_combined/images/val/0202025.png,3,2,"Behaviors: The students in the classroom are sitting at desks and appear to be engaged in a lecture or presentation. One woman is standing in front of them, gesturing with her hands, which suggests she might be teaching or explaining something.
Posture: The students are seated upright, facing towards the front of the room where the woman is speaking. Their attention seems to be directed towards her and the content being presented.
Rating: 2",,0
362,0203003.png,/home/ubuntu/SCB-05-Dataset/5k_HRW_Dataset_combined/images/val/0203003.png,3,2,"Behaviors: The students in the classroom are sitting at desks and appear to be engaged in a lesson being taught by a teacher. They seem to be listening attentively and possibly taking notes or following along with the instruction.
Posture: Most of the students are sitting upright, facing forward towards the front of the room where the teacher is standing. Their body language suggests that they are focused on the ongoing lesson.
Rating: 2",,0
363,0203004.png,/home/ubuntu/SCB-05-Dataset/5k_HRW_Dataset_combined/images/val/0203004.png,3,2,"Behaviors: The students in the classroom are sitting at desks and facing towards the front of the room where a teacher is standing. They appear to be attentive and focused on the ongoing lesson.
Posture: The students are seated upright with their attention directed forward, indicating that they are actively engaged in the class.
Rating: 2",,0
364,0203008.png,/home/ubuntu/SCB-05-Dataset/5k_HRW_Dataset_combined/images/val/0203008.png,3,2,"Behaviors: The students are sitting in a classroom setting, with one woman standing at the front of the room. They appear to be attentive and engaged as they listen to her presentation.
Posture: The students are seated upright, facing towards the front of the room where the woman is speaking. Their attention seems focused on her.
Rating: 2",,0
365,0203016.png,/home/ubuntu/SCB-05-Dataset/5k_HRW_Dataset_combined/images/val/0203016.png,3,2,"Behaviors: The students in the classroom are sitting at desks with laptops open in front of them. They appear to be engaged in a lecture or presentation, as indicated by their attention towards the speaker and the presence of visual aids such as a projector screen.
Posture: The students are seated upright, facing forward, with their gaze directed towards the front of the room where the speaker is standing.
Rating: 2",,0
366,0204003.png,/home/ubuntu/SCB-05-Dataset/5k_HRW_Dataset_combined/images/val/0204003.png,3,2,"Behaviors: The students in this classroom environment are predominantly sitting at their desks and using computers. Some of them appear to be actively engaged with the content on their screens, while others may be taking a break or waiting for instructions.

Posture: The students' postures vary; some are sitting upright, while others have their heads resting on their hands or leaning forward slightly. This suggests that they are attentive and focused on the task at hand.

Rating: Based on the behaviors and posture observed in the image, I would rate the overall engagement level of the majority of students as 2 for engaged. The students seem to be actively participating in the computer-based activity, but their level of engagement may vary individually.",,0
367,0205007.png,/home/ubuntu/SCB-05-Dataset/5k_HRW_Dataset_combined/images/val/0205007.png,3,2,"Behaviors: The students in the classroom are sitting at desks and appear to be engaged in a lecture or presentation. They are facing towards the front of the room where an instructor is standing, suggesting that they are actively participating in the session.

Posture: The students are seated upright with their attention directed forward, indicating that they are focused on the ongoing activity.

Rating: 2",,0
368,0400002.png,/home/ubuntu/SCB-05-Dataset/5k_HRW_Dataset_combined/images/val/0400002.png,3,2,"Behaviors: The students in the classroom are sitting at desks and appear to be engaged in a learning activity. One student is standing up and seems to be actively participating in the class, possibly reading from a book or paper.
Posture: Most of the students are sitting upright with their attention directed towards the front of the room where the teacher is standing. Their body language suggests that they are focused on the ongoing lesson.
Rating: 2",,0
369,0400003.png,/home/ubuntu/SCB-05-Dataset/5k_HRW_Dataset_combined/images/val/0400003.png,3,2,"Behaviors: The students in the classroom are sitting at desks and facing towards the front of the room where a teacher is standing. They appear to be attentive and engaged in the ongoing lesson.
Posture: The students are seated upright with their attention directed forward, indicating that they are actively participating in the class.
Rating: 2",,0
370,0400012.png,/home/ubuntu/SCB-05-Dataset/5k_HRW_Dataset_combined/images/val/0400012.png,3,2,"Behaviors: The students in the classroom are actively participating in a lesson, with one student standing at the front of the room gesturing and speaking to the class. Other students are attentively watching her, some with their hands raised, indicating that they are engaged in the learning process.

Posture: The students are sitting upright in their chairs, facing towards the front of the classroom where the teacher is standing. Their body language suggests focus and attention on the ongoing lesson.

Rating: 2",,0
371,0400021.png,/home/ubuntu/SCB-05-Dataset/5k_HRW_Dataset_combined/images/val/0400021.png,3,2,"Behaviors: The students in the classroom are sitting at desks and appear to be engaged in a learning activity. Some of them are looking towards the front of the room where the teacher is standing, while others seem to be focused on their own tasks.

Posture: The students are seated upright with their attention directed towards the front of the room, indicating that they are actively participating in the class.

Rating: 2",,0
372,0400022.png,/home/ubuntu/SCB-05-Dataset/5k_HRW_Dataset_combined/images/val/0400022.png,3,2,"Behaviors: The students in the classroom are sitting at desks and appear to be engaged in a lesson. Some of them are looking towards the front of the room where the teacher is standing, while others seem to be focused on their own tasks.
Posture: Most of the students are sitting upright with their attention directed towards the front of the room or their individual tasks.
Rating: 2",,0
373,0400024.png,/home/ubuntu/SCB-05-Dataset/5k_HRW_Dataset_combined/images/val/0400024.png,3,2,"Behaviors: The students in the classroom are actively participating in a lesson being taught by a woman who is pointing at a projection screen. They appear to be engaged in the activity, with some students raising their hands and others looking attentively towards the front of the room.
Posture: The students are sitting upright in their chairs, facing the front of the classroom where the teacher is standing. Their body language suggests that they are focused on the lesson being taught.
Rating: 2",,0
374,0400027.png,/home/ubuntu/SCB-05-Dataset/5k_HRW_Dataset_combined/images/val/0400027.png,3,2,"Behaviors: The students in the classroom are actively participating in a presentation, with one woman standing at the front of the room gesturing and speaking to them. They appear to be attentive and engaged in the activity.
Posture: The students are sitting upright in their chairs, facing towards the front of the room where the presenter is standing. Their body language suggests that they are focused on the presentation.
Rating: 2",,0
375,0400026.png,/home/ubuntu/SCB-05-Dataset/5k_HRW_Dataset_combined/images/val/0400026.png,3,2,"Behaviors: The students in the classroom are actively participating in a presentation, with one woman standing at the front of the room speaking to them. They appear to be listening attentively and possibly taking notes or following along with the presentation.
Posture: The students are sitting upright in their chairs, facing towards the front of the room where the woman is speaking. Their body language suggests that they are engaged in the presentation.
Rating: 2",,0
376,0401001.png,/home/ubuntu/SCB-05-Dataset/5k_HRW_Dataset_combined/images/val/0401001.png,3,2,"Behaviors: The students in the classroom are sitting at desks and facing towards the front of the room where a teacher is standing. They appear to be attentive and engaged in the ongoing lesson.
Posture: The students are seated upright with their attention directed towards the front of the room, indicating that they are actively participating in the class.
Rating: 2 (engaged)",,0
377,0400034.png,/home/ubuntu/SCB-05-Dataset/5k_HRW_Dataset_combined/images/val/0400034.png,3,2,"Behaviors: The students in the classroom are sitting and watching a presentation on a large screen. Some of them appear to be paying attention while others may be slightly distracted or daydreaming. There is no clear indication that they are actively engaged in writing, reading, or using devices.

Posture: The students are seated with their bodies facing forward, likely towards the front of the classroom where the presentation is being shown. Their postures suggest a level of attentiveness and engagement with the content on the screen.

Rating: Based on the behaviors and posture observed in the image, I would rate the overall engagement level of the majority of students as 2 for engaged. While some students may be more focused than others, it is evident that they are all present and attentive to the presentation being shown.",,0
378,0401009.png,/home/ubuntu/SCB-05-Dataset/5k_HRW_Dataset_combined/images/val/0401009.png,3,2,"Behaviors: The students in the classroom are sitting at desks with their attention directed towards the front of the room where a teacher is standing. They appear to be listening attentively and possibly taking notes or following along with the lesson being taught.

Posture: The students are seated upright, facing forward, and maintaining an alert posture. Their gaze is focused on the teacher or the front of the classroom.

Rating: 2",,0
379,0401005.png,/home/ubuntu/SCB-05-Dataset/5k_HRW_Dataset_combined/images/val/0401005.png,2,2,"Behaviors: The students in the classroom are sitting at desks and appear to be engaged in an activity, possibly listening to a lecture or presentation.
Posture: The students are seated upright with their attention directed towards the front of the room where the teacher is standing.
Rating: 2",,0
380,0401019.png,/home/ubuntu/SCB-05-Dataset/5k_HRW_Dataset_combined/images/val/0401019.png,3,2,"Behaviors: The students in the classroom are sitting at desks and facing towards the front of the room where a teacher is standing. They appear to be attentive as they listen to the teacher's lecture.
Posture: The students are seated upright with their attention directed forward, indicating that they are actively engaged in the class.
Rating: 2 (engaged)",,0
381,0401026.png,/home/ubuntu/SCB-05-Dataset/5k_HRW_Dataset_combined/images/val/0401026.png,3,2,"Behaviors: The students in the classroom are actively participating in a group activity, with some of them raising their hands and others looking at the teacher.
Posture: The students appear to be sitting upright and attentive, with most of them facing towards the front of the room where the teacher is standing.
Rating: 2",,0
382,0401027.png,/home/ubuntu/SCB-05-Dataset/5k_HRW_Dataset_combined/images/val/0401027.png,3,2,"Behaviors: The students in the classroom are sitting and facing towards the front of the room where a teacher is standing. They appear to be attentive as they are looking at the teacher who is likely presenting information on the screen.

Posture: The students are seated upright, with their attention directed forward towards the teacher and the screen.

Rating: 2 (engaged)",,0
383,0401021.png,/home/ubuntu/SCB-05-Dataset/5k_HRW_Dataset_combined/images/val/0401021.png,3,2,"Behaviors: The students in the classroom are sitting and looking at the teacher who is standing at the front of the room. They appear to be attentive as they listen to the lecture.
Posture: The students are seated with their bodies facing forward, indicating that they are focused on the teacher's presentation.
Rating: 2",,0
384,0401028.png,/home/ubuntu/SCB-05-Dataset/5k_HRW_Dataset_combined/images/val/0401028.png,3,2,"Behaviors: The students in the classroom are sitting and facing towards a teacher who is standing at the front of the room. They appear to be attentive as they listen to the teacher's instructions or lecture.

Posture: The students are seated upright with their attention directed towards the front of the room, where the teacher is speaking. Their body language suggests that they are engaged in the ongoing activity.

Rating: 2 (engaged) - The students seem to be actively participating in the class, as indicated by their posture and focus on the teacher.",,0
385,0401049.png,/home/ubuntu/SCB-05-Dataset/5k_HRW_Dataset_combined/images/val/0401049.png,2,2,"Behaviors: The students in the classroom are sitting at desks and appear to be engaged in an activity, possibly writing or drawing.
Posture: The students are seated upright with their attention directed towards the front of the room, suggesting that they are focused on the task at hand.
Rating: 2",,0
386,0401040.png,/home/ubuntu/SCB-05-Dataset/5k_HRW_Dataset_combined/images/val/0401040.png,3,2,"Behaviors: The students in the classroom are sitting at desks and appear to be engaged in various activities. Some of them are looking at the teacher, while others seem to be focused on their own work. There is no clear indication that they are using devices or resting their heads.

Posture: The students are seated upright with their attention directed towards the front of the classroom, where the teacher is standing. Their body language suggests that they are actively participating in the class.

Rating: Based on the behaviors and posture observed in the image, I would rate the overall engagement level of the majority of students as 2 for engaged. The students seem to be attentive and involved in the classroom activities, but their level of engagement may vary individually.",,0
387,0401054.png,/home/ubuntu/SCB-05-Dataset/5k_HRW_Dataset_combined/images/val/0401054.png,3,2,"Behaviors: The students in the classroom are sitting at desks and appear to be engaged in a group activity. Some of them are looking towards the front of the room where an adult is standing, possibly leading the class or giving instructions.
Posture: Most of the students are sitting upright with their attention directed towards the front of the room, indicating that they are focused on the ongoing activity.
Rating: 2",,0
388,0401055.png,/home/ubuntu/SCB-05-Dataset/5k_HRW_Dataset_combined/images/val/0401055.png,3,2,"Behaviors: The students in the classroom are sitting at desks and appear to be engaged in a group activity. Some of them are looking up towards the front of the room, while others seem to be focused on their own tasks.
Posture: Most of the students are sitting upright with their attention directed towards the front of the room or their individual tasks.
Rating: 2",,0
389,0401070.png,/home/ubuntu/SCB-05-Dataset/5k_HRW_Dataset_combined/images/val/0401070.png,3,2,"Behaviors: The students in the classroom are sitting at desks and facing towards a teacher who is standing at the front of the room. They appear to be attentive as they listen to the teacher's instructions or lecture.
Posture: The students are seated upright, with their attention directed towards the front of the room where the teacher is speaking.
Rating: 2 (engaged)",,0
390,0401074.png,/home/ubuntu/SCB-05-Dataset/5k_HRW_Dataset_combined/images/val/0401074.png,3,2,"Behaviors: The students in the classroom are sitting at desks and facing towards the front of the room where a teacher is standing. They appear to be attentive as they are looking at the teacher and the presentation on the screen.

Posture: The students are seated upright, with their attention directed towards the front of the room. Their body language suggests that they are engaged in the class.

Rating: 2",,0
391,0402012.png,/home/ubuntu/SCB-05-Dataset/5k_HRW_Dataset_combined/images/val/0402012.png,3,2,"Behaviors: The students in the classroom are sitting at desks with their attention directed towards the front of the room where a teacher is standing. They appear to be engaged in an activity, possibly taking notes or working on assignments.

Posture: The students are seated upright and facing forward, indicating that they are actively participating in the class.

Rating: 2",,0
392,0402013.png,/home/ubuntu/SCB-05-Dataset/5k_HRW_Dataset_combined/images/val/0402013.png,2,2,"Behaviors: The students in the classroom are sitting at desks with their attention directed towards the front of the room where a teacher is standing. Some students appear to be looking down at their desks, while others are looking up at the teacher.

Posture: The students are seated upright in their chairs, suggesting that they are attentive and focused on the ongoing lesson or activity.

Rating: 2",,0
393,0402017.png,/home/ubuntu/SCB-05-Dataset/5k_HRW_Dataset_combined/images/val/0402017.png,3,2,"Behaviors: The students in the classroom are actively participating in a lesson, with some children raising their hands to answer questions and others looking attentively at the teacher.
Posture: The students are sitting upright in their chairs, facing towards the front of the room where the teacher is standing.
Rating: 2",,0
394,0402022.png,/home/ubuntu/SCB-05-Dataset/5k_HRW_Dataset_combined/images/val/0402022.png,3,2,"Behaviors: The students in the classroom are actively participating in a lesson, with one student standing at the front of the room pointing to something on the screen while others watch attentively.
Posture: The students are sitting upright and facing towards the front of the room where the teacher is presenting.
Rating: 2",,0
395,0402025.png,/home/ubuntu/SCB-05-Dataset/5k_HRW_Dataset_combined/images/val/0402025.png,3,2,"Behaviors: The students in the classroom are sitting at desks and appear to be engaged in an activity. They seem to be focused on a presentation or lesson being led by a woman standing at the front of the room.
Posture: The students are seated upright with their attention directed towards the front of the room, where the teacher is standing.
Rating: 2",,0
396,0402030.png,/home/ubuntu/SCB-05-Dataset/5k_HRW_Dataset_combined/images/val/0402030.png,3,2,"Behaviors: The students in the classroom are sitting at their desks and appear to be engaged in a lesson being taught by a teacher. Some students are actively participating in the lesson, while others seem to be paying attention to the teacher or their surroundings.
Posture: Most of the students are sitting upright with their gaze directed towards the front of the room where the teacher is standing.
Rating: 2",,0
397,0402033.png,/home/ubuntu/SCB-05-Dataset/5k_HRW_Dataset_combined/images/val/0402033.png,2,2,"Behaviors: The students in the classroom are sitting at their desks and appear to be engaged in various activities. Some of them are looking down at their books or papers, while others seem to be paying attention to a teacher or presentation.

Posture: The students are seated upright with their attention directed towards the front of the room, suggesting that they are focused on the ongoing lesson or activity.

Rating: Based on the behaviors and posture observed in the image, I would rate the overall engagement level of the majority of students as 2 for engaged. While some students seem to be actively participating in the class, others may not be fully engaged but are at least paying attention to the ongoing lesson or activity.",,0
398,0402036.png,/home/ubuntu/SCB-05-Dataset/5k_HRW_Dataset_combined/images/val/0402036.png,3,2,"Behaviors: The students in the classroom are sitting and standing around a teacher who is speaking to them. They appear to be listening attentively as they face towards the front of the room where the teacher is standing.
Posture: The students have upright postures with their attention directed towards the teacher, indicating that they are actively engaged in the ongoing lesson or discussion.
Rating: 2",,0
399,0403006.png,/home/ubuntu/SCB-05-Dataset/5k_HRW_Dataset_combined/images/val/0403006.png,3,2,"Behaviors: The students in the classroom are sitting at desks and appear to be engaged in a lesson being taught by a teacher. Some students are looking towards the front of the room where the teacher is standing, while others seem to be focused on their own tasks or materials.

Posture: The students are seated upright with their attention directed towards the front of the classroom, indicating that they are actively participating in the lesson.

Rating: Based on the behaviors and posture observed in the image, I would rate the overall engagement level of the majority of students as 2 for engaged. While some students seem to be focused on the teacher or their tasks, it is not possible to determine if all students are equally engaged without more information about their individual actions.",,0
400,0403013.png,/home/ubuntu/SCB-05-Dataset/5k_HRW_Dataset_combined/images/val/0403013.png,3,2,"Behaviors: The students in the classroom are sitting at desks and appear to be engaged in a group activity. They seem to be listening attentively to someone speaking, possibly their teacher, as they look towards the front of the room.
Posture: Most of the students have an upright posture with their attention directed forward, indicating that they are actively participating in the class.
Rating: 2",,0
401,0403020.png,/home/ubuntu/SCB-05-Dataset/5k_HRW_Dataset_combined/images/val/0403020.png,3,2,"Behaviors: The students in the classroom are sitting and facing towards the front of the room where a woman is standing. They appear to be attentive as they are looking at her and the presentation she is giving.
Posture: The students are seated upright with their attention directed towards the front of the room, indicating that they are actively engaged in the class.
Rating: 2",,0
402,0403022.png,/home/ubuntu/SCB-05-Dataset/5k_HRW_Dataset_combined/images/val/0403022.png,3,2,"Behaviors: The students in the classroom are sitting at desks and appear to be engaged in a lecture or presentation. They are looking towards the front of the room where the speaker is standing.
Posture: The students are seated upright with their attention directed forward, indicating that they are actively participating in the class.
Rating: 2",,0
403,0403035.png,/home/ubuntu/SCB-05-Dataset/5k_HRW_Dataset_combined/images/val/0403035.png,3,2,"Behaviors: The students in the classroom are sitting at desks and appear to be engaged in an activity. They seem to be listening attentively to a teacher who is standing in front of them.
Posture: The students are seated upright with their attention directed towards the front of the room, where the teacher is speaking.
Rating: 2",,0
404,0403037.png,/home/ubuntu/SCB-05-Dataset/5k_HRW_Dataset_combined/images/val/0403037.png,3,2,"Behaviors: The students in the classroom are sitting at their desks, looking forward and paying attention to the teacher.
Posture: The students are seated upright with their gaze directed towards the front of the room.
Rating: 2",,0
405,0403038.png,/home/ubuntu/SCB-05-Dataset/5k_HRW_Dataset_combined/images/val/0403038.png,3,2,"Behaviors: The students in the classroom are sitting at their desks and appear to be attentive to the teacher who is standing in front of them. They seem to be listening and observing as she speaks.
Posture: Most of the students have an upright posture, with their attention directed towards the teacher or the front of the room.
Rating: 2",,0
406,0403040.png,/home/ubuntu/SCB-05-Dataset/5k_HRW_Dataset_combined/images/val/0403040.png,3,2,"Behaviors: The students in the classroom are sitting at desks and appear to be engaged in an activity, possibly a lesson or discussion. Some of them are looking towards the front of the room where a teacher is standing, while others seem to be focused on their own tasks.

Posture: The students are seated upright with their attention directed towards the front of the classroom, indicating that they are actively participating in the activity or listening to the teacher.

Rating: Based on the behaviors and posture observed in the image, I would rate the overall engagement level of the majority of students as 2 for engaged. The students seem to be attentive and involved in the class, but it is not possible to determine their level of focus or comprehension from this single snapshot.",,0
407,0403043.png,/home/ubuntu/SCB-05-Dataset/5k_HRW_Dataset_combined/images/val/0403043.png,3,2,"Behaviors: The students in the classroom are sitting at desks facing a teacher who is standing at the front of the room. They appear to be attentive and engaged in the ongoing lesson, as indicated by their focused gaze on the teacher and the whiteboard behind them.
Posture: The students are seated upright with their attention directed towards the front of the classroom where the teacher is speaking.
Rating: 2",,0
408,0403052.png,/home/ubuntu/SCB-05-Dataset/5k_HRW_Dataset_combined/images/val/0403052.png,2,2,"Behaviors: The students in the classroom are sitting at desks and appear to be engaged in various activities. Some of them are looking down at their books or papers, while others seem to be paying attention to a teacher or an activity being led by someone out of frame.
Posture: Most of the students have upright postures with their heads facing forward, indicating that they are focused on their tasks or the ongoing lesson.
Rating: Based on the behaviors and posture observed in the image, I would rate the overall engagement level of the majority of students as 2 for engaged. While some students seem to be actively participating in the class, others may not be fully engaged but are at least paying attention to the ongoing activity.",,0
409,0404001.png,/home/ubuntu/SCB-05-Dataset/5k_HRW_Dataset_combined/images/val/0404001.png,3,2,"Behaviors: The students in the classroom are predominantly looking at a chalkboard with a drawing of a boy and text on it. Some students appear to be engaged in the activity, while others seem to be more focused on their own tasks or personal belongings.
Posture: The students' postures vary; some are sitting upright, while others are leaning forward or slumped over. Their visual attention is directed towards the chalkboard and their surroundings.
Rating: Based on the behaviors and posture observed in the image, I would rate the overall engagement level of the majority of students as 2 for engaged. While there are some students who seem to be actively participating in the activity, others appear to be more focused on their own tasks or personal belongings, indicating a moderate level of engagement.",,0
410,0404016.png,/home/ubuntu/SCB-05-Dataset/5k_HRW_Dataset_combined/images/val/0404016.png,3,2,"Behaviors: The students in the classroom are sitting at desks and facing towards the front of the room where a teacher is standing. They appear to be attentive as they are looking at the teacher and the presentation being given.

Posture: The students are seated upright, with their attention directed towards the front of the room. Their body language suggests that they are actively engaged in the class.

Rating: 2",,0
411,0404023.png,/home/ubuntu/SCB-05-Dataset/5k_HRW_Dataset_combined/images/val/0404023.png,3,2,"Behaviors: The students in the classroom are sitting at desks and appear to be engaged in various activities. Some of them are looking down at their workbooks, while others seem to be paying attention to a teacher or an instructional video.

Posture: The students are seated upright with their attention directed towards the front of the room, where the teacher is likely providing instructions or guidance.

Rating: Based on the behaviors and posture observed in the image, I would rate the overall engagement level of the majority of students as 2 for engaged. While some students seem to be actively participating in the class, others appear to be less focused, suggesting a moderate level of engagement.",,0
412,0404033.png,/home/ubuntu/SCB-05-Dataset/5k_HRW_Dataset_combined/images/val/0404033.png,3,2,"Behaviors: The students in the classroom are seated at desks and appear to be engaged in a lecture or presentation. They are looking towards the front of the room where the teacher is standing, suggesting that they are paying attention to the ongoing activity.

Posture: The students are sitting upright with their gaze directed forward, indicating that they are focused on the teacher or the content being presented.

Rating: 2",,0
413,0404029.png,/home/ubuntu/SCB-05-Dataset/5k_HRW_Dataset_combined/images/val/0404029.png,2,2,"Behaviors: The students in the classroom are seated at desks and appear to be engaged in a learning activity. They are looking towards the front of the room where a teacher is likely presenting information on a screen.
Posture: The students are sitting upright with their attention directed forward, indicating that they are focused on the ongoing lesson or presentation.
Rating: 2 (engaged)",,0
414,0404035.png,/home/ubuntu/SCB-05-Dataset/5k_HRW_Dataset_combined/images/val/0404035.png,3,2,"Behaviors: The students in the classroom are actively participating in a lesson, with one woman standing at the front of the room gesturing and speaking to them. They appear to be engaged in the activity, as they are looking towards her and possibly taking notes or following along with the presentation.

Posture: The students are sitting upright in their chairs, facing the front of the classroom where the teacher is standing. Their body language suggests that they are attentive and focused on the ongoing lesson.

Rating: 2",,0
415,0404041.png,/home/ubuntu/SCB-05-Dataset/5k_HRW_Dataset_combined/images/val/0404041.png,3,2,"Behaviors: The students in the classroom are actively participating in a learning activity. One student is standing at the front of the room, likely presenting or teaching, while the others are seated and attentively watching the presentation on the screen.
Posture: The students appear to be sitting upright with their attention directed towards the front of the room where the presentation is taking place.
Rating: 2",,0
416,0404043.png,/home/ubuntu/SCB-05-Dataset/5k_HRW_Dataset_combined/images/val/0404043.png,3,2,"Behaviors: The students in the classroom are sitting and watching a presentation on a large screen. One student is standing at the front of the room, possibly leading the class or giving a speech. There is no clear indication that they are writing, reading, resting their heads, or using devices.

Posture: The students appear to be sitting upright with their attention directed towards the front of the room where the presentation is taking place. Their body language suggests that they are actively engaged in the class activity.

Rating: Based on the behaviors and posture observed, I would rate the overall engagement level of the majority of students as 2 for engaged. The students seem to be attentive and focused on the presentation, but it is not possible to determine if their engagement is high or low without more context about the content of the presentation and the students' reactions to it.",,0
417,0404047.png,/home/ubuntu/SCB-05-Dataset/5k_HRW_Dataset_combined/images/val/0404047.png,2,2,"Behaviors: The students in this classroom are sitting at desks and appear to be engaged in various activities. Some of them are looking down at their books or papers, while others seem to be paying attention to the teacher or a presentation.
Posture: Most of the students are sitting upright with their attention directed towards the front of the room, indicating that they are focused on the ongoing lesson or activity.
Rating: 2",,0
418,0404050.png,/home/ubuntu/SCB-05-Dataset/5k_HRW_Dataset_combined/images/val/0404050.png,3,2,"Behaviors: The students in the classroom are sitting at desks and facing a teacher who is standing at the front of the room. They appear to be attentive and engaged in the ongoing lesson.
Posture: The students are seated upright with their attention directed towards the teacher, indicating that they are actively participating in the class.
Rating: 2",,0
419,06000014.png,/home/ubuntu/SCB-05-Dataset/5k_HRW_Dataset_combined/images/val/06000014.png,3,2,"Behaviors: The students in the classroom are sitting at desks and facing towards a teacher who is standing in front of them. They appear to be attentive and engaged in the ongoing lecture or presentation.
Posture: The students are seated upright with their attention directed towards the front of the room, indicating that they are actively participating in the class.
Rating: 2",,0
420,06000017.png,/home/ubuntu/SCB-05-Dataset/5k_HRW_Dataset_combined/images/val/06000017.png,3,2,"Behaviors: The students are sitting in a classroom environment, with one student standing and gesturing towards the teacher. They appear to be attentive and engaged in the lesson being taught by the teacher.
Posture: Most of the students are sitting upright, facing forward, and paying attention to the teacher.
Rating: 2",,0
421,06000018.png,/home/ubuntu/SCB-05-Dataset/5k_HRW_Dataset_combined/images/val/06000018.png,3,2,"Behaviors: The students in the classroom are sitting at desks and facing towards the front of the room where a man is standing. They appear to be attentive and engaged in the ongoing lecture or presentation.
Posture: The students are seated upright with their attention directed towards the front of the room, indicating that they are actively participating in the class.
Rating: 2",,0
422,06000022.png,/home/ubuntu/SCB-05-Dataset/5k_HRW_Dataset_combined/images/val/06000022.png,3,2,"Behaviors: The students in the classroom are actively participating in a group activity. They are standing up and pointing at a blackboard with chalk, indicating that they are engaged in learning and discussion.
Posture: The students have upright postures, suggesting that they are attentive and focused on the task at hand.
Rating: 2",,0
423,06000024.png,/home/ubuntu/SCB-05-Dataset/5k_HRW_Dataset_combined/images/val/06000024.png,3,2,"Behaviors: The students are seated at desks in a classroom setting, with some looking towards the front of the room where a teacher is standing and others appear to be engaged in an activity.
Posture: The students' postures vary; some are sitting upright, while others seem to be leaning forward or resting their heads on their hands.
Rating: 2",,0
424,06000028.png,/home/ubuntu/SCB-05-Dataset/5k_HRW_Dataset_combined/images/val/06000028.png,3,2,"Behaviors: The students in the classroom are actively participating in a presentation or demonstration, with some of them raising their hands and others looking at the screen.
Posture: The students appear to be sitting upright and facing towards the front of the room where the presentation is taking place.
Rating: 2",,0
425,06000053.png,/home/ubuntu/SCB-05-Dataset/5k_HRW_Dataset_combined/images/val/06000053.png,3,2,"Behaviors: The students in the classroom are sitting at desks and appear to be engaged in a group activity. They seem to be listening attentively to someone speaking, possibly an instructor or teacher. Some of them may also be taking notes or participating in a discussion.

Posture: The students are seated upright with their attention directed towards the front of the room where the speaker is likely located. Their body language suggests that they are actively engaged in the activity.

Rating: 2",,0
426,06000063.png,/home/ubuntu/SCB-05-Dataset/5k_HRW_Dataset_combined/images/val/06000063.png,3,2,"Behaviors: The students in the classroom are sitting and looking towards a woman who is standing at the front of the room. Some students appear to be paying attention to her, while others may be engaged in their own activities or thoughts.
Posture: The students are seated with various postures; some are facing forward, while others might be turned slightly to the side or looking down. Their visual attention seems to be directed towards the woman at the front of the room.
Rating: Based on the behaviors and posture described, it is difficult to provide a definitive rating without more information about their level of engagement in the activity or lesson being conducted by the woman. However, since some students are looking towards her and others may be engaged in their own activities, I would rate their overall engagement as a 2 for being engaged to some extent.",,0
427,06000074.png,/home/ubuntu/SCB-05-Dataset/5k_HRW_Dataset_combined/images/val/06000074.png,3,2,"Behaviors: The students in the classroom are seated at desks and appear to be engaged in a learning activity. They are looking towards the front of the room where a teacher is standing, suggesting that they are paying attention to the ongoing lesson.
Posture: The students are sitting upright with their gaze directed forward, indicating that they are focused on the teacher or the content being presented.
Rating: 2",,0
428,06000077.png,/home/ubuntu/SCB-05-Dataset/5k_HRW_Dataset_combined/images/val/06000077.png,3,2,"Behaviors: The students in the classroom are sitting at desks with their attention directed towards a teacher who is standing at the front of the room. They appear to be listening attentively and possibly taking notes or following along with the lesson being taught.
Posture: The students are seated upright, facing forward, which suggests that they are actively engaged in the class.
Rating: 2",,0
429,06000088.png,/home/ubuntu/SCB-05-Dataset/5k_HRW_Dataset_combined/images/val/06000088.png,3,2,"Behaviors: The students in the classroom are sitting at desks and appear to be engaged in a lecture or presentation. They are looking towards the front of the room where the teacher is standing.
Posture: The students are seated upright with their attention directed towards the front of the room, indicating that they are focused on the ongoing activity.
Rating: 2",,0
430,06010025.png,/home/ubuntu/SCB-05-Dataset/5k_HRW_Dataset_combined/images/val/06010025.png,3,2,"Behaviors: The students in the classroom are sitting at desks and appear to be engaged in a group activity. Some of them are looking towards the front of the room where an adult is standing, possibly leading the class or giving instructions.
Posture: Most of the students are sitting upright with their attention directed towards the front of the room, indicating that they are focused on the ongoing activity or instruction.
Rating: 2",,0
431,06010028.png,/home/ubuntu/SCB-05-Dataset/5k_HRW_Dataset_combined/images/val/06010028.png,3,2,"Behaviors: The students are seated in a classroom setting, facing towards the front where a teacher is standing. They appear to be attentive and engaged with the ongoing lesson, as indicated by their focused gaze on the teacher and the content being presented.

Posture: The students are sitting upright in their chairs, suggesting that they are actively participating in the class.

Rating: 2",,0
432,06010030.png,/home/ubuntu/SCB-05-Dataset/5k_HRW_Dataset_combined/images/val/06010030.png,3,2,"Behaviors: The students in the classroom are sitting at desks with their attention directed towards a teacher who is standing and gesturing. Some of them appear to be actively participating in the lesson, while others seem to be waiting for instructions or simply observing.

Posture: The majority of the students have an upright posture, suggesting that they are attentive and engaged in the classroom environment.

Rating: 2",,0
433,06010032.png,/home/ubuntu/SCB-05-Dataset/5k_HRW_Dataset_combined/images/val/06010032.png,3,2,"Behaviors: The students are actively participating in a class with their hands raised, indicating that they are engaged and possibly responding to a question or activity.
Posture: The students appear to be sitting upright and facing the front of the classroom, which suggests that they are focused on the ongoing lesson or discussion.
Rating: 2",,0
434,06010031.png,/home/ubuntu/SCB-05-Dataset/5k_HRW_Dataset_combined/images/val/06010031.png,3,2,"Behaviors: The students in the classroom are sitting at desks with their attention directed towards a teacher who is standing and gesturing. They appear to be listening attentively and possibly taking notes or following along with the lesson.
Posture: The students are seated upright, facing forward, and looking towards the front of the room where the teacher is speaking.
Rating: 2",,0
435,06010037.png,/home/ubuntu/SCB-05-Dataset/5k_HRW_Dataset_combined/images/val/06010037.png,3,2,"Behaviors: The students in the classroom are sitting at desks and appear to be engaged in an activity, possibly writing or reading.
Posture: Most of the students are seated upright with their attention directed towards the front of the room, suggesting that they are focused on the ongoing lesson or task.
Rating: 2",,0
436,0800002.png,/home/ubuntu/SCB-05-Dataset/5k_HRW_Dataset_combined/images/val/0800002.png,3,2,"Behaviors: The students in the classroom are sitting at desks and facing towards the front of the room where a teacher is standing. They appear to be attentive as they listen to the teacher's presentation.

Posture: The students are seated upright with their attention directed forward, indicating that they are actively engaged in the class.

Rating: 2 (engaged)",,0
437,0800004.png,/home/ubuntu/SCB-05-Dataset/5k_HRW_Dataset_combined/images/val/0800004.png,3,2,"Behaviors: The students in the classroom are sitting at desks and facing towards a teacher who is standing at the front of the room. They appear to be attentive as they listen to the teacher's presentation.

Posture: The students are seated upright, with their attention directed towards the front of the room where the teacher is speaking. Their body language suggests that they are actively engaged in the class.

Rating: 2 (engaged) - The students seem to be paying attention and participating in the class, indicating a moderate level of engagement.",,0
438,0800005.png,/home/ubuntu/SCB-05-Dataset/5k_HRW_Dataset_combined/images/val/0800005.png,3,2,"Behaviors: The students in the classroom are sitting at desks and facing towards the front of the room where a teacher is standing. They appear to be attentive as they are looking forward and not engaging in any other activities.
Posture: The students have an upright posture, with their bodies facing forward and their attention directed towards the front of the classroom.
Rating: 2 - The students seem engaged as they are actively participating in the class by paying attention to the teacher and the lesson being taught.",,0
439,0800007.png,/home/ubuntu/SCB-05-Dataset/5k_HRW_Dataset_combined/images/val/0800007.png,3,2,"Behaviors: The students in the classroom are actively participating in a lesson, with some raising their hands to answer questions.
Posture: The students appear to be sitting upright and attentive, indicating that they are focused on the ongoing lesson.
Rating: Based on the behaviors and posture observed, I would rate the overall engagement level of the majority of students as 2 for engaged.",,0
440,0800009.png,/home/ubuntu/SCB-05-Dataset/5k_HRW_Dataset_combined/images/val/0800009.png,3,2,"Behaviors: The students in the classroom are sitting at desks and appear to be engaged in a lecture or presentation. One student is raising their hand, indicating an active participation in the class.
Posture: The students are seated upright with their attention directed towards the front of the room where the teacher or speaker is standing.
Rating: 2",,0
441,0800024.png,/home/ubuntu/SCB-05-Dataset/5k_HRW_Dataset_combined/images/val/0800024.png,3,2,"Behaviors: The students in the classroom are sitting at their desks and appear to be attentive, with some looking towards the front of the room where a teacher is standing.
Posture: Most of the students have an upright posture, suggesting they are actively engaged in the class.
Rating: 2",,0
442,0800025.png,/home/ubuntu/SCB-05-Dataset/5k_HRW_Dataset_combined/images/val/0800025.png,3,2,"Behaviors: The students in the classroom are sitting at their desks and facing towards the front of the room where a woman is standing. They appear to be attentive as they listen to her speak.
Posture: The students are seated upright with their attention directed towards the front of the room, indicating that they are focused on the speaker or presentation.
Rating: 2",,0
443,0800028.png,/home/ubuntu/SCB-05-Dataset/5k_HRW_Dataset_combined/images/val/0800028.png,3,2,"Behaviors: The students in the classroom are sitting at their desks and facing towards the front of the room where a teacher is standing. They appear to be attentive as they listen to the teacher's presentation.

Posture: The students are seated upright, with most of them looking forward towards the teacher or the screen displaying the presentation. Their body language suggests that they are engaged in the class.

Rating: Based on their posture and attention, I would rate the overall engagement level of the majority of students as 2 for engaged. The students seem to be actively participating in the classroom setting, with most of them focused on the teacher's presentation.",,0
444,0800031.png,/home/ubuntu/SCB-05-Dataset/5k_HRW_Dataset_combined/images/val/0800031.png,3,2,"Behaviors: The students in the classroom are sitting at desks and facing towards the front of the room where a teacher is standing. They appear to be attentive as they are looking at the teacher and the presentation on the screen.
Posture: The students are seated upright, with their attention directed towards the front of the room.
Rating: 2 (engaged)",,0
445,0800035.png,/home/ubuntu/SCB-05-Dataset/5k_HRW_Dataset_combined/images/val/0800035.png,3,2,"Behaviors: The students in the classroom are attentively watching a woman who is standing at the front of the room, likely engaged in a lecture or presentation. They appear to be listening and observing her actions.
Posture: The students are sitting upright with their attention directed towards the front of the room where the teacher is speaking.
Rating: 2",,0
446,0800036.png,/home/ubuntu/SCB-05-Dataset/5k_HRW_Dataset_combined/images/val/0800036.png,3,2,"Behaviors: The students in the classroom are sitting at desks and appear to be engaged in a group activity. Some of them are looking towards the front of the room where an adult is standing, possibly leading the class or giving instructions.

Posture: The students are seated upright with their attention directed towards the front of the room, indicating that they are focused on the ongoing activity or lesson.

Rating: 2",,0
447,1000005.png,/home/ubuntu/SCB-05-Dataset/5k_HRW_Dataset_combined/images/val/1000005.png,3,2,"Behaviors: The students in the classroom are sitting at desks and facing a large screen displaying a presentation. Some of them appear to be paying attention to the content on the screen, while others may be engaged in side conversations or other activities.
Posture: The students' postures vary; some are sitting upright with their attention directed towards the front of the room, while others might be leaning forward or slumped over, possibly indicating varying levels of engagement and interest in the presentation.
Rating: Based on the behaviors and posture observed, it is difficult to provide a definitive rating without more information about the students' actions and interactions with the content being presented. However, considering that some students are actively engaged while others may be less focused, I would rate their overall engagement level as a 2 for this particular moment captured in the image.",,0
448,1000011.png,/home/ubuntu/SCB-05-Dataset/5k_HRW_Dataset_combined/images/val/1000011.png,3,2,"Behaviors: The students in the classroom are sitting at desks with books and laptops, some of them appear to be engaged in their work while others seem to be looking around or interacting with each other.
Posture: Most of the students are sitting upright with their attention directed towards the front of the room, suggesting that they are focused on the ongoing lesson or activity.
Rating: 2",,0
449,1000014.png,/home/ubuntu/SCB-05-Dataset/5k_HRW_Dataset_combined/images/val/1000014.png,3,2,"Behaviors: The students in the classroom are actively participating in a lesson being taught by an instructor. They are sitting at desks and paying attention to the front of the room where the teacher is standing. Some students appear to be taking notes or working on assignments, while others are watching the teacher's presentation attentively.

Posture: The students are seated upright in their chairs, with most of them facing towards the front of the classroom where the teacher is standing. Their body language suggests that they are engaged and focused on the ongoing lesson.

Rating: Based on the behaviors and posture observed in the image, I would rate the overall engagement level of the majority of students as 2 for engaged. The students seem to be actively participating in the class, but their level of engagement may vary individually. Some students might be more engaged than others, but collectively, they appear to be attentive and involved in the lesson being taught.",,0
450,1000021.png,/home/ubuntu/SCB-05-Dataset/5k_HRW_Dataset_combined/images/val/1000021.png,3,2,"Behaviors: The students in the classroom are sitting at desks and facing towards the front of the room where a teacher is standing. They appear to be attentive as they are looking at the teacher and the presentation being shown.

Posture: The students are seated upright, with their attention directed towards the front of the room. Their body language suggests that they are engaged in the ongoing class.

Rating: Based on the behaviors and posture observed, I would rate the overall engagement level of the majority of students as 2 for engaged. While all students seem to be paying attention, it is not possible to determine if their engagement is high or low without more context about the content being taught and the students' individual reactions to it.",,0
451,1000026.png,/home/ubuntu/SCB-05-Dataset/5k_HRW_Dataset_combined/images/val/1000026.png,3,2,"Behaviors: The students in the classroom are sitting at desks and facing towards a teacher who is standing in front of them. They appear to be attentive as they are looking at the teacher and the presentation on the screen.
Posture: The students are seated upright, with their attention directed towards the front of the room where the teacher is speaking.
Rating: 2",,0
452,1000018.png,/home/ubuntu/SCB-05-Dataset/5k_HRW_Dataset_combined/images/val/1000018.png,3,3,"Behaviors: The students in the classroom are sitting at desks and appear to be engaged in a learning activity. They are looking towards the front of the room where a teacher is standing, suggesting that they are paying attention to the lesson being taught.

Posture: The students are seated upright with their bodies facing forward, indicating that they are actively participating in the class. Their visual attention seems to be directed towards the front of the room and the teacher, which suggests focus on the ongoing lesson.

Rating: Based on the behaviors and posture observed, I would rate the overall engagement level of the majority of students as 2 for engaged. The students are actively participating in the class and appear to be paying attention to the teacher's instructions or presentation. However, without more context or a clearer view of their facial expressions and involvement in the activity, it is difficult to determine if they are highly engaged (rating 3).",,0
453,1000027.png,/home/ubuntu/SCB-05-Dataset/5k_HRW_Dataset_combined/images/val/1000027.png,2,2,"Behaviors: The students in the classroom are sitting at desks with papers and books in front of them. They appear to be engaged in a group activity, possibly listening to a speaker or participating in a discussion.
Posture: The students are seated upright, facing forward towards the front of the room where the speaker is likely standing. Their attention seems focused on the ongoing activity.
Rating: 2",,0
454,1000041.png,/home/ubuntu/SCB-05-Dataset/5k_HRW_Dataset_combined/images/val/1000041.png,2,2,"Behaviors: The students in the classroom are sitting at desks and appear to be engaged in writing or drawing on paper. Some of them are looking down at their work, while others seem to be paying attention to a teacher or an activity being led by someone out of frame.

Posture: The students are seated upright with their attention directed towards the front of the classroom, suggesting that they are focused on the ongoing activity or lesson.

Rating: Based on the behaviors and posture observed in the image, I would rate the overall engagement level of the majority of students as 2 for engaged. While some students seem to be actively participating in the activity, others appear to be less engaged, possibly due to individual differences in learning styles or interest levels.",,0
455,1000047.png,/home/ubuntu/SCB-05-Dataset/5k_HRW_Dataset_combined/images/val/1000047.png,3,2,"Behaviors: The students in the classroom are sitting at desks and appear to be engaged in a lecture or presentation. One student is standing up and seems to be actively participating, possibly giving a speech or demonstration.
Posture: Most of the students are sitting upright with their attention directed towards the front of the room where the speaker is standing. Their body language suggests that they are focused on the ongoing activity.
Rating: 2",,0
456,1000049.png,/home/ubuntu/SCB-05-Dataset/5k_HRW_Dataset_combined/images/val/1000049.png,3,2,"Behaviors: The students in the classroom are sitting at desks and facing towards the front of the room where a teacher is standing. They appear to be attentive as they are looking at the teacher and the whiteboard.
Posture: The students are seated upright, with their attention directed towards the front of the room.
Rating: 2",,0
457,1000053.png,/home/ubuntu/SCB-05-Dataset/5k_HRW_Dataset_combined/images/val/1000053.png,2,2,"Behaviors: The students in the classroom are sitting at desks with their attention directed towards the front of the room where a teacher is standing. Some students appear to be writing or taking notes, while others seem to be listening attentively.

Posture: Most of the students are seated upright and facing forward, indicating that they are actively engaged in the class.

Rating: Based on their posture and attention, I would rate the overall engagement level of the majority of students as 2 for engaged. While some students may be more focused than others, the general atmosphere suggests that they are actively participating in the classroom activity.",,0
458,1119001.png,/home/ubuntu/SCB-05-Dataset/5k_HRW_Dataset_combined/images/val/1119001.png,3,2,"Behaviors: The students in the classroom are sitting at desks and watching a presentation on a large screen. Some of them appear to be paying attention, while others may be slightly distracted or daydreaming.
Posture: Most of the students are seated upright with their attention directed towards the front of the room where the presentation is being shown.
Rating: 2",,0
459,1119011.png,/home/ubuntu/SCB-05-Dataset/5k_HRW_Dataset_combined/images/val/1119011.png,3,2,"Behaviors: The students in the classroom are sitting at desks and appear to be engaged in a group activity. Some of them are looking towards the front of the room, while others seem to be focused on their own tasks.
Posture: The students are seated upright with their attention directed forward, suggesting that they are actively participating in the class.
Rating: 2",,0
460,1119015.png,/home/ubuntu/SCB-05-Dataset/5k_HRW_Dataset_combined/images/val/1119015.png,3,2,"Behaviors: The students in the classroom are seated at desks and appear to be engaged in a lecture or presentation. They are looking towards the front of the room where a speaker is likely presenting information. Some students may be taking notes or paying attention to the speaker.

Posture: The students are sitting upright, with their bodies facing forward, indicating that they are actively participating in the class. Their visual attention seems to be directed towards the front of the room, suggesting that they are focused on the ongoing lecture or presentation.

Rating: Based on the behaviors and posture observed in the image, I would rate the overall engagement level of the majority of students as 2 for engaged. The students appear to be actively participating in the class, but their level of engagement may vary individually. Some students might be more focused than others, but generally, they seem to be attentive and involved in the learning process.",,0
461,1119018.png,/home/ubuntu/SCB-05-Dataset/5k_HRW_Dataset_combined/images/val/1119018.png,3,2,"Behaviors: The students in the classroom are seated at desks with laptops open in front of them. They appear to be engaged in a lecture or presentation, as indicated by their attention towards the front of the room where a speaker is standing.

Posture: The students are sitting upright and facing forward, indicating that they are actively participating in the class.

Rating: Based on the behaviors and posture observed, I would rate the overall engagement level of the majority of students as 2 for engaged. While most students seem to be paying attention to the speaker, there is no clear indication of active participation or interaction with their laptops, which could suggest a higher level of engagement if they were being used more actively during the lecture. However, given that they are in a classroom setting and not using devices, it's reasonable to assume that their focus is on the speaker rather than their laptops at this moment.",,0
462,1119023.png,/home/ubuntu/SCB-05-Dataset/5k_HRW_Dataset_combined/images/val/1119023.png,3,2,"Behaviors: The students in the classroom are sitting at desks and appear to be engaged in an activity. Some of them are looking towards the front of the room where a woman is standing, possibly addressing the class or leading a discussion.
Posture: The students are seated upright with their attention directed towards the front of the room, indicating that they are focused on the ongoing activity or presentation.
Rating: 2",,0
463,1119033.png,/home/ubuntu/SCB-05-Dataset/5k_HRW_Dataset_combined/images/val/1119033.png,3,2,"Behaviors: The students in the classroom are sitting at desks and facing a presentation screen where a person is speaking. They appear to be attentive and engaged with the speaker.
Posture: Most of the students are sitting upright with their attention directed towards the front of the room, indicating that they are actively participating in the class.
Rating: 2 (engaged)",,0
464,1119041.png,/home/ubuntu/SCB-05-Dataset/5k_HRW_Dataset_combined/images/val/1119041.png,3,2,"Behaviors: The students in the classroom are sitting at desks and appear to be engaged in a group activity. Some of them are looking up towards the front of the room, while others seem to be focused on their own tasks.
Posture: The students are seated upright with their attention directed towards the front of the room or their individual tasks.
Rating: 2",,0
465,1119057.png,/home/ubuntu/SCB-05-Dataset/5k_HRW_Dataset_combined/images/val/1119057.png,3,2,"Behaviors: The students in the classroom are sitting at desks and facing towards a teacher who is standing in front of them. They appear to be attentive as they watch the teacher present something on a screen.
Posture: The students are seated upright with their attention directed towards the front of the room, indicating that they are focused on the ongoing lesson or presentation.
Rating: 2 - The students seem engaged in the class, as they are actively participating and paying attention to the teacher's instructions or demonstration.",,0
466,1119058.png,/home/ubuntu/SCB-05-Dataset/5k_HRW_Dataset_combined/images/val/1119058.png,3,2,"Behaviors: The students in the classroom are sitting at desks and appear to be engaged in a learning activity. They seem to be focused on the front of the room where the teacher is likely providing instruction.
Posture: Most of the students are sitting upright with their attention directed towards the front of the room, indicating that they are actively participating in the class.
Rating: 2",,0
467,1119059.png,/home/ubuntu/SCB-05-Dataset/5k_HRW_Dataset_combined/images/val/1119059.png,3,2,"Behaviors: The students in the classroom are actively participating in a lesson, with one student standing at the front of the room holding up a sign and gesturing towards it. Other students are seated and attentively watching the presentation on the screen.
Posture: The majority of the students are sitting upright and facing forward, indicating that they are focused on the ongoing lesson.
Rating: 2",,0
468,1120017.png,/home/ubuntu/SCB-05-Dataset/5k_HRW_Dataset_combined/images/val/1120017.png,3,2,"Behaviors: The students in the classroom are sitting at desks and appear to be engaged in a learning activity. They seem to be focused on the teacher who is standing in front of them, possibly giving instructions or leading a discussion.

Posture: The students are seated upright with their attention directed towards the front of the room where the teacher is standing. Their body language suggests that they are actively participating in the class.

Rating: Based on the behaviors and posture observed in the image, I would rate the overall engagement level of the majority of students as 2 for engaged. The students seem to be attentive and involved in the classroom activity, but their level of engagement may vary individually.",,0
469,1120024.png,/home/ubuntu/SCB-05-Dataset/5k_HRW_Dataset_combined/images/val/1120024.png,3,3,"Behaviors: The students in the classroom are seated at desks and appear to be attentive, with some looking towards the front of the room where a teacher is standing. There is no clear indication that they are writing, reading, resting their heads, using devices, or raising hands.

Posture: The students are sitting upright in their chairs, suggesting that they are focused on the ongoing lesson or activity. Their gaze seems to be directed towards the front of the room, indicating engagement with the teacher and the content being presented.

Rating: Based on the behaviors and posture observed, I would rate the overall engagement level of the majority of students as 2 for engaged. The students are attentive and appear to be actively participating in the classroom setting. However, without more context or a clearer view of their activities, it is difficult to determine if they are highly engaged (rating 3).",,0
470,1120028.png,/home/ubuntu/SCB-05-Dataset/5k_HRW_Dataset_combined/images/val/1120028.png,3,2,"Behaviors: The students in the classroom are sitting at desks and facing a teacher who is standing in front of them. They appear to be attentive as they listen to the lecture.
Posture: The students are seated upright with their attention directed towards the teacher, indicating that they are actively engaged in the class.
Rating: 2",,0
471,1120037.png,/home/ubuntu/SCB-05-Dataset/5k_HRW_Dataset_combined/images/val/1120037.png,3,2,"Behaviors: The students in the classroom are sitting at desks and appear to be engaged in a group activity. They seem to be listening attentively to someone speaking, possibly an instructor or teacher.
Posture: The students are seated upright with their attention directed towards the front of the room where the speaker is located.
Rating: 2",,0
472,1120041.png,/home/ubuntu/SCB-05-Dataset/5k_HRW_Dataset_combined/images/val/1120041.png,3,2,"Behaviors: The students in the classroom are sitting and listening to a woman who is standing at the front of the room. They appear to be attentive and focused on her as she speaks.
Posture: The students are seated upright with their attention directed towards the woman speaking, indicating that they are actively engaged in the class.
Rating: 2",,0
473,1120061.png,/home/ubuntu/SCB-05-Dataset/5k_HRW_Dataset_combined/images/val/1120061.png,3,2,"Behaviors: The students in the classroom are sitting at desks and facing towards a teacher who is standing in front of them. They appear to be attentive as they listen to the teacher's instructions or lecture.

Posture: The students are seated upright, with their attention directed towards the front of the room where the teacher is speaking. Their body language suggests that they are actively engaged in the class.

Rating: 2 (engaged) - The students seem to be paying attention and participating in the classroom activity, indicating a moderate level of engagement.",,0
474,1120063.png,/home/ubuntu/SCB-05-Dataset/5k_HRW_Dataset_combined/images/val/1120063.png,3,2,"Behaviors: The students in the classroom are sitting at desks and appear to be engaged in an activity. Some of them are looking towards the front of the room where a teacher is standing, while others seem to be focused on their own tasks.
Posture: The students are seated upright with their attention directed towards the front of the room or their individual tasks.
Rating: 2",,0
475,1120064.png,/home/ubuntu/SCB-05-Dataset/5k_HRW_Dataset_combined/images/val/1120064.png,3,2,"Behaviors: The students in the classroom are actively participating in a lesson, with one student standing at the front of the room gesturing towards the teacher. The rest of the class is seated and appears to be attentive, as indicated by their raised hands.
Posture: The students are sitting upright in their chairs, facing forward towards the teacher and the front of the classroom.
Rating: 2",,0
476,1121005.png,/home/ubuntu/SCB-05-Dataset/5k_HRW_Dataset_combined/images/val/1121005.png,3,2,"Behaviors: The students in the classroom are actively participating in a lesson, with one student standing at the front of the room gesturing and speaking to the class. Other students are attentively watching the teacher and the speaker, some with their hands raised as if they are about to answer or ask a question.
Posture: The students are sitting upright in their chairs, facing towards the front of the classroom where the teacher is standing. Their body language suggests that they are engaged in the lesson.
Rating: 2",,0
477,1121006.png,/home/ubuntu/SCB-05-Dataset/5k_HRW_Dataset_combined/images/val/1121006.png,3,2,"Behaviors: The students in the classroom are sitting at desks and appear to be engaged in an activity that involves writing or drawing on paper. They seem to be focused on their tasks.
Posture: The students are seated upright with their attention directed towards their work.
Rating: 2",,0
478,1121009.png,/home/ubuntu/SCB-05-Dataset/5k_HRW_Dataset_combined/images/val/1121009.png,3,2,"Behaviors: The students in the classroom are seated at desks with their attention directed towards the front of the room where a teacher is standing. They appear to be listening attentively and possibly taking notes.
Posture: The students are sitting upright in their chairs, suggesting that they are focused on the ongoing lesson or lecture.
Rating: 2",,0
479,1121020.png,/home/ubuntu/SCB-05-Dataset/5k_HRW_Dataset_combined/images/val/1121020.png,3,2,"Behaviors: The students in the classroom are predominantly sitting at their desks with their hands raised, indicating that they are actively participating in a class activity.

Posture: The students appear to be sitting upright and facing towards the front of the room, suggesting that they are focused on the ongoing lesson or discussion.

Rating: Based on the behaviors and posture observed, I would rate the overall engagement level of the majority of students as 2 for engaged. While most students have their hands raised, it is not clear if they are actively writing or reading, but their body language and attention towards the front of the room suggest that they are participating in the class activity.",,0
480,1121013.png,/home/ubuntu/SCB-05-Dataset/5k_HRW_Dataset_combined/images/val/1121013.png,3,2,"Behaviors: The students in the classroom are sitting at desks and facing towards the front of the room where a teacher is standing. They appear to be attentive and engaged in the ongoing lesson.
Posture: The students are seated upright with their attention directed forward, indicating that they are actively participating in the class.
Rating: 2",,0
481,1121022.png,/home/ubuntu/SCB-05-Dataset/5k_HRW_Dataset_combined/images/val/1121022.png,3,2,"Behaviors: The students in the classroom are sitting at desks and appear to be engaged in a learning activity. They seem to be focused on their work, with some students looking down at their books or papers, while others may be interacting with each other or the teacher.

Posture: The students are seated upright in their chairs, suggesting that they are attentive and actively participating in the class. Their gaze is directed towards the front of the classroom, where the teacher or a presentation might be taking place.

Rating: Based on the behaviors and posture observed in the image, I would rate the overall engagement level of the majority of students as 2 for engaged. The students seem to be actively participating in the class, but their level of engagement may vary individually. Some students may be more focused than others, but generally, they appear to be engaged in the learning activity.",,0
482,1121029.png,/home/ubuntu/SCB-05-Dataset/5k_HRW_Dataset_combined/images/val/1121029.png,3,2,"Behaviors: The students in the classroom are actively participating in a lesson, with some of them raising their hands to answer questions and others paying attention to the teacher.

Posture: The students are sitting upright at their desks, facing towards the front of the room where the teacher is standing.

Rating: 2",,0
483,1128007.png,/home/ubuntu/SCB-05-Dataset/5k_HRW_Dataset_combined/images/val/1128007.png,3,2,"Behaviors: The students in the classroom are sitting at desks and appear to be engaged in a learning activity. They are looking towards the front of the room where the teacher is likely providing instruction.
Posture: The students are seated upright with their attention directed forward, indicating that they are focused on the ongoing lesson or task.
Rating: 2",,0
484,1128023.png,/home/ubuntu/SCB-05-Dataset/5k_HRW_Dataset_combined/images/val/1128023.png,3,2,"Behaviors: The students in the classroom are sitting at desks and facing towards a teacher who is standing at the front of the room. They appear to be attentive as they watch the teacher present on a screen.
Posture: The students are seated upright with their attention directed towards the front of the room, indicating that they are focused on the ongoing presentation or lecture.
Rating: 2 (engaged)",,0
485,1128032.png,/home/ubuntu/SCB-05-Dataset/5k_HRW_Dataset_combined/images/val/1128032.png,3,2,"Behaviors: The students in the classroom are actively participating in a lesson, with their hands raised up to answer questions.
Posture: The students are sitting upright and facing towards the front of the room where the teacher is standing.
Rating: 2",,0
486,1128026.png,/home/ubuntu/SCB-05-Dataset/5k_HRW_Dataset_combined/images/val/1128026.png,3,2,"Behaviors: The students in the classroom are sitting at desks and appear to be engaged in a group activity. Some of them are looking towards the front of the room where a teacher is standing, while others seem to be focused on their own tasks.
Posture: The students are seated upright with their attention directed towards the front of the room or their individual tasks.
Rating: 2",,0
487,1130002.png,/home/ubuntu/SCB-05-Dataset/5k_HRW_Dataset_combined/images/val/1130002.png,3,2,"Behaviors: The students are seated in a classroom setting, with one woman standing at the front of the room. She appears to be speaking or presenting, as she is gesturing with her hands and looking towards the audience. The students are attentively watching her, some with their hands raised, indicating that they may be participating in an interactive session or discussion.

Posture: The students are sitting upright at desks, facing the front of the room where the woman is standing. Their body language suggests that they are actively engaged in the ongoing presentation or lecture.

Rating: 2",,0
488,1130014.png,/home/ubuntu/SCB-05-Dataset/5k_HRW_Dataset_combined/images/val/1130014.png,3,2,"Behaviors: The students in the classroom are sitting at desks and facing towards a teacher who is standing at the front of the room. They appear to be attentive as they listen to the presentation on the screen.
Posture: The students are seated upright with their attention directed towards the front of the room, indicating that they are focused on the ongoing lecture or presentation.
Rating: 2",,0
489,1130021.png,/home/ubuntu/SCB-05-Dataset/5k_HRW_Dataset_combined/images/val/1130021.png,3,2,"Behaviors: The students in the classroom are sitting at desks and facing towards the front of the room where a teacher is standing. They appear to be attentive as they are looking at the teacher and the presentation being shown.
Posture: The students are seated upright, with their attention directed forward towards the teacher and the presentation.
Rating: 2",,0
490,1130030.png,/home/ubuntu/SCB-05-Dataset/5k_HRW_Dataset_combined/images/val/1130030.png,2,2,"Behaviors: The students in the classroom are sitting at desks and appear to be engaged in various activities. Some of them are looking down at their books or papers, while others seem to be paying attention to a teacher or an activity being led by someone out of frame.

Posture: The students are seated upright with their attention directed towards the front of the classroom, suggesting that they are focused on the ongoing lesson or activity.

Rating: Based on the behaviors and posture observed in the image, I would rate the overall engagement level of the majority of students as 2 for engaged. While some students seem to be actively participating in the class, others appear to be less engaged, possibly due to individual differences in learning styles or interest levels. However, given that they are all seated and facing forward, it is clear that they are at least somewhat attentive to the ongoing lesson or activity.",,0
491,1130060.png,/home/ubuntu/SCB-05-Dataset/5k_HRW_Dataset_combined/images/val/1130060.png,3,2,"Behaviors: The students in the classroom are sitting at desks and appear to be engaged in various activities. Some of them are looking down at their desks, while others seem to be paying attention to a teacher or presentation.

Posture: The students are seated upright with their gaze directed towards the front of the room, suggesting that they are focused on the ongoing activity or lesson.

Rating: Based on the behaviors and posture observed in the image, I would rate the overall engagement level of the majority of students as 2 for engaged. While some students seem to be actively participating, others appear to be less engaged, but not completely disengaged either.",,0
492,1180028.png,/home/ubuntu/SCB-05-Dataset/5k_HRW_Dataset_combined/images/val/1180028.png,3,2,"Behaviors: The students in the classroom are sitting at their desks, with some of them looking towards the front of the room where a teacher is standing. There is no clear indication that they are engaged in writing, reading, or using devices.
Posture: The students appear to be sitting upright and facing forward, suggesting that they are attentive and focused on the ongoing lesson.
Rating: 2",,0
493,1180030.png,/home/ubuntu/SCB-05-Dataset/5k_HRW_Dataset_combined/images/val/1180030.png,3,2,"Behaviors: The students in the classroom are sitting at their desks with their hands raised, indicating that they are actively participating in a class discussion or activity.
Posture: The students appear to be sitting upright and attentive, with their gaze directed towards the front of the room where the teacher is likely leading the discussion.
Rating: 2",,0
494,1180036.png,/home/ubuntu/SCB-05-Dataset/5k_HRW_Dataset_combined/images/val/1180036.png,3,2,"Behaviors: The students in the classroom are sitting at desks and appear to be engaged in a lesson being taught by a woman standing in front of them. They seem to be listening attentively and possibly taking notes or following along with the teacher's instructions.

Posture: The students are seated upright, facing towards the front of the room where the teacher is standing, indicating that they are focused on the ongoing lesson.

Rating: Based on their posture and the fact that they seem to be actively participating in the class, I would rate the overall engagement level of the majority of students as 2 for engaged.",,0
495,1180032.png,/home/ubuntu/SCB-05-Dataset/5k_HRW_Dataset_combined/images/val/1180032.png,3,2,"Behaviors: The students in the classroom are sitting at their desks, with some of them looking up towards the front of the room. There is no clear indication that they are writing, reading, resting their heads, using devices, or raising hands.
Posture: The students appear to be sitting upright and facing forward, suggesting that they are attentive and focused on the front of the classroom.
Rating: 2",,0
496,1180037.png,/home/ubuntu/SCB-05-Dataset/5k_HRW_Dataset_combined/images/val/1180037.png,3,2,"Behaviors: The students in the classroom are sitting at desks and appear to be engaged in a lesson being taught by an instructor. They seem to be paying attention to the front of the room where the teacher is standing.
Posture: The students are seated upright with their gaze directed towards the front of the room, indicating that they are focused on the ongoing lesson.
Rating: 2",,0
497,1180042.png,/home/ubuntu/SCB-05-Dataset/5k_HRW_Dataset_combined/images/val/1180042.png,3,2,"Behaviors: The students in the classroom are sitting at desks and facing towards the front of the room where a teacher is standing. They appear to be attentive as they are looking at the teacher who seems to be leading a discussion or lecture.
Posture: The students are seated upright, with their attention directed towards the front of the room.
Rating: 2 (engaged)",,0
498,1180047.png,/home/ubuntu/SCB-05-Dataset/5k_HRW_Dataset_combined/images/val/1180047.png,3,2,"Behaviors: The students in the classroom are sitting at desks and appear to be engaged in an activity. Some of them are looking towards the front of the room, while others seem to be focused on their own tasks.
Posture: The students are seated upright with their attention directed forward, suggesting that they are actively participating in the class or activity.
Rating: 2",,0
499,1180048.png,/home/ubuntu/SCB-05-Dataset/5k_HRW_Dataset_combined/images/val/1180048.png,3,3,"Behaviors: The students in the classroom are sitting at desks and facing towards a teacher who is standing at the front of the room. They appear to be attentive as they listen to the teacher's instructions or lecture.
Posture: The students are seated upright, with their attention directed towards the front of the room where the teacher is speaking.
Rating: 2 - The students seem engaged in the classroom setting, as they are actively listening and facing the teacher. However, without more context on their level of participation or interaction with the material being taught, it's difficult to rate them a 3 for high engagement.",,0
500,1243003.png,/home/ubuntu/SCB-05-Dataset/5k_HRW_Dataset_combined/images/val/1243003.png,3,2,"Behaviors: The students are sitting in a classroom environment, with one woman standing and interacting with them. They appear to be attentive as they look towards the front of the room where the woman is speaking.
Posture: The students are seated upright, facing forward, indicating that they are actively engaged in the class.
Rating: 2",,0
501,1243008.png,/home/ubuntu/SCB-05-Dataset/5k_HRW_Dataset_combined/images/val/1243008.png,3,2,"Behaviors: The students in the classroom are sitting at desks and appear to be engaged in a lesson being taught by an instructor. They seem to be paying attention to the presentation on the screen and possibly taking notes or following along with the teacher's instructions.
Posture: The students are seated upright, facing towards the front of the room where the teacher is standing, indicating that they are actively participating in the class.
Rating: 2",,0
502,1243010.png,/home/ubuntu/SCB-05-Dataset/5k_HRW_Dataset_combined/images/val/1243010.png,2,2,"Behaviors: The students in the classroom are sitting at desks with books and notebooks, some of them appear to be writing or reading, while others seem to be looking around or resting their heads.
Posture: Most of the students have an upright posture, suggesting they are attentive and engaged in their tasks.
Rating: 2",,0
503,1243011.png,/home/ubuntu/SCB-05-Dataset/5k_HRW_Dataset_combined/images/val/1243011.png,3,2,"Behaviors: The students in the classroom are sitting at desks and appear to be engaged in an activity. They seem to be focused on a task or presentation, as indicated by their attention towards the front of the room where a teacher is likely leading the class.

Posture: The students are seated upright with their attention directed forward, suggesting that they are actively participating in the classroom activity.

Rating: Based on the behaviors and posture observed, I would rate the overall engagement level of the majority of students as 2 for engaged. While it is not possible to determine the exact nature of the task or presentation, the students' body language and attention suggest that they are actively involved in the learning process.",,0
504,1243012.png,/home/ubuntu/SCB-05-Dataset/5k_HRW_Dataset_combined/images/val/1243012.png,3,2,"Behaviors: The students in the classroom are sitting at desks and appear to be engaged in a learning activity. Some of them are raising their hands, indicating that they are actively participating in the class.
Posture: The students are seated upright with their attention directed towards the front of the room where the teacher is likely leading the lesson.
Rating: 2",,0
505,1243015.png,/home/ubuntu/SCB-05-Dataset/5k_HRW_Dataset_combined/images/val/1243015.png,3,2,"Behaviors: The students in the classroom are actively participating in a lesson, with some of them raising their hands to answer questions.
Posture: The students are sitting upright and facing towards the front of the room where the teacher is standing.
Rating: 2",,0
506,1243021.png,/home/ubuntu/SCB-05-Dataset/5k_HRW_Dataset_combined/images/val/1243021.png,3,2,"Behaviors: The students in the classroom are sitting at desks and facing towards the front of the room where a teacher is standing. They appear to be attentive and engaged in the ongoing lesson.
Posture: The students are seated upright with their attention directed forward, indicating that they are actively participating in the class.
Rating: 2",,0
507,1243028.png,/home/ubuntu/SCB-05-Dataset/5k_HRW_Dataset_combined/images/val/1243028.png,3,2,"Behaviors: The students in the classroom are actively participating in a lesson, with one student standing at the front of the room gesturing towards a presentation on the screen. They appear to be engaged in the learning activity.
Posture: The students are sitting upright and facing towards the front of the room where the teacher is presenting. Their attention seems focused on the ongoing lesson.
Rating: 2",,0
508,1243032.png,/home/ubuntu/SCB-05-Dataset/5k_HRW_Dataset_combined/images/val/1243032.png,3,2,"Behaviors: The students in the classroom are actively participating in a lesson, with one student raising their hand to answer a question posed by the teacher.
Posture: The students appear to be sitting upright and attentive, looking towards the front of the room where the teacher is standing.
Rating: 2",,0
509,1246027.png,/home/ubuntu/SCB-05-Dataset/5k_HRW_Dataset_combined/images/val/1246027.png,3,2,"Behaviors: The students in the classroom are focused on a woman who is standing and gesturing with an orange box. They appear to be attentive and engaged as they watch her actions.
Posture: The students are sitting upright at their desks, facing towards the front of the room where the woman is standing. Their attention seems to be directed towards her.
Rating: 2",,0
510,1246029.png,/home/ubuntu/SCB-05-Dataset/5k_HRW_Dataset_combined/images/val/1246029.png,3,2,"Behaviors: The students in the classroom are sitting at desks and facing towards the front of the room where a teacher is standing. It appears that they are attentive to the teacher's instruction, as suggested by their focused gaze and upright posture.

Posture: The students are seated with their backs straight and facing forward, indicating that they are actively engaged in the lesson being taught.

Rating: Based on the behaviors and posture observed, I would rate the overall engagement level of the majority of students as 2 for engaged. While all students seem to be paying attention to the teacher, there is no clear indication of active participation or interaction with their environment beyond listening to the lesson.",,0
511,1246034.png,/home/ubuntu/SCB-05-Dataset/5k_HRW_Dataset_combined/images/val/1246034.png,3,2,"Behaviors: The students in the classroom are sitting at desks and appear to be engaged in a lesson being taught by an instructor. Some of them are looking towards the front of the room where the teacher is standing, while others seem to be focused on their own tasks or materials.

Posture: The students are seated upright with their attention directed towards the front of the classroom, indicating that they are actively participating in the lesson.

Rating: 2",,0
512,1246039.png,/home/ubuntu/SCB-05-Dataset/5k_HRW_Dataset_combined/images/val/1246039.png,3,2,"Behaviors: The students in the classroom are sitting and facing towards the front of the room where a teacher is standing. They appear to be attentive as they listen to the lecture.
Posture: The students are seated upright with their attention directed forward, indicating that they are actively engaged in the class.
Rating: 2",,0
513,1246048.png,/home/ubuntu/SCB-05-Dataset/5k_HRW_Dataset_combined/images/val/1246048.png,3,2,"Behaviors: The students in the classroom are sitting at desks and facing towards the front of the room where a teacher is standing. They appear to be attentive and engaged in the ongoing lesson.
Posture: The students are seated upright with their attention directed towards the front of the room, indicating that they are actively participating in the class.
Rating: 2",,0
514,1246040.png,/home/ubuntu/SCB-05-Dataset/5k_HRW_Dataset_combined/images/val/1246040.png,2,2,"Behaviors: The students in the classroom are sitting at desks and appear to be engaged in various activities. Some of them are looking down at their desks, while others seem to be paying attention to a woman standing in front of them.
Posture: The students are seated upright with their gaze directed towards the front of the room or the teacher.
Rating: 2",,0
515,1246050.png,/home/ubuntu/SCB-05-Dataset/5k_HRW_Dataset_combined/images/val/1246050.png,3,2,"Behaviors: The students in the classroom are sitting at desks and facing towards the front of the room where a teacher is standing. They appear to be attentive and engaged in the ongoing lesson.
Posture: The students are seated upright with their attention directed forward, indicating that they are actively participating in the class.
Rating: 2",,0
516,1249003.png,/home/ubuntu/SCB-05-Dataset/5k_HRW_Dataset_combined/images/val/1249003.png,3,2,"Behaviors: The students in the classroom are actively participating in a lesson, with some raising their hands and others looking attentively at the front of the room.
Posture: The students are sitting upright in their chairs, indicating that they are focused on the ongoing activity.
Rating: 2",,0
517,1249010.png,/home/ubuntu/SCB-05-Dataset/5k_HRW_Dataset_combined/images/val/1249010.png,3,2,"Behaviors: The students in the classroom are actively participating in a group activity. They are sitting at desks and raising their hands to answer questions or provide answers.

Posture: The students appear to be focused on the front of the room where the teacher is likely leading the discussion, with some looking towards the camera. Their body postures suggest that they are engaged in the activity.

Rating: 2",,0
518,1249012.png,/home/ubuntu/SCB-05-Dataset/5k_HRW_Dataset_combined/images/val/1249012.png,2,2,"Behaviors: The students in the classroom are seated at desks with laptops open in front of them. They appear to be engaged in a learning activity, possibly taking notes or working on their devices.
Posture: Most of the students are sitting upright and facing forward, indicating that they are focused on the task at hand.
Rating: 2",,0
519,1249022.png,/home/ubuntu/SCB-05-Dataset/5k_HRW_Dataset_combined/images/val/1249022.png,3,2,"Behaviors: The students in the classroom are sitting at their desks, with some looking towards the front of the room where a teacher is standing. There is no clear indication that they are engaged in writing, reading, using devices, or raising hands.
Posture: The students appear to be sitting upright and facing forward, suggesting that they are attentive to the ongoing lesson.
Rating: 2 - The students seem to be engaged in the classroom setting, as they are paying attention to the teacher and their surroundings. However, there is no clear indication of active participation or interaction with the material being taught.",,0
520,1249023.png,/home/ubuntu/SCB-05-Dataset/5k_HRW_Dataset_combined/images/val/1249023.png,3,2,"Behaviors: The students in the classroom are sitting at their desks, looking forward towards the front of the room where a teacher is likely to be giving instructions or teaching. There is no clear indication that they are using devices or engaging in other activities.
Posture: The students appear to be sitting upright with their attention directed towards the front of the room.
Rating: 2 (engaged)",,0
521,1249042.png,/home/ubuntu/SCB-05-Dataset/5k_HRW_Dataset_combined/images/val/1249042.png,3,2,"Behaviors: The students in the classroom are actively participating in a group activity. They are sitting at desks and appear to be engaged in a discussion or presentation led by an adult standing in front of them. Some students are raising their hands, indicating that they are paying attention and possibly responding to questions or participating in the activity.

Posture: The students are seated upright with their gaze directed towards the front of the classroom where the adult is leading the activity. Their body language suggests focus and attentiveness.

Rating: Based on the behaviors and posture observed, I would rate the overall engagement level of the majority of students as 2 for engaged. The students seem to be actively participating in the group activity, but their level of engagement may vary individually.",,0
522,1249043.png,/home/ubuntu/SCB-05-Dataset/5k_HRW_Dataset_combined/images/val/1249043.png,3,2,"Behaviors: The students in the classroom are sitting at desks and appear to be engaged in an activity. They seem to be focused on a task or listening to someone speaking.
Posture: Most of the students are sitting upright with their attention directed towards the front of the room, suggesting that they are actively participating in the class.
Rating: 2",,0
523,1249052.png,/home/ubuntu/SCB-05-Dataset/5k_HRW_Dataset_combined/images/val/1249052.png,3,2,"Behaviors: The students in the classroom are sitting at desks and appear to be engaged in a learning activity. They seem to be listening attentively to the teacher who is standing at the front of the room.

Posture: The students are seated upright with their attention directed towards the front of the room, where the teacher is speaking.

Rating: 2",,0
524,1249063.png,/home/ubuntu/SCB-05-Dataset/5k_HRW_Dataset_combined/images/val/1249063.png,3,2,"Behaviors: The students in the classroom are sitting at desks and appear to be engaged in an activity. Some of them are looking towards the front of the room where a teacher is standing, while others seem to be focused on their own tasks.

Posture: The students are seated upright with their attention directed towards the front of the room or their individual tasks. There is no clear indication that any student is resting their head or using devices.

Rating: 2",,0
525,1249054.png,/home/ubuntu/SCB-05-Dataset/5k_HRW_Dataset_combined/images/val/1249054.png,3,2,"Behaviors: The students in the classroom are sitting at desks and facing towards the front of the room where a teacher is standing. They appear to be attentive as they listen to the teacher's instructions or lecture.

Posture: The students are seated upright, with their attention directed forward towards the teacher. Their body language suggests that they are actively engaged in the class activity.

Rating: Based on the behaviors and posture observed, I would rate the overall engagement level of the majority of students as 2 for being engaged.",,0
526,1249068.png,/home/ubuntu/SCB-05-Dataset/5k_HRW_Dataset_combined/images/val/1249068.png,3,2,"Behaviors: The students in the classroom are actively participating in a lesson, with their hands raised to answer questions. They appear engaged and attentive.
Posture: The students are sitting upright at their desks, facing towards the front of the room where the teacher is likely leading the class.
Rating: 2",,0
527,1252006.png,/home/ubuntu/SCB-05-Dataset/5k_HRW_Dataset_combined/images/val/1252006.png,3,2,"Behaviors: The students in the classroom are sitting at desks and facing towards the front of the room where a teacher is standing. They appear to be attentive and engaged in the ongoing lecture or presentation.
Posture: The students are seated upright with their attention directed forward, indicating that they are actively participating in the class.
Rating: 2 (engaged)",,0
528,1252007.png,/home/ubuntu/SCB-05-Dataset/5k_HRW_Dataset_combined/images/val/1252007.png,2,2,"Behaviors: The students in the classroom are sitting at desks and facing towards the front of the room where a teacher is standing. They appear to be attentive and engaged in the ongoing lesson.
Posture: The students are seated upright with their attention directed forward, indicating that they are actively participating in the class.
Rating: 2",,0
529,1252035.png,/home/ubuntu/SCB-05-Dataset/5k_HRW_Dataset_combined/images/val/1252035.png,3,2,"Behaviors: The students in the classroom are seated at desks and appear to be engaged in an activity. They seem to be focused on a presentation or lecture being given by someone standing at the front of the room.
Posture: Most of the students are sitting upright with their attention directed towards the front of the room, indicating that they are actively participating in the class.
Rating: 2 (engaged)",,0
530,1252031.png,/home/ubuntu/SCB-05-Dataset/5k_HRW_Dataset_combined/images/val/1252031.png,3,2,"Behaviors: The students in the classroom are sitting at desks with their heads down, focusing on writing or reading.
Posture: The students are seated upright and appear to be focused on their tasks.
Rating: 2",,0
531,1253001.png,/home/ubuntu/SCB-05-Dataset/5k_HRW_Dataset_combined/images/val/1253001.png,3,2,"Behaviors: The students in the classroom are sitting at desks and facing towards a teacher who is standing in front of them. They appear to be attentive as they listen to the lecture.
Posture: The students are seated upright with their attention directed towards the teacher, indicating that they are actively engaged in the class.
Rating: 2 (engaged)",,0
532,1253034.png,/home/ubuntu/SCB-05-Dataset/5k_HRW_Dataset_combined/images/val/1253034.png,3,2,"Behaviors: The students in the classroom are sitting at desks and facing towards the front of the room where a teacher is standing. They appear to be attentive and engaged in the ongoing lesson.
Posture: The students are seated upright with their attention directed forward, indicating that they are actively participating in the class.
Rating: 2",,0
533,1253044.png,/home/ubuntu/SCB-05-Dataset/5k_HRW_Dataset_combined/images/val/1253044.png,3,2,"Behaviors: The students in the classroom are sitting at desks and appear to be engaged in an activity. They seem to be listening attentively to a teacher who is standing in front of them.
Posture: The students are seated upright with their attention directed towards the front of the room, where the teacher is likely speaking or demonstrating something.
Rating: 2",,0
534,1253052.png,/home/ubuntu/SCB-05-Dataset/5k_HRW_Dataset_combined/images/val/1253052.png,3,2,"Behaviors: The students in the classroom are sitting at desks and appear to be engaged in an activity, possibly listening to a teacher or participating in a group discussion.

Posture: The students are seated upright with their attention directed towards the front of the room where the teacher is standing.

Rating: 2",,0
535,1254012.png,/home/ubuntu/SCB-05-Dataset/5k_HRW_Dataset_combined/images/val/1254012.png,3,2,"Behaviors: The students in the classroom are actively participating in a lesson, with one woman standing at the front of the room gesturing and speaking to them. They appear to be engaged in the activity, as indicated by their raised hands and focused attention on the speaker.
Posture: The students are sitting upright in rows, facing towards the front of the classroom where the teacher is standing. Their body language suggests that they are attentive and actively involved in the lesson.
Rating: 2",,0
536,1254013.png,/home/ubuntu/SCB-05-Dataset/5k_HRW_Dataset_combined/images/val/1254013.png,3,2,"Behaviors: The students are sitting in a classroom setting, with one woman standing at the front of the room. She appears to be giving a presentation or lecture, as she is gesturing and speaking. The students are attentively watching her, some with their hands raised, indicating that they are actively participating in the class.

Posture: The students are sitting upright in their chairs, facing towards the front of the room where the woman is standing. Their body language suggests that they are engaged in the lesson being taught by the woman.

Rating: 2",,0
537,1254015.png,/home/ubuntu/SCB-05-Dataset/5k_HRW_Dataset_combined/images/val/1254015.png,3,2,"Behaviors: The students in the classroom are actively participating in a presentation, with one student standing at the front of the room gesturing towards a screen while others watch attentively.
Posture: The students are sitting upright and facing forward, indicating that they are focused on the presentation.
Rating: 2",,0
538,1254016.png,/home/ubuntu/SCB-05-Dataset/5k_HRW_Dataset_combined/images/val/1254016.png,3,2,"Behaviors: The students in the classroom are sitting at desks with their attention directed towards the front of the room where a teacher is likely to be speaking. Some students appear to be looking down at their books or papers, while others seem to be paying attention to the speaker.

Posture: The students are seated upright in their chairs, suggesting that they are attentive and engaged in the ongoing class.

Rating: Based on the behaviors and posture observed in the image, I would rate the overall engagement level of the majority of students as 2 for engaged. While some students seem to be actively participating or paying attention, others may not be fully engaged but are at least present and attentive.",,0
539,1254026.png,/home/ubuntu/SCB-05-Dataset/5k_HRW_Dataset_combined/images/val/1254026.png,3,2,"Behaviors: The students in the classroom are sitting and looking towards the front of the room where a woman is standing. Some students appear to be paying attention while others may be slightly distracted. There is no clear indication that they are engaged in writing, reading, or using devices.

Posture: The students are seated with their bodies facing forward, suggesting that they are attentive and focused on the front of the room where the woman is standing.

Rating: Based on the behaviors and posture observed, I would rate the overall engagement level of the majority of students as 2 for engaged. While some students may be more actively engaged than others, it seems that they are all attentive to the woman speaking in front of them.",,0
540,1254022.png,/home/ubuntu/SCB-05-Dataset/5k_HRW_Dataset_combined/images/val/1254022.png,3,2,"Behaviors: The students in the classroom are sitting at desks and facing towards a teacher who is standing in front of them. They appear to be attentive as they watch the teacher present something on a screen.
Posture: The students are seated upright with their attention directed towards the front of the room, indicating that they are focused on the ongoing lesson or presentation.
Rating: 2",,0
541,1254032.png,/home/ubuntu/SCB-05-Dataset/5k_HRW_Dataset_combined/images/val/1254032.png,3,2,"Behaviors: The students in the classroom are sitting at desks and appear to be engaged in a learning activity. They seem to be focused on the front of the room where the teacher is likely providing instruction.
Posture: Most of the students are sitting upright with their attention directed towards the front of the room, indicating that they are actively participating in the class.
Rating: 2 (engaged)",,0
542,1255004.png,/home/ubuntu/SCB-05-Dataset/5k_HRW_Dataset_combined/images/val/1255004.png,3,2,"Behaviors: The students in the classroom are actively participating in a lesson, with one student standing at the front of the room gesturing towards a presentation on the screen. The other students appear to be attentively watching and listening to the teacher.
Posture: The students are sitting upright in their chairs, facing forward towards the teacher and the presentation.
Rating: 2",,0
543,1255007.png,/home/ubuntu/SCB-05-Dataset/5k_HRW_Dataset_combined/images/val/1255007.png,2,2,"Behaviors: The students in the classroom are sitting at desks with papers and pens, suggesting that they are engaged in writing or reading. Some of them appear to be looking down at their work, while others may be looking up towards the front of the room.

Posture: The students are seated upright in chairs, maintaining a focused posture as they engage with their tasks.

Rating: 2",,0
544,1255009.png,/home/ubuntu/SCB-05-Dataset/5k_HRW_Dataset_combined/images/val/1255009.png,2,2,"Behaviors: The students in the classroom are sitting at desks with their attention directed towards the front of the room where a teacher is standing. Some students appear to be looking at the teacher, while others may be focused on their own work or devices.
Posture: The students are seated upright and attentive, suggesting that they are engaged in the ongoing class.
Rating: 2",,0
545,1256001.png,/home/ubuntu/SCB-05-Dataset/5k_HRW_Dataset_combined/images/val/1256001.png,2,2,"Behaviors: The students in the classroom are sitting at desks and appear to be engaged in a learning activity. Some of them are looking up towards the front of the room, while others seem to be focused on their own work.
Posture: The students are seated upright with their attention directed towards the front of the room or their individual tasks.
Rating: 2",,0
546,1256028.png,/home/ubuntu/SCB-05-Dataset/5k_HRW_Dataset_combined/images/val/1256028.png,2,2,"Behaviors: The students in the classroom are sitting at desks and appear to be engaged in an activity that involves writing or reading. They seem focused on their work.

Posture: The students are seated upright with their attention directed towards their tasks.

Rating: 2",,0
547,1256039.png,/home/ubuntu/SCB-05-Dataset/5k_HRW_Dataset_combined/images/val/1256039.png,3,2,"Behaviors: The students in the classroom are sitting at desks and facing towards a teacher who is standing at the front of the room. They appear to be attentive as they listen to the teacher's presentation.
Posture: The students are seated upright with their attention directed towards the front of the room, indicating that they are focused on the ongoing lesson or lecture.
Rating: 2 (engaged)",,0
548,1256044.png,/home/ubuntu/SCB-05-Dataset/5k_HRW_Dataset_combined/images/val/1256044.png,3,3,"Behaviors: The students in the classroom are sitting and watching a presentation on a screen. Some of them appear to be paying attention while others may be slightly distracted or daydreaming. There is no clear indication that they are actively engaged in writing, reading, or using devices.

Posture: The students are seated with their bodies facing forward, likely towards the front of the classroom where the presentation is taking place. Their postures vary from sitting upright to slightly slouched, but overall, they seem to be attentive and focused on the presentation.

Rating: 2 - The students appear to be engaged in the presentation, with their attention directed towards the screen. However, without more context or a clearer view of their facial expressions and body language, it is difficult to accurately rate their engagement level as highly engaged (3).",,0
549,1256057.png,/home/ubuntu/SCB-05-Dataset/5k_HRW_Dataset_combined/images/val/1256057.png,3,2,"Behaviors: The students in the classroom are actively participating in a lesson, with some children raising their hands to answer questions and others looking attentively at the teacher.
Posture: The students are sitting upright in their chairs, facing towards the front of the room where the teacher is standing.
Rating: 2",,0
550,1256058.png,/home/ubuntu/SCB-05-Dataset/5k_HRW_Dataset_combined/images/val/1256058.png,3,2,"Behaviors: The students in the classroom are actively participating in a lesson with a teacher who is waving at them. They appear to be engaged and attentive, as they are looking towards the front of the room where the teacher is standing.
Posture: The students are sitting upright in their chairs, facing the front of the room, indicating that they are focused on the ongoing lesson.
Rating: 2",,0
551,1257001.png,/home/ubuntu/SCB-05-Dataset/5k_HRW_Dataset_combined/images/val/1257001.png,3,2,"Behaviors: The students in the classroom are attentively watching a man standing at the front of the room, who appears to be giving a presentation or lecture. They seem to be actively engaged with the speaker and the content being presented.
Posture: The students are sitting upright in their chairs, facing towards the front of the room where the man is speaking. Their body language suggests that they are focused on the speaker and the content being discussed.
Rating: 2",,0
552,1257004.png,/home/ubuntu/SCB-05-Dataset/5k_HRW_Dataset_combined/images/val/1257004.png,3,2,"Behaviors: The students in the classroom are sitting at desks and appear to be engaged in a learning activity. They are looking towards the front of the room where the teacher is standing, suggesting that they are paying attention to her instructions or presentation.

Posture: The students are seated upright with their gaze directed forward, indicating that they are focused on the ongoing lesson or activity.

Rating: 2",,0
553,1257006.png,/home/ubuntu/SCB-05-Dataset/5k_HRW_Dataset_combined/images/val/1257006.png,2,2,"Behaviors: The students in this classroom environment are predominantly sitting at desks and engaging with their surroundings. They appear to be focused on the task at hand, which seems to involve writing or drawing on paper.

Posture: The students are seated upright in their chairs, suggesting that they are attentive and actively participating in the class activity. Their gaze is directed towards their desks, indicating that they are concentrating on their work.

Rating: Based on the behaviors and posture observed, I would rate the overall engagement level of the majority of students as 2 for engaged. The students seem to be actively involved in the classroom activity, but it's not possible to determine if their engagement is highly focused or just moderately so from this image alone.",,0
554,1257011.png,/home/ubuntu/SCB-05-Dataset/5k_HRW_Dataset_combined/images/val/1257011.png,3,2,"Behaviors: The students in the classroom are sitting at desks and appear to be engaged in a group activity, possibly listening to a presentation or participating in a discussion. Some students may be taking notes or using devices, while others seem to be focused on the front of the room where the teacher is standing.

Posture: The students are seated upright with their attention directed towards the front of the classroom, indicating that they are actively engaged in the ongoing activity.

Rating: Based on the behaviors and posture observed in the image, I would rate the overall engagement level of the majority of students as 2 for engaged. While some students may be more focused than others, the general atmosphere suggests that they are participating in the class activity.",,0
555,1257016.png,/home/ubuntu/SCB-05-Dataset/5k_HRW_Dataset_combined/images/val/1257016.png,3,2,"Behaviors: The students in the classroom are actively participating in a lesson, with one woman standing at the front of the room and pointing to a chalkboard. They appear to be paying attention to her as she teaches.
Posture: The students are sitting upright in their chairs, facing towards the front of the room where the teacher is standing. Their body language suggests that they are engaged in the lesson.
Rating: 2",,0
556,1257020.png,/home/ubuntu/SCB-05-Dataset/5k_HRW_Dataset_combined/images/val/1257020.png,3,2,"Behaviors: The students in the classroom are actively participating in a presentation or lecture, with one woman standing at the front of the room speaking to them. They appear to be attentive and engaged in the activity.
Posture: The students are sitting upright, facing towards the speaker, indicating that they are focused on the ongoing presentation.
Rating: 2",,0
557,1257022.png,/home/ubuntu/SCB-05-Dataset/5k_HRW_Dataset_combined/images/val/1257022.png,2,2,"Behaviors: The students in the classroom are actively participating in a group activity, with some of them standing and clapping their hands, while others are seated at desks. They appear to be engaged in a discussion or presentation, as indicated by their gestures and expressions.

Posture: The majority of the students are sitting upright at their desks, facing towards the front of the room where the activity is taking place. Their body language suggests that they are attentive and focused on the ongoing event.

Rating: 2",,0
558,1257028.png,/home/ubuntu/SCB-05-Dataset/5k_HRW_Dataset_combined/images/val/1257028.png,3,2,"Behaviors: The students in the classroom are sitting at desks and appear to be engaged in an activity, possibly listening to a lecture or presentation.
Posture: The students are seated upright with their attention directed towards the front of the room where the speaker is likely delivering the lecture.
Rating: 2",,0
559,1257033.png,/home/ubuntu/SCB-05-Dataset/5k_HRW_Dataset_combined/images/val/1257033.png,3,2,"Behaviors: The students in the classroom are sitting at desks and facing towards the front of the room where a teacher is standing. They appear to be attentive and engaged in the ongoing lesson.
Posture: The students are seated upright with their attention directed forward, indicating that they are actively participating in the class.
Rating: 2 (engaged)",,0
560,1257031.png,/home/ubuntu/SCB-05-Dataset/5k_HRW_Dataset_combined/images/val/1257031.png,3,2,"Behaviors: The students in the classroom are sitting at desks and facing towards the front of the room where a teacher is standing. They appear to be attentive and engaged in the ongoing lesson.
Posture: Most of the students are sitting upright with their attention directed towards the front of the room, indicating that they are actively participating in the class.
Rating: 2 (engaged)",,0
561,1257034.png,/home/ubuntu/SCB-05-Dataset/5k_HRW_Dataset_combined/images/val/1257034.png,3,2,"Behaviors: The students in the classroom are sitting at desks and facing towards the front of the room where a teacher is standing. They appear to be attentive and engaged in the ongoing lesson.
Posture: The students are seated upright with their attention directed towards the front of the room, indicating that they are focused on the teacher or the content being presented.
Rating: 2",,0
562,1262004.png,/home/ubuntu/SCB-05-Dataset/5k_HRW_Dataset_combined/images/val/1262004.png,3,2,"Behaviors: The students in the classroom are sitting at desks and appear to be engaged in a lesson being taught by a woman standing at the front of the room. They seem to be listening attentively and possibly taking notes or following along with the teacher's instructions.

Posture: The students are seated upright, facing towards the front of the classroom where the teacher is standing. Their body language suggests that they are focused on the lesson being taught.

Rating: 2 (engaged)",,0
563,1262011.png,/home/ubuntu/SCB-05-Dataset/5k_HRW_Dataset_combined/images/val/1262011.png,3,2,"Behaviors: The students are seated in a classroom setting with a teacher at the front of the room. One student is actively engaged in the lesson, standing and gesturing while speaking to the class. The other students appear to be attentive, looking towards the teacher, but their posture suggests they may not be fully engaged or focused on the lesson.
Posture: The majority of the students are sitting upright with their attention directed towards the front of the room where the teacher is standing. However, some students' body language indicates that they might be less attentive than others.
Rating: 2",,0
564,1262012.png,/home/ubuntu/SCB-05-Dataset/5k_HRW_Dataset_combined/images/val/1262012.png,3,2,"Behaviors: The students in the classroom are sitting at desks and appear to be engaged in a learning activity. Some of them are looking towards the front of the room where the teacher is standing, while others seem to be focused on their own tasks.
Posture: The students are seated upright with their attention directed towards the front of the room or their individual tasks.
Rating: 2",,0
565,1262013.png,/home/ubuntu/SCB-05-Dataset/5k_HRW_Dataset_combined/images/val/1262013.png,3,2,"Behaviors: The students in the classroom are actively participating in a lesson, with their hands raised and engaged expressions.
Posture: The students are sitting upright at their desks, facing towards the front of the room where the teacher is standing.
Rating: 2",,0
566,1262031.png,/home/ubuntu/SCB-05-Dataset/5k_HRW_Dataset_combined/images/val/1262031.png,2,2,"Behaviors: The students in the classroom are sitting at desks and appear to be engaged in an activity, possibly writing or reading.
Posture: The students are seated upright with their attention directed towards the front of the room where a teacher is standing.
Rating: Based on the behaviors and posture observed, I would rate the overall engagement level of the majority of students as 2 for engaged.",,0
567,1262025.png,/home/ubuntu/SCB-05-Dataset/5k_HRW_Dataset_combined/images/val/1262025.png,2,2,"Behaviors: The students in the classroom are sitting at desks and appear to be engaged in a learning activity. Some of them are looking down at their books or papers, while others seem to be paying attention to the front of the room where the teacher is likely leading the class.

Posture: The students are seated upright with their bodies facing forward, indicating that they are actively participating in the classroom setting. Their visual attention seems to be directed towards the front of the room or their books and papers, suggesting a focus on learning.

Rating: Based on the behaviors and posture observed in the image, I would rate the overall engagement level of the majority of students as 2 for engaged. The students are actively participating in the classroom activity, but it is not possible to determine if they are highly engaged or barely engaged without more context about their level of interaction with the material being taught.",,0
568,1265001.png,/home/ubuntu/SCB-05-Dataset/5k_HRW_Dataset_combined/images/val/1265001.png,3,2,"Behaviors: The students in the classroom are focused on a presentation being given by a woman who is standing at the front of the room. She appears to be explaining something to them, possibly using visual aids such as a laptop screen.
Posture: The students are sitting upright and facing towards the front of the room where the woman is speaking. Their attention seems to be directed towards her and the content she is presenting.
Rating: 2",,0
569,1265003.png,/home/ubuntu/SCB-05-Dataset/5k_HRW_Dataset_combined/images/val/1265003.png,2,2,"Behaviors: The students in the classroom are sitting at desks and appear to be engaged in various activities. Some of them are writing on papers, while others seem to be reading or looking at their books. There is no clear indication that any student is resting their head or using a device.

Posture: The students are seated upright with their attention directed towards the front of the classroom, where the teacher is likely providing instructions or leading a discussion.

Rating: Based on the behaviors and posture observed in the image, I would rate the overall engagement level of the majority of students as 2 for engaged. While some students seem to be actively participating in the class activity, others may not be fully engaged but are at least present and attentive.",,0
570,1265019.png,/home/ubuntu/SCB-05-Dataset/5k_HRW_Dataset_combined/images/val/1265019.png,3,2,"Behaviors: The students in the classroom are sitting at desks and appear to be engaged in a group activity. They seem to be listening attentively to someone speaking, possibly their teacher, as they look towards the front of the room.
Posture: Most of the students have an upright posture with their attention directed forward, indicating that they are actively participating in the class.
Rating: 2",,0
571,1265033.png,/home/ubuntu/SCB-05-Dataset/5k_HRW_Dataset_combined/images/val/1265033.png,3,2,"Behaviors: The students in the classroom are sitting at desks and appear to be engaged in a group activity. Some of them are looking towards the front of the room where an adult is speaking, while others seem to be focused on their own tasks.

Posture: The students are seated upright with their attention directed towards the front of the room or their individual tasks. There is no clear indication that any student is resting their head or using a device.

Rating: 2",,0
572,1265043.png,/home/ubuntu/SCB-05-Dataset/5k_HRW_Dataset_combined/images/val/1265043.png,3,2,"Behaviors: The students in the classroom are sitting at desks and facing towards the front of the room where a teacher is standing. They appear to be attentive and engaged in the ongoing lesson.
Posture: The students are seated upright with their attention directed towards the front of the room, indicating that they are actively participating in the class.
Rating: 2",,0
573,1265052.png,/home/ubuntu/SCB-05-Dataset/5k_HRW_Dataset_combined/images/val/1265052.png,3,2,"Behaviors: The students in the classroom are sitting at desks and appear to be engaged in an activity. Some of them are looking up towards the front of the room, while others seem to be focused on their own tasks.
Posture: The students are seated upright with their attention directed towards the front of the room or their individual tasks.
Rating: 2",,0
574,1265054.png,/home/ubuntu/SCB-05-Dataset/5k_HRW_Dataset_combined/images/val/1265054.png,3,2,"Behaviors: The students in the classroom are focused on a woman who is holding up a heart-shaped object. They appear to be attentive and engaged with her presentation.
Posture: The students are sitting upright at their desks, facing towards the front of the room where the woman is standing. Their attention seems to be directed towards her.
Rating: 2",,0
575,1265055.png,/home/ubuntu/SCB-05-Dataset/5k_HRW_Dataset_combined/images/val/1265055.png,3,2,"Behaviors: The students in the classroom are sitting at desks and appear to be engaged in a learning activity. Some of them are looking towards the front of the room where the teacher is likely standing, while others seem to be focused on their own tasks.

Posture: The students are seated upright with their attention directed towards the front of the room or their individual tasks. There doesn't appear to be any significant slouching or leaning forward, suggesting that they are attentive and engaged in the learning environment.

Rating: Based on the behaviors and posture observed, I would rate the overall engagement level of the majority of students as a 2 for being engaged. The students seem to be actively participating in the classroom activity, but it's not possible to determine their level of interest or comprehension from this image alone.",,0
576,1265066.png,/home/ubuntu/SCB-05-Dataset/5k_HRW_Dataset_combined/images/val/1265066.png,3,2,"Behaviors: The students in the classroom are focused on a woman who is reading from a book. They appear to be listening attentively and observing her as she reads.
Posture: Most of the students are sitting upright with their attention directed towards the woman reading, indicating that they are engaged in the activity.
Rating: 2",,0
577,1265058.png,/home/ubuntu/SCB-05-Dataset/5k_HRW_Dataset_combined/images/val/1265058.png,3,2,"Behaviors: The students in the classroom are sitting at desks and appear to be engaged in a learning activity. They seem to be listening attentively to the teacher or an instructional video.
Posture: Most of the students have their heads down on their desks, suggesting that they might be working on a task or taking notes.
Rating: 2",,0
578,1265067.png,/home/ubuntu/SCB-05-Dataset/5k_HRW_Dataset_combined/images/val/1265067.png,3,2,"Behaviors: The students in the classroom are sitting and looking at a woman who is standing and speaking. Some of them appear to be paying attention while others may be engaged in their own activities.
Posture: The students are seated with various postures; some are facing forward, while others might be turned slightly or looking down. Their visual attention seems to be directed towards the front of the classroom where the woman is speaking.
Rating: Based on the behaviors and posture observed, it appears that the majority of the students are engaged in the class, as they are attentively listening to the speaker. However, without more information about their level of focus or participation, I cannot provide a numerical rating.",,0
579,1265069.png,/home/ubuntu/SCB-05-Dataset/5k_HRW_Dataset_combined/images/val/1265069.png,3,2,"Behaviors: The students in the classroom are sitting at desks with their attention directed towards the front of the room where a teacher is likely to be giving instructions. Some students appear to be looking down at their desks, possibly taking notes or working on assignments.

Posture: The students are seated upright in their chairs, suggesting that they are attentive and focused on the ongoing activity in the classroom.

Rating: 2",,0
580,1265070.png,/home/ubuntu/SCB-05-Dataset/5k_HRW_Dataset_combined/images/val/1265070.png,3,2,"Behaviors: The students in the classroom are sitting at desks and appear to be engaged in a lecture or presentation. They are looking towards the front of the room where a woman is speaking, suggesting that they are paying attention to her.

Posture: The students are seated upright with their bodies facing forward, indicating that they are actively participating in the class. Their visual attention seems to be directed towards the speaker and the content being presented.

Rating: Based on the behaviors and posture observed in the image, I would rate the overall engagement level of the majority of students as 2 for engaged. The students seem to be attentive and actively participating in the class, but their level of engagement may vary individually.",,0
581,1265071.png,/home/ubuntu/SCB-05-Dataset/5k_HRW_Dataset_combined/images/val/1265071.png,3,2,"Behaviors: The students in the classroom are sitting at desks with their attention directed towards the front of the room where a teacher is likely to be giving instructions or a lecture. Some students appear to be looking down at their desks, possibly taking notes or working on assignments.

Posture: The students are seated upright in their chairs, suggesting that they are attentive and focused on the ongoing activity in the classroom.

Rating: Based on the behaviors and posture observed in the image, I would rate the overall engagement level of the majority of students as 2 for engaged. While some students may be more actively engaged than others, the general atmosphere suggests that they are attentive and participating in the class activity.",,0
582,1265073.png,/home/ubuntu/SCB-05-Dataset/5k_HRW_Dataset_combined/images/val/1265073.png,3,2,"Behaviors: The students in the classroom are sitting and looking at a man who is standing and speaking. Some of them appear to be paying attention while others may be more focused on their own thoughts or activities.
Posture: The students' postures vary; some are sitting upright, while others might be leaning forward or slumped over. Their visual attention seems to be directed towards the speaker.
Rating: Based on the behaviors and posture observed in the image, it is difficult to provide a definitive rating for the overall engagement level of the majority of students without more context or information about their actions. However, since some students are actively looking at the speaker and others may be engaged in the discussion, we could rate their collective learning engagement as a 2, indicating that they are generally engaged but not highly engaged.",,0
583,1265074.png,/home/ubuntu/SCB-05-Dataset/5k_HRW_Dataset_combined/images/val/1265074.png,2,2,"Behaviors: The students in the classroom are sitting at desks and appear to be engaged in a lecture or discussion. Some of them are looking towards the front of the room where the teacher is standing, while others seem to be focused on their own tasks or materials.

Posture: The students are seated with their backs facing the camera, suggesting that they are attentive to the ongoing activity in the classroom. Their body postures indicate a level of engagement and focus on the task at hand.

Rating: Based on the behaviors and posture observed, I would rate the overall engagement level of the majority of students as 2 for engaged. The students seem to be actively participating in the class, but their attention is not fully directed towards the teacher or the front of the room.",,0
584,1265083.png,/home/ubuntu/SCB-05-Dataset/5k_HRW_Dataset_combined/images/val/1265083.png,2,2,"Behaviors: The students in the classroom are sitting at desks and appear to be engaged in various activities. Some of them are looking at a projector screen, while others seem to be focused on their own tasks.
Posture: The students are seated upright with their attention directed towards the front of the room or their individual work.
Rating: 2",,0
585,1265099.png,/home/ubuntu/SCB-05-Dataset/5k_HRW_Dataset_combined/images/val/1265099.png,3,2,"Behaviors: The students in the classroom are sitting at their desks, looking forward and paying attention to the teacher. Some of them appear to be listening attentively, while others may be slightly distracted or daydreaming.
Posture: Most of the students have good posture, with their backs straight and heads facing forward. A few students might be leaning slightly forward or resting their heads on their hands.
Rating: 2",,0
586,1265106.png,/home/ubuntu/SCB-05-Dataset/5k_HRW_Dataset_combined/images/val/1265106.png,3,2,"Behaviors: The students in the classroom are sitting and facing towards the front of the room where a teacher is standing. They appear to be attentive as they listen to the lecture.
Posture: The students are seated upright with their attention directed forward, indicating that they are actively engaged in the class.
Rating: 2",,0
587,1265109.png,/home/ubuntu/SCB-05-Dataset/5k_HRW_Dataset_combined/images/val/1265109.png,3,2,"Behaviors: The students in the classroom are sitting at desks and appear to be attentive, with some looking towards the front of the room where a man is speaking.
Posture: The students are seated upright, facing forward, indicating that they are actively engaged in the ongoing lecture or presentation.
Rating: 2",,0
588,1266010.png,/home/ubuntu/SCB-05-Dataset/5k_HRW_Dataset_combined/images/val/1266010.png,3,2,"Behaviors: The students in the classroom are sitting at desks and facing towards a teacher who is standing in front of them. They appear to be attentive as they listen to the teacher's instructions or lecture.
Posture: The students are seated upright with their attention directed towards the front of the room, indicating that they are focused on the ongoing activity.
Rating: 2",,0
589,1266011.png,/home/ubuntu/SCB-05-Dataset/5k_HRW_Dataset_combined/images/val/1266011.png,3,2,"Behaviors: The students in the classroom are sitting at their desks with computers in front of them. They appear to be engaged in various activities such as typing on their keyboards and using their devices. Some students may also be paying attention to the teacher who is standing in front of the class, possibly giving instructions or leading a discussion.

Posture: The students are sitting upright at their desks, with most of them facing towards the front of the classroom where the teacher is standing. Their visual attention seems to be directed towards the teacher and their computers.

Rating: Based on the behaviors and posture observed in the image, I would rate the overall engagement level of the majority of students as 2 for engaged. The students are actively using their devices and seem to be focused on the task at hand or the teacher's instructions. However, without more context or a closer observation of individual student behavior, it is difficult to accurately assess their level of engagement.",,0
590,1266002.png,/home/ubuntu/SCB-05-Dataset/5k_HRW_Dataset_combined/images/val/1266002.png,3,1,"Behaviors: The students in the classroom are sitting at desks with their heads down, focusing on their work. Some of them appear to be writing or reading, while others seem to be resting their heads on their hands or arms.

Posture: The students' posture is generally slumped over their desks, indicating a lack of engagement or interest in the activity at hand. Their visual attention seems to be directed downwards towards their work rather than towards the front of the classroom or the teacher.

Rating: 1 - The students are barely engaged, as evidenced by their posture and the fact that they are not actively participating in a group discussion or raising their hands for questions. Their focus is primarily on their individual tasks rather than on the collective learning experience.",,0
591,1266015.png,/home/ubuntu/SCB-05-Dataset/5k_HRW_Dataset_combined/images/val/1266015.png,3,2,"Behaviors: The students in the classroom are sitting at their desks and appear to be engaged in various activities. Some of them are looking at a teacher who is standing in front of the class, while others seem to be focused on their work.

Posture: The students are seated upright with their attention directed towards the front of the room where the teacher is standing. Their body language suggests that they are actively participating in the lesson or activity being conducted by the teacher.

Rating: 2",,0
592,1266028.png,/home/ubuntu/SCB-05-Dataset/5k_HRW_Dataset_combined/images/val/1266028.png,3,2,"Behaviors: The students in the classroom are focused on the woman standing at the front of the room. She appears to be leading a discussion or giving instructions, as she is gesturing with her hands and has a book in front of her.
Posture: The students are sitting upright in their chairs, facing towards the front of the room where the woman is speaking. Their attention seems to be directed towards her, indicating that they are actively engaged in the ongoing activity.
Rating: 2",,0
593,1266051.png,/home/ubuntu/SCB-05-Dataset/5k_HRW_Dataset_combined/images/val/1266051.png,2,2,"Behaviors: The students in the classroom are sitting at desks and appear to be engaged in an activity. Some of them are looking towards the front of the room where a teacher is standing, while others seem to be focused on their own tasks.
Posture: The students are seated upright with their attention directed towards the front of the room or their individual work.
Rating: 2",,0
594,1266045.png,/home/ubuntu/SCB-05-Dataset/5k_HRW_Dataset_combined/images/val/1266045.png,3,2,"Behaviors: The students in the classroom are sitting and looking towards the front of the room where a woman is standing. They appear to be attentive and engaged in the activity being led by the woman.
Posture: The students are seated with their bodies facing forward, indicating that they are focused on the teacher or the activity at hand.
Rating: 2",,0
595,1266056.png,/home/ubuntu/SCB-05-Dataset/5k_HRW_Dataset_combined/images/val/1266056.png,3,2,"Behaviors: The students in the classroom are sitting at desks and facing towards a teacher who is standing in front of them. They appear to be attentive as they listen to the teacher's presentation.
Posture: The students are seated upright with their attention directed towards the front of the room, where the teacher is speaking.
Rating: 2 - The students seem engaged and focused on the teacher's presentation.",,0
596,1266053.png,/home/ubuntu/SCB-05-Dataset/5k_HRW_Dataset_combined/images/val/1266053.png,3,2,"Behaviors: The students in the classroom are sitting at desks and appear to be engaged in a learning activity. They seem to be listening attentively to the teacher or an instructional video.
Posture: Most of the students have their heads down on their desks, suggesting that they might be working on assignments or taking notes.
Rating: 2",,0
597,1267008.png,/home/ubuntu/SCB-05-Dataset/5k_HRW_Dataset_combined/images/val/1267008.png,3,2,"Behaviors: The students in the classroom are sitting at desks and facing towards the front of the room where a teacher is standing. They appear to be attentive and engaged in the ongoing lesson.
Posture: The students are seated upright with their attention directed towards the front of the room, indicating that they are actively participating in the class.
Rating: 2",,0
598,1267014.png,/home/ubuntu/SCB-05-Dataset/5k_HRW_Dataset_combined/images/val/1267014.png,3,2,"Behaviors: The students in the classroom are actively participating in a lesson, with their hands raised and pointing towards the teacher. They appear to be engaged in the learning process.
Posture: The students are sitting upright at their desks, facing the front of the room where the teacher is standing. Their attention seems focused on the teacher and the ongoing lesson.
Rating: 2",,0
599,1267002.png,/home/ubuntu/SCB-05-Dataset/5k_HRW_Dataset_combined/images/val/1267002.png,3,2,"Behaviors: The students in the classroom are actively participating in a lesson, with some of them raising their hands and others looking at the teacher.
Posture: The students appear to be sitting upright and attentive, indicating that they are focused on the ongoing lesson.
Rating: 2",,0
600,1267010.png,/home/ubuntu/SCB-05-Dataset/5k_HRW_Dataset_combined/images/val/1267010.png,2,2,"Behaviors: The students in the classroom are sitting at desks and appear to be engaged in a learning activity. They seem to be listening attentively to the teacher who is standing in front of them.
Posture: The students are seated upright with their attention directed towards the front of the room, where the teacher is speaking.
Rating: 2",,0
601,1267059.png,/home/ubuntu/SCB-05-Dataset/5k_HRW_Dataset_combined/images/val/1267059.png,3,3,"Behaviors: The students in the classroom are sitting and facing towards a teacher who is standing at the front of the room. They appear to be attentive as they watch the teacher's presentation on the screen.

Posture: The students are seated with their bodies oriented towards the front of the room, suggesting that they are focused on the ongoing lesson or activity.

Rating: 2 - The students seem engaged in the classroom environment, as they are attentive and facing the teacher who is leading the class. However, without more context about the nature of the lesson or the level of interaction among the students, it's difficult to rate their engagement as highly engaged (3).",,0
602,1267080.png,/home/ubuntu/SCB-05-Dataset/5k_HRW_Dataset_combined/images/val/1267080.png,3,2,"Behaviors: The students in the classroom are actively participating in a learning activity. They are raising their hands to answer questions posed by the teacher.
Posture: The students are sitting upright and facing towards the front of the room where the teacher is standing.
Rating: 2",,0
603,1267063.png,/home/ubuntu/SCB-05-Dataset/5k_HRW_Dataset_combined/images/val/1267063.png,3,2,"Behaviors: The students in the classroom are sitting at desks with books and notebooks open in front of them. They appear to be engaged in a learning activity, possibly listening to a lecture or participating in a discussion.
Posture: Most of the students are sitting upright with their attention directed towards the front of the room where the teacher is likely speaking. Their body language suggests they are focused on the task at hand.
Rating: 2",,0
604,1267112.png,/home/ubuntu/SCB-05-Dataset/5k_HRW_Dataset_combined/images/val/1267112.png,3,2,"Behaviors: The students in the classroom are sitting at desks and appear to be engaged in a group activity. They seem to be listening attentively to someone speaking or reading aloud.
Posture: Most of the students have their heads down on their desks, suggesting that they might be taking notes or working on an assignment.
Rating: 2",,0
605,1270008.png,/home/ubuntu/SCB-05-Dataset/5k_HRW_Dataset_combined/images/val/1270008.png,3,2,"Behaviors: The students in the classroom are sitting at desks and appear to be engaged in a learning activity. Some of them are looking towards the front of the room where the teacher is standing, while others seem to be focused on their own tasks.

Posture: The students are seated upright with their attention directed towards the front of the room or their individual tasks. There are no visible signs of disengagement such as slumped postures or resting heads.

Rating: 2",,0
606,1267128.png,/home/ubuntu/SCB-05-Dataset/5k_HRW_Dataset_combined/images/val/1267128.png,2,2,"Behaviors: The students in the classroom are sitting at desks and appear to be engaged in various activities. Some of them are looking down at their books, while others seem to be paying attention to a teacher or an activity being led by someone standing up front.
Posture: Most of the students are sitting upright with their attention directed towards the front of the classroom.
Rating: 2",,0
607,1270011.png,/home/ubuntu/SCB-05-Dataset/5k_HRW_Dataset_combined/images/val/1270011.png,3,2,"Behaviors: The students in the classroom are actively participating in a lesson, with one student standing at the front of the room gesturing towards the teacher. They appear to be engaged in the learning process, as evidenced by their focused attention on the teacher and their surroundings.
Posture: The students are sitting upright in their chairs, facing forward towards the teacher, indicating that they are attentive and actively involved in the lesson.
Rating: 2",,0
608,1270019.png,/home/ubuntu/SCB-05-Dataset/5k_HRW_Dataset_combined/images/val/1270019.png,3,2,"Behaviors: The students in the classroom are actively participating in a group activity, with their hands raised and directed towards the teacher. They appear to be engaged in a discussion or presentation.
Posture: The students are sitting upright, facing the front of the room where the teacher is standing. Their body language suggests that they are attentive and focused on the ongoing activity.
Rating: 2",,0
609,1270044.png,/home/ubuntu/SCB-05-Dataset/5k_HRW_Dataset_combined/images/val/1270044.png,3,2,"Behaviors: The students in the classroom are sitting at their desks and appear to be engaged in a lesson or activity. Some of them are looking towards the front of the room where the teacher is standing, while others seem to be focused on their own tasks.

Posture: The students are seated upright with their attention directed towards the front of the classroom, indicating that they are actively participating in the class.

Rating: 2",,0
610,1270048.png,/home/ubuntu/SCB-05-Dataset/5k_HRW_Dataset_combined/images/val/1270048.png,3,2,"Behaviors: The students in the classroom are sitting at desks and appear to be engaged in a learning activity. They seem to be focused on the front of the room where the teacher is likely presenting information.
Posture: Most of the students are sitting upright with their attention directed towards the front of the room, indicating that they are actively participating in the class.
Rating: 2 (engaged)",,0
611,1270049.png,/home/ubuntu/SCB-05-Dataset/5k_HRW_Dataset_combined/images/val/1270049.png,3,1,"Behaviors: The students in the classroom are sitting at their desks, with some of them looking down and others looking up. There is no clear indication that they are engaged in writing, reading, or using devices.
Posture: The students appear to be sitting upright, but their attention seems to be directed away from the front of the room, suggesting a lack of focus on the ongoing lesson.
Rating: 1 (barely engaged)",,0
612,1270052.png,/home/ubuntu/SCB-05-Dataset/5k_HRW_Dataset_combined/images/val/1270052.png,3,2,"Behaviors: The students in the classroom are sitting at desks and appear to be engaged in a learning activity. They seem to be listening attentively to the teacher who is standing at the front of the room.
Posture: Most of the students have their heads down, suggesting that they might be focused on their work or paying attention to the teacher.
Rating: 2 - The students are engaged in an activity and appear to be paying attention, but their posture indicates a moderate level of engagement rather than high engagement.",,0
613,1270055.png,/home/ubuntu/SCB-05-Dataset/5k_HRW_Dataset_combined/images/val/1270055.png,2,2,"Behaviors: The students in the classroom are sitting at desks and appear to be engaged in a learning activity. They seem to be listening attentively to the teacher who is standing in front of them.
Posture: Most of the students have their heads down, suggesting that they might be focused on their work or paying attention to the teacher.
Rating: 2",,0
614,1270058.png,/home/ubuntu/SCB-05-Dataset/5k_HRW_Dataset_combined/images/val/1270058.png,3,2,"Behaviors: The students in the classroom are sitting at desks and appear to be engaged in a learning activity. Some of them are looking towards the front of the room where the teacher is standing, while others seem to be focused on their own tasks.
Posture: The students are seated upright with their attention directed towards the front of the room, indicating that they are actively participating in the class.
Rating: 2",,0
615,1270076.png,/home/ubuntu/SCB-05-Dataset/5k_HRW_Dataset_combined/images/val/1270076.png,3,2,"Behaviors: The students in the classroom are actively participating in a lesson, with some of them raising their hands to answer questions.
Posture: The students appear to be sitting upright and attentive, looking towards the front of the room where the teacher is standing.
Rating: 2",,0
616,1270063.png,/home/ubuntu/SCB-05-Dataset/5k_HRW_Dataset_combined/images/val/1270063.png,3,2,"Behaviors: The students in the classroom are actively participating in a lesson, with one student standing at the front of the room pointing to something on the screen while others are seated and attentively watching.
Posture: The students appear to be sitting upright and facing towards the front of the room, indicating that they are focused on the ongoing presentation or discussion.
Rating: 2",,0
617,1270079.png,/home/ubuntu/SCB-05-Dataset/5k_HRW_Dataset_combined/images/val/1270079.png,3,2,"Behaviors: The students in the classroom are actively participating in a lesson, with some raising their hands and others looking at the teacher.
Posture: The students appear to be sitting upright and attentive, with most of them facing towards the front of the room where the teacher is standing.
Rating: 2",,0
618,1270086.png,/home/ubuntu/SCB-05-Dataset/5k_HRW_Dataset_combined/images/val/1270086.png,3,2,"Behaviors: The students in the classroom are sitting at desks with their attention directed towards the front of the room where a teacher is likely to be giving instructions. Some students appear to be looking down at their desks, while others seem to be paying attention to the front of the room.

Posture: The students are seated upright in their chairs, suggesting that they are attentive and focused on the ongoing activity or instruction.

Rating: Based on the behaviors and posture observed in the image, I would rate the overall engagement level of the majority of students as 2 for engaged. While some students may be more actively engaged than others, the general atmosphere suggests that they are attentive and participating in the classroom activity.",,0
619,1270095.png,/home/ubuntu/SCB-05-Dataset/5k_HRW_Dataset_combined/images/val/1270095.png,3,2,"Behaviors: The students in the classroom are sitting at desks and appear to be engaged in a lesson being taught by a woman standing at the front of the room. They seem to be paying attention to her as she speaks.
Posture: The students are seated upright, with their bodies facing forward towards the teacher. Their visual attention is directed towards the front of the classroom where the teacher is speaking.
Rating: 2",,0
620,1274007.png,/home/ubuntu/SCB-05-Dataset/5k_HRW_Dataset_combined/images/val/1274007.png,3,2,"Behaviors: The students in the classroom are sitting at desks and facing a teacher who is standing at the front of the room. They appear to be attentive as they listen to the teacher's presentation.
Posture: The students are seated upright with their attention directed towards the front of the room, where the teacher is speaking.
Rating: 2",,0
621,1270082.png,/home/ubuntu/SCB-05-Dataset/5k_HRW_Dataset_combined/images/val/1270082.png,3,2,"Behaviors: The students in the classroom are sitting at desks with their attention directed towards the front of the room where a teacher is likely to be giving instructions. Some students appear to be looking down at their desks, possibly taking notes or working on assignments.

Posture: The students are seated upright in their chairs, suggesting that they are attentive and focused on the ongoing lesson or activity.

Rating: Based on the behaviors and posture observed in the image, I would rate the overall engagement level of the majority of students as 2 for engaged. While some students may be more actively participating than others, their body language indicates that they are attentive to the class and not exhibiting signs of disengagement or distraction.",,0
622,1274010.png,/home/ubuntu/SCB-05-Dataset/5k_HRW_Dataset_combined/images/val/1274010.png,2,2,"Behaviors: The students in the classroom are sitting at desks and facing towards a teacher who is standing in front of them. They appear to be attentive as they listen to the teacher's instructions or lecture.
Posture: The students are seated upright with their attention directed towards the front of the room, where the teacher is speaking.
Rating: 2",,0
623,1274029.png,/home/ubuntu/SCB-05-Dataset/5k_HRW_Dataset_combined/images/val/1274029.png,3,2,"Behaviors: The students in the classroom are sitting and watching a woman who is standing at the front of the room. They appear to be attentive as she presents information on a screen.
Posture: The students are seated with their bodies facing forward, indicating that they are focused on the presentation.
Rating: 2",,0
624,1274033.png,/home/ubuntu/SCB-05-Dataset/5k_HRW_Dataset_combined/images/val/1274033.png,3,2,"Behaviors: The students are seated in a classroom setting, facing the front of the room where a teacher is standing. They appear to be attentive and engaged in the ongoing lecture or presentation.
Posture: The students are sitting upright with their attention directed towards the front of the room.
Rating: 2",,0
625,1274047.png,/home/ubuntu/SCB-05-Dataset/5k_HRW_Dataset_combined/images/val/1274047.png,2,2,"Behaviors: The students in the classroom are sitting at desks and appear to be engaged in a group activity. Some of them are looking down at their desks, while others seem to be paying attention to something happening in front of them.
Posture: The students are seated upright with their gaze directed towards the front of the room or their desks.
Rating: 2",,0
626,1274032.png,/home/ubuntu/SCB-05-Dataset/5k_HRW_Dataset_combined/images/val/1274032.png,2,2,"Behaviors: The students in the classroom are sitting at desks and appear to be engaged in a lecture or presentation. They are looking towards the front of the room where the speaker is standing.
Posture: The students are seated upright with their attention directed forward, indicating that they are actively participating in the class.
Rating: 2",,0
627,1274051.png,/home/ubuntu/SCB-05-Dataset/5k_HRW_Dataset_combined/images/val/1274051.png,2,2,"Behaviors: The students in the classroom are sitting at desks and appear to be engaged in various activities. Some of them are looking down at their desks, while others seem to be paying attention to something happening in front of them.
Posture: The students are seated upright with their attention directed towards the front of the room or their desks.
Rating: 2",,0
628,1276007.png,/home/ubuntu/SCB-05-Dataset/5k_HRW_Dataset_combined/images/val/1276007.png,3,2,"Behaviors: The students in the classroom are sitting at desks and appear to be engaged in an activity. Some of them are looking towards the front of the room where a teacher is standing, while others seem to be focused on their own tasks.

Posture: The students are seated upright with their attention directed towards the front of the room or their individual tasks.

Rating: 2",,0
629,1276009.png,/home/ubuntu/SCB-05-Dataset/5k_HRW_Dataset_combined/images/val/1276009.png,3,2,"Behaviors: The students in the classroom are sitting at desks and appear to be engaged in a learning activity. Some of them are looking towards the front of the room where the teacher is standing, while others seem to be focused on their own tasks.
Posture: The students are seated upright with their attention directed towards the front of the room or their individual work.
Rating: 2",,0
630,1276011.png,/home/ubuntu/SCB-05-Dataset/5k_HRW_Dataset_combined/images/val/1276011.png,3,2,"Behaviors: The students in the classroom are sitting at desks and appear to be engaged in a group activity. They seem to be listening attentively to the teacher who is standing in front of them.
Posture: The students are sitting upright with their attention directed towards the front of the room, where the teacher is speaking.
Rating: 2",,0
631,1276018.png,/home/ubuntu/SCB-05-Dataset/5k_HRW_Dataset_combined/images/val/1276018.png,3,2,"Behaviors: The students in the classroom are sitting at desks and appear to be engaged in a learning activity. They seem to be listening attentively to the teacher or an instructional video playing on a screen.
Posture: Most of the students are sitting upright with their attention directed towards the front of the room, indicating that they are focused on the ongoing lesson or presentation.
Rating: 2",,0
632,1276030.png,/home/ubuntu/SCB-05-Dataset/5k_HRW_Dataset_combined/images/val/1276030.png,2,2,"Behaviors: The students in the classroom are sitting at desks and appear to be engaged in a group activity. They seem to be listening attentively to the teacher or speaker, as indicated by their focused gaze towards the front of the room.
Posture: The students are seated upright with their attention directed forward, suggesting that they are actively participating in the class.
Rating: 2",,0
633,1276028.png,/home/ubuntu/SCB-05-Dataset/5k_HRW_Dataset_combined/images/val/1276028.png,3,2,"Behaviors: The students in the classroom are sitting at desks and appear to be engaged in a group activity. Some of them are looking towards the front of the room where an adult is standing, possibly leading the class or giving instructions.
Posture: Most of the students are sitting upright with their attention directed towards the front of the room, indicating that they are focused on the ongoing activity.
Rating: 2 - The students seem to be engaged in a group activity and are paying attention to the adult at the front of the room, suggesting an average level of engagement.",,0
634,1281003.png,/home/ubuntu/SCB-05-Dataset/5k_HRW_Dataset_combined/images/val/1281003.png,3,2,"Behaviors: The students in the classroom are sitting at desks and appear to be attentive, with some looking towards the teacher who is standing at the front of the room.
Posture: Most of the students have an upright posture, suggesting they are actively engaged in the class.
Rating: 2",,0
635,1281013.png,/home/ubuntu/SCB-05-Dataset/5k_HRW_Dataset_combined/images/val/1281013.png,2,2,"Behaviors: The students in the classroom are sitting at desks and appear to be engaged in an activity that involves writing or drawing. They seem focused on their tasks.

Posture: Most of the students are sitting upright with their attention directed towards their work. There is no clear indication of any student resting their head or using a device, so it can be assumed that they are actively participating in the classroom activity.

Rating: Based on the behaviors and posture observed, I would rate the overall engagement level of the majority of students as 2 for engaged. The students seem to be actively involved in the task at hand, but their level of engagement might not be considered highly engaged due to the absence of visible signs of intense concentration or interaction with each other.",,0
636,1281035.png,/home/ubuntu/SCB-05-Dataset/5k_HRW_Dataset_combined/images/val/1281035.png,3,2,"Behaviors: The students in the classroom are sitting at desks and appear to be engaged in a lesson being taught by a man standing at the front of the room. They seem to be listening attentively and possibly taking notes or following along with the teacher's instructions.

Posture: The students are seated upright, facing towards the front of the classroom where the teacher is standing. Their body language suggests that they are focused on the ongoing lesson.

Rating: Based on their posture and engagement in the activity, I would rate the overall engagement level of the majority of students as 2 for engaged. The students seem to be actively participating in the class, but it's not possible to determine if they are highly engaged or just barely engaged without more context about the lesson being taught and the students' individual reactions.",,0
637,1281028.png,/home/ubuntu/SCB-05-Dataset/5k_HRW_Dataset_combined/images/val/1281028.png,3,2,"Behaviors: The students in the classroom are sitting at desks and appear to be engaged in an activity. They seem to be focused on a task, possibly related to their teacher's instruction.
Posture: Most of the students are sitting upright with their attention directed towards the front of the room where the teacher is standing. Their body language suggests that they are actively participating in the class.
Rating: 2 - The students seem to be engaged in an activity, but it's not possible to determine from this image whether their engagement level is high or just moderate.",,0
638,1281036.png,/home/ubuntu/SCB-05-Dataset/5k_HRW_Dataset_combined/images/val/1281036.png,3,2,"Behaviors: The students in the classroom are sitting at desks and appear to be engaged in an activity. Some of them are looking down at their desks, while others are facing towards the front of the room where a teacher is standing.

Posture: The students are seated upright with their attention directed towards the front of the room, suggesting that they are focused on the ongoing lesson or activity.

Rating: Based on the behaviors and posture observed in the image, I would rate the overall engagement level of the majority of students as 2 for engaged. While some students seem to be actively participating in the class, others appear to be less engaged, possibly due to individual differences in learning styles or interest levels in the current activity.",,0
639,1281040.png,/home/ubuntu/SCB-05-Dataset/5k_HRW_Dataset_combined/images/val/1281040.png,3,2,"Behaviors: The students in the classroom are sitting at desks with chairs, and it appears that they are engaged in a lecture or presentation. Some of them may be taking notes or paying attention to the speaker, while others might be looking around or daydreaming.

Posture: The students' postures vary; some are sitting upright, while others have their heads resting on their desks or hands on their faces. This suggests a mix of attentiveness and fatigue among the class.

Rating: Based on the behaviors and posture observed in the image, I would rate the overall engagement level of the majority of students as 2 for engaged. While some students seem to be actively participating in the lecture or presentation, others appear to be less focused or attentive. This could indicate a range of engagement levels within the class.",,0
640,1281044.png,/home/ubuntu/SCB-05-Dataset/5k_HRW_Dataset_combined/images/val/1281044.png,3,2,"Behaviors: The students in the classroom are sitting at desks and facing towards the front of the room where a teacher is standing. They appear to be attentive as they listen to the teacher's instructions or lecture.

Posture: The students are seated upright, with their attention directed forward towards the teacher. Their body language suggests that they are actively engaged in the class.

Rating: 2 (engaged) - The students seem to be paying attention and participating in the classroom activity, indicating a moderate level of engagement.",,0
641,1281047.png,/home/ubuntu/SCB-05-Dataset/5k_HRW_Dataset_combined/images/val/1281047.png,3,2,"Behaviors: The students in the classroom are sitting at desks and facing towards the front of the room where a teacher is standing. They appear to be attentive and engaged in the ongoing lesson.
Posture: Most of the students have their bodies oriented towards the front of the room, suggesting that they are focused on the teacher or the content being taught. Their postures seem to indicate engagement and attention.
Rating: 2",,0
642,1281048.png,/home/ubuntu/SCB-05-Dataset/5k_HRW_Dataset_combined/images/val/1281048.png,3,2,"Behaviors: The students in the classroom are sitting at desks with chairs, and it appears that they are engaged in a lecture or presentation. Some of them may be taking notes or paying attention to the speaker, while others might be looking around or possibly daydreaming.

Posture: The students' postures vary; some are sitting upright, while others may be leaning slightly forward or slumped over their desks. Their visual attention seems to be directed towards the front of the classroom where the speaker is likely standing.

Rating: Based on the behaviors and posture observed in the image, I would rate the overall engagement level of the majority of students as a 2 for engaged. While some students appear to be actively participating or paying attention, others may not be fully engaged, which suggests that their level of engagement is moderate rather than highly engaged.",,0
643,1283004.png,/home/ubuntu/SCB-05-Dataset/5k_HRW_Dataset_combined/images/val/1283004.png,3,2,"Behaviors: The students in the classroom are sitting and facing towards the front of the room where a teacher is standing. They appear to be attentive as they watch the teacher present information on the screen.
Posture: The students are seated upright with their attention directed towards the front of the room, indicating that they are actively engaged in the class.
Rating: 2 (engaged)",,0
644,1283015.png,/home/ubuntu/SCB-05-Dataset/5k_HRW_Dataset_combined/images/val/1283015.png,3,2,"Behaviors: The students in the classroom are sitting at desks with laptops and appear to be engaged in a lesson or activity. Some of them are looking towards the front of the room where the teacher is standing, while others seem to be focused on their screens.

Posture: The students are seated upright in their chairs, suggesting that they are attentive and actively participating in the class.

Rating: 2",,0
645,1283016.png,/home/ubuntu/SCB-05-Dataset/5k_HRW_Dataset_combined/images/val/1283016.png,3,2,"Behaviors: The students in the classroom are sitting and facing towards a woman who is standing at the front of the room. They appear to be attentive as they listen to her presentation.
Posture: The students are seated with their bodies oriented towards the front of the room, suggesting that they are focused on the speaker.
Rating: 2",,0
646,1283018.png,/home/ubuntu/SCB-05-Dataset/5k_HRW_Dataset_combined/images/val/1283018.png,3,2,"Behaviors: The students in the classroom are sitting at desks and facing towards a teacher who is standing at the front of the room. They appear to be attentive as they watch the teacher's presentation on the screen.

Posture: The students are seated upright, with their attention directed towards the front of the room where the teacher is speaking. Their body language suggests that they are actively engaged in the class.

Rating: 2",,0
647,1283020.png,/home/ubuntu/SCB-05-Dataset/5k_HRW_Dataset_combined/images/val/1283020.png,3,2,"Behaviors: The students in the classroom are sitting and facing towards the front of the room where a teacher is standing. They appear to be attentive as they watch the teacher present information on the screen.
Posture: The students are seated upright with their attention directed towards the front of the room, indicating that they are actively engaged in the class.
Rating: 2",,0
648,1283026.png,/home/ubuntu/SCB-05-Dataset/5k_HRW_Dataset_combined/images/val/1283026.png,3,2,"Behaviors: The students in the classroom are sitting at desks and facing a teacher who is standing in front of them. They appear to be attentive as they watch the teacher's presentation on a screen.
Posture: The students are seated upright with their attention directed towards the front of the room, where the teacher is presenting.
Rating: 2",,0
649,1283028.png,/home/ubuntu/SCB-05-Dataset/5k_HRW_Dataset_combined/images/val/1283028.png,3,2,"Behaviors: The students in the classroom are sitting at desks and facing towards the front of the room where a teacher is standing. They appear to be attentive and focused on the ongoing lecture or presentation.
Posture: The students are seated upright with their attention directed forward, indicating that they are actively engaged in the class.
Rating: 2 (engaged)",,0
650,1283033.png,/home/ubuntu/SCB-05-Dataset/5k_HRW_Dataset_combined/images/val/1283033.png,3,2,"Behaviors: The students in the classroom are sitting and looking at a teacher who is standing in front of them. They appear to be attentive and engaged in the ongoing lesson.
Posture: The students are seated with their bodies facing forward, indicating that they are focused on the teacher or the activity being conducted.
Rating: 2",,0
651,1283035.png,/home/ubuntu/SCB-05-Dataset/5k_HRW_Dataset_combined/images/val/1283035.png,3,2,"Behaviors: The students in the classroom are sitting at their desks and facing towards the front of the room where a teacher is standing. They appear to be attentive and engaged in the ongoing lesson.
Posture: The students are seated upright with their attention directed towards the front of the room, indicating that they are actively participating in the class.
Rating: 2",,0
652,1283040.png,/home/ubuntu/SCB-05-Dataset/5k_HRW_Dataset_combined/images/val/1283040.png,3,2,"Behaviors: The students in the classroom are focused on a presentation being given by a woman who is pointing at something on a screen. They appear to be attentive and engaged with the content being displayed.
Posture: The students are sitting upright in their chairs, facing towards the front of the room where the presentation is taking place. Their attention seems to be directed towards the speaker and the projected image.
Rating: 2",,0
653,1283039.png,/home/ubuntu/SCB-05-Dataset/5k_HRW_Dataset_combined/images/val/1283039.png,3,2,"Behaviors: The students in the classroom are sitting at desks and appear to be engaged in various activities. Some of them are looking up towards the camera, while others seem to be focused on their tasks. There is no clear indication that they are using devices or raising hands.

Posture: The students are seated upright with their attention directed towards the front of the classroom, suggesting that they are paying attention to a lesson or presentation.

Rating: Based on the behaviors and posture observed in the image, I would rate the overall engagement level of the majority of students as 2 for engaged. While some students seem to be actively participating, others appear to be more passive observers rather than highly engaged learners.",,0
654,1283051.png,/home/ubuntu/SCB-05-Dataset/5k_HRW_Dataset_combined/images/val/1283051.png,2,2,"Behaviors: The students in the classroom are sitting at desks and facing towards the front of the room where a teacher is standing. They appear to be attentive and engaged in the ongoing lesson.
Posture: The students are seated upright with their attention directed forward, indicating that they are actively participating in the class.
Rating: 2",,0
655,1283043.png,/home/ubuntu/SCB-05-Dataset/5k_HRW_Dataset_combined/images/val/1283043.png,3,2,"Behaviors: The students in the classroom are focused on a teacher who is writing on a chalkboard. They appear to be attentive and engaged in the learning activity.
Posture: The students are sitting upright with their attention directed towards the front of the room, where the teacher is standing.
Rating: 2",,0
656,1290003.png,/home/ubuntu/SCB-05-Dataset/5k_HRW_Dataset_combined/images/val/1290003.png,3,2,"Behaviors: The students in the classroom are sitting at desks and appear to be engaged in a lesson or activity. Some of them are looking down at their desks, while others are facing towards the front of the room where the teacher is likely standing.

Posture: The students are seated upright with their attention directed towards the front of the room, suggesting that they are focused on the ongoing lesson or activity.

Rating: 2",,0
657,1290006.png,/home/ubuntu/SCB-05-Dataset/5k_HRW_Dataset_combined/images/val/1290006.png,2,2,"Behaviors: The students in the classroom are sitting at desks and appear to be engaged in an activity that involves writing or taking notes. Some of them are looking down at their papers, while others seem to be paying attention to a teacher or speaker who is standing in front of them.

Posture: The students are seated upright with their attention directed towards the front of the classroom where the teacher or speaker is located. Their body language suggests that they are actively participating in the activity or lecture.

Rating: 2",,0
658,1290007.png,/home/ubuntu/SCB-05-Dataset/5k_HRW_Dataset_combined/images/val/1290007.png,3,2,"Behaviors: The students in the classroom are sitting at desks with their attention directed towards the front of the room where a teacher is likely to be giving instructions. They appear to be listening attentively and possibly taking notes or following along with the lesson.
Posture: The students are seated upright, facing forward, which suggests that they are actively engaged in the class activity.
Rating: 2",,0
659,1290013.png,/home/ubuntu/SCB-05-Dataset/5k_HRW_Dataset_combined/images/val/1290013.png,3,2,"Behaviors: The students in the classroom are sitting at desks with their attention directed towards the front of the room where a teacher is likely leading a lesson. They appear to be engaged in the class activity, as indicated by their focused posture and the presence of books on their desks.
Posture: The students are seated upright in their chairs, suggesting that they are actively participating in the class. Their gaze is directed towards the front of the room, indicating that they are paying attention to the ongoing lesson or lecture.
Rating: 2",,0
660,1290017.png,/home/ubuntu/SCB-05-Dataset/5k_HRW_Dataset_combined/images/val/1290017.png,3,2,"Behaviors: The students in the classroom are sitting at desks and facing towards the front of the room where a teacher is standing. One student appears to be actively engaged by raising their hand, while others seem to be attentively watching the teacher.
Posture: Most of the students have an upright posture with their attention directed towards the front of the classroom.
Rating: 2",,0
661,1290019.png,/home/ubuntu/SCB-05-Dataset/5k_HRW_Dataset_combined/images/val/1290019.png,3,2,"Behaviors: The students in the classroom are sitting at desks with their attention directed towards the front of the room where a teacher is likely leading a lesson. Some students appear to be looking down at their desks, while others seem to be paying attention to the teacher or the content being presented.

Posture: The students are seated upright in their chairs, suggesting that they are attentive and engaged in the classroom environment.

Rating: Based on the behaviors and posture observed, I would rate the overall engagement level of the majority of students as 2 for engaged. While some students may be more focused than others, the general atmosphere suggests that they are actively participating in the class.",,0
662,1292015.png,/home/ubuntu/SCB-05-Dataset/5k_HRW_Dataset_combined/images/val/1292015.png,3,2,"Behaviors: The students in the classroom are sitting at desks and appear to be engaged in a learning activity. They seem to be listening attentively to the teacher or an instructional video.
Posture: Most of the students have their heads down on their desks, suggesting that they might be working on assignments or taking notes.
Rating: 2",,0
663,1292011.png,/home/ubuntu/SCB-05-Dataset/5k_HRW_Dataset_combined/images/val/1292011.png,2,2,"Behaviors: The students in the classroom are sitting at desks and appear to be engaged in some form of learning activity. Some students are looking down at their desks, while others are looking up towards the front of the room where a teacher is standing.

Posture: The students are seated upright with their attention directed towards the front of the room, indicating that they are focused on the ongoing lesson or activity.

Rating: 2",,0
664,1292017.png,/home/ubuntu/SCB-05-Dataset/5k_HRW_Dataset_combined/images/val/1292017.png,3,2,"Behaviors: The students in the classroom are sitting at desks and appear to be engaged in a lesson being taught by a teacher. Some of them are actively participating by raising their hands, while others seem to be attentively listening or taking notes.
Posture: The students are seated upright with their attention directed towards the front of the room where the teacher is standing.
Rating: 2",,0
665,1294005.png,/home/ubuntu/SCB-05-Dataset/5k_HRW_Dataset_combined/images/val/1294005.png,3,2,"Behaviors: The students in the classroom are actively participating in a lesson being taught by a woman who is standing at the front of the room. They appear to be listening attentively and taking notes as she speaks.
Posture: The students are sitting upright with their attention directed towards the teacher, indicating that they are engaged in the lesson.
Rating: 2",,0
666,1294013.png,/home/ubuntu/SCB-05-Dataset/5k_HRW_Dataset_combined/images/val/1294013.png,3,1,"Behaviors: The students in the classroom are sitting at desks and facing a television screen that displays an image of a landscape. There is no visible interaction with their environment, such as writing, reading, or using devices.
Posture: The students appear to be sitting upright, but their visual attention seems to be directed away from the front of the room where the teacher might be standing, suggesting they are not fully engaged in the lesson being taught.
Rating: 1 (barely engaged)",,0
667,1296001.png,/home/ubuntu/SCB-05-Dataset/5k_HRW_Dataset_combined/images/val/1296001.png,3,2,"Behaviors: The students in the classroom are actively participating in a lesson, with some of them raising their hands to answer questions.
Posture: The students appear to be sitting upright and attentive, indicating that they are focused on the ongoing lesson.
Rating: Based on the behaviors and posture observed, I would rate the overall engagement level of the majority of students as 2 for engaged.",,0
668,1296002.png,/home/ubuntu/SCB-05-Dataset/5k_HRW_Dataset_combined/images/val/1296002.png,2,2,"Behaviors: The students in the classroom are sitting at desks and appear to be engaged in a learning activity. Some of them are looking towards the front of the room where the teacher is standing, while others seem to be focused on their own tasks.
Posture: The students are seated upright with their attention directed towards the front of the room or their individual work.
Rating: 2",,0
669,1296008.png,/home/ubuntu/SCB-05-Dataset/5k_HRW_Dataset_combined/images/val/1296008.png,2,2,"Behaviors: The students in the classroom are sitting at desks and appear to be engaged in various activities. Some of them are looking down at their books or papers, while others seem to be interacting with each other or possibly a teacher.

Posture: The students are seated upright in their chairs, suggesting that they are attentive and focused on their tasks.

Rating: Based on the behaviors and posture observed, I would rate the overall engagement level of the majority of students as 2 for engaged. While some students seem to be actively participating in class activities, others may not be fully engaged but are at least present and attentive.",,0
670,1296009.png,/home/ubuntu/SCB-05-Dataset/5k_HRW_Dataset_combined/images/val/1296009.png,2,2,"Behaviors: The students in the classroom are sitting at desks and appear to be engaged in various activities. Some of them are looking down at their desks, while others seem to be paying attention to something happening outside the frame of the image.
Posture: The students are seated upright with their attention directed towards the front of the room or towards each other.
Rating: 2",,0
671,1296013.png,/home/ubuntu/SCB-05-Dataset/5k_HRW_Dataset_combined/images/val/1296013.png,3,2,"Behaviors: The students in the classroom are sitting at desks facing a teacher who is standing at the front of the room. They appear to be attentive and engaged with the ongoing lesson, as indicated by their focused gaze on the teacher and the content being presented.

Posture: The students are seated upright in their chairs, suggesting that they are actively participating in the class and paying attention to the teacher's presentation.

Rating: Based on the behaviors and posture observed, I would rate the overall engagement level of the majority of students as 2 for engaged. While all students seem to be present and attentive, it is not possible to determine if they are fully immersed in the lesson or just passively listening without more context or a closer observation of their facial expressions and body language.",,0
672,1296015.png,/home/ubuntu/SCB-05-Dataset/5k_HRW_Dataset_combined/images/val/1296015.png,3,2,"Behaviors: The students in the classroom are sitting at desks with their attention directed towards the front of the room where a teacher is standing. Some students appear to be looking down at their desks, while others are looking up at the teacher.
Posture: The students are seated upright in their chairs, suggesting that they are attentive and focused on the ongoing lesson or activity.
Rating: 2",,0
673,1296026.png,/home/ubuntu/SCB-05-Dataset/5k_HRW_Dataset_combined/images/val/1296026.png,3,2,"Behaviors: The students in the classroom are sitting at desks and facing a teacher who is standing in front of them. They appear to be attentive and engaged in the ongoing lesson.
Posture: The students are seated upright with their attention directed towards the teacher, indicating that they are actively participating in the class.
Rating: 2",,0
674,1296028.png,/home/ubuntu/SCB-05-Dataset/5k_HRW_Dataset_combined/images/val/1296028.png,3,2,"Behaviors: The students in the classroom are sitting at desks and appear to be engaged in a learning activity. One student is actively participating by raising their hand, while others seem to be attentively watching the teacher or the presentation on the screen.
Posture: The students are seated upright with their attention directed towards the front of the room, indicating that they are focused on the ongoing lesson or discussion.
Rating: 2",,0
675,1296033.png,/home/ubuntu/SCB-05-Dataset/5k_HRW_Dataset_combined/images/val/1296033.png,3,2,"Behaviors: The students in the classroom are seated at desks with chairs, and they appear to be engaged in a learning activity. Some of them are looking towards the front of the room where a teacher is standing, while others seem to be focused on their own tasks.

Posture: The students are sitting upright in their seats, suggesting that they are attentive and actively participating in the class.

Rating: Based on the behaviors and posture observed, I would rate the overall engagement level of the majority of students as 2 for engaged. While some students seem to be paying attention to the teacher or their own tasks, it is not possible to determine if they are highly engaged without more information about their participation in the activity.",,0
676,1296032.png,/home/ubuntu/SCB-05-Dataset/5k_HRW_Dataset_combined/images/val/1296032.png,3,2,"Behaviors: The students in the classroom are sitting at desks and facing towards the front of the room where a woman is standing. They appear to be attentive as they are looking at her and the presentation on the screen behind her.
Posture: The students are seated upright, with their attention directed towards the front of the room.
Rating: 2",,0
677,1296036.png,/home/ubuntu/SCB-05-Dataset/5k_HRW_Dataset_combined/images/val/1296036.png,3,2,"Behaviors: The students in the classroom are sitting at their desks, facing towards the front of the room where a teacher is standing. They appear to be attentive and engaged in the ongoing lesson.
Posture: The students are seated upright with their attention directed forward, indicating that they are actively participating in the class.
Rating: 2",,0
678,1297001.png,/home/ubuntu/SCB-05-Dataset/5k_HRW_Dataset_combined/images/val/1297001.png,3,2,"Behaviors: The students in the classroom are sitting at desks and facing a teacher who is standing in front of them. They appear to be attentive as they listen to the teacher's presentation.
Posture: The students are seated upright with their attention directed towards the front of the room, where the teacher is speaking.
Rating: 2 - The students seem engaged and focused on the teacher's presentation.",,0
679,1297003.png,/home/ubuntu/SCB-05-Dataset/5k_HRW_Dataset_combined/images/val/1297003.png,3,2,"Behaviors: The students in the classroom are sitting at desks and appear to be engaged in a group activity. They seem to be listening attentively to someone speaking or watching something, possibly on a screen out of frame.
Posture: Most of the students have their heads down, suggesting that they might be focused on the task at hand or taking notes. Their body posture is generally upright and alert.
Rating: 2",,0
680,1297004.png,/home/ubuntu/SCB-05-Dataset/5k_HRW_Dataset_combined/images/val/1297004.png,3,2,"Behaviors: The students in the classroom are sitting at desks and appear to be engaged in a group activity, possibly listening to a lecture or participating in a discussion.
Posture: Most of the students are sitting upright with their attention directed towards the front of the room, suggesting that they are focused on the ongoing activity.
Rating: 2",,0
681,1297011.png,/home/ubuntu/SCB-05-Dataset/5k_HRW_Dataset_combined/images/val/1297011.png,3,2,"Behaviors: The students in the classroom are sitting at desks and facing towards the front of the room where a teacher is standing. They appear to be attentive and engaged in the ongoing lesson.
Posture: The students are seated upright with their attention directed forward, indicating that they are actively participating in the class.
Rating: 2 (engaged)",,0
682,1297016.png,/home/ubuntu/SCB-05-Dataset/5k_HRW_Dataset_combined/images/val/1297016.png,3,2,"Behaviors: The students in the classroom are sitting at desks and facing towards the front of the room where a teacher is standing. They appear to be attentive as they listen to the presentation.
Posture: The students are seated upright with their attention directed forward, indicating that they are actively engaged in the class.
Rating: 2",,0
683,1297030.png,/home/ubuntu/SCB-05-Dataset/5k_HRW_Dataset_combined/images/val/1297030.png,3,2,"Behaviors: The students in the classroom are sitting at desks and facing towards the front of the room where a teacher is standing. They appear to be attentive as they listen to the teacher's instructions or lecture.
Posture: The students are seated upright, with their attention directed forward towards the teacher or the front of the room.
Rating: 2 (engaged)",,0
684,1297032.png,/home/ubuntu/SCB-05-Dataset/5k_HRW_Dataset_combined/images/val/1297032.png,3,2,"Behaviors: The students in the classroom are sitting at desks and appear to be engaged in an activity that involves writing or taking notes. Some of them are looking down at their papers, while others seem to be paying attention to a presentation or lecture.

Posture: The students are seated upright with their attention directed towards the front of the room where the teacher is likely presenting or lecturing. Their body language suggests they are focused on the task at hand.

Rating: 2",,0
685,1297035.png,/home/ubuntu/SCB-05-Dataset/5k_HRW_Dataset_combined/images/val/1297035.png,3,2,"Behaviors: The students in the classroom are sitting at desks and appear to be engaged in a lecture or presentation. They are facing towards the front of the room where a teacher is likely presenting information.
Posture: The students are seated upright with their attention directed forward, indicating that they are actively participating in the class.
Rating: 2",,0
686,1298008.png,/home/ubuntu/SCB-05-Dataset/5k_HRW_Dataset_combined/images/val/1298008.png,3,2,"Behaviors: The students in the classroom are sitting at desks and appear to be engaged in an activity, possibly listening to a teacher or participating in a group discussion.

Posture: The students are seated upright with their attention directed towards the front of the room, suggesting that they are focused on the ongoing activity or lesson.

Rating: 2",,0
687,1298014.png,/home/ubuntu/SCB-05-Dataset/5k_HRW_Dataset_combined/images/val/1298014.png,3,2,"Behaviors: The students in the classroom are sitting at desks and appear to be engaged in a group activity. They seem to be listening attentively to the teacher who is standing in front of them.
Posture: The students are seated upright with their attention directed towards the front of the room, where the teacher is speaking.
Rating: 2",,0
688,1298032.png,/home/ubuntu/SCB-05-Dataset/5k_HRW_Dataset_combined/images/val/1298032.png,3,2,"Behaviors: The students in the classroom are sitting at desks and appear to be engaged in an activity. One student is standing up and raising their hand, possibly indicating a desire to participate or answer a question.
Posture: The students are seated upright with their attention directed towards the front of the room, where the teacher is likely leading the class.
Rating: 2",,0
689,1298039.png,/home/ubuntu/SCB-05-Dataset/5k_HRW_Dataset_combined/images/val/1298039.png,3,2,"Behaviors: The students in the classroom are sitting at desks and appear to be engaged in an activity, possibly listening to a teacher or watching a video.
Posture: Most of the students have their heads down on their desks, suggesting that they might be focused on the task at hand or resting.
Rating: 2 - The students seem to be engaged in some form of learning activity, but their posture indicates that they may not be fully attentive or actively participating.",,0
690,1298041.png,/home/ubuntu/SCB-05-Dataset/5k_HRW_Dataset_combined/images/val/1298041.png,3,2,"Behaviors: The students in the classroom are sitting at desks and facing towards the front of the room where a woman is standing. It appears that they are attentive to her as she seems to be leading a discussion or giving instructions.
Posture: The students are seated upright, with their attention directed towards the front of the room.
Rating: 2",,0
691,1298051.png,/home/ubuntu/SCB-05-Dataset/5k_HRW_Dataset_combined/images/val/1298051.png,3,2,"Behaviors: The students in the classroom are sitting at desks and facing a teacher who is standing in front of them. They appear to be attentive as they watch the teacher present information on a screen.
Posture: The students are seated upright with their attention directed towards the front of the room, where the teacher is speaking.
Rating: 2",,0
692,1298058.png,/home/ubuntu/SCB-05-Dataset/5k_HRW_Dataset_combined/images/val/1298058.png,3,2,"Behaviors: The students in the classroom are actively participating in a lesson, with one student standing at the front of the room gesturing towards the teacher and possibly explaining something. Other students appear to be attentively watching the teacher and the student speaking.
Posture: The students are sitting upright in their chairs, facing forward towards the teacher and the speaker. Their body language suggests they are engaged in the lesson.
Rating: 2",,0
693,1298059.png,/home/ubuntu/SCB-05-Dataset/5k_HRW_Dataset_combined/images/val/1298059.png,3,2,"Behaviors: The students in the classroom are sitting at desks and appear to be engaged in a learning activity. They are looking towards the front of the room where a teacher is standing, suggesting that they are paying attention to her.
Posture: The students are seated upright with their gaze directed forward, indicating that they are focused on the ongoing lesson or presentation.
Rating: 2",,0
694,1301003.png,/home/ubuntu/SCB-05-Dataset/5k_HRW_Dataset_combined/images/val/1301003.png,2,2,"Behaviors: The students in the classroom are seated at desks with papers and pens, suggesting that they are engaged in an activity such as taking notes or completing assignments. Some students appear to be looking at the front of the room where a teacher is likely presenting information, while others seem to be focused on their own tasks.

Posture: The students are sitting upright in their chairs, with most of them facing towards the front of the classroom, indicating that they are attentive and engaged in the ongoing activity or lecture.

Rating: Based on the behaviors and posture observed in the image, I would rate the overall engagement level of the majority of students as 2 for engaged. The students seem to be actively participating in the class, but their level of engagement may vary individually.",,0
695,1301006.png,/home/ubuntu/SCB-05-Dataset/5k_HRW_Dataset_combined/images/val/1301006.png,3,2,"Behaviors: The students in the classroom are sitting at desks and appear to be engaged in a lesson being taught by a teacher. They are looking towards the front of the room where the teacher is standing, suggesting that they are paying attention to the ongoing instruction.

Posture: The students are seated upright with their gaze directed forward, indicating that they are focused on the teacher and the lesson being delivered.

Rating: 2",,0
696,1301015.png,/home/ubuntu/SCB-05-Dataset/5k_HRW_Dataset_combined/images/val/1301015.png,3,2,"Behaviors: The students in the classroom are sitting at desks and facing towards the front of the room where a teacher is standing. They appear to be attentive and engaged in the ongoing lecture or presentation.
Posture: The students are seated upright with their attention directed towards the front of the room, indicating that they are actively participating in the class.
Rating: 2 (engaged)",,0
697,1301022.png,/home/ubuntu/SCB-05-Dataset/5k_HRW_Dataset_combined/images/val/1301022.png,3,2,"Behaviors: The students in the classroom are actively participating in a lesson, with one student standing at the front of the room gesturing towards a presentation on the screen while others are seated and attentively watching.
Posture: The students appear to be sitting upright and facing forward, indicating that they are focused on the ongoing lesson.
Rating: 2",,0
698,1302006.png,/home/ubuntu/SCB-05-Dataset/5k_HRW_Dataset_combined/images/val/1302006.png,3,2,"Behaviors: The students in the classroom are sitting at desks and facing towards a teacher who is standing at the front of the room. They appear to be attentive as they listen to the presentation. Some students have their hands raised, indicating that they may be participating in the class or asking questions.

Posture: The students are seated upright with their attention directed towards the front of the classroom where the teacher is speaking. Their body language suggests that they are actively engaged in the lesson being taught.

Rating: 2",,0
699,1302018.png,/home/ubuntu/SCB-05-Dataset/5k_HRW_Dataset_combined/images/val/1302018.png,3,2,"Behaviors: The students in the classroom are sitting at desks and facing towards the front of the room where a teacher is standing. They appear to be attentive and engaged in the ongoing lecture or presentation.
Posture: The students are seated upright with their attention directed forward, indicating that they are actively participating in the class.
Rating: 2 (engaged)",,0
700,1303003.png,/home/ubuntu/SCB-05-Dataset/5k_HRW_Dataset_combined/images/val/1303003.png,3,2,"Behaviors: The students in the classroom are sitting at desks with chairs, and it appears that they are engaged in a learning activity. Some of them might be writing or taking notes, while others could be listening to the teacher or looking at their surroundings.

Posture: The students seem to be sitting upright, facing forward, which suggests that they are attentive and focused on the ongoing lesson or task.

Rating: Based on the behaviors and posture observed in the image, I would rate the overall engagement level of the majority of students as 2 for engaged. While some students might be more actively participating than others, it is evident that they are all present and attentive to their surroundings.",,0
701,1303006.png,/home/ubuntu/SCB-05-Dataset/5k_HRW_Dataset_combined/images/val/1303006.png,3,2,"Behaviors: The students in the classroom are sitting at desks and appear to be engaged in a learning activity. Some of them are raising their hands, which suggests they are actively participating in the class.
Posture: The students are seated upright with their attention directed towards the front of the room, where the teacher is likely leading the lesson or lecture.
Rating: Based on the behaviors and posture observed, I would rate the overall engagement level of the majority of students as 2 for engaged. While some students seem to be actively participating by raising their hands, it's not clear if all students are equally engaged in the activity. The image does not provide enough information to confidently assess the level of engagement for every student.",,0
702,1303008.png,/home/ubuntu/SCB-05-Dataset/5k_HRW_Dataset_combined/images/val/1303008.png,3,2,"Behaviors: The students in the classroom are sitting at desks and facing towards a teacher who is standing in front of them. They appear to be attentive as they listen to the teacher's presentation.
Posture: The students are seated upright with their attention directed towards the front of the room, where the teacher is speaking.
Rating: 2 (engaged)",,0
703,1303016.png,/home/ubuntu/SCB-05-Dataset/5k_HRW_Dataset_combined/images/val/1303016.png,3,2,"Behaviors: The students in the classroom are sitting and looking towards the front of the room where a man is standing and gesturing.
Posture: The students appear to be attentive with their bodies facing forward, indicating that they are focused on the speaker.
Rating: 2",,0
704,1303017.png,/home/ubuntu/SCB-05-Dataset/5k_HRW_Dataset_combined/images/val/1303017.png,3,2,"Behaviors: The students in the classroom are sitting at desks and appear to be attentive, with some looking towards the front of the room where a man is speaking.
Posture: The students are seated upright, facing forward, and their attention seems focused on the speaker or the ongoing lecture.
Rating: 2",,0
705,1303031.png,/home/ubuntu/SCB-05-Dataset/5k_HRW_Dataset_combined/images/val/1303031.png,3,2,"Behaviors: The students in the classroom are sitting at desks and facing towards a teacher who is standing at the front of the room. They appear to be attentive as they listen to the lecture.
Posture: The students are seated upright with their attention directed towards the front of the room, where the teacher is speaking.
Rating: 2",,0
706,1304005.png,/home/ubuntu/SCB-05-Dataset/5k_HRW_Dataset_combined/images/val/1304005.png,2,2,"Behaviors: The students in the classroom are sitting at desks and appear to be engaged in various activities. Some of them are looking down at their books or papers, while others seem to be focused on the teacher or the front of the room.
Posture: Most of the students have an upright posture with their attention directed towards the front of the classroom or their work.
Rating: 2",,0
707,1304013.png,/home/ubuntu/SCB-05-Dataset/5k_HRW_Dataset_combined/images/val/1304013.png,2,2,"Behaviors: The students in the classroom are actively participating in a group activity. They are sitting at desks and working on papers, with some students raising their hands to answer questions or contribute to the discussion.
Posture: Most of the students are sitting upright, indicating that they are focused on the task at hand. Their visual attention is directed towards the front of the classroom where the teacher or speaker is likely providing instructions or guidance.
Rating: 2",,0
708,1304011.png,/home/ubuntu/SCB-05-Dataset/5k_HRW_Dataset_combined/images/val/1304011.png,3,2,"Behaviors: The students in the classroom are actively participating in an activity with a woman who appears to be leading them. They are clapping their hands and looking towards her, indicating that they are engaged in the activity.
Posture: The students are sitting upright in their chairs, facing towards the front of the room where the woman is standing. Their attention seems focused on her and the activity she is leading.
Rating: 2",,0
709,1304019.png,/home/ubuntu/SCB-05-Dataset/5k_HRW_Dataset_combined/images/val/1304019.png,3,2,"Behaviors: The students in the classroom are sitting at desks and appear to be engaged in a lesson being taught by a woman standing at the front of the room. They seem to be listening attentively and possibly taking notes or following along with the presentation on the screen.
Posture: Most of the students are sitting upright, facing towards the front of the classroom where the teacher is standing. Their body language suggests that they are focused on the lesson being taught.
Rating: 2",,0
710,1304022.png,/home/ubuntu/SCB-05-Dataset/5k_HRW_Dataset_combined/images/val/1304022.png,3,2,"Behaviors: The students in the classroom are sitting and looking at a presentation on a screen. One student is actively pointing to something on the screen, while others appear to be paying attention to the content being displayed.
Posture: The students are seated with their bodies facing forward, indicating that they are focused on the presentation.
Rating: 2",,0
711,1305022.png,/home/ubuntu/SCB-05-Dataset/5k_HRW_Dataset_combined/images/val/1305022.png,3,2,"Behaviors: The students in the classroom are sitting at desks and appear to be engaged in a learning activity. They seem to be focused on the front of the room where the teacher is likely providing instruction.
Posture: The students are seated upright with their attention directed towards the front of the room, indicating that they are actively participating in the class.
Rating: 2 (engaged)",,0
712,1307005.png,/home/ubuntu/SCB-05-Dataset/5k_HRW_Dataset_combined/images/val/1307005.png,3,2,"Behaviors: The students in the classroom are actively participating in a presentation, with one woman standing at the front of the room gesturing towards a screen while the students watch her. Some students appear to be taking notes or paying attention to the speaker.
Posture: The students are sitting upright and facing towards the front of the room where the woman is speaking. Their body language suggests they are engaged in the presentation.
Rating: 2",,0
713,1305009.png,/home/ubuntu/SCB-05-Dataset/5k_HRW_Dataset_combined/images/val/1305009.png,3,2,"Behaviors: The students in the classroom are seated at desks and appear to be engaged in an activity. Some of them are looking towards the front of the room where a teacher is likely leading a lesson, while others seem to be focused on their own tasks.

Posture: The students are sitting upright with their attention directed towards the front of the classroom, indicating that they are actively participating in the class.

Rating: Based on the behaviors and posture observed, I would rate the overall engagement level of the majority of students as 2 for engaged. While some students may be more focused than others, the general atmosphere suggests that they are actively involved in the learning process.",,0
714,1309022.png,/home/ubuntu/SCB-05-Dataset/5k_HRW_Dataset_combined/images/val/1309022.png,2,2,"Behaviors: The students in the classroom are sitting at desks and facing a presentation screen. They appear to be attentive as they watch the content displayed on the screen.
Posture: The students are seated upright with their attention directed towards the front of the room, where the presentation is taking place.
Rating: 2",,0
715,1309037.png,/home/ubuntu/SCB-05-Dataset/5k_HRW_Dataset_combined/images/val/1309037.png,3,2,"Behaviors: The students in the classroom are sitting at desks and appear to be engaged in a learning activity. They are looking towards the front of the room where a teacher is standing, suggesting that they are paying attention to the lesson being taught.

Posture: The students are seated upright with their gaze directed forward, indicating that they are focused on the ongoing class.

Rating: 2",,0
716,1310003.png,/home/ubuntu/SCB-05-Dataset/5k_HRW_Dataset_combined/images/val/1310003.png,3,3,"Behaviors: The students in the classroom are seated at desks with laptops open in front of them. They appear to be engaged in a lecture or presentation, as indicated by their attention towards the front of the room where a teacher is standing and gesturing.

Posture: The students are sitting upright in their chairs, facing forward towards the front of the classroom. Their visual attention seems to be directed towards the teacher and the content being presented.

Rating: Based on the behaviors and posture observed, I would rate the overall engagement level of the majority of students as 2 for engaged. The students are actively participating in the lecture or presentation by paying attention to the front of the room and using their laptops, which suggests that they are engaged in the learning process. However, it is not possible to determine if their engagement is at a high level (3) without more information about their participation and interaction with the content being presented.",,0
717,1310004.png,/home/ubuntu/SCB-05-Dataset/5k_HRW_Dataset_combined/images/val/1310004.png,3,2,"Behaviors: The students in the classroom are seated at desks with computers and are actively engaged in using them.
Posture: The students appear to be sitting upright and focused on their screens.
Rating: 2",,0
718,1310007.png,/home/ubuntu/SCB-05-Dataset/5k_HRW_Dataset_combined/images/val/1310007.png,3,2,"Behaviors: The students in the classroom are sitting at desks and appear to be engaged in a group activity. They seem to be listening attentively to someone speaking or watching something, as indicated by their focused gaze towards the front of the room.
Posture: The students are seated upright with their attention directed forward, suggesting that they are actively participating in the class activity.
Rating: 2",,0
719,1310012.png,/home/ubuntu/SCB-05-Dataset/5k_HRW_Dataset_combined/images/val/1310012.png,2,2,"Behaviors: The students in the classroom are sitting at desks and appear to be engaged in writing or reading. Some of them have their heads resting on their hands, which could indicate a momentary pause or fatigue.
Posture: The students are seated upright with their attention directed towards their work. Their body language suggests that they are focused on the task at hand.
Rating: 2",,0
720,1310017.png,/home/ubuntu/SCB-05-Dataset/5k_HRW_Dataset_combined/images/val/1310017.png,3,2,"Behaviors: The students in the classroom are sitting at desks and appear to be engaged in a group activity. They seem to be listening attentively to someone speaking, possibly a teacher or a guest speaker.
Posture: The students are seated upright with their attention directed towards the front of the room where the speaker is likely located.
Rating: 2",,0
721,1310023.png,/home/ubuntu/SCB-05-Dataset/5k_HRW_Dataset_combined/images/val/1310023.png,3,2,"Behaviors: The students in the classroom are sitting at desks and appear to be engaged in an activity, possibly taking notes or working on assignments.
Posture: Most of the students are seated upright with their attention directed towards the front of the room, suggesting that they are focused on the ongoing lesson or task.
Rating: 2",,0
722,1311017.png,/home/ubuntu/SCB-05-Dataset/5k_HRW_Dataset_combined/images/val/1311017.png,3,2,"Behaviors: The students in the classroom are sitting at desks and appear to be engaged in an activity. They seem to be listening attentively to a speaker or presentation, as indicated by their focused gaze towards the front of the room.
Posture: The students are seated upright with their attention directed forward, suggesting that they are actively participating in the ongoing event.
Rating: 2",,0
723,1311023.png,/home/ubuntu/SCB-05-Dataset/5k_HRW_Dataset_combined/images/val/1311023.png,3,2,"Behaviors: The students in this classroom environment are predominantly focused on the front of the room where a teacher is presenting. They appear to be attentive and engaged with the ongoing lecture.
Posture: The students are sitting upright at their desks, facing towards the front of the room where the teacher is standing. Their visual attention seems directed towards the teacher or the presentation material.
Rating: Based on the behaviors and posture described, I would rate the overall engagement level of the majority of students as 2 for engaged. The students are actively participating in the lecture and maintaining a proper posture, which suggests they are engaged in the learning process.",,0
724,1312024.png,/home/ubuntu/SCB-05-Dataset/5k_HRW_Dataset_combined/images/val/1312024.png,3,2,"Behaviors: The students in the classroom are sitting at their desks and facing towards the front of the room where a teacher is standing. They appear to be attentive and focused on the ongoing lesson.
Posture: The students are seated upright with their attention directed forward, indicating that they are actively engaged in the class.
Rating: 2",,0
725,1312025.png,/home/ubuntu/SCB-05-Dataset/5k_HRW_Dataset_combined/images/val/1312025.png,3,2,"Behaviors: The students in the classroom are sitting at their desks and looking towards the front of the room where a teacher is standing. Some students appear to be paying attention while others may be slightly distracted.
Posture: Most of the students have an upright posture, with their heads facing forward and their bodies oriented towards the front of the classroom.
Rating: Based on the behaviors and posture observed in the image, I would rate the overall engagement level of the majority of students as a 2 for being engaged. While some students are actively participating, others may be slightly distracted or not fully engaged.",,0
726,1312026.png,/home/ubuntu/SCB-05-Dataset/5k_HRW_Dataset_combined/images/val/1312026.png,3,2,"Behaviors: The students in the classroom are sitting at their desks and facing towards the front of the room where a woman is standing. They appear to be attentive and engaged in the ongoing lecture or discussion.
Posture: The students are seated upright with their attention directed towards the front of the room, indicating that they are actively participating in the class.
Rating: 2",,0
727,1312037.png,/home/ubuntu/SCB-05-Dataset/5k_HRW_Dataset_combined/images/val/1312037.png,3,2,"Behaviors: The students in the classroom are sitting at their desks, looking towards the front of the room where a teacher is standing. Some students appear to be paying attention, while others may be slightly distracted or daydreaming.

Posture: Most of the students have an upright posture with their heads facing forward, indicating that they are attentive and engaged in the classroom setting.

Rating: Based on the behaviors and posture observed in the image, I would rate the overall engagement level of the majority of students as 2 for engaged. While some students seem to be actively participating, others may not be fully engaged or focused on the lesson being taught.",,0
728,1313021.png,/home/ubuntu/SCB-05-Dataset/5k_HRW_Dataset_combined/images/val/1313021.png,3,2,"Behaviors: The students in the classroom are sitting at desks and facing towards a teacher who is standing at the front of the room. They appear to be attentive as they listen to the presentation.
Posture: The students are seated upright with their attention directed towards the front of the room, where the teacher is speaking.
Rating: 2",,0
729,1313018.png,/home/ubuntu/SCB-05-Dataset/5k_HRW_Dataset_combined/images/val/1313018.png,3,2,"Behaviors: The students in the classroom are sitting at desks with their attention directed towards the front of the room. Some students appear to be looking down at their desks, while others seem to be paying attention to the teacher or the activity being conducted.

Posture: The students are seated upright in their chairs, suggesting that they are attentive and engaged in the classroom environment.

Rating: Based on the behaviors and posture observed in the image, I would rate the overall engagement level of the majority of students as 2 for engaged. While some students seem to be actively participating or paying attention, others appear to be more focused on their desks or personal belongings rather than the ongoing activity. This suggests that the students are generally engaged but not highly engaged in the classroom environment at this moment.",,0
730,1313023.png,/home/ubuntu/SCB-05-Dataset/5k_HRW_Dataset_combined/images/val/1313023.png,3,2,"Behaviors: The students in the classroom are sitting at desks and appear to be engaged in a group activity. They seem to be listening attentively to the teacher who is standing in front of them.
Posture: Most of the students are sitting upright with their attention directed towards the front of the room, where the teacher is speaking.
Rating: 2",,0
731,1313024.png,/home/ubuntu/SCB-05-Dataset/5k_HRW_Dataset_combined/images/val/1313024.png,3,2,"Behaviors: The students are sitting in a classroom setting, with one woman standing at the front of the room gesturing towards something. It appears that they are attentive to her presentation, as some students are looking up and others are focused on the screen displaying an image of a building.

Posture: The students are seated upright, facing forward, and their attention seems to be directed towards the front of the room where the woman is speaking.

Rating: 2",,0
732,1313032.png,/home/ubuntu/SCB-05-Dataset/5k_HRW_Dataset_combined/images/val/1313032.png,3,2,"Behaviors: The students in the classroom are sitting at desks and appear to be engaged in a learning activity. Some of them are looking towards the front of the room where the teacher is standing, while others seem to be focused on their own work.
Posture: The students are seated upright with their attention directed towards the front of the room or their individual tasks.
Rating: 2",,0
733,1313036.png,/home/ubuntu/SCB-05-Dataset/5k_HRW_Dataset_combined/images/val/1313036.png,3,2,"Behaviors: The students in the classroom are sitting at their desks and appear to be engaged in a lesson. They seem to be listening attentively to the teacher or an instructional video.
Posture: Most of the students are sitting upright with their attention directed towards the front of the room, indicating that they are focused on the ongoing activity.
Rating: 2",,0
734,1313038.png,/home/ubuntu/SCB-05-Dataset/5k_HRW_Dataset_combined/images/val/1313038.png,3,2,"Behaviors: The students in the classroom are sitting at desks and appear to be engaged in an activity, possibly writing or taking notes.
Posture: The students are seated upright with their attention directed towards the front of the room where the teacher is likely providing instruction.
Rating: 2",,0
735,1313039.png,/home/ubuntu/SCB-05-Dataset/5k_HRW_Dataset_combined/images/val/1313039.png,3,2,"Behaviors: The students in the classroom are sitting at desks and facing a teacher who is standing in front of them. They appear to be attentive as they listen to the teacher's instructions or presentation.

Posture: The students are seated upright with their attention directed towards the front of the room, where the teacher is speaking. Their body language suggests that they are engaged and focused on the ongoing activity.

Rating: 2",,0
736,1313041.png,/home/ubuntu/SCB-05-Dataset/5k_HRW_Dataset_combined/images/val/1313041.png,3,2,"Behaviors: The students in the classroom are sitting at their desks, looking towards the front of the room where a teacher is standing. Some students appear to be paying attention, while others may be slightly distracted or daydreaming.
Posture: Most of the students have an upright posture with their heads facing forward, indicating that they are attentive and engaged in the classroom environment.
Rating: 2",,0
737,1313047.png,/home/ubuntu/SCB-05-Dataset/5k_HRW_Dataset_combined/images/val/1313047.png,3,2,"Behaviors: The students in the classroom are seated and appear to be attentive, with some looking at a presentation on a screen. There is one person standing up, possibly leading the class or demonstrating something.
Posture: Most of the students are sitting upright, facing towards the front of the room where the presentation is taking place. Their attention seems focused on the speaker or the content being displayed.
Rating: 2",,0
738,1313050.png,/home/ubuntu/SCB-05-Dataset/5k_HRW_Dataset_combined/images/val/1313050.png,3,2,"Behaviors: The students in the classroom are sitting and looking at a presentation on a screen. One student is actively pointing to something on the screen while others appear to be attentively watching the presentation.
Posture: The students are seated with their bodies facing forward, indicating that they are focused on the front of the room where the presentation is taking place.
Rating: 2",,0
739,1314006.png,/home/ubuntu/SCB-05-Dataset/5k_HRW_Dataset_combined/images/val/1314006.png,3,2,"Behaviors: The students in the classroom are sitting at desks and facing a teacher who is standing at the front of the room. They appear to be attentive as they listen to the presentation.
Posture: The students are seated upright with their attention directed towards the teacher, suggesting that they are engaged in the class.
Rating: 2",,0
740,1314010.png,/home/ubuntu/SCB-05-Dataset/5k_HRW_Dataset_combined/images/val/1314010.png,3,2,"Behaviors: The students in the classroom are sitting at desks and facing towards a teacher who is standing at the front of the room. They appear to be attentive as they listen to the presentation.
Posture: The students are seated upright with their attention directed towards the front of the room, where the teacher is speaking.
Rating: 2",,0
741,1314021.png,/home/ubuntu/SCB-05-Dataset/5k_HRW_Dataset_combined/images/val/1314021.png,3,2,"Behaviors: The students in the classroom are seated at desks with laptops open in front of them. They appear to be engaged in a lecture or presentation, as indicated by their attention towards the front of the room where the speaker is standing.

Posture: The students are sitting upright and facing forward, indicating that they are actively participating in the class.

Rating: Based on the behaviors and posture observed, I would rate the overall engagement level of the majority of students as 2 for engaged. While most students seem to be paying attention, there is no clear indication of highly engaged behavior such as taking notes or actively participating in a discussion. The presence of laptops suggests that they may be taking notes or following along with the presentation, but this is not directly observable from the image.",,0
742,1314027.png,/home/ubuntu/SCB-05-Dataset/5k_HRW_Dataset_combined/images/val/1314027.png,3,2,"Behaviors: The students in the classroom are actively participating in a presentation or lecture. They are sitting upright and facing towards the front of the room where a teacher is standing at a podium. Some students appear to be taking notes, while others are attentively listening to the speaker.

Posture: The students' posture suggests that they are engaged and focused on the ongoing presentation or lecture. Their body language indicates that they are actively participating in the class.

Rating: Based on their behaviors and posture, I would rate the overall engagement level of the majority of students as 2 for engaged. While some students may be more attentive than others, the general atmosphere of the classroom suggests a level of engagement consistent with an ongoing educational activity.",,0
743,1314044.png,/home/ubuntu/SCB-05-Dataset/5k_HRW_Dataset_combined/images/val/1314044.png,3,2,"Behaviors: The students in the classroom are sitting at desks and appear to be engaged in a learning activity. One student is standing up and seems to be actively participating in the class.
Posture: Most of the students are sitting upright with their attention directed towards the front of the room, where the teacher or presenter is likely speaking.
Rating: 2",,0
744,1314052.png,/home/ubuntu/SCB-05-Dataset/5k_HRW_Dataset_combined/images/val/1314052.png,3,2,"Behaviors: The students in the classroom are sitting at desks and appear to be engaged in various activities. Some of them are looking down at their books, while others seem to be paying attention to a teacher or an activity being led by someone out of frame.
Posture: The students are seated upright with their heads facing forward, indicating that they are focused on the task at hand.
Rating: 2",,0
745,1314046.png,/home/ubuntu/SCB-05-Dataset/5k_HRW_Dataset_combined/images/val/1314046.png,3,2,"Behaviors: The students in the classroom are actively participating in a lesson, with one student standing at the front of the room gesturing and speaking to the class. The other students appear to be attentively watching and listening to the speaker.
Posture: The students are sitting upright in their chairs, facing towards the front of the room where the teacher is standing. Their body language suggests that they are engaged in the lesson.
Rating: 2",,0
746,1314054.png,/home/ubuntu/SCB-05-Dataset/5k_HRW_Dataset_combined/images/val/1314054.png,3,2,"Behaviors: The students in the classroom are sitting at desks and appear to be engaged in a lesson being taught by a woman standing at the front of the room. They seem to be paying attention to her as she gestures with her hands raised.
Posture: The students are seated upright, facing towards the front of the room where the teacher is standing. Their body language suggests that they are actively participating in the lesson.
Rating: 2",,0
747,1314055.png,/home/ubuntu/SCB-05-Dataset/5k_HRW_Dataset_combined/images/val/1314055.png,3,2,"Behaviors: The students in the classroom are sitting at desks and appear to be engaged in a lesson being taught by a woman standing at the front of the room. They seem to be paying attention to her as she speaks.
Posture: Most of the students are sitting upright with their gaze directed towards the teacher, indicating that they are focused on the ongoing lesson.
Rating: 2",,0
748,1315002.png,/home/ubuntu/SCB-05-Dataset/5k_HRW_Dataset_combined/images/val/1315002.png,3,2,"Behaviors: The students in the classroom are sitting at desks and appear to be engaged in a group activity. They are looking down at their desks, suggesting that they might be working on a task together.
Posture: The students are seated upright with their attention directed towards their work or the front of the room.
Rating: 2",,0
749,13160019.png,/home/ubuntu/SCB-05-Dataset/5k_HRW_Dataset_combined/images/val/13160019.png,3,2,"Behaviors: The students in the classroom are sitting at desks and appear to be engaged in an activity. Some of them are looking up towards the front of the room, possibly paying attention to a teacher or presentation.
Posture: The students are seated upright with their gaze directed forward, indicating that they are focused on the task at hand.
Rating: 2",,0
750,13160017.png,/home/ubuntu/SCB-05-Dataset/5k_HRW_Dataset_combined/images/val/13160017.png,3,2,"Behaviors: The students in the classroom are sitting at desks and facing towards a teacher who is standing at the front of the room. They appear to be attentive and engaged in the ongoing lesson.
Posture: The students are seated upright with their attention directed towards the teacher, indicating that they are actively participating in the class.
Rating: 2 (engaged)",,0
751,13160025.png,/home/ubuntu/SCB-05-Dataset/5k_HRW_Dataset_combined/images/val/13160025.png,3,2,"Behaviors: The students in the classroom are actively participating in a lesson, with one student raising their hand to answer a question posed by the teacher.
Posture: The students appear to be sitting upright and attentive, looking towards the front of the room where the teacher is standing.
Rating: 2",,0
752,13160037.png,/home/ubuntu/SCB-05-Dataset/5k_HRW_Dataset_combined/images/val/13160037.png,3,2,"Behaviors: The students in the classroom are sitting at desks and appear to be engaged in a lecture or presentation. Some of them are looking towards the front of the room where the teacher is standing, while others seem to be focused on their own tasks or materials.
Posture: Most of the students have an upright posture with their attention directed towards the front of the classroom, indicating that they are actively participating in the lecture or presentation.
Rating: Based on the behaviors and posture observed, I would rate the overall engagement level of the majority of students as 2 for engaged. While some students seem to be paying close attention, others may not be fully engaged but are still present and attentive to some extent.",,0
753,13160042.png,/home/ubuntu/SCB-05-Dataset/5k_HRW_Dataset_combined/images/val/13160042.png,3,2,"Behaviors: The students in the classroom are actively participating in a presentation, with one student standing at the front of the room gesturing towards a whiteboard while others watch attentively.
Posture: The students are sitting upright and facing forward, indicating that they are focused on the speaker and the content being presented.
Rating: 2",,0
754,1317015.png,/home/ubuntu/SCB-05-Dataset/5k_HRW_Dataset_combined/images/val/1317015.png,3,2,"Behaviors: The students in the classroom are actively participating in a presentation, with one person standing at the front of the room gesturing towards a screen displaying an animated video. They appear to be engaged and attentive to the content being shown.
Posture: The students are sitting upright in their chairs, facing forward towards the presenter and the screen. Their body language suggests that they are focused on the presentation.
Rating: 2",,0
755,1317028.png,/home/ubuntu/SCB-05-Dataset/5k_HRW_Dataset_combined/images/val/1317028.png,3,2,"Behaviors: The students in the classroom are actively participating in a presentation or lecture, with some of them raising their hands and others paying attention to the speaker.

Posture: The students appear to be sitting upright and facing towards the front of the room where the teacher is standing, indicating that they are focused on the ongoing activity.

Rating: 2",,0
756,1317045.png,/home/ubuntu/SCB-05-Dataset/5k_HRW_Dataset_combined/images/val/1317045.png,3,2,"Behaviors: The students in the classroom are sitting at desks and facing towards a teacher who is standing in front of them. They appear to be attentive as they look towards the teacher, with some students possibly taking notes or following along with the lesson.
Posture: The students are seated upright, suggesting that they are actively engaged in the class.
Rating: 2",,0
757,1318012.png,/home/ubuntu/SCB-05-Dataset/5k_HRW_Dataset_combined/images/val/1318012.png,3,2,"Behaviors: The students in the classroom are actively participating in a lesson, with one student standing at the front of the room gesturing towards the teacher and the other students. They appear to be engaged in the learning process.
Posture: The students are sitting upright in their chairs, facing the front of the room where the teacher is standing. Their attention seems focused on the ongoing lesson.
Rating: 2",,0
758,1318013.png,/home/ubuntu/SCB-05-Dataset/5k_HRW_Dataset_combined/images/val/1318013.png,3,2,"Behaviors: The students in the classroom are sitting at desks and facing towards a woman who is standing at the front of the room. They appear to be attentive as they listen to her speak.
Posture: The students are seated upright with their attention directed towards the teacher, indicating that they are actively engaged in the lesson.
Rating: 2",,0
759,1318026.png,/home/ubuntu/SCB-05-Dataset/5k_HRW_Dataset_combined/images/val/1318026.png,3,2,"Behaviors: The students in the classroom are sitting at desks and facing a teacher who is standing in front of them. They appear to be attentive as they listen to the lecture.
Posture: The students are seated upright with their attention directed towards the front of the room, where the teacher is speaking.
Rating: 2",,0
760,1319002.png,/home/ubuntu/SCB-05-Dataset/5k_HRW_Dataset_combined/images/val/1319002.png,3,2,"Behaviors: The students in the classroom are sitting and facing towards a teacher who is standing at the front of the room. They appear to be attentive as they watch the presentation on the screen.
Posture: The students are seated upright with their attention directed towards the front of the room, indicating that they are actively engaged in the class.
Rating: 2",,0
761,1319003.png,/home/ubuntu/SCB-05-Dataset/5k_HRW_Dataset_combined/images/val/1319003.png,2,2,"Behaviors: The students in the classroom are sitting at desks and facing a teacher who is standing at the front of the room. They appear to be attentive as they listen to the presentation.
Posture: The students are seated upright with their attention directed towards the front of the room, indicating that they are actively engaged in the class.
Rating: 2",,0
762,1319006.png,/home/ubuntu/SCB-05-Dataset/5k_HRW_Dataset_combined/images/val/1319006.png,3,2,"Behaviors: The students in the classroom are seated at desks and appear to be attentive, with some looking towards the front of the room where a presentation is taking place.
Posture: Most of the students are sitting upright in their chairs, suggesting that they are focused on the ongoing presentation or lecture.
Rating: 2 (engaged)",,0
763,1319007.png,/home/ubuntu/SCB-05-Dataset/5k_HRW_Dataset_combined/images/val/1319007.png,3,2,"Behaviors: The students in the classroom are sitting at desks and facing towards a teacher who is standing at the front of the room. They appear to be attentive as they watch the presentation on the screen.
Posture: The students are seated upright with their attention directed towards the front of the room, indicating that they are actively engaged in the class.
Rating: 2",,0
764,1319008.png,/home/ubuntu/SCB-05-Dataset/5k_HRW_Dataset_combined/images/val/1319008.png,3,2,"Behaviors: The students in the classroom are sitting at desks and facing towards a teacher who is standing at the front of the room. They appear to be attentive as they listen to the teacher's instructions or lecture.
Posture: The students are seated upright, with their attention directed towards the front of the room where the teacher is speaking.
Rating: 2 (engaged)",,0
765,1319022.png,/home/ubuntu/SCB-05-Dataset/5k_HRW_Dataset_combined/images/val/1319022.png,3,2,"Behaviors: The students in the classroom are sitting at desks with books and notebooks, suggesting that they are engaged in learning activities. Some of them appear to be looking attentively towards the front of the room, while others may be focused on their own work.

Posture: The students are seated upright in their chairs, indicating a level of attention and engagement. Their body language suggests that they are actively participating in the class.

Rating: Based on the behaviors and posture observed, I would rate the overall engagement level of the majority of students as 2 for engaged. While some students may be more focused than others, the general atmosphere of the classroom seems to indicate an active learning environment.",,0
766,1319029.png,/home/ubuntu/SCB-05-Dataset/5k_HRW_Dataset_combined/images/val/1319029.png,3,2,"Behaviors: The students in the classroom are sitting at desks and facing towards the front of the room where a woman is standing. They appear to be attentive and engaged in the ongoing lecture or presentation.
Posture: The students are seated upright with their attention directed towards the front of the room, indicating that they are actively participating in the class.
Rating: 2",,0
767,1320014.png,/home/ubuntu/SCB-05-Dataset/5k_HRW_Dataset_combined/images/val/1320014.png,3,2,"Behaviors: The students in the classroom are sitting at desks and appear to be engaged in a group activity. Some of them are looking towards the front of the room where a teacher is standing, while others seem to be focused on their own tasks.

Posture: The students are seated upright with their attention directed towards the front of the room, indicating that they are actively participating in the class.

Rating: 2",,0
768,1320016.png,/home/ubuntu/SCB-05-Dataset/5k_HRW_Dataset_combined/images/val/1320016.png,3,2,"Behaviors: The students in the classroom are sitting at desks and appear to be engaged in a group activity. They seem to be listening attentively to the teacher who is standing in front of them.
Posture: Most of the students are sitting upright with their attention directed towards the front of the room, indicating that they are focused on the ongoing lesson or discussion.
Rating: 2",,0
769,1320023.png,/home/ubuntu/SCB-05-Dataset/5k_HRW_Dataset_combined/images/val/1320023.png,3,2,"Behaviors: The students in the classroom are actively participating in a lesson, with one student standing at the front of the room gesturing and speaking to the class. The other students are seated, looking towards the speaker, and some are raising their hands, indicating that they are engaged in the activity.

Posture: The students are sitting upright in their chairs, facing forward towards the teacher or speaker, which suggests that they are focused on the ongoing lesson.

Rating: 2",,0
770,1320024.png,/home/ubuntu/SCB-05-Dataset/5k_HRW_Dataset_combined/images/val/1320024.png,3,2,"Behaviors: The students in the classroom are actively participating in a group activity, with one woman standing and gesturing towards them. They appear to be engaged in a discussion or presentation.
Posture: The students are sitting upright at their desks, facing towards the front of the room where the woman is speaking. Their attention seems focused on her and the ongoing activity.
Rating: 2",,0
771,1320030.png,/home/ubuntu/SCB-05-Dataset/5k_HRW_Dataset_combined/images/val/1320030.png,3,2,"Behaviors: The students in the classroom are sitting at desks and appear to be engaged in a group activity. They seem to be listening attentively to the woman standing in front of them.
Posture: Most of the students are sitting upright with their attention directed towards the front of the room, where the woman is speaking.
Rating: 2 (engaged)",,0
772,1320032.png,/home/ubuntu/SCB-05-Dataset/5k_HRW_Dataset_combined/images/val/1320032.png,3,2,"Behaviors: The students in the classroom are sitting at desks and appear to be engaged in a group activity. They seem to be listening attentively to the teacher who is standing in front of them.
Posture: Most of the students are sitting upright with their attention directed towards the teacher, indicating that they are actively participating in the class.
Rating: 2 (engaged)",,0
773,1320039.png,/home/ubuntu/SCB-05-Dataset/5k_HRW_Dataset_combined/images/val/1320039.png,3,2,"Behaviors: The students in the classroom are sitting at desks and appear to be engaged in a lesson. One student is standing up and raising their hand, possibly indicating an answer or question.
Posture: Most of the students are sitting upright with their attention directed towards the front of the room where the teacher is likely conducting the lesson.
Rating: 2",,0
774,1320047.png,/home/ubuntu/SCB-05-Dataset/5k_HRW_Dataset_combined/images/val/1320047.png,3,2,"Behaviors: The students in the classroom are actively participating in a group activity, with their hands raised and clapping. They appear to be engaged in a discussion or performance.
Posture: The students are sitting upright at their desks, facing towards the front of the room where the teacher is likely leading the activity.
Rating: 2",,0
775,1320062.png,/home/ubuntu/SCB-05-Dataset/5k_HRW_Dataset_combined/images/val/1320062.png,2,2,"Behaviors: The students in the classroom are sitting at desks and facing a teacher who is standing in front of them. They appear to be attentive as they watch the teacher present information on a screen.
Posture: The students are seated upright with their attention directed towards the front of the room, where the teacher is presenting.
Rating: 2",,0
776,13210004.png,/home/ubuntu/SCB-05-Dataset/5k_HRW_Dataset_combined/images/val/13210004.png,2,2,"Behaviors: The students in the classroom are sitting at desks and appear to be engaged in various activities. Some of them are looking down at their desks, while others seem to be paying attention to something happening in front of them.
Posture: The students are seated upright with their gaze directed towards the front of the room or their desks.
Rating: 2",,0
777,13210005.png,/home/ubuntu/SCB-05-Dataset/5k_HRW_Dataset_combined/images/val/13210005.png,2,2,"Behaviors: The students in the classroom are sitting at desks and appear to be engaged in an activity that involves writing or reading. They seem focused on their work.

Posture: The students are seated upright with their attention directed towards their tasks.

Rating: 2",,0
778,13210012.png,/home/ubuntu/SCB-05-Dataset/5k_HRW_Dataset_combined/images/val/13210012.png,3,2,"Behaviors: The students in the classroom are sitting at desks and appear to be engaged in an activity that involves writing or drawing. They seem focused on their tasks.

Posture: The students are seated upright with their attention directed towards their work.

Rating: 2",,0
779,13210018.png,/home/ubuntu/SCB-05-Dataset/5k_HRW_Dataset_combined/images/val/13210018.png,3,2,"Behaviors: The students in the classroom are sitting at desks and facing towards the front of the room where a teacher is standing. They appear to be attentive as they are looking at the teacher and the presentation screen.
Posture: The students are seated upright, with their attention directed towards the front of the room.
Rating: 2",,0
780,13210031.png,/home/ubuntu/SCB-05-Dataset/5k_HRW_Dataset_combined/images/val/13210031.png,2,2,"Behaviors: The students are seated in a classroom setting, with one student actively participating by raising their hand. The rest of the class appears to be attentive and focused on the front of the room where the presentation is taking place.
Posture: The students are sitting upright in their chairs, facing towards the front of the room where the presentation is being given.
Rating: 2",,0
781,13210038.png,/home/ubuntu/SCB-05-Dataset/5k_HRW_Dataset_combined/images/val/13210038.png,3,2,"Behaviors: The students in the classroom are actively participating in a lesson, with one woman standing at the front of the room and gesturing towards something on the screen. They appear to be paying attention to her presentation.
Posture: The students are sitting upright in their chairs, facing the front of the room where the teacher is speaking. Their body language suggests that they are engaged in the lesson.
Rating: 2",,0
782,13210039.png,/home/ubuntu/SCB-05-Dataset/5k_HRW_Dataset_combined/images/val/13210039.png,3,2,"Behaviors: The students in the classroom are sitting at desks and appear to be engaged in a group activity, possibly listening to a presentation or participating in a discussion.

Posture: The students are seated upright with their attention directed towards the front of the room where the teacher is standing.

Rating: 2",,0
783,13210040.png,/home/ubuntu/SCB-05-Dataset/5k_HRW_Dataset_combined/images/val/13210040.png,3,2,"Behaviors: The students in the classroom are actively participating in a lesson, with one student standing at the front of the room holding up their hand to answer a question.
Posture: The students appear to be sitting upright and attentive, looking towards the teacher who is leading the class.
Rating: 2",,0
784,1322001.png,/home/ubuntu/SCB-05-Dataset/5k_HRW_Dataset_combined/images/val/1322001.png,3,2,"Behaviors: The students in the classroom are sitting and looking towards a woman who is standing at the front of the room. They appear to be attentive as she speaks.
Posture: The students are seated upright with their attention directed towards the speaker.
Rating: 2",,0
785,1322004.png,/home/ubuntu/SCB-05-Dataset/5k_HRW_Dataset_combined/images/val/1322004.png,3,2,"Behaviors: The students in the classroom are sitting at desks with laptops open in front of them. They appear to be engaged in a lecture or presentation, as indicated by their focused attention on the speaker and the presence of writing materials.
Posture: The students are seated upright in their chairs, suggesting that they are attentive and actively participating in the class.
Rating: 2",,0
786,1322006.png,/home/ubuntu/SCB-05-Dataset/5k_HRW_Dataset_combined/images/val/1322006.png,2,2,"Behaviors: The students in the classroom are sitting at desks and appear to be engaged in various activities. Some of them are looking down at their books or papers, while others seem to be paying attention to a teacher or speaker who is standing in front of them.

Posture: The students are seated upright with their attention directed towards the front of the room, suggesting that they are focused on the ongoing activity or lesson.

Rating: Based on the behaviors and posture observed in the image, I would rate the overall engagement level of the majority of students as 2 for engaged. While some students seem to be actively participating in the class, others appear to be more passive observers, which indicates a moderate level of engagement.",,0
787,1322014.png,/home/ubuntu/SCB-05-Dataset/5k_HRW_Dataset_combined/images/val/1322014.png,2,2,"Behaviors: The students in the classroom are sitting at desks and appear to be engaged in an activity. Some of them are looking down at their desks, while others seem to be paying attention to something happening in front of them.
Posture: The students are seated upright with their attention directed towards the front of the room.
Rating: 2",,0
788,1322009.png,/home/ubuntu/SCB-05-Dataset/5k_HRW_Dataset_combined/images/val/1322009.png,3,2,"Behaviors: The students in the classroom are sitting at desks and appear to be engaged in a learning activity. Some of them are looking towards the front of the room where the teacher is standing, while others seem to be focused on their own tasks.
Posture: The students are seated upright with their attention directed towards the front of the room or their individual tasks.
Rating: 2",,0
789,1322025.png,/home/ubuntu/SCB-05-Dataset/5k_HRW_Dataset_combined/images/val/1322025.png,3,2,"Behaviors: The students are seated in a classroom setting, facing the front of the room where a teacher is standing. They appear to be attentive and engaged in the ongoing lesson or presentation.
Posture: The students are sitting upright with their attention directed towards the front of the room.
Rating: 2",,0
790,1322033.png,/home/ubuntu/SCB-05-Dataset/5k_HRW_Dataset_combined/images/val/1322033.png,3,2,"Behaviors: The students in the classroom are sitting at desks and appear to be engaged in a learning activity. They seem to be listening attentively to the teacher who is standing at the front of the room.
Posture: The students are seated upright with their attention directed towards the front of the room, where the teacher is speaking.
Rating: 2",,0
791,1322021.png,/home/ubuntu/SCB-05-Dataset/5k_HRW_Dataset_combined/images/val/1322021.png,3,2,"Behaviors: The students in the classroom are sitting at desks and appear to be engaged in a learning activity. Some of them are looking towards the front of the room where the teacher is standing, while others seem to be focused on their own tasks.
Posture: The students are seated upright with their attention directed towards the front of the room or their individual tasks.
Rating: 2",,0
792,1325002.png,/home/ubuntu/SCB-05-Dataset/5k_HRW_Dataset_combined/images/val/1325002.png,3,2,"Behaviors: The students in the classroom are sitting at desks with their attention directed towards the front of the room where a teacher is likely to be speaking. Some students appear to be taking notes, while others seem to be listening attentively.

Posture: Most of the students are seated upright and facing forward, indicating that they are actively engaged in the class.

Rating: Based on their posture and attention, I would rate the overall engagement level of the majority of students as 2 for being engaged.",,0
793,1325003.png,/home/ubuntu/SCB-05-Dataset/5k_HRW_Dataset_combined/images/val/1325003.png,3,0,"Behaviors: The students in the classroom are sitting at desks with their heads resting on them. Some of them appear to be looking away from the front of the room, and there is no visible activity such as writing or using devices that would indicate engagement.
Posture: The students' posture is slumped over, suggesting a lack of focus and interest in the ongoing lesson.
Rating: 0",,0
794,1325005.png,/home/ubuntu/SCB-05-Dataset/5k_HRW_Dataset_combined/images/val/1325005.png,2,2,"Behaviors: The students in the classroom are sitting at desks with books and notebooks, some of them appear to be writing or taking notes. There is a teacher standing at the front of the room, possibly leading a discussion or lecture.

Posture: The students are seated upright in their chairs, facing towards the front of the room where the teacher is standing. Their attention seems focused on the teacher and the ongoing activity.

Rating: Based on the behaviors and posture observed in the image, I would rate the overall engagement level of the majority of students as 2 for engaged. The students are actively participating in the classroom setting by taking notes or writing, which indicates a moderate level of engagement with their learning environment.",,0
795,1325006.png,/home/ubuntu/SCB-05-Dataset/5k_HRW_Dataset_combined/images/val/1325006.png,2,2,"Behaviors: The students in the classroom are sitting at desks with books and papers in front of them. They appear to be engaged in a learning activity, possibly taking notes or working on assignments. Some students are looking down at their materials, while others seem to be paying attention to the teacher or the front of the room.

Posture: The students are sitting upright in their chairs, with most of them facing forward towards the front of the classroom. Their body language suggests that they are focused on the task at hand.

Rating: Based on the behaviors and posture observed, I would rate the overall engagement level of the majority of students as 2 for engaged. The students seem to be actively participating in the class activity, but their level of engagement may vary individually.",,0
796,1325025.png,/home/ubuntu/SCB-05-Dataset/5k_HRW_Dataset_combined/images/val/1325025.png,3,2,"Behaviors: The students in the classroom are actively participating in a lesson, with some of them raising their hands and others looking attentively at the front of the room where the teacher is presenting.
Posture: The students appear to be sitting upright and facing towards the front of the room, indicating that they are focused on the ongoing lesson.
Rating: 2",,0
797,1325030.png,/home/ubuntu/SCB-05-Dataset/5k_HRW_Dataset_combined/images/val/1325030.png,3,2,"Behaviors: The students in the classroom are sitting at desks and appear to be engaged in an activity. Some of them are looking up towards the camera, while others seem to be focused on their work. There is no clear indication that they are using devices or raising hands.

Posture: The students are seated upright with their attention directed towards the front of the classroom, suggesting that they are actively participating in a lesson or activity.

Rating: Based on the behaviors and posture observed, I would rate the overall engagement level of the majority of students as 2 for engaged. While some students seem to be focused on their work, it is not possible to determine if all students are equally engaged without more information about their individual actions.",,0
798,1325031.png,/home/ubuntu/SCB-05-Dataset/5k_HRW_Dataset_combined/images/val/1325031.png,3,2,"Behaviors: The students in the classroom are actively participating in a lesson, with some of them raising their hands and others looking at the teacher.
Posture: The students appear to be sitting upright and attentive, indicating that they are focused on the ongoing lesson.
Rating: 2",,0
799,1325034.png,/home/ubuntu/SCB-05-Dataset/5k_HRW_Dataset_combined/images/val/1325034.png,3,2,"Behaviors: The students in the classroom are sitting at desks and appear to be engaged in an activity. They seem to be listening attentively to a teacher or presentation, as indicated by their focused gaze towards the front of the room.
Posture: The students are seated upright with their attention directed forward, suggesting that they are actively participating in the class.
Rating: 2",,0
800,1325038.png,/home/ubuntu/SCB-05-Dataset/5k_HRW_Dataset_combined/images/val/1325038.png,3,2,"Behaviors: The students in the classroom are actively participating in a group activity. They are raising their hands and seem to be engaged in a discussion or presentation.

Posture: The students are sitting upright at their desks, with most of them facing towards the front of the room where the teacher is likely leading the class.

Rating: 2",,0
801,1325047.png,/home/ubuntu/SCB-05-Dataset/5k_HRW_Dataset_combined/images/val/1325047.png,3,2,"Behaviors: The students in the classroom are actively participating in a group activity. They are standing up and raising their hands, indicating that they are engaged in the lesson being taught by the teacher.
Posture: The students are standing upright with their attention directed towards the front of the room where the teacher is presenting.
Rating: 2",,0
802,1325053.png,/home/ubuntu/SCB-05-Dataset/5k_HRW_Dataset_combined/images/val/1325053.png,3,2,"Behaviors: The students in the classroom are actively participating in a lesson, with some of them raising their hands to answer questions.
Posture: The students are sitting upright and facing towards the front of the room where the teacher is standing.
Rating: 2",,0
803,1329015.png,/home/ubuntu/SCB-05-Dataset/5k_HRW_Dataset_combined/images/val/1329015.png,3,2,"Behaviors: The students in the classroom are actively participating in a group activity. They are raising their hands and seem to be engaged in a discussion or presentation.

Posture: The students are sitting upright with their attention directed towards the front of the room where the teacher is likely leading the activity.

Rating: 2",,0
804,1329024.png,/home/ubuntu/SCB-05-Dataset/5k_HRW_Dataset_combined/images/val/1329024.png,3,2,"Behaviors: The students in the classroom are sitting at desks and appear to be engaged in a group activity. Some of them are looking up towards the front of the room, while others seem to be focused on their workbooks or notebooks.
Posture: The students are seated upright with their attention directed towards the front of the room, suggesting that they are actively participating in the class.
Rating: 2",,0
805,1330016.png,/home/ubuntu/SCB-05-Dataset/5k_HRW_Dataset_combined/images/val/1330016.png,3,2,"Behaviors: The students in the classroom are sitting at desks and appear to be engaged in a lesson being taught by a woman who is standing at the front of the room. She seems to be speaking or presenting something, as she holds two microphones.
Posture: The students are seated upright with their attention directed towards the teacher, suggesting that they are focused on the ongoing lesson.
Rating: 2",,0
806,1330037.png,/home/ubuntu/SCB-05-Dataset/5k_HRW_Dataset_combined/images/val/1330037.png,3,2,"Behaviors: The students in the classroom are sitting at desks and facing towards a teacher who is standing in front of them. They appear to be attentive as they are looking at the teacher and the screen displaying a presentation.
Posture: The students are seated upright, with their attention directed towards the front of the room where the teacher is speaking.
Rating: 2",,0
807,1330041.png,/home/ubuntu/SCB-05-Dataset/5k_HRW_Dataset_combined/images/val/1330041.png,2,2,"Behaviors: The students in the classroom are sitting at their desks, with some of them looking at books and others seemingly engaged in a lesson. There is no clear indication that they are using devices or raising hands.
Posture: The students appear to be sitting upright, with most of them facing forward towards the front of the room where the teacher is likely standing. Their attention seems to be directed towards the front of the classroom.
Rating: 2",,0
808,1330044.png,/home/ubuntu/SCB-05-Dataset/5k_HRW_Dataset_combined/images/val/1330044.png,3,2,"Behaviors: The students in the classroom are sitting at desks and facing a teacher who is standing at the front of the room. They appear to be attentive as they listen to the teacher's instructions or lecture.

Posture: The students are seated upright, with their attention directed towards the front of the room where the teacher is speaking. Their body language suggests that they are actively engaged in the class.

Rating: 2 (engaged)",,0
809,1330048.png,/home/ubuntu/SCB-05-Dataset/5k_HRW_Dataset_combined/images/val/1330048.png,3,2,"Behaviors: The students in the classroom are sitting at desks and appear to be engaged in an activity. Some of them are looking up towards the camera, while others seem to be focused on their work. There is no clear indication that they are using devices or raising hands.

Posture: The students are seated upright with their attention directed towards the front of the classroom, suggesting that they are actively participating in the activity or lesson being conducted.

Rating: Based on the behaviors and posture observed, I would rate the overall engagement level of the majority of students as a 2 for engaged. While some students seem to be focused on their work, it is not possible to determine if all students are equally engaged without more information about their individual actions.",,0
810,1331001.png,/home/ubuntu/SCB-05-Dataset/5k_HRW_Dataset_combined/images/val/1331001.png,3,2,"Behaviors: The students in the classroom are sitting at desks and facing towards the front of the room where a teacher is standing. They appear to be attentive as they are looking at the teacher and the presentation being shown.
Posture: The students are seated upright, with their attention directed towards the front of the room.
Rating: 2",,0
811,1331003.png,/home/ubuntu/SCB-05-Dataset/5k_HRW_Dataset_combined/images/val/1331003.png,3,2,"Behaviors: The students in the classroom are sitting at desks and facing towards the front of the room where a teacher is standing. They appear to be attentive as they are looking at the teacher who is likely presenting information on the whiteboard.

Posture: The students are seated upright, with their attention directed towards the front of the room. Their body language suggests that they are actively engaged in the class.

Rating: Based on the behaviors and posture observed, I would rate the overall engagement level of the majority of students as 2 for engaged. While all students seem to be paying attention, it is not possible to determine if their engagement is high or low without more context about their facial expressions and involvement in the class activities.",,0
812,1331018.png,/home/ubuntu/SCB-05-Dataset/5k_HRW_Dataset_combined/images/val/1331018.png,3,2,"Behaviors: The students in the classroom are sitting at desks and facing towards the front of the room where a teacher is standing. They appear to be attentive and engaged in the ongoing lesson.
Posture: The students are seated upright with their attention directed towards the front of the room, indicating that they are actively participating in the class.
Rating: 2",,0
813,1331022.png,/home/ubuntu/SCB-05-Dataset/5k_HRW_Dataset_combined/images/val/1331022.png,3,2,"Behaviors: The students in the classroom are sitting at desks and facing towards the front of the room where a teacher is standing. They appear to be attentive and engaged in the ongoing lesson.
Posture: The students are seated upright with their attention directed forward, indicating that they are actively participating in the class.
Rating: 2",,0
814,1331034.png,/home/ubuntu/SCB-05-Dataset/5k_HRW_Dataset_combined/images/val/1331034.png,2,2,"Behaviors: The students in the classroom are sitting at desks and appear to be engaged in some form of learning activity. They seem to be focused on their work, with some students looking down at their papers while others may be interacting with each other or the teacher.

Posture: The students are seated upright in their chairs, suggesting that they are attentive and actively participating in the class. Their gaze is directed towards their desks or the front of the classroom where the teacher might be leading the lesson.

Rating: Based on the behaviors and posture observed in the image, I would rate the overall engagement level of the majority of students as a 2 for engaged. The students seem to be actively participating in the class, but it is not possible to determine their level of focus or comprehension from this single snapshot.",,0
815,1331044.png,/home/ubuntu/SCB-05-Dataset/5k_HRW_Dataset_combined/images/val/1331044.png,3,2,"Behaviors: The students in the classroom are seated at desks and appear to be engaged in a lecture or presentation. They are looking towards the front of the room where a teacher is standing, suggesting that they are paying attention to the ongoing activity.

Posture: The students are sitting upright with their bodies facing forward, indicating that they are actively participating in the class. Their visual attention seems to be directed towards the front of the room, which further supports their engagement in the lecture or presentation.

Rating: 2",,0
816,1332001.png,/home/ubuntu/SCB-05-Dataset/5k_HRW_Dataset_combined/images/val/1332001.png,2,2,"Behaviors: The students in the classroom are sitting at desks and appear to be engaged in a group activity, possibly related to a presentation or lecture. Some of them are looking towards the front of the room where an adult is standing, suggesting that they are paying attention to the speaker.

Posture: The students are seated upright with their attention directed forward, indicating that they are focused on the ongoing activity or presentation.

Rating: 2",,0
817,1332007.png,/home/ubuntu/SCB-05-Dataset/5k_HRW_Dataset_combined/images/val/1332007.png,3,2,"Behaviors: The students in the classroom are sitting at desks facing a teacher who is standing and gesturing towards a whiteboard. They appear to be attentive as they watch the teacher's presentation.
Posture: Most of the students have their bodies oriented towards the front of the room, with their attention focused on the teacher and the content being presented. Their postures suggest that they are actively engaged in the learning process.
Rating: 2 (engaged)",,0
818,1332009.png,/home/ubuntu/SCB-05-Dataset/5k_HRW_Dataset_combined/images/val/1332009.png,3,2,"Behaviors: The students in the classroom are sitting at desks and appear to be engaged in a lesson. Some of them are looking towards the front of the room where the teacher is standing, while others seem to be focused on their own work or materials.
Posture: The students are seated upright with their attention directed towards the front of the room, indicating that they are actively participating in the class.
Rating: 2",,0
819,1332015.png,/home/ubuntu/SCB-05-Dataset/5k_HRW_Dataset_combined/images/val/1332015.png,3,2,"Behaviors: The students in the classroom are sitting at desks and facing a teacher who is standing in front of them. They appear to be attentive as they watch the teacher's presentation on the screen.
Posture: The students are seated upright with their attention directed towards the front of the room, where the teacher is presenting.
Rating: 2",,0
820,1332016.png,/home/ubuntu/SCB-05-Dataset/5k_HRW_Dataset_combined/images/val/1332016.png,3,2,"Behaviors: The students in the classroom are sitting at desks with computers and monitors in front of them. They appear to be engaged in a learning activity, as some students are looking at the teacher who is standing at the front of the room, while others seem to be focused on their screens.

Posture: The students are seated upright in their chairs, suggesting that they are attentive and actively participating in the class.

Rating: Based on the behaviors and posture observed, I would rate the overall engagement level of the majority of students as 2 for engaged. While some students seem to be paying attention to the teacher or their screens, it is not possible to determine if they are fully engaged or just partially engaged in the learning activity.",,0
821,1332029.png,/home/ubuntu/SCB-05-Dataset/5k_HRW_Dataset_combined/images/val/1332029.png,3,2,"Behaviors: The students in the classroom are sitting at desks facing a teacher who is standing at the front of the room. They appear to be attentive and engaged in the ongoing lesson.
Posture: The students are seated upright with their attention directed towards the front of the room, where the teacher is speaking or presenting.
Rating: 2",,0
822,1332030.png,/home/ubuntu/SCB-05-Dataset/5k_HRW_Dataset_combined/images/val/1332030.png,3,2,"Behaviors: The students in the classroom are sitting at desks facing a teacher who is standing at the front of the room. They appear to be attentive and engaged in the ongoing lesson.
Posture: Most of the students are sitting upright with their attention directed towards the teacher, indicating that they are actively participating in the class.
Rating: 2 (engaged)",,0
823,1332034.png,/home/ubuntu/SCB-05-Dataset/5k_HRW_Dataset_combined/images/val/1332034.png,3,2,"Behaviors: The students in the classroom are sitting at desks and appear to be engaged in an activity. Some of them are looking down at their desks, while others seem to be paying attention to a teacher or presentation.
Posture: The students are seated upright with their attention directed towards the front of the room, suggesting that they are focused on the ongoing lesson or activity.
Rating: 2",,0
824,1332036.png,/home/ubuntu/SCB-05-Dataset/5k_HRW_Dataset_combined/images/val/1332036.png,3,2,"Behaviors: The students in the classroom are sitting at desks and appear to be engaged in a learning activity. They seem to be focused on their work, with some students looking down at their papers while others are looking up towards the front of the room.

Posture: The students are seated upright in their chairs, suggesting that they are attentive and actively participating in the class.

Rating: Based on the behaviors and posture observed, I would rate the overall engagement level of the majority of students as 2 for engaged. While some students may be more focused than others, it is clear that they are all actively involved in the classroom activity.",,0
825,1332049.png,/home/ubuntu/SCB-05-Dataset/5k_HRW_Dataset_combined/images/val/1332049.png,3,2,"Behaviors: The students in the classroom are sitting at desks and facing towards the front of the room where a teacher is standing. They appear to be attentive as they listen to the teacher's instructions or lecture.

Posture: The students are seated upright, with their attention directed forward towards the teacher. Their body language suggests that they are actively engaged in the class activity.

Rating: 2 (engaged) - The students seem to be attentive and focused on the ongoing lesson, indicating a moderate level of engagement.",,0
826,1332040.png,/home/ubuntu/SCB-05-Dataset/5k_HRW_Dataset_combined/images/val/1332040.png,3,2,"Behaviors: The students in the classroom are sitting at desks and facing a teacher who is standing at the front of the room. One student appears to be actively engaged in an activity, possibly related to the presentation on the screen, while the others seem to be attentively listening or observing the teacher's actions.
Posture: The students are seated with their bodies oriented towards the front of the classroom, suggesting that they are focused on the ongoing lesson or presentation.
Rating: 2",,0
827,1333035.png,/home/ubuntu/SCB-05-Dataset/5k_HRW_Dataset_combined/images/val/1333035.png,3,2,"Behaviors: The students in the classroom are actively participating in a group activity, with some students holding papers and others looking at the teacher. They appear to be engaged in a discussion or presentation.
Posture: The students are sitting upright in their chairs, facing towards the front of the room where the teacher is standing. Their attention seems focused on the ongoing activity.
Rating: 2",,0
828,1333038.png,/home/ubuntu/SCB-05-Dataset/5k_HRW_Dataset_combined/images/val/1333038.png,3,2,"Behaviors: The students in the classroom are actively participating in a group activity, with some children standing and others sitting at desks. They appear to be engaged in a discussion or presentation, as indicated by their focused attention on the speaker or the content being presented.

Posture: The majority of the students are seated upright, facing towards the front of the classroom where the teacher is standing. Their body language suggests that they are attentive and actively involved in the ongoing activity.

Rating: 2",,0
829,1333045.png,/home/ubuntu/SCB-05-Dataset/5k_HRW_Dataset_combined/images/val/1333045.png,3,2,"Behaviors: The students in the classroom are actively participating in a group activity, with some of them raising their hands and others looking at the teacher. They seem to be engaged in a discussion or presentation.
Posture: The students are sitting upright in their chairs, facing towards the front of the room where the teacher is standing. Their attention appears to be directed towards the ongoing activity.
Rating: 2",,0
830,1333048.png,/home/ubuntu/SCB-05-Dataset/5k_HRW_Dataset_combined/images/val/1333048.png,3,2,"Behaviors: The students in the classroom are actively participating in a group activity, with their hands raised and pointing towards the front of the room. They appear to be engaged in a discussion or presentation.
Posture: The students are sitting upright at their desks, facing forward towards the teacher or presenter. Their body language suggests that they are attentive and focused on the ongoing activity.
Rating: 2 (engaged)",,0
831,1333050.png,/home/ubuntu/SCB-05-Dataset/5k_HRW_Dataset_combined/images/val/1333050.png,3,2,"Behaviors: The students in the classroom are sitting at desks and appear to be engaged in an activity, possibly listening to a presentation or participating in a group discussion.

Posture: The students are seated upright with their attention directed towards the front of the room where the teacher is standing.

Rating: 2",,0
832,1335003.png,/home/ubuntu/SCB-05-Dataset/5k_HRW_Dataset_combined/images/val/1335003.png,2,2,"Behaviors: The students in the classroom are actively engaged in reading books. They are sitting at desks and focusing on their reading materials.

Posture: The students are seated upright with their attention directed towards the books they are reading.

Rating: Based on the behaviors and posture observed, I would rate the overall engagement level of the majority of students as 2 for engaged. While all students appear to be participating in the activity, there is no clear indication that they are highly engaged or demonstrating a high level of focus and interaction with their environment.",,0
833,1335004.png,/home/ubuntu/SCB-05-Dataset/5k_HRW_Dataset_combined/images/val/1335004.png,3,2,"Behaviors: The students in the classroom are actively participating in an activity with a teacher. They appear to be engaged and focused on their task.

Posture: The students are sitting upright at their desks, facing towards the front of the room where the teacher is standing. Their attention seems to be directed towards the teacher or the activity being conducted.

Rating: 2",,0
834,1335010.png,/home/ubuntu/SCB-05-Dataset/5k_HRW_Dataset_combined/images/val/1335010.png,3,2,"Behaviors: The students in the classroom are sitting at desks and appear to be engaged in an activity. Some of them are looking down at their desks, while others seem to be paying attention to something happening in front of them.

Posture: The students are seated upright with their attention directed towards the front of the room or their desks. There is no clear indication that any student is resting their head on their hand or using a device.

Rating: 2",,0
835,1335017.png,/home/ubuntu/SCB-05-Dataset/5k_HRW_Dataset_combined/images/val/1335017.png,3,2,"Behaviors: The students in the classroom are sitting at desks with their attention directed towards the front of the room where a teacher is likely to be giving instructions. Some students appear to be looking down at their desks, possibly taking notes or working on assignments.

Posture: The students are seated upright in their chairs, suggesting that they are attentive and focused on the ongoing lesson or activity.

Rating: Based on the behaviors and posture observed in the image, I would rate the overall engagement level of the majority of students as 2 for engaged. While some students may be more actively participating than others, their body language indicates that they are attentive to the class and not exhibiting signs of disengagement or distraction.",,0
836,1340003.png,/home/ubuntu/SCB-05-Dataset/5k_HRW_Dataset_combined/images/val/1340003.png,3,2,"Behaviors: The students in the classroom are sitting at desks and facing a teacher who is standing in front of them. They appear to be attentive as they listen to the teacher's instructions or lecture.
Posture: The students are seated upright with their attention directed towards the front of the room, where the teacher is speaking.
Rating: 2",,0
837,1335020.png,/home/ubuntu/SCB-05-Dataset/5k_HRW_Dataset_combined/images/val/1335020.png,3,2,"Behaviors: The students in the classroom are sitting at desks and appear to be engaged in an activity. Some of them are looking up towards the front of the room, while others seem to be focused on their own tasks.
Posture: The students are seated upright with their attention directed towards the front of the room or their individual tasks.
Rating: 2",,0
838,1340005.png,/home/ubuntu/SCB-05-Dataset/5k_HRW_Dataset_combined/images/val/1340005.png,3,2,"Behaviors: The students in the classroom are sitting at desks and appear to be engaged in an activity. They seem to be focused on their work, with some looking down at their desks while others may be interacting with each other or the teacher.
Posture: The students are seated upright in their chairs, suggesting that they are attentive and actively participating in the class.
Rating: 2",,0
839,1340007.png,/home/ubuntu/SCB-05-Dataset/5k_HRW_Dataset_combined/images/val/1340007.png,3,2,"Behaviors: The students in the classroom are sitting at desks and facing a front screen where a presentation is being shown. They appear to be attentive and focused on the content displayed.
Posture: Most of the students are sitting upright with their attention directed towards the front screen, indicating that they are engaged in the ongoing presentation or lecture.
Rating: 2",,0
840,1340010.png,/home/ubuntu/SCB-05-Dataset/5k_HRW_Dataset_combined/images/val/1340010.png,3,2,"Behaviors: The students in the classroom are sitting at desks and facing a teacher who is standing at the front of the room. They appear to be attentive and engaged in the ongoing lesson.
Posture: The students are seated upright with their attention directed towards the teacher, indicating that they are actively participating in the class.
Rating: 2",,0
841,1340012.png,/home/ubuntu/SCB-05-Dataset/5k_HRW_Dataset_combined/images/val/1340012.png,2,2,"Behaviors: The students in the classroom are sitting at desks and appear to be engaged in various activities. Some of them are writing, while others seem to be reading or working on their laptops. A few students have their heads resting on their hands, which could indicate a lack of focus or fatigue.

Posture: The majority of the students are sitting upright at their desks, with most of them looking down towards their work. Their body posture suggests that they are focused on their tasks.

Rating: Based on the behaviors and posture observed in the image, I would rate the overall engagement level of the majority of students as 2 for engaged. While some students seem to be actively participating in their activities, others appear to be less engaged or even fatigued. This could indicate a need for breaks or changes in teaching methods to maintain student interest and focus.",,0
842,1340013.png,/home/ubuntu/SCB-05-Dataset/5k_HRW_Dataset_combined/images/val/1340013.png,3,2,"Behaviors: The students in the classroom are sitting at desks and facing towards a teacher who is standing at the front of the room. They appear to be attentive as they listen to the teacher's instructions or lecture.
Posture: The students are seated upright, with their attention directed towards the front of the room where the teacher is speaking.
Rating: 2",,0
843,1340018.png,/home/ubuntu/SCB-05-Dataset/5k_HRW_Dataset_combined/images/val/1340018.png,2,2,"Behaviors: The students in the classroom are sitting at desks and appear to be engaged in various activities. Some of them are writing, while others seem to be looking at their surroundings or possibly interacting with each other.
Posture: The students are seated upright at their desks, suggesting that they are focused on their tasks or the teacher's instructions.
Rating: Based on the behaviors and posture observed in the image, I would rate the overall engagement level of the majority of students as 2 for engaged. While some students seem to be actively participating in the class activities, others may not be fully engaged but are at least present and attentive.",,0
844,1340019.png,/home/ubuntu/SCB-05-Dataset/5k_HRW_Dataset_combined/images/val/1340019.png,3,2,"Behaviors: The students in the classroom are sitting at desks and appear to be engaged in a lesson. They seem to be listening attentively to the teacher who is standing in front of them.
Posture: Most of the students have their heads down on their desks, suggesting that they might be working on an assignment or taking notes.
Rating: 2",,0
845,1358005.png,/home/ubuntu/SCB-05-Dataset/5k_HRW_Dataset_combined/images/val/1358005.png,3,2,"Behaviors: The students in the classroom are sitting at desks with books and notebooks, suggesting that they are engaged in learning activities. One student is raising their hand, indicating an active participation in class.
Posture: The students appear to be sitting upright with focused attention on the teacher or the task at hand.
Rating: 2",,0
846,1358006.png,/home/ubuntu/SCB-05-Dataset/5k_HRW_Dataset_combined/images/val/1358006.png,2,2,"Behaviors: The students in the classroom are sitting at desks with their attention directed towards the front of the room where a teacher is likely to be giving instructions. Some students appear to be looking down at their desks, while others seem to be paying attention to the teacher or the task at hand.

Posture: The students are seated upright in their chairs, suggesting that they are attentive and focused on the ongoing activity.

Rating: 2",,0
847,1358011.png,/home/ubuntu/SCB-05-Dataset/5k_HRW_Dataset_combined/images/val/1358011.png,2,2,"Behaviors: The students in the classroom are sitting at desks and appear to be engaged in an activity that involves writing or reading. Some of them have their heads down on the desks, which could indicate a lack of engagement or focus.

Posture: The majority of the students are seated upright with their attention directed towards the front of the room, suggesting they are focused on the ongoing class or lecture.

Rating: 2",,0
848,1358019.png,/home/ubuntu/SCB-05-Dataset/5k_HRW_Dataset_combined/images/val/1358019.png,3,2,"Behaviors: The students in the classroom are sitting at desks and facing towards a teacher who is standing at the front of the room. They appear to be attentive and engaged in the ongoing lesson.
Posture: The students are seated upright with their attention directed towards the front of the room, indicating that they are actively participating in the class.
Rating: 2",,0
849,1358020.png,/home/ubuntu/SCB-05-Dataset/5k_HRW_Dataset_combined/images/val/1358020.png,3,2,"Behaviors: The students in the classroom are actively participating in a lesson, with their hands raised and pointing towards the front of the room. They appear to be engaged in the activity being led by the teacher.
Posture: The students are sitting upright at their desks, facing forward towards the front of the room where the teacher is standing. Their attention seems focused on the ongoing lesson or activity.
Rating: 2",,0
850,1363012.png,/home/ubuntu/SCB-05-Dataset/5k_HRW_Dataset_combined/images/val/1363012.png,2,2,"Behaviors: The students in the classroom are sitting at desks and reading books. Some of them appear to be engaged in their reading, while others may be slightly distracted or daydreaming.
Posture: Most of the students are sitting upright with their attention focused on their books. A few students might have their heads resting on their hands or arms, indicating a momentary lapse in focus.
Rating: 2",,0
851,1363017.png,/home/ubuntu/SCB-05-Dataset/5k_HRW_Dataset_combined/images/val/1363017.png,3,2,"Behaviors: The students in the classroom are sitting at desks and appear to be engaged in an activity that involves writing or drawing. They seem focused on their tasks.

Posture: The students are seated upright with their attention directed towards their work.

Rating: 2",,0
852,1363018.png,/home/ubuntu/SCB-05-Dataset/5k_HRW_Dataset_combined/images/val/1363018.png,3,2,"Behaviors: The students in the classroom are sitting at desks facing a teacher who is standing at the front of the room. They appear to be attentive and engaged in the ongoing lecture or presentation.
Posture: The students are seated upright with their attention directed towards the front of the room, where the teacher is speaking.
Rating: 2",,0
853,1363025.png,/home/ubuntu/SCB-05-Dataset/5k_HRW_Dataset_combined/images/val/1363025.png,3,2,"Behaviors: The students in the classroom are actively participating in a group activity, with their hands raised and pointing towards the front of the room. They appear to be engaged in a discussion or presentation.
Posture: The students are sitting upright at desks, facing forward towards the front of the room where the teacher is standing. Their attention seems focused on the ongoing activity.
Rating: 2",,0
854,1363032.png,/home/ubuntu/SCB-05-Dataset/5k_HRW_Dataset_combined/images/val/1363032.png,3,2,"Behaviors: The students in the classroom are sitting at desks and appear to be engaged in a group activity. Some of them are raising their hands, indicating that they are actively participating in the class.
Posture: The students are seated upright with their attention directed towards the front of the room, suggesting that they are focused on the ongoing lesson or discussion.
Rating: 2",,0
855,1363041.png,/home/ubuntu/SCB-05-Dataset/5k_HRW_Dataset_combined/images/val/1363041.png,3,2,"Behaviors: The students in the classroom are sitting and appear to be paying attention to a person standing at the front of the room. They seem to be engaged in listening to the speaker.
Posture: The students are seated with their bodies facing forward, indicating that they are focused on the activity or speaker at the front of the room.
Rating: 2",,0
856,1363034.png,/home/ubuntu/SCB-05-Dataset/5k_HRW_Dataset_combined/images/val/1363034.png,3,2,"Behaviors: The students in the classroom are actively participating in a lesson, with their hands raised up to answer questions.
Posture: The students are sitting upright and facing towards the front of the room, indicating that they are focused on the ongoing lesson.
Rating: 2",,0
857,1367001.png,/home/ubuntu/SCB-05-Dataset/5k_HRW_Dataset_combined/images/val/1367001.png,2,2,"Behaviors: The students in the classroom are sitting at desks and facing towards the front of the room where a teacher is standing. They appear to be attentive and engaged in the ongoing lesson.
Posture: The students are seated upright with their attention directed forward, indicating that they are actively participating in the class.
Rating: 2",,0
858,1367003.png,/home/ubuntu/SCB-05-Dataset/5k_HRW_Dataset_combined/images/val/1367003.png,3,2,"Behaviors: The students in the classroom are sitting at desks and facing towards the front of the room where a teacher is standing. They appear to be attentive as they listen to the teacher's presentation.
Posture: The students are seated upright with their attention directed forward, indicating that they are actively engaged in the class.
Rating: 2 (engaged)",,0
859,1367006.png,/home/ubuntu/SCB-05-Dataset/5k_HRW_Dataset_combined/images/val/1367006.png,2,2,"Behaviors: The students in the classroom are predominantly focused on their work, with most of them writing or reading. Some students appear to be engaged in conversation or group activities, while a few individuals seem to be resting their heads or looking away from their tasks.

Posture: The majority of the students are sitting upright at their desks, indicating that they are actively participating in the class. Their visual attention is directed towards their work, suggesting that they are engaged in learning.

Rating: Based on the behaviors and posture observed in the image, I would rate the overall engagement level of the majority of students as 2 for engaged. While most students seem to be focused on their tasks, there are a few individuals who appear less engaged or distracted. However, considering that this is a classroom setting with multiple activities happening simultaneously, it's reasonable to assume that the students are generally engaged in learning.",,0
860,1379041.png,/home/ubuntu/SCB-05-Dataset/5k_HRW_Dataset_combined/images/val/1379041.png,2,2,"Behaviors: The students in the classroom are sitting at desks and appear to be engaged in writing or reading. Some of them may also be looking out of the window or interacting with their surroundings.
Posture: The students are seated upright at their desks, suggesting that they are focused on their tasks.
Rating: 2",,0
861,1379035.png,/home/ubuntu/SCB-05-Dataset/5k_HRW_Dataset_combined/images/val/1379035.png,2,2,"Behaviors: The students in the classroom are sitting at desks and appear to be engaged in writing or taking notes. Some of them may also be looking at their phones or other devices.
Posture: Most of the students are sitting upright with their attention directed towards their work, suggesting a level of focus on the task at hand.
Rating: 2 (engaged)",,0
862,1395005.png,/home/ubuntu/SCB-05-Dataset/5k_HRW_Dataset_combined/images/val/1395005.png,2,2,"Behaviors: The students in the classroom are sitting at desks and appear to be engaged in some form of activity. They seem to be focused on their tasks, with some students looking down at their work while others may be interacting with each other or the teacher.

Posture: The students are seated upright in their chairs, suggesting that they are attentive and actively participating in the classroom environment.

Rating: Based on the behaviors and posture observed in the image, I would rate the overall engagement level of the majority of students as a 2 for engaged. While some students may be more focused than others, it is evident that they are actively involved in their tasks or discussions within the classroom setting.",,0
863,1395008.png,/home/ubuntu/SCB-05-Dataset/5k_HRW_Dataset_combined/images/val/1395008.png,2,2,"Behaviors: The students in the classroom are actively engaged in various activities. Some of them are sitting at desks and working on tasks, while others are standing around a table with papers and materials, possibly collaborating on a project.

Posture: The students appear to be focused on their work, with most of them sitting upright or leaning slightly forward over their desks or tables. Their visual attention seems directed towards the task at hand rather than away from it.

Rating: Based on the behaviors and posture observed in the image, I would rate the overall engagement level of the majority of students as 2 for engaged. While there is a variety of activities taking place, most students seem to be actively participating in their tasks or discussions. However, without more context or information about the specific nature of the tasks they are performing, it's difficult to determine if their engagement levels are consistently high throughout the class period.",,0
864,1399008.png,/home/ubuntu/SCB-05-Dataset/5k_HRW_Dataset_combined/images/val/1399008.png,2,2,"Behaviors: The students in the classroom are sitting at desks and appear to be engaged in writing or reading. Some of them have their heads down on the desks, which could indicate a lack of focus or fatigue.
Posture: The students' postures vary; some are sitting upright while others have their heads down on the desks. This suggests that there is a mix of engagement levels among the class.
Rating: 2",,0
865,1395010.png,/home/ubuntu/SCB-05-Dataset/5k_HRW_Dataset_combined/images/val/1395010.png,2,2,"Behaviors: The students in the classroom are sitting at desks and appear to be engaged in writing or drawing on paper. Some of them are looking down at their work, while others seem to be paying attention to a teacher or an activity being led by someone out of frame.

Posture: The students are seated upright with their focus directed towards the front of the classroom, where the activity is taking place. Their body language suggests that they are actively participating in the class.

Rating: 2",,0
866,1399009.png,/home/ubuntu/SCB-05-Dataset/5k_HRW_Dataset_combined/images/val/1399009.png,2,2,"Behaviors: The students in this classroom are sitting at desks and appear to be engaged in an activity that involves writing or drawing. They seem focused on their tasks.

Posture: The students are seated upright with their attention directed towards the task at hand.

Rating: 2",,0
867,1399010.png,/home/ubuntu/SCB-05-Dataset/5k_HRW_Dataset_combined/images/val/1399010.png,2,2,"Behaviors: The students in the classroom are sitting at desks and appear to be engaged in an activity that involves writing or drawing on papers. They seem focused on their work.
Posture: The students are seated upright with their attention directed towards their tasks.
Rating: 2",,0
868,1399026.png,/home/ubuntu/SCB-05-Dataset/5k_HRW_Dataset_combined/images/val/1399026.png,2,2,"Behaviors: The students in the classroom are sitting at desks and appear to be engaged in an activity that involves writing or drawing. Some of them are looking down at their work, while others seem to be interacting with each other or observing something outside the frame of the image.

Posture: The students are seated upright in their chairs, suggesting a level of attentiveness and engagement in their task. Their gaze is directed towards their desks or the activity they are engaged in.

Rating: Based on the behaviors and posture observed in the image, I would rate the overall engagement level of the majority of students as 2 for engaged. The students seem to be actively participating in the classroom activity, but it's not possible to determine their level of focus or comprehension from this single snapshot.",,0
869,1399027.png,/home/ubuntu/SCB-05-Dataset/5k_HRW_Dataset_combined/images/val/1399027.png,2,2,"Behaviors: The students in the classroom are sitting at desks and appear to be engaged in various activities. Some of them are writing on papers, while others seem to be focused on their work. There is no clear indication that any student is resting their head or using a device.

Posture: The students are seated upright with their attention directed towards the front of the classroom, suggesting they are actively participating in the class.

Rating: Based on the behaviors and posture observed, I would rate the overall engagement level of the majority of students as 2 for engaged. While some students seem to be focused on their work, it is not possible to determine if all students are equally engaged without more information or a clearer view of each student's activity.",,0
870,1424001.png,/home/ubuntu/SCB-05-Dataset/5k_HRW_Dataset_combined/images/val/1424001.png,2,2,"Behaviors: The students in the classroom are sitting at desks and appear to be engaged in an activity that involves writing or taking notes. They seem focused on their tasks.
Posture: The students are seated upright with their attention directed towards their work.
Rating: Based on the behaviors and posture observed, I would rate the overall engagement level of the majority of students as 2 for engaged.",,0
871,1424002.png,/home/ubuntu/SCB-05-Dataset/5k_HRW_Dataset_combined/images/val/1424002.png,2,2,"Behaviors: The students in the classroom are sitting at desks and appear to be engaged in an activity that involves writing or taking notes. Some of them have their heads down on the desks, suggesting they might be resting or concentrating on their work.
Posture: The students' postures vary; some are sitting upright while others have their heads down on the desks. Their visual attention seems to be directed towards the front of the classroom where a teacher is likely leading the class.
Rating: 2",,0
872,1424036.png,/home/ubuntu/SCB-05-Dataset/5k_HRW_Dataset_combined/images/val/1424036.png,2,2,"Behaviors: The students in the classroom are sitting at desks and appear to be engaged in an activity that involves writing or reading. They seem focused on their tasks.

Posture: The students are seated upright with their attention directed towards their work.

Rating: 2",,0
873,1427005.png,/home/ubuntu/SCB-05-Dataset/5k_HRW_Dataset_combined/images/val/1427005.png,2,2,"Behaviors: The students in the classroom are sitting at desks with notebooks and pens, suggesting that they are engaged in writing or taking notes. Some children appear to be looking down at their work, while others may be looking around the room or interacting with each other.

Posture: The students' postures vary; some are sitting upright, while others lean forward or slump over their desks. Their visual attention seems to be directed towards their notebooks and pens, indicating that they are focused on their tasks.

Rating: Based on the behaviors and posture observed in the image, it appears that the students are engaged in their learning activities. However, without more context or a clearer view of each student's engagement level, it is difficult to provide an exact rating. The students seem to be actively participating in the classroom environment, which could suggest a moderate to high level of engagement.",,0
874,1429002.png,/home/ubuntu/SCB-05-Dataset/5k_HRW_Dataset_combined/images/val/1429002.png,2,2,"Behaviors: The students in the classroom are sitting at desks and appear to be engaged in reading or writing. They seem focused on their tasks.

Posture: The students are seated upright with their attention directed towards their books or papers. Their body language suggests that they are actively participating in the learning activity.

Rating: 2",,0
875,1429021.png,/home/ubuntu/SCB-05-Dataset/5k_HRW_Dataset_combined/images/val/1429021.png,2,2,"Behaviors: The students in the classroom are sitting at desks and appear to be engaged in an activity that involves writing or drawing on paper. They seem focused on their tasks.
Posture: Most of the students are sitting upright with their attention directed towards their work.
Rating: 2",,0
876,1429022.png,/home/ubuntu/SCB-05-Dataset/5k_HRW_Dataset_combined/images/val/1429022.png,2,2,"Behaviors: The students in the classroom are sitting at desks and appear to be engaged in an activity, possibly related to a lesson being taught by the woman standing in front of them. They seem to be focused on their work, with some looking up towards the teacher or the front of the room.

Posture: The students are seated upright, facing forward, which suggests that they are attentive and actively participating in the class.

Rating: Based on the behaviors and posture observed, I would rate the overall engagement level of the majority of students as 2 for engaged. While some students may be more focused than others, the general atmosphere of the classroom indicates that they are actively involved in the lesson being taught.",,0
877,1429024.png,/home/ubuntu/SCB-05-Dataset/5k_HRW_Dataset_combined/images/val/1429024.png,2,2,"Behaviors: The students in the classroom are sitting at desks and appear to be engaged in writing or reading. Some of them are looking down at their work, while others seem to be paying attention to a teacher or an activity being led by someone out of frame.

Posture: The students are seated upright with their focus directed towards their tasks or the front of the classroom.

Rating: 2",,0
878,1429026.png,/home/ubuntu/SCB-05-Dataset/5k_HRW_Dataset_combined/images/val/1429026.png,2,2,"Behaviors: The students in the classroom are sitting at desks and appear to be engaged in writing or reading. Some of them have their heads resting on their hands, which might indicate a lack of focus or fatigue.
Posture: The students' posture is mostly upright with some leaning forward slightly, suggesting that they are actively participating in the class activity. Their visual attention seems to be directed towards their desks and the task at hand.
Rating: 2",,0
879,1429029.png,/home/ubuntu/SCB-05-Dataset/5k_HRW_Dataset_combined/images/val/1429029.png,2,2,"Behaviors: The students in the classroom are sitting at desks and appear to be engaged in writing or reading. They seem focused on their tasks.

Posture: The students are seated upright with their attention directed towards their work.

Rating: Based on the behaviors and posture observed, I would rate the overall engagement level of the majority of students as 2 for engaged.",,0
880,1429033.png,/home/ubuntu/SCB-05-Dataset/5k_HRW_Dataset_combined/images/val/1429033.png,2,2,"Behaviors: The students in the classroom are sitting at desks and appear to be engaged in an activity that involves writing or drawing. They seem focused on their tasks.

Posture: The students are seated upright with their attention directed towards their work.

Rating: 2",,0
881,1429035.png,/home/ubuntu/SCB-05-Dataset/5k_HRW_Dataset_combined/images/val/1429035.png,2,2,"Behaviors: The students in the classroom are sitting at desks and appear to be engaged in writing or reading. Some of them have their heads resting on their hands, suggesting a level of fatigue or boredom.
Posture: The students' postures vary; some are sitting upright while others are leaning forward or resting their heads on their hands. Their visual attention seems to be directed towards the front of the classroom where the teacher is likely providing instruction.
Rating: 2",,0
882,1431001.png,/home/ubuntu/SCB-05-Dataset/5k_HRW_Dataset_combined/images/val/1431001.png,2,2,"Behaviors: The students in the classroom are actively engaged in an activity that involves writing on papers. They appear to be focused on their task and are likely participating in a group study session or a class exercise.
Posture: The students are sitting upright at desks, with most of them looking down at their papers, indicating concentration on their work.
Rating: 2",,0
883,1431004.png,/home/ubuntu/SCB-05-Dataset/5k_HRW_Dataset_combined/images/val/1431004.png,2,2,"Behaviors: The students in the classroom are sitting at desks and appear to be engaged in writing or reading. They seem focused on their tasks.

Posture: The students are seated upright with their attention directed towards their work.

Rating: Based on the behaviors and posture observed, I would rate the overall engagement level of the majority of students as 2 for engaged.",,0
884,1431010.png,/home/ubuntu/SCB-05-Dataset/5k_HRW_Dataset_combined/images/val/1431010.png,2,2,"Behaviors: The students in this classroom are predominantly engaged in reading books. They are sitting at desks and focusing on the content of their books.

Posture: The students appear to be sitting upright with their attention directed towards their books, indicating a level of focus and engagement.

Rating: Based on the behaviors and posture observed, I would rate the overall engagement level of the majority of students as 2 for engaged. While they are actively reading, there is no clear indication that they are writing or using devices, which could suggest a higher level of engagement. However, their focused attention on the books indicates that they are at least moderately engaged in learning.",,0
885,1431013.png,/home/ubuntu/SCB-05-Dataset/5k_HRW_Dataset_combined/images/val/1431013.png,2,2,"Behaviors: The students in the classroom are sitting at desks and appear to be engaged in an activity that involves writing or reading. They seem focused on their work.

Posture: The students are seated upright with their attention directed towards the front of the room where a presentation is being shown, suggesting they are actively participating in the class.

Rating: Based on the behaviors and posture observed, I would rate the overall engagement level of the majority of students as 2 for engaged. While they seem to be focused on their work, it's not possible to determine if they are highly engaged without more context about the nature of the activity or the level of interaction with the teacher or each other.",,0
886,1431015.png,/home/ubuntu/SCB-05-Dataset/5k_HRW_Dataset_combined/images/val/1431015.png,2,2,"Behaviors: The students in the classroom are sitting at desks and appear to be engaged in an activity that involves writing or drawing. They seem focused on their work.

Posture: The students are seated upright with their attention directed towards their tasks.

Rating: 2",,0
887,1433002.png,/home/ubuntu/SCB-05-Dataset/5k_HRW_Dataset_combined/images/val/1433002.png,2,2,"Behaviors: The students in the classroom are sitting at desks and appear to be engaged in writing or drawing on paper. They seem focused on their tasks.

Posture: The students are seated upright with their attention directed towards their work.

Rating: Based on the behaviors and posture observed, I would rate the overall engagement level of the majority of students as 2 for engaged.",,0
888,1433005.png,/home/ubuntu/SCB-05-Dataset/5k_HRW_Dataset_combined/images/val/1433005.png,2,2,"Behaviors: The students in the classroom are sitting at desks and appear to be engaged in writing or reading. Some of them are looking down at their papers, while others seem to be focused on the task at hand.
Posture: The students are seated upright with their attention directed towards their work.
Rating: 2",,0
889,1433010.png,/home/ubuntu/SCB-05-Dataset/5k_HRW_Dataset_combined/images/val/1433010.png,2,2,"Behaviors: The students in the classroom are sitting at desks and appear to be engaged in an activity that involves writing or taking notes. Some of them are looking down at their papers, while others seem to be paying attention to a speaker or presentation.

Posture: The students are seated upright with their attention directed towards the front of the room, suggesting they are focused on the ongoing activity or discussion.

Rating: 2",,0
890,1433011.png,/home/ubuntu/SCB-05-Dataset/5k_HRW_Dataset_combined/images/val/1433011.png,2,2,"Behaviors: The students in the classroom are sitting at desks and appear to be engaged in writing or taking notes. They seem focused on their tasks.

Posture: The students are seated upright with their attention directed towards their work.

Rating: Based on the behaviors and posture observed, I would rate the overall engagement level of the majority of students as 2 for engaged. While they are actively participating in writing or taking notes, it is not possible to determine if their focus is solely on the task at hand or if they may be distracted by other factors.",,0
891,1433016.png,/home/ubuntu/SCB-05-Dataset/5k_HRW_Dataset_combined/images/val/1433016.png,2,2,"Behaviors: The students in the classroom are sitting at desks and appear to be engaged in an activity that involves writing or drawing. They seem focused on their tasks.

Posture: The students are seated upright with their attention directed towards their work.

Rating: 2",,0
892,2110008.png,/home/ubuntu/SCB-05-Dataset/5k_HRW_Dataset_combined/images/val/2110008.png,3,1,"Behaviors: The students in the classroom are sitting at desks with their hands on their heads, suggesting a moment of pause or contemplation.
Posture: Most of the students have their heads resting on their hands, indicating a relaxed posture and possibly a break from active learning.
Rating: 1",,0
893,2110014.png,/home/ubuntu/SCB-05-Dataset/5k_HRW_Dataset_combined/images/val/2110014.png,2,2,"Behaviors: The students in the classroom are sitting at desks and facing towards the front of the room where a teacher is standing. They appear to be engaged in an activity, possibly taking notes or following along with the lesson being taught by the teacher.

Posture: The students are seated upright, with their attention directed towards the front of the room. Their body language suggests that they are actively participating in the class.

Rating: 2",,0
894,2110017.png,/home/ubuntu/SCB-05-Dataset/5k_HRW_Dataset_combined/images/val/2110017.png,3,2,"Behaviors: The students in the classroom are sitting at desks and appear to be engaged in learning activities. They seem to be focused on their work, with some students looking down at their books or papers, while others may be interacting with each other or the teacher.

Posture: The students are seated upright in their chairs, suggesting that they are attentive and actively participating in the class. Their gaze is directed towards the front of the classroom, where the teacher is likely providing instruction or guidance.

Rating: Based on the behaviors and posture observed in the image, I would rate the overall engagement level of the majority of students as 2 for engaged. The students seem to be actively participating in the class, but their level of engagement may vary individually. Some students might be more focused than others, but overall, they appear to be engaged in learning activities.",,0
895,2110038.png,/home/ubuntu/SCB-05-Dataset/5k_HRW_Dataset_combined/images/val/2110038.png,3,2,"Behaviors: The students in the classroom are actively participating in a lesson with a teacher. One student is standing and pointing at something on the board, while others are attentively watching the teacher and the student who is speaking.
Posture: The students are sitting upright, facing towards the front of the room where the teacher and the student are located. Their body language suggests that they are engaged in the lesson.
Rating: 2",,0
896,3000002.png,/home/ubuntu/SCB-05-Dataset/5k_HRW_Dataset_combined/images/val/3000002.png,3,2,"Behaviors: The students in the classroom are sitting at desks facing a teacher who is standing and gesturing. They appear to be attentive and engaged with the ongoing lecture.
Posture: The students are seated upright, with their attention directed towards the front of the room where the teacher is speaking.
Rating: 2",,0
897,3000003.png,/home/ubuntu/SCB-05-Dataset/5k_HRW_Dataset_combined/images/val/3000003.png,2,2,"Behaviors: The students in the classroom are sitting at desks and appear to be engaged in writing or reading. Some of them may also be paying attention to a teacher or speaker who is standing at the front of the room.
Posture: Most of the students are seated upright, with their attention directed towards the front of the room where the teacher or speaker is located.
Rating: 2",,0
898,3000009.png,/home/ubuntu/SCB-05-Dataset/5k_HRW_Dataset_combined/images/val/3000009.png,2,2,"Behaviors: The students in the classroom are sitting at desks and appear to be engaged in writing or taking notes. Some of them may also be looking at their papers or interacting with each other.
Posture: Most of the students have an upright posture, suggesting that they are focused on their tasks.
Rating: 2",,0
899,3000008.png,/home/ubuntu/SCB-05-Dataset/5k_HRW_Dataset_combined/images/val/3000008.png,2,2,"Behaviors: The students in the classroom are sitting at desks and appear to be engaged in writing or reading. They seem focused on their tasks.

Posture: The students are seated upright with their attention directed towards their work.

Rating: Based on the behaviors and posture observed, I would rate the overall engagement level of the majority of students as 2 for engaged.",,0
900,3000010.png,/home/ubuntu/SCB-05-Dataset/5k_HRW_Dataset_combined/images/val/3000010.png,2,2,"Behaviors: The students in the classroom are sitting at desks and appear to be engaged in writing or reading. Some of them may also be paying attention to a teacher or an instructional video.
Posture: Most of the students are seated upright with their attention directed towards the front of the room, indicating that they are focused on the task at hand.
Rating: 2",,0
901,3000014.png,/home/ubuntu/SCB-05-Dataset/5k_HRW_Dataset_combined/images/val/3000014.png,2,2,"Behaviors: The students in the classroom are sitting at desks and appear to be engaged in writing or reading. Some of them may be looking at their papers or books, while others might be paying attention to the teacher or the front of the room.

Posture: The students are seated upright with their attention directed towards the front of the room, where the teacher is likely providing instructions or guidance.

Rating: Based on the behaviors and posture observed in the image, I would rate the overall engagement level of the majority of students as 2 for engaged. While they seem to be actively participating in the classroom activity, their focus appears to be more on the task at hand rather than being highly engaged or demonstrating a high level of enthusiasm.",,0
902,3000021.png,/home/ubuntu/SCB-05-Dataset/5k_HRW_Dataset_combined/images/val/3000021.png,3,2,"Behaviors: The students in the classroom are sitting and facing towards the front of the room where a teacher is standing. They appear to be attentive as they listen to the lecture.
Posture: The students are seated upright with their attention directed forward, indicating that they are actively engaged in the class.
Rating: 2",,0
903,3000022.png,/home/ubuntu/SCB-05-Dataset/5k_HRW_Dataset_combined/images/val/3000022.png,3,2,"Behaviors: The students in the classroom are sitting at desks and facing towards a teacher who is standing at the front of the room. They appear to be attentive as they listen to the lecture.
Posture: The students are seated upright with their attention directed towards the front of the room, indicating that they are actively engaged in the class.
Rating: 2",,0
904,3000023.png,/home/ubuntu/SCB-05-Dataset/5k_HRW_Dataset_combined/images/val/3000023.png,2,2,"Behaviors: The students in the classroom are sitting at desks and appear to be engaged in various activities. Some of them are writing on papers, while others seem to be interacting with each other or looking at their phones.
Posture: Most of the students are sitting upright at their desks, suggesting that they are focused on their tasks or discussions.
Rating: Based on the behaviors and posture observed in the image, I would rate the overall engagement level of the majority of students as 2 for engaged. The students seem to be actively participating in class activities, but it is not possible to determine if their engagement is highly engaged without more context about the nature of the tasks they are performing or the level of interaction among them.",,0
905,3000025.png,/home/ubuntu/SCB-05-Dataset/5k_HRW_Dataset_combined/images/val/3000025.png,2,2,"Behaviors: The students in the classroom are sitting at desks and appear to be engaged in an activity that involves writing or drawing. They seem focused on their tasks.

Posture: The students are seated upright with their attention directed towards their work.

Rating: 2",,0
906,3000030.png,/home/ubuntu/SCB-05-Dataset/5k_HRW_Dataset_combined/images/val/3000030.png,2,2,"Behaviors: The students in the classroom are sitting at desks and appear to be engaged in an activity that involves writing or taking notes. They seem focused on their tasks.
Posture: The students are seated upright with their attention directed towards their work.
Rating: Based on the behaviors and posture observed, I would rate the overall engagement level of the majority of students as 2 for engaged.",,0
907,3000032.png,/home/ubuntu/SCB-05-Dataset/5k_HRW_Dataset_combined/images/val/3000032.png,2,2,"Behaviors: The students are sitting in a classroom setting, with one student standing at the front of the room and speaking into a microphone. They appear to be attentive as they listen to the speaker.
Posture: The students are seated upright, facing towards the front of the room where the speaker is standing. Their attention seems focused on the speaker.
Rating: 2",,0
908,3000035.png,/home/ubuntu/SCB-05-Dataset/5k_HRW_Dataset_combined/images/val/3000035.png,2,2,"Behaviors: The students in the classroom are sitting at desks and appear to be engaged in writing or taking notes. Some students may also be looking at their phones or other devices.
Posture: Most of the students are sitting upright with their attention directed towards the front of the room, where a teacher is likely leading a lesson or lecture.
Rating: 2 (engaged)",,0
909,3000039.png,/home/ubuntu/SCB-05-Dataset/5k_HRW_Dataset_combined/images/val/3000039.png,2,2,"Behaviors: The students in the classroom are sitting at desks and appear to be engaged in a group activity. One student is standing up and reading from a book, while others are looking towards the camera with expressions of interest or amusement.
Posture: Most of the students are seated upright, facing forward, with their attention directed towards the front of the classroom where the teacher or speaker is likely to be.
Rating: 2",,0
910,3000056.png,/home/ubuntu/SCB-05-Dataset/5k_HRW_Dataset_combined/images/val/3000056.png,2,2,"Behaviors: The students in the classroom are sitting at desks and appear to be engaged in reading or writing. One student is standing up and looking at a book, while another person seems to be interacting with a device.
Posture: Most of the students are sitting upright, focused on their tasks.
Rating: 2",,0
911,3000068.png,/home/ubuntu/SCB-05-Dataset/5k_HRW_Dataset_combined/images/val/3000068.png,2,2,"Behaviors: The students in the classroom are sitting at desks and appear to be engaged in various activities. Some of them are looking at a presentation on the screen, while others seem to be working on their own tasks.
Posture: The students are seated upright with their attention directed towards the front of the room where the teacher is standing or the screen displaying the presentation.
Rating: 2",,0
912,3000080.png,/home/ubuntu/SCB-05-Dataset/5k_HRW_Dataset_combined/images/val/3000080.png,3,2,"Behaviors: The students are seated in a classroom setting, facing the front of the room where a teacher is standing. They appear to be attentive and engaged in the ongoing lecture or presentation.
Posture: Most of the students are sitting upright with their attention directed towards the front of the room, indicating that they are actively participating in the class.
Rating: 2 (engaged)",,0
913,3000082.png,/home/ubuntu/SCB-05-Dataset/5k_HRW_Dataset_combined/images/val/3000082.png,2,2,"Behaviors: The students are sitting in a classroom setting, with one student standing at the front of the room, possibly teaching or presenting. They appear to be engaged in an activity, as they are all facing towards the front of the room where the teacher is standing.
Posture: The students are seated upright and attentive, looking towards the front of the room where the teacher is standing.
Rating: 2",,0
914,3000084.png,/home/ubuntu/SCB-05-Dataset/5k_HRW_Dataset_combined/images/val/3000084.png,3,2,"Behaviors: The students in the classroom are sitting at desks and appear to be engaged in a group discussion or activity. Some of them may be writing or taking notes, while others seem to be listening attentively to their teacher or classmates.
Posture: The students are seated upright with their attention directed towards the front of the room, indicating that they are actively participating in the ongoing discussion or activity.
Rating: 2",,0
915,3000087.png,/home/ubuntu/SCB-05-Dataset/5k_HRW_Dataset_combined/images/val/3000087.png,2,2,"Behaviors: The students in the classroom are sitting at desks and appear to be engaged in a group activity. They seem to be focused on something happening in front of them, possibly a teacher or presentation.
Posture: The students are seated upright with their attention directed towards the front of the room, indicating that they are actively participating in the class.
Rating: 2",,0
916,3000090.png,/home/ubuntu/SCB-05-Dataset/5k_HRW_Dataset_combined/images/val/3000090.png,2,2,"Behaviors: The students in the classroom are sitting at desks and appear to be engaged in an activity that involves writing or drawing. They seem to be focused on their tasks.
Posture: The students are seated upright with their attention directed towards their work.
Rating: 2",,0
917,3000102.png,/home/ubuntu/SCB-05-Dataset/5k_HRW_Dataset_combined/images/val/3000102.png,2,2,"Behaviors: The students in the classroom are seated at desks and appear to be engaged in a learning activity. They are looking down at their desks, suggesting that they might be taking notes or working on assignments.
Posture: The students are sitting upright with their attention directed towards the front of the room, indicating that they are focused on the ongoing lesson or discussion.
Rating: 2",,0
918,3000105.png,/home/ubuntu/SCB-05-Dataset/5k_HRW_Dataset_combined/images/val/3000105.png,2,2,"Behaviors: The students in the classroom are sitting at desks and appear to be engaged in some form of activity, possibly writing or reading. They seem focused on their tasks.
Posture: The students are seated upright with their attention directed towards their work.
Rating: 2",,0
919,3000108.png,/home/ubuntu/SCB-05-Dataset/5k_HRW_Dataset_combined/images/val/3000108.png,2,2,"Behaviors: The students in the classroom are sitting at desks and appear to be engaged in an activity that involves writing or taking notes. They seem focused on their tasks.
Posture: The students are seated upright with their attention directed towards their work.
Rating: Based on their posture and engagement, I would rate the overall learning engagement level of the majority of students as 2 for engaged.",,0
920,3000112.png,/home/ubuntu/SCB-05-Dataset/5k_HRW_Dataset_combined/images/val/3000112.png,2,2,"Behaviors: The students in the classroom are seated at desks and appear to be engaged in an activity that involves writing or taking notes. They seem focused on their work.
Posture: Most of the students are sitting upright with their attention directed towards their tasks.
Rating: 2",,0
921,3000115.png,/home/ubuntu/SCB-05-Dataset/5k_HRW_Dataset_combined/images/val/3000115.png,2,2,"Behaviors: The students in the classroom are sitting at desks and appear to be engaged in a group activity. They seem to be listening attentively to someone speaking, possibly their teacher, as they are facing towards the front of the room.
Posture: The students are seated upright with their attention directed forward, indicating that they are focused on the ongoing activity or discussion.
Rating: 2",,0
922,3000125.png,/home/ubuntu/SCB-05-Dataset/5k_HRW_Dataset_combined/images/val/3000125.png,2,2,"Behaviors: The students in the classroom are sitting at desks and appear to be engaged in writing or taking notes. Some of them are looking down at their papers, while others seem to be paying attention to a teacher or presentation.

Posture: The students are seated upright with their focus directed towards the front of the room, where the teacher is likely providing instructions or guidance.

Rating: Based on the behaviors and posture observed in the image, I would rate the overall engagement level of the majority of students as 2 for engaged. While some students seem to be actively writing or taking notes, others appear to be paying attention but not necessarily participating in the activity. This suggests a moderate level of engagement among the class.",,0
923,3000128.png,/home/ubuntu/SCB-05-Dataset/5k_HRW_Dataset_combined/images/val/3000128.png,2,2,"Behaviors: The students in the classroom are sitting at desks and appear to be engaged in an activity that involves writing or taking notes. They seem focused on their work.
Posture: Most of the students are sitting upright with their attention directed towards their tasks.
Rating: 2",,0
924,3000136.png,/home/ubuntu/SCB-05-Dataset/5k_HRW_Dataset_combined/images/val/3000136.png,2,2,"Behaviors: The students in the classroom are sitting at desks and appear to be engaged in writing or taking notes. Some students are looking down at their papers, while others seem to be focused on the front of the room where a teacher is likely providing instruction.

Posture: The students are seated upright with their attention directed towards the front of the classroom, indicating that they are actively participating in the class activity.

Rating: 2",,0
925,3000141.png,/home/ubuntu/SCB-05-Dataset/5k_HRW_Dataset_combined/images/val/3000141.png,2,2,"Behaviors: The students in the classroom are sitting at desks and appear to be engaged in writing or reading. They seem focused on their tasks.

Posture: The students are seated upright with their attention directed towards their work.

Rating: Based on the behaviors and posture observed, I would rate the overall engagement level of the majority of students as 2 for engaged.",,0
926,3000147.png,/home/ubuntu/SCB-05-Dataset/5k_HRW_Dataset_combined/images/val/3000147.png,2,2,"Behaviors: The students in the classroom are sitting at desks and appear to be engaged in an activity that involves writing or reading. Some of them have their heads down on the desks, suggesting they might be resting or concentrating.
Posture: The students are seated upright with their attention directed towards their work, indicating a level of focus and engagement.
Rating: 2",,0
927,3000170.png,/home/ubuntu/SCB-05-Dataset/5k_HRW_Dataset_combined/images/val/3000170.png,2,2,"Behaviors: The students in the classroom are sitting at desks and appear to be engaged in a group activity. They are looking towards the front of the room where a teacher is standing, suggesting that they are paying attention to the ongoing lesson or presentation.

Posture: The students are seated upright with their gaze directed forward, indicating that they are actively participating in the class.

Rating: 2",,0
928,3000184.png,/home/ubuntu/SCB-05-Dataset/5k_HRW_Dataset_combined/images/val/3000184.png,2,2,"Behaviors: The students in the classroom are sitting at desks and appear to be engaged in an activity that involves writing or drawing on paper. They seem focused on their tasks.
Posture: The students are seated upright with their attention directed towards their work.
Rating: 2",,0
929,3000187.png,/home/ubuntu/SCB-05-Dataset/5k_HRW_Dataset_combined/images/val/3000187.png,2,2,"Behaviors: The students in the classroom are sitting at desks and appear to be engaged in a group activity. They seem to be focused on their task, with some students looking down at papers or materials on their desks.
Posture: The students are seated upright in their chairs, suggesting that they are attentive and actively participating in the activity.
Rating: 2",,0
930,3000188.png,/home/ubuntu/SCB-05-Dataset/5k_HRW_Dataset_combined/images/val/3000188.png,2,2,"Behaviors: The students in the classroom are sitting at desks and appear to be engaged in some form of activity, possibly writing or reading. They seem to be focused on their tasks.
Posture: The students are seated upright with their attention directed towards their work.
Rating: 2",,0
931,3000192.png,/home/ubuntu/SCB-05-Dataset/5k_HRW_Dataset_combined/images/val/3000192.png,2,2,"Behaviors: The students in the classroom are sitting at desks and appear to be engaged in an activity that involves writing or drawing. They seem focused on their tasks.

Posture: The students are seated upright with their attention directed towards their work.

Rating: 2",,0
932,3000198.png,/home/ubuntu/SCB-05-Dataset/5k_HRW_Dataset_combined/images/val/3000198.png,2,2,"Behaviors: The students in this classroom environment are predominantly sitting at desks and working on papers. They appear to be focused on their tasks, with some students looking down at their work while others may be interacting with each other or the teacher.

Posture: The students' posture is generally upright, suggesting that they are actively engaged in their work. Their visual attention seems to be directed towards their papers and the task at hand.

Rating: Based on the behaviors and posture observed in the image, I would rate the overall engagement level of the majority of students as 2 for engaged. The students seem to be actively participating in the classroom activity, but it is not possible to determine if they are highly engaged or barely engaged without more information about their level of focus and interaction with the material.",,0
933,3000199.png,/home/ubuntu/SCB-05-Dataset/5k_HRW_Dataset_combined/images/val/3000199.png,2,2,"Behaviors: The students in this classroom environment are predominantly sitting at desks and working on tasks. They appear to be engaged in various activities such as writing, reading, and using devices like laptops or tablets.
Posture: The students are generally seated upright with their attention directed towards the task at hand.
Rating: Based on the behaviors and posture observed, I would rate the overall engagement level of the majority of students as 2 for engaged.",,0
934,3000202.png,/home/ubuntu/SCB-05-Dataset/5k_HRW_Dataset_combined/images/val/3000202.png,2,2,"Behaviors: The students in the classroom are sitting at desks and appear to be engaged in some form of activity. They seem to be focused on their work, with some students looking down at their papers while others may be interacting with each other or the teacher.

Posture: The students are seated upright in their chairs, suggesting that they are attentive and actively participating in the class. Their gaze is directed towards their desks or the front of the classroom where the teacher is likely providing instructions or guidance.

Rating: Based on the behaviors and posture observed, I would rate the overall engagement level of the majority of students as a 2 for engaged. The students seem to be actively participating in the class, but it's not possible to determine their level of focus or comprehension from this image alone.",,0
935,3000205.png,/home/ubuntu/SCB-05-Dataset/5k_HRW_Dataset_combined/images/val/3000205.png,3,2,"Behaviors: The students in the classroom are sitting and looking at a presentation screen where a teacher is standing. One student appears to be actively participating by raising their hand, while others seem to be attentively watching the presentation.
Posture: Most of the students are sitting upright with their attention directed towards the front of the room, indicating that they are engaged in the ongoing class.
Rating: 2",,0
936,3000239.png,/home/ubuntu/SCB-05-Dataset/5k_HRW_Dataset_combined/images/val/3000239.png,2,2,"Behaviors: The students in the classroom are sitting at desks and appear to be engaged in a group activity. Some of them are looking down at their papers, while others seem to be focused on the front of the room where a teacher is likely presenting information.

Posture: The students are seated upright with their attention directed towards the front of the classroom, indicating that they are actively participating in the class.

Rating: 2",,0
937,3000250.png,/home/ubuntu/SCB-05-Dataset/5k_HRW_Dataset_combined/images/val/3000250.png,2,2,"Behaviors: The students in the classroom are sitting at desks and appear to be engaged in a group study session. They are looking down at their books and papers, suggesting that they are focused on their work.
Posture: The students are seated upright with their attention directed towards their materials, indicating that they are actively participating in the learning activity.
Rating: 2",,0
938,3001002.png,/home/ubuntu/SCB-05-Dataset/5k_HRW_Dataset_combined/images/val/3001002.png,3,2,"Behaviors: The students in the classroom are sitting at desks and appear to be engaged in a lecture or presentation. They are looking towards the front of the room where the speaker is likely delivering information.
Posture: The students are seated upright with their attention directed forward, indicating that they are actively participating in the class.
Rating: 2",,0
939,3001001.png,/home/ubuntu/SCB-05-Dataset/5k_HRW_Dataset_combined/images/val/3001001.png,3,2,"Behaviors: The students in the classroom are sitting at desks and appear to be engaged in a lecture or presentation. They are looking towards the front of the room where the speaker is likely delivering information.
Posture: The students are seated upright with their attention directed forward, indicating that they are actively participating in the class.
Rating: 2",,0
940,3001014.png,/home/ubuntu/SCB-05-Dataset/5k_HRW_Dataset_combined/images/val/3001014.png,2,2,"Behaviors: The students in the classroom are sitting at desks and appear to be engaged in writing or reading. Some of them may also be looking out of the window or interacting with their devices.
Posture: Most of the students are sitting upright at their desks, suggesting that they are focused on their tasks.
Rating: 2",,0
941,3001020.png,/home/ubuntu/SCB-05-Dataset/5k_HRW_Dataset_combined/images/val/3001020.png,2,2,"Behaviors: The students in the classroom are sitting at desks and appear to be engaged in various activities. Some of them are writing, while others seem to be looking at their surroundings or possibly interacting with each other.
Posture: The students are seated upright at their desks, suggesting that they are focused on their tasks or the teacher's instructions.
Rating: Based on the behaviors and posture observed in the image, I would rate the overall engagement level of the majority of students as 2 for engaged. While some students seem to be actively participating in the class activities, others may not be fully engaged but are at least present and attentive.",,0
942,3001025.png,/home/ubuntu/SCB-05-Dataset/5k_HRW_Dataset_combined/images/val/3001025.png,3,2,"Behaviors: The students in the classroom are sitting at desks and appear to be engaged in an activity, possibly writing or reading. They seem to be focused on their work.
Posture: The students are seated upright with their attention directed towards the front of the room, indicating that they are actively participating in the class.
Rating: 2",,0
943,3001023.png,/home/ubuntu/SCB-05-Dataset/5k_HRW_Dataset_combined/images/val/3001023.png,3,2,"Behaviors: The students in the classroom are sitting at desks and appear to be engaged in an activity. They seem to be focused on a task, possibly related to their schoolwork.
Posture: The students are seated upright with their attention directed towards the front of the room or their desks.
Rating: 2",,0
944,3001026.png,/home/ubuntu/SCB-05-Dataset/5k_HRW_Dataset_combined/images/val/3001026.png,3,2,"Behaviors: The students in the classroom are sitting at desks and appear to be engaged in an activity. They seem to be focused on a task, possibly related to their schoolwork.
Posture: The students are seated upright with their attention directed towards the front of the room or their desks.
Rating: 2",,0
945,3001032.png,/home/ubuntu/SCB-05-Dataset/5k_HRW_Dataset_combined/images/val/3001032.png,3,2,"Behaviors: The students in the classroom are sitting at desks and facing towards the front of the room where a teacher is standing. They appear to be attentive and engaged in the ongoing lesson.
Posture: The students are seated upright with their attention directed forward, indicating that they are actively participating in the class.
Rating: 2",,0
946,3001033.png,/home/ubuntu/SCB-05-Dataset/5k_HRW_Dataset_combined/images/val/3001033.png,3,2,"Behaviors: The students in the classroom are sitting at desks and facing towards the front of the room where a teacher is standing. They appear to be attentive and engaged in the ongoing lesson.
Posture: Most of the students have upright postures with their attention directed forward, indicating that they are actively participating in the class.
Rating: 2 (engaged)",,0
947,3001036.png,/home/ubuntu/SCB-05-Dataset/5k_HRW_Dataset_combined/images/val/3001036.png,3,2,"Behaviors: The students are seated in a classroom setting, facing the front of the room where a teacher is standing. They appear to be attentive and engaged in the ongoing lecture or presentation.
Posture: Most of the students are sitting upright with their attention directed towards the front of the room, indicating that they are actively participating in the class.
Rating: 2 (engaged)",,0
948,3001038.png,/home/ubuntu/SCB-05-Dataset/5k_HRW_Dataset_combined/images/val/3001038.png,3,2,"Behaviors: The students in the classroom are sitting at desks and facing towards the front of the room where a teacher is standing. They appear to be attentive and engaged in the ongoing lesson.
Posture: The students are seated upright with their attention directed forward, indicating that they are actively participating in the class.
Rating: 2",,0
949,3001049.png,/home/ubuntu/SCB-05-Dataset/5k_HRW_Dataset_combined/images/val/3001049.png,3,2,"Behaviors: The students in the classroom are sitting at desks and appear to be engaged in a lecture or presentation. They are looking towards the front of the room where the speaker is likely delivering information.
Posture: The students are seated upright with their attention directed forward, indicating that they are actively participating in the class.
Rating: 2",,0
950,3001053.png,/home/ubuntu/SCB-05-Dataset/5k_HRW_Dataset_combined/images/val/3001053.png,3,2,"Behaviors: The students in the classroom are sitting at desks and facing towards the front of the room where a man is standing. They appear to be attentive and focused on the speaker.
Posture: The students are seated upright with their attention directed forward, indicating that they are actively engaged in the presentation or lecture being given by the man.
Rating: 2",,0
951,3001056.png,/home/ubuntu/SCB-05-Dataset/5k_HRW_Dataset_combined/images/val/3001056.png,3,2,"Behaviors: The students in the classroom are sitting at desks and appear to be engaged in a group activity. They seem to be focused on something happening in front of them, possibly a teacher or a presentation.
Posture: Most of the students are sitting upright with their attention directed towards the front of the room.
Rating: 2",,0
952,3001070.png,/home/ubuntu/SCB-05-Dataset/5k_HRW_Dataset_combined/images/val/3001070.png,3,2,"Behaviors: The students in the classroom are sitting at desks and appear to be engaged in a learning activity. They are looking towards the front of the room where the teacher is standing, suggesting that they are paying attention to the lesson being taught.
Posture: The students are seated upright with their attention directed forward, indicating that they are actively participating in the class.
Rating: 2",,0
953,3001080.png,/home/ubuntu/SCB-05-Dataset/5k_HRW_Dataset_combined/images/val/3001080.png,3,2,"Behaviors: The students in the classroom are sitting and looking at a woman who is standing and gesturing. They appear to be attentive and engaged with her presentation.
Posture: The students are seated upright, facing towards the front of the room where the woman is speaking. Their attention seems focused on her.
Rating: 2",,0
954,3001083.png,/home/ubuntu/SCB-05-Dataset/5k_HRW_Dataset_combined/images/val/3001083.png,3,2,"Behaviors: The students in the classroom are sitting at desks and facing towards the front of the room where a teacher is standing. They appear to be attentive as they listen to the presentation.
Posture: The students are seated upright with their attention directed forward, indicating that they are actively engaged in the class.
Rating: 2",,0
955,3001085.png,/home/ubuntu/SCB-05-Dataset/5k_HRW_Dataset_combined/images/val/3001085.png,3,2,"Behaviors: The students in the classroom are sitting at desks and facing towards a teacher who is standing at the front of the room. They appear to be attentive as they listen to the presentation.
Posture: The students are seated upright with their attention directed towards the front of the room, where the teacher is speaking.
Rating: 2",,0
956,3001097.png,/home/ubuntu/SCB-05-Dataset/5k_HRW_Dataset_combined/images/val/3001097.png,3,2,"Behaviors: The students in the classroom are sitting at their desks with books and notebooks open in front of them. They appear to be engaged in a learning activity, possibly listening to a lecture or participating in a group discussion.
Posture: Most of the students are sitting upright with their attention directed towards the front of the room, where the teacher is likely leading the class.
Rating: 2",,0
957,3001101.png,/home/ubuntu/SCB-05-Dataset/5k_HRW_Dataset_combined/images/val/3001101.png,3,2,"Behaviors: The students in this classroom are sitting at desks with books and notebooks, suggesting that they are engaged in learning activities. Some of them appear to be writing or reading, while others may be listening to a teacher or classmate.
Posture: Most of the students are sitting upright at their desks, indicating that they are focused on their tasks.
Rating: 2",,0
958,3001103.png,/home/ubuntu/SCB-05-Dataset/5k_HRW_Dataset_combined/images/val/3001103.png,3,2,"Behaviors: The students in the classroom are sitting at desks with their attention directed towards the front of the room where a teacher is likely to be giving instructions. Some students appear to be looking down at their desks, possibly taking notes or working on assignments.

Posture: The students are seated upright in their chairs, suggesting that they are attentive and focused on the ongoing activity in the classroom.

Rating: Based on the behaviors and posture observed, I would rate the overall engagement level of the majority of students as 2 for engaged. While some students may be more actively engaged than others, the general atmosphere suggests that the students are participating in the class activity to some extent.",,0
959,3001109.png,/home/ubuntu/SCB-05-Dataset/5k_HRW_Dataset_combined/images/val/3001109.png,3,2,"Behaviors: The students in the classroom are sitting at desks with their hands on their heads, suggesting that they might be resting or thinking deeply. There is no clear indication of writing or reading activities taking place.
Posture: The students appear to be sitting upright and facing forward, which could indicate a level of focus and attention towards the front of the classroom.
Rating: 2 - While the students are not actively engaged in writing or reading, their posture suggests that they are at least somewhat attentive and present in the learning environment.",,0
960,3001110.png,/home/ubuntu/SCB-05-Dataset/5k_HRW_Dataset_combined/images/val/3001110.png,3,2,"Behaviors: The students are seated at desks in a classroom setting, with some of them looking towards the front of the room where a teacher is likely to be giving instructions. It appears that they are attentive and focused on the ongoing lesson.
Posture: Most of the students are sitting upright in their chairs, suggesting that they are actively engaged in the class.
Rating: 2",,0
961,3001124.png,/home/ubuntu/SCB-05-Dataset/5k_HRW_Dataset_combined/images/val/3001124.png,2,2,"Behaviors: The students in the classroom are sitting at desks and appear to be engaged in various activities. Some of them are looking down at their books or papers, while others seem to be interacting with each other or the teacher.

Posture: The students are seated upright in their chairs, suggesting that they are attentive and focused on their tasks.

Rating: Based on the behaviors and posture observed, I would rate the overall engagement level of the majority of students as 2 for engaged. While some students seem to be actively participating in class, others may not be fully engaged but are at least present and attentive.",,0
962,3001125.png,/home/ubuntu/SCB-05-Dataset/5k_HRW_Dataset_combined/images/val/3001125.png,2,2,"Behaviors: The students in the classroom are sitting at desks and appear to be engaged in various activities. Some of them are looking down at their books or papers, while others seem to be interacting with each other or possibly a teacher.

Posture: The students are seated upright in their chairs, suggesting that they are attentive and focused on their tasks.

Rating: Based on the behaviors and posture observed, I would rate the overall engagement level of the majority of students as 2 for engaged. While some students seem to be actively participating in class activities, others may not be fully engaged but are at least present and attentive.",,0
963,3001131.png,/home/ubuntu/SCB-05-Dataset/5k_HRW_Dataset_combined/images/val/3001131.png,2,2,"Behaviors: The students in the classroom are sitting at desks and appear to be engaged in an activity that involves writing or reading. They seem focused on their tasks.

Posture: The students are seated upright with their attention directed towards their work.

Rating: 2",,0
964,3001136.png,/home/ubuntu/SCB-05-Dataset/5k_HRW_Dataset_combined/images/val/3001136.png,2,2,"Behaviors: The students in this classroom environment are predominantly sitting at desks and engaging with their surroundings. They appear to be focused on the task at hand, which seems to involve writing or drawing, as indicated by the presence of pencils and paper on the desks.

Posture: The students are seated upright in their chairs, suggesting that they are attentive and actively participating in the classroom activity. Their gaze is directed towards their work, indicating a level of focus on the task at hand.

Rating: Based on the behaviors and posture observed, I would rate the overall engagement level of the majority of students as 2 for engaged. The students seem to be actively involved in their tasks, but there is no clear indication of high levels of engagement or enthusiasm.",,0
965,3001158.png,/home/ubuntu/SCB-05-Dataset/5k_HRW_Dataset_combined/images/val/3001158.png,2,2,"Behaviors: The students in the classroom are sitting at desks and appear to be engaged in an activity that involves writing. They seem to be focused on their work, with some looking down at their papers while others may be interacting with each other or the teacher.

Posture: The students are seated upright at their desks, suggesting they are attentive and actively participating in the classroom activity.

Rating: Based on the behaviors and posture observed, I would rate the overall engagement level of the majority of students as 2 for engaged. While some students may be more focused than others, the general atmosphere suggests that they are actively involved in their work or discussion.",,0
966,3001159.png,/home/ubuntu/SCB-05-Dataset/5k_HRW_Dataset_combined/images/val/3001159.png,2,2,"Behaviors: The students in this classroom environment are predominantly sitting at desks and engaging with their surroundings. They appear to be focused on writing or drawing, as indicated by the presence of pencils and paper.
Posture: The students are seated upright at their desks, suggesting that they are attentive and actively participating in the activity.
Rating: Based on the behaviors and posture observed, I would rate the overall engagement level of the majority of students as 2 for engaged.",,0
967,3001160.png,/home/ubuntu/SCB-05-Dataset/5k_HRW_Dataset_combined/images/val/3001160.png,2,2,"Behaviors: The students in the classroom are sitting at desks and appear to be engaged in an activity that involves reading or writing. They seem to be focused on their work.
Posture: The students are seated upright with their attention directed towards their tasks.
Rating: 2",,0
968,3001167.png,/home/ubuntu/SCB-05-Dataset/5k_HRW_Dataset_combined/images/val/3001167.png,2,2,"Behaviors: The students in the classroom are sitting at desks and appear to be engaged in writing or drawing on paper. Some of them are looking down at their work, while others seem to be paying attention to a teacher or an activity being led by someone out of frame.

Posture: The students are seated upright with their attention directed towards the front of the classroom, suggesting that they are focused on the task at hand.

Rating: 2",,0
969,3001169.png,/home/ubuntu/SCB-05-Dataset/5k_HRW_Dataset_combined/images/val/3001169.png,2,2,"Behaviors: The students in the classroom are sitting at desks and appear to be engaged in reading or writing. Some of them are looking down at their books or papers, while others seem to be focused on the front of the room where a teacher is likely leading a lesson.

Posture: The students are seated upright with their attention directed towards the front of the classroom, indicating that they are actively participating in the class.

Rating: Based on the behaviors and posture observed in the image, I would rate the overall engagement level of the majority of students as 2 for engaged. While some students seem to be more focused than others, most of them appear to be actively involved in the classroom activities.",,0
970,3001176.png,/home/ubuntu/SCB-05-Dataset/5k_HRW_Dataset_combined/images/val/3001176.png,2,2,"Behaviors: The students in the classroom are sitting at desks and appear to be engaged in reading books.
Posture: The students are seated upright with their attention directed towards the front of the room where a teacher is standing.
Rating: 2",,0
971,3001180.png,/home/ubuntu/SCB-05-Dataset/5k_HRW_Dataset_combined/images/val/3001180.png,2,2,"Behaviors: The students in the classroom are sitting at desks and appear to be engaged in writing or reading. Some of them may also be looking out of the window or interacting with each other.
Posture: Most of the students are sitting upright at their desks, suggesting that they are focused on their tasks.
Rating: Based on the behaviors and posture observed, I would rate the overall engagement level of the majority of students as 2 for engaged.",,0
972,3001185.png,/home/ubuntu/SCB-05-Dataset/5k_HRW_Dataset_combined/images/val/3001185.png,2,2,"Behaviors: The students in this classroom environment are predominantly sitting at desks and looking down at books. They appear to be engaged in reading or writing activities.

Posture: The students are seated upright with their attention directed towards the books in front of them.

Rating: 2",,0
973,3001189.png,/home/ubuntu/SCB-05-Dataset/5k_HRW_Dataset_combined/images/val/3001189.png,3,2,"Behaviors: The students in the classroom are sitting at desks and facing a teacher who is standing at the front of the room. They appear to be attentive and engaged in the ongoing lesson.
Posture: The students are seated upright with their attention directed towards the front of the room, indicating that they are actively participating in the class.
Rating: 2",,0
974,3001192.png,/home/ubuntu/SCB-05-Dataset/5k_HRW_Dataset_combined/images/val/3001192.png,2,2,"Behaviors: The students in the classroom are sitting at desks and appear to be engaged in writing or reading. Some of them have their heads down on the desks, which could indicate a lack of focus or fatigue.
Posture: The students' postures vary; some are sitting upright while others have their heads down on the desks. This suggests that there is a mix of engagement levels among the class.
Rating: 2",,0
975,3001190.png,/home/ubuntu/SCB-05-Dataset/5k_HRW_Dataset_combined/images/val/3001190.png,3,2,"Behaviors: The students in the classroom are sitting at desks and facing towards the front of the room where a teacher is standing. They appear to be attentive and engaged in the ongoing lesson.
Posture: The students are seated upright with their attention directed forward, indicating that they are actively participating in the class.
Rating: 2",,0
976,3001195.png,/home/ubuntu/SCB-05-Dataset/5k_HRW_Dataset_combined/images/val/3001195.png,2,2,"Behaviors: The students in this classroom environment are predominantly focused on their desks and the task at hand. They appear to be actively engaged in writing or drawing, with some students looking down at their work while others may be looking up at the teacher or other students.

Posture: The students are sitting upright at their desks, indicating that they are attentive and focused on their tasks. Their body posture suggests a level of engagement and concentration.

Rating: Based on the behaviors and posture observed in the image, I would rate the overall engagement level of the majority of students as 2 for engaged. The students seem to be actively participating in the classroom activity, but there is no clear indication of high levels of engagement or enthusiasm.",,0
977,3001196.png,/home/ubuntu/SCB-05-Dataset/5k_HRW_Dataset_combined/images/val/3001196.png,2,2,"Behaviors: The students in the classroom are sitting at desks and appear to be engaged in writing or taking notes. Some of them may also be looking at their surroundings or interacting with each other.
Posture: Most of the students are seated upright, suggesting that they are focused on their tasks.
Rating: 2 (engaged)",,0
978,3001204.png,/home/ubuntu/SCB-05-Dataset/5k_HRW_Dataset_combined/images/val/3001204.png,3,2,"Behaviors: The students in the classroom are sitting at desks and appear to be engaged in a lesson. Some of them are looking towards the front of the room where the teacher is likely delivering instructions or presenting information.
Posture: The students are seated upright with their attention directed towards the front of the room, indicating that they are focused on the ongoing lesson.
Rating: 2",,0
979,3001207.png,/home/ubuntu/SCB-05-Dataset/5k_HRW_Dataset_combined/images/val/3001207.png,2,2,"Behaviors: The students in the classroom are sitting at desks and appear to be engaged in writing or drawing activities. They seem focused on their tasks.

Posture: The students are seated upright with their attention directed towards their work.

Rating: Based on the behaviors and posture observed, I would rate the overall engagement level of the majority of students as 2 for engaged.",,0
980,3001210.png,/home/ubuntu/SCB-05-Dataset/5k_HRW_Dataset_combined/images/val/3001210.png,2,2,"Behaviors: The students in the classroom are sitting at desks and appear to be engaged in reading books. They seem focused on their task, with some looking down at their books while others may be looking up towards the front of the room.

Posture: The students are seated upright in their chairs, suggesting that they are attentive and actively participating in the activity.

Rating: Based on the behaviors and posture observed, I would rate the overall engagement level of the majority of students as 2 for engaged. While all students seem to be involved in reading or listening, there is no clear indication of high levels of engagement or enthusiasm. The students appear to be focused on their task but may not be fully immersed or demonstrating a high level of interest.",,0
981,3001222.png,/home/ubuntu/SCB-05-Dataset/5k_HRW_Dataset_combined/images/val/3001222.png,2,2,"Behaviors: The students in the classroom are sitting at desks and appear to be engaged in an activity that involves writing or reading. They seem to be focused on their work, with some students looking down at their papers or books.

Posture: The students are seated upright in their chairs, suggesting they are attentive and actively participating in the classroom activity. Their gaze is directed towards their desks or the front of the room where the teacher might be leading a discussion or lecture.

Rating: Based on the behaviors and posture observed in the image, I would rate the overall engagement level of the majority of students as 2 for engaged. The students seem to be actively participating in the classroom activity, but their level of engagement could vary individually. Some students might be more focused than others, but generally, they appear to be engaged in the learning process.",,0
982,3001224.png,/home/ubuntu/SCB-05-Dataset/5k_HRW_Dataset_combined/images/val/3001224.png,2,2,"Behaviors: The students in the classroom are sitting at desks and appear to be engaged in writing or taking notes. Some of them may also be looking at their books or papers.
Posture: The students are seated upright with their attention directed towards their work.
Rating: 2",,0
983,3001241.png,/home/ubuntu/SCB-05-Dataset/5k_HRW_Dataset_combined/images/val/3001241.png,2,2,"Behaviors: The students in the classroom are sitting at desks and appear to be engaged in an activity that involves writing or taking notes. Some of them are looking down at their desks, while others seem to be paying attention to a teacher or presentation.

Posture: The students are seated upright with their attention directed towards the front of the room, where the teacher is likely conducting the class.

Rating: 2",,0
984,3001244.png,/home/ubuntu/SCB-05-Dataset/5k_HRW_Dataset_combined/images/val/3001244.png,2,2,"Behaviors: The students in the classroom are sitting at desks and appear to be engaged in various activities. Some of them are looking down at their books or papers, while others seem to be interacting with each other or the teacher.
Posture: The students are seated upright, suggesting that they are attentive and focused on their tasks.
Rating: 2",,0
985,3001251.png,/home/ubuntu/SCB-05-Dataset/5k_HRW_Dataset_combined/images/val/3001251.png,2,2,"Behaviors: The students in the classroom are sitting at desks and appear to be engaged in writing or taking notes. Some of them may also be looking at the teacher or other students.
Posture: Most of the students have their heads down on their desks, suggesting that they are focused on their work.
Rating: 2",,0
986,3001255.png,/home/ubuntu/SCB-05-Dataset/5k_HRW_Dataset_combined/images/val/3001255.png,2,2,"Behaviors: The students in the classroom are sitting at desks and appear to be engaged in an activity that involves writing or reading. They seem focused on their work.

Posture: The students are seated upright with their attention directed towards their tasks.

Rating: 2",,0
987,3001260.png,/home/ubuntu/SCB-05-Dataset/5k_HRW_Dataset_combined/images/val/3001260.png,2,2,"Behaviors: The students in the classroom are sitting at desks and appear to be engaged in writing or reading. Some of them may also be looking out of the window or interacting with each other.
Posture: Most of the students are sitting upright at their desks, suggesting that they are focused on their tasks.
Rating: 2",,0
988,3001264.png,/home/ubuntu/SCB-05-Dataset/5k_HRW_Dataset_combined/images/val/3001264.png,2,2,"Behaviors: The students in the classroom are sitting at desks and appear to be engaged in some form of activity. Some students are looking down at their desks, while others seem to be focused on a task or discussion.
Posture: The students are seated upright with their attention directed towards their work or classmates.
Rating: 2",,0
989,3001267.png,/home/ubuntu/SCB-05-Dataset/5k_HRW_Dataset_combined/images/val/3001267.png,2,2,"Behaviors: The students in the classroom are sitting at desks and appear to be engaged in a learning activity. Some of them are looking down at their books or papers, while others seem to be paying attention to the front of the room where the teacher is likely leading the class.

Posture: The students are seated upright with their attention directed towards the front of the classroom, indicating that they are focused on the ongoing lesson.

Rating: Based on the behaviors and posture observed in the image, I would rate the overall engagement level of the majority of students as 2 for engaged. While some students seem to be actively participating in the class, others may not be fully engaged but are at least paying attention to the front of the room.",,0
990,3001268.png,/home/ubuntu/SCB-05-Dataset/5k_HRW_Dataset_combined/images/val/3001268.png,2,2,"Behaviors: The students in the classroom are sitting at desks and appear to be engaged in an activity that involves reading or writing. Some of them have their heads down on the desks, which could indicate a lack of engagement or focus.
Posture: The students' postures vary; some are sitting upright while others have their heads down on the desks. This suggests a mix of attentiveness and disinterest among the class.
Rating: 2",,0
991,3001270.png,/home/ubuntu/SCB-05-Dataset/5k_HRW_Dataset_combined/images/val/3001270.png,3,2,"Behaviors: The students in the classroom are sitting at desks and appear to be engaged in a lecture or presentation. Some of them are looking towards the front of the room where the teacher is standing, while others seem to be focused on their own tasks or materials.
Posture: Most of the students are sitting upright with their attention directed towards the front of the classroom, indicating that they are actively participating in the class.
Rating: 2",,0
992,3001274.png,/home/ubuntu/SCB-05-Dataset/5k_HRW_Dataset_combined/images/val/3001274.png,2,1,"Behaviors: The students in the classroom are sitting at desks with books and papers in front of them. Some students appear to be reading or writing, while others seem to be resting their heads on their hands or looking away from the task at hand.

Posture: The majority of the students have a slumped posture, suggesting that they may not be fully engaged in the learning activity. Their visual attention is directed downwards towards their desks and materials rather than upwards towards the front of the classroom where the teacher or presentation might be taking place.

Rating: 1 (barely engaged) - The students' posture and the fact that they are resting their heads on their hands indicate a low level of engagement in the learning activity. Their attention seems to be divided between the task at hand and other distractions, which is not conducive to focused learning.",,0
993,3001293.png,/home/ubuntu/SCB-05-Dataset/5k_HRW_Dataset_combined/images/val/3001293.png,2,2,"Behaviors: The students in this classroom are actively engaged in reading books. They are sitting at desks with open books in front of them, and their attention is focused on the task at hand.
Posture: The students are seated upright in their chairs, indicating that they are attentive and focused on their reading activity.
Rating: 2",,0
994,3001295.png,/home/ubuntu/SCB-05-Dataset/5k_HRW_Dataset_combined/images/val/3001295.png,2,2,"Behaviors: The students in the classroom are sitting at desks and appear to be engaged in writing or reading. Some of them may also be interacting with their devices, such as cell phones or tablets.
Posture: The students are seated upright, focused on their tasks.
Rating: 2",,0
995,3001294.png,/home/ubuntu/SCB-05-Dataset/5k_HRW_Dataset_combined/images/val/3001294.png,2,2,"Behaviors: The students in the classroom are sitting at desks and appear to be engaged in some form of activity, possibly writing or reading.
Posture: The students are seated upright with their attention directed towards their tasks.
Rating: 2",,0
996,3001306.png,/home/ubuntu/SCB-05-Dataset/5k_HRW_Dataset_combined/images/val/3001306.png,2,2,"Behaviors: The students in the classroom are sitting at desks and appear to be engaged in a group activity. They seem to be focused on their work, with some students looking down at their papers while others are looking up towards the front of the room.

Posture: The students are seated upright in their chairs, suggesting that they are attentive and actively participating in the class.

Rating: Based on the behaviors and posture observed, I would rate the overall engagement level of the majority of students as 2 for engaged. While some students may be more focused than others, the general atmosphere suggests that they are actively involved in their learning activities.",,0
997,3001324.png,/home/ubuntu/SCB-05-Dataset/5k_HRW_Dataset_combined/images/val/3001324.png,2,2,"Behaviors: The students in the classroom are sitting at desks and appear to be engaged in writing or drawing on paper. Some of them have their heads down, possibly indicating concentration or fatigue.
Posture: The students are seated upright with their attention directed towards their work.
Rating: 2",,0
998,3001333.png,/home/ubuntu/SCB-05-Dataset/5k_HRW_Dataset_combined/images/val/3001333.png,2,2,"Behaviors: The students in the classroom are sitting at desks and appear to be engaged in writing or drawing on paper.
Posture: Most of the students have their heads down, suggesting that they are focused on their tasks.
Rating: Based on the behaviors and posture observed, I would rate the overall engagement level of the majority of students as 2 for engaged.",,0
999,3001334.png,/home/ubuntu/SCB-05-Dataset/5k_HRW_Dataset_combined/images/val/3001334.png,2,2,"Behaviors: The students in the classroom are sitting at desks and appear to be engaged in reading books. They seem focused on their tasks.

Posture: The students are seated upright with their attention directed towards the books they are reading.

Rating: Based on the behaviors and posture observed, I would rate the overall engagement level of the majority of students as 2 for engaged. While all students are present in the classroom and appear to be focused on their books, there is no clear indication that they are actively participating in a discussion or group activity, which could suggest a higher level of engagement. However, since they are reading, it can be assumed that they are at least somewhat engaged with their learning material.",,0
1000,3001337.png,/home/ubuntu/SCB-05-Dataset/5k_HRW_Dataset_combined/images/val/3001337.png,2,2,"Behaviors: The students in this classroom are predominantly focused on their work, with most of them sitting at desks and writing or reading. Some students appear to be looking down at their books or papers, while a few may be engaged in conversation with each other.

Posture: The students' postures vary, but many of them are sitting upright at their desks, indicating that they are actively participating in the class.

Rating: Based on the behaviors and posture observed, I would rate the overall engagement level of the majority of students as a 2 for being engaged. While most students seem to be focused on their work, there is no clear indication of high levels of engagement or enthusiasm. The classroom environment appears to be orderly and conducive to learning, but it does not showcase any signs of exceptional engagement among the students.",,0
1001,3001341.png,/home/ubuntu/SCB-05-Dataset/5k_HRW_Dataset_combined/images/val/3001341.png,2,2,"Behaviors: The students in the classroom are sitting at desks and appear to be engaged in writing or taking notes. Some of them may also be looking at their surroundings or interacting with each other.
Posture: Most of the students are seated upright, facing towards the front of the room where a teacher is present, indicating that they are focused on the ongoing lesson or activity.
Rating: 2 - The students seem to be actively participating in the classroom activities, suggesting an engagement level that falls between barely engaged and highly engaged.",,0
1002,3001343.png,/home/ubuntu/SCB-05-Dataset/5k_HRW_Dataset_combined/images/val/3001343.png,2,2,"Behaviors: The students in the classroom are sitting at desks and appear to be engaged in an activity that involves writing or reading. Some of them have their heads down on the desks, which could indicate a moment of rest or concentration.

Posture: The students are seated upright with their attention directed towards the front of the room, where the teacher is likely leading the class. Their body language suggests they are focused on the task at hand.

Rating: Based on the behaviors and posture observed in the image, I would rate the overall engagement level of the majority of students as 2 for engaged. The students seem to be actively participating in the classroom activity, but there is no clear indication that they are highly engaged or showing signs of restlessness or disengagement.",,0
1003,3001348.png,/home/ubuntu/SCB-05-Dataset/5k_HRW_Dataset_combined/images/val/3001348.png,2,2,"Behaviors: The students in the classroom are sitting at desks and appear to be engaged in an activity that involves writing or drawing. They seem focused on their tasks.

Posture: The students are seated upright with their attention directed towards their work.

Rating: 2",,0
1004,3001354.png,/home/ubuntu/SCB-05-Dataset/5k_HRW_Dataset_combined/images/val/3001354.png,2,2,"Behaviors: The students in the classroom are actively engaged in reading books and paying attention to a teacher who is likely leading a lesson.
Posture: The students are sitting upright at their desks, with most of them focused on the task at hand.
Rating: Based on the behaviors and posture observed, I would rate the overall engagement level of the majority of students as 2 for engaged.",,0
1005,3001359.png,/home/ubuntu/SCB-05-Dataset/5k_HRW_Dataset_combined/images/val/3001359.png,2,2,"Behaviors: The students in the classroom are actively participating in a group activity, with one woman standing and interacting with them while they are seated. They appear to be engaged in a discussion or performance, as suggested by their focused attention on her and each other.
Posture: The students are sitting upright, facing towards the front of the room where the woman is standing, indicating that they are attentive and actively involved in the activity.
Rating: 2",,0
1006,3001362.png,/home/ubuntu/SCB-05-Dataset/5k_HRW_Dataset_combined/images/val/3001362.png,2,2,"Behaviors: The students in the classroom are sitting at desks with books and papers in front of them. They appear to be engaged in reading or writing, as they have their heads down and are focused on their work.
Posture: The students are seated upright in their chairs, maintaining a posture that suggests concentration and engagement with their tasks.
Rating: 2 - The students seem to be actively participating in the classroom activity, indicating an engaged level of learning.",,0
1007,3001366.png,/home/ubuntu/SCB-05-Dataset/5k_HRW_Dataset_combined/images/val/3001366.png,3,2,"Behaviors: The students in the classroom are sitting at desks and appear to be engaged in a group activity. Some of them are looking towards the front of the room where the teacher is likely leading the class, while others seem to be focused on their own tasks.

Posture: The students are seated upright with their attention directed towards the front of the classroom or their desks, indicating that they are actively participating in the activity.

Rating: Based on the behaviors and posture observed, I would rate the overall engagement level of the majority of students as 2 for engaged. While some students may be more focused than others, the general atmosphere suggests that the class is actively involved in their learning experience.",,0
1008,3001375.png,/home/ubuntu/SCB-05-Dataset/5k_HRW_Dataset_combined/images/val/3001375.png,2,2,"Behaviors: The students in this classroom are sitting at desks and appear to be engaged in writing or reading. They seem focused on their tasks.

Posture: The students are seated upright with their attention directed towards the task at hand, which is likely related to writing or reading.

Rating: 2",,0
1009,3001377.png,/home/ubuntu/SCB-05-Dataset/5k_HRW_Dataset_combined/images/val/3001377.png,2,2,"Behaviors: The students in this classroom environment are predominantly focused on their work. They are sitting at desks and working on books, with some students looking down at the books they are reading or writing in.
Posture: The students appear to be sitting upright, indicating that they are actively engaged in their tasks. Their visual attention is directed towards their books or other materials, suggesting a high level of focus.
Rating: Based on the behaviors and posture observed, I would rate the overall engagement level of the majority of students as 2 for engaged. While some students may be more focused than others, the general atmosphere in the classroom seems to be one of active participation and learning.",,0
1010,3001382.png,/home/ubuntu/SCB-05-Dataset/5k_HRW_Dataset_combined/images/val/3001382.png,2,2,"Behaviors: The students in the classroom are sitting at desks and appear to be engaged in writing or reading. Some of them have their heads resting on their hands, suggesting a level of fatigue or boredom.
Posture: The students' postures vary; some are sitting upright while others lean forward or rest their heads on their hands. Their visual attention seems to be directed towards the front of the classroom, where the teacher is likely providing instruction or guidance.
Rating: 2",,0
1011,3001383.png,/home/ubuntu/SCB-05-Dataset/5k_HRW_Dataset_combined/images/val/3001383.png,2,2,"Behaviors: The students in the classroom are sitting at desks and appear to be engaged in an activity that involves writing or drawing. They seem focused on their tasks.

Posture: The students are seated upright with their attention directed towards their work.

Rating: 2",,0
1012,3001385.png,/home/ubuntu/SCB-05-Dataset/5k_HRW_Dataset_combined/images/val/3001385.png,2,2,"Behaviors: The students in the classroom are sitting at desks and appear to be engaged in an activity that involves writing or drawing. They seem focused on their tasks.

Posture: The students are seated upright with their attention directed towards their work.

Rating: 2",,0
1013,3001389.png,/home/ubuntu/SCB-05-Dataset/5k_HRW_Dataset_combined/images/val/3001389.png,2,2,"Behaviors: The students in the classroom are sitting at desks and appear to be engaged in various activities. Some of them are looking down at their desks, while others seem to be focused on a task or discussion. There is no clear indication that they are using devices or raising hands.

Posture: The students are seated upright with their attention directed towards the front of the classroom, suggesting that they are actively participating in the class.

Rating: Based on the behaviors and posture observed, I would rate the overall engagement level of the majority of students as 2 for engaged. While some students may be more focused than others, it is evident that they are all present and attentive to their surroundings.",,0
1014,3001387.png,/home/ubuntu/SCB-05-Dataset/5k_HRW_Dataset_combined/images/val/3001387.png,2,2,"Behaviors: The students in the classroom are sitting at desks and appear to be engaged in a group activity. They seem to be focused on something happening in front of them, possibly related to the whiteboard with writing on it.
Posture: Most of the students are sitting upright with their attention directed towards the front of the room, suggesting that they are actively participating in the class or activity.
Rating: 2",,0
1015,3001393.png,/home/ubuntu/SCB-05-Dataset/5k_HRW_Dataset_combined/images/val/3001393.png,2,2,"Behaviors: The students in the classroom are sitting at desks and appear to be engaged in a group activity, possibly listening to an instructor or participating in a discussion.
Posture: The students are seated upright with their attention directed towards the front of the room, suggesting that they are focused on the ongoing activity.
Rating: 2",,0
1016,3002005.png,/home/ubuntu/SCB-05-Dataset/5k_HRW_Dataset_combined/images/val/3002005.png,2,2,"Behaviors: The students in this classroom are predominantly sitting at their desks and engaging with various activities. Some of them appear to be writing or reading, while others seem to be resting their heads on the desks or looking around the room.

Posture: The majority of the students have a relatively relaxed posture, with some leaning forward slightly over their desks, suggesting that they are focused on their work. Their gaze is directed towards their desks and the front of the classroom, indicating that they are attentive to the ongoing lesson or activity.

Rating: Based on the behaviors and posture observed in the image, I would rate the overall engagement level of the majority of students as a 2 for being engaged. While some students seem to be actively participating in the class activities, others appear to be less focused, which suggests that their level of engagement is moderate rather than highly engaged.",,0
1017,3002008.png,/home/ubuntu/SCB-05-Dataset/5k_HRW_Dataset_combined/images/val/3002008.png,2,2,"Behaviors: The students in the classroom are sitting at desks and appear to be engaged in writing or drawing on paper. Some of them may also be looking at their work or interacting with each other.
Posture: Most of the students are seated upright at their desks, suggesting that they are focused on their tasks.
Rating: Based on the behaviors and posture observed, I would rate the overall engagement level of the majority of students as 2 for engaged.",,0
1018,3002009.png,/home/ubuntu/SCB-05-Dataset/5k_HRW_Dataset_combined/images/val/3002009.png,2,2,"Behaviors: The students in the classroom are sitting at desks and appear to be engaged in a learning activity. They are looking down at their books or papers, suggesting that they are focused on their work.
Posture: The students are seated upright with their attention directed towards their tasks.
Rating: 2",,0
1019,3002010.png,/home/ubuntu/SCB-05-Dataset/5k_HRW_Dataset_combined/images/val/3002010.png,2,2,"Behaviors: The students in this classroom are predominantly focused on their work. They are sitting at desks and appear to be engaged in reading, writing, or studying from books. Some students may also be using devices such as laptops or tablets.

Posture: The students are seated upright with their attention directed towards the front of the room, where a teacher is likely leading the class. Their body language suggests that they are actively participating in the learning process.

Rating: Based on the behaviors and posture observed, I would rate the overall engagement level of the majority of students as 2 for engaged. The students seem to be actively involved in their studies, but it is not possible to determine if they are highly engaged or barely engaged without more information about their individual actions and expressions.",,0
1020,3002018.png,/home/ubuntu/SCB-05-Dataset/5k_HRW_Dataset_combined/images/val/3002018.png,3,2,"Behaviors: The students in the classroom are sitting at desks with their attention directed towards the front of the room where a teacher is likely presenting. Some students appear to be actively engaged in writing or taking notes, while others seem to be listening attentively.

Posture: Most of the students are seated upright and facing forward, indicating that they are focused on the ongoing lesson.

Rating: Based on their posture and engagement in activities such as writing or paying attention, I would rate the overall engagement level of the majority of students as 2 for engaged.",,0
1021,3002033.png,/home/ubuntu/SCB-05-Dataset/5k_HRW_Dataset_combined/images/val/3002033.png,2,2,"Behaviors: The students in the classroom are sitting at desks and appear to be engaged in a learning activity. One student is standing up and seems to be actively participating in the class, possibly giving a presentation or leading a discussion.
Posture: Most of the students are sitting upright with their attention directed towards the front of the room where the teacher or presenter is likely speaking.
Rating: 2",,0
1022,3002034.png,/home/ubuntu/SCB-05-Dataset/5k_HRW_Dataset_combined/images/val/3002034.png,2,2,"Behaviors: The students in the classroom are sitting at desks and appear to be engaged in an activity that involves reading or writing. They seem focused on their work, with some students looking down at their books or papers while others may be interacting with each other or the teacher.

Posture: The students are seated upright in their chairs, suggesting they are attentive and actively participating in the classroom activity. Their gaze is directed towards their desks or the materials they are working on.

Rating: Based on the behaviors and posture observed in the image, I would rate the overall engagement level of the majority of students as 2 for engaged. The students seem to be actively involved in the task at hand, but it's not possible to determine their level of focus or comprehension from this single snapshot.",,0
1023,3002037.png,/home/ubuntu/SCB-05-Dataset/5k_HRW_Dataset_combined/images/val/3002037.png,2,2,"Behaviors: The students in the classroom are sitting at desks and appear to be engaged in an activity that involves writing or reading. They seem focused on their work.

Posture: The students are seated upright with their attention directed towards their tasks.

Rating: 2",,0
1024,3002043.png,/home/ubuntu/SCB-05-Dataset/5k_HRW_Dataset_combined/images/val/3002043.png,2,2,"Behaviors: The students in the classroom are sitting at desks and appear to be engaged in an activity that involves writing. They seem to be focused on their work, with some looking down at their papers while others may be looking up towards the front of the room.

Posture: The students are seated upright in their chairs, suggesting they are attentive and actively participating in the class.

Rating: Based on the behaviors and posture observed, I would rate the overall engagement level of the majority of students as 2 for engaged. While some students may be more focused than others, the general atmosphere suggests that they are actively involved in the classroom activity.",,0
1025,3002044.png,/home/ubuntu/SCB-05-Dataset/5k_HRW_Dataset_combined/images/val/3002044.png,2,2,"Behaviors: The students in the classroom are sitting at desks and appear to be engaged in writing or reading. They seem focused on their tasks.

Posture: The students are seated upright with their attention directed towards their work.

Rating: Based on the behaviors and posture observed, I would rate the overall engagement level of the majority of students as 2 for engaged.",,0
1026,3002045.png,/home/ubuntu/SCB-05-Dataset/5k_HRW_Dataset_combined/images/val/3002045.png,2,2,"Behaviors: The students in the classroom are sitting at desks and appear to be engaged in an activity that involves writing. They seem to be focused on their work, with some students looking down at their papers while others may be looking up towards the front of the room.

Posture: The students are seated upright in their chairs, suggesting they are attentive and actively participating in the classroom activity.

Rating: Based on the behaviors and posture observed in the image, I would rate the overall engagement level of the majority of students as 2 for engaged. While some students may be more focused than others, it is clear that most of them are actively involved in the writing task at hand.",,0
1027,3002055.png,/home/ubuntu/SCB-05-Dataset/5k_HRW_Dataset_combined/images/val/3002055.png,2,2,"Behaviors: The students in the classroom are sitting at desks and appear to be engaged in reading books. They seem focused on their tasks.

Posture: The students are seated upright with their attention directed towards the books they are reading.

Rating: Based on the behaviors and posture observed, I would rate the overall engagement level of the majority of students as 2 for engaged.",,0
1028,3002059.png,/home/ubuntu/SCB-05-Dataset/5k_HRW_Dataset_combined/images/val/3002059.png,2,2,"Behaviors: The students in this classroom are sitting at desks and appear to be engaged in a learning activity. They seem to be focused on the front of the room where a teacher is likely providing instruction.
Posture: The students are seated upright with their attention directed towards the front of the room, suggesting that they are actively participating in the class.
Rating: 2",,0
1029,3002060.png,/home/ubuntu/SCB-05-Dataset/5k_HRW_Dataset_combined/images/val/3002060.png,2,2,"Behaviors: The students in the classroom are sitting at desks and appear to be engaged in writing or drawing on paper.
Posture: Most of the students have their heads down, suggesting that they are focused on their work.
Rating: Based on the behaviors and posture observed, I would rate the overall engagement level of the majority of students as 2 for engaged.",,0
1030,3002063.png,/home/ubuntu/SCB-05-Dataset/5k_HRW_Dataset_combined/images/val/3002063.png,2,2,"Behaviors: The students in the classroom are sitting at desks and appear to be engaged in an activity that involves writing or reading. They seem focused on their work.

Posture: The students are seated upright with their attention directed towards their tasks.

Rating: 2",,0
1031,3002066.png,/home/ubuntu/SCB-05-Dataset/5k_HRW_Dataset_combined/images/val/3002066.png,2,2,"Behaviors: The students in the classroom are sitting at desks and appear to be engaged in an activity that involves writing or reading. They seem focused on their tasks.

Posture: The students are seated upright with their attention directed towards their work.

Rating: 2",,0
1032,3002069.png,/home/ubuntu/SCB-05-Dataset/5k_HRW_Dataset_combined/images/val/3002069.png,2,2,"Behaviors: The students in the classroom are sitting at desks and appear to be engaged in writing or reading. They seem focused on their tasks.

Posture: The students are seated upright with their attention directed towards their work.

Rating: Based on the behaviors and posture observed, I would rate the overall engagement level of the majority of students as 2 for engaged.",,0
1033,3002071.png,/home/ubuntu/SCB-05-Dataset/5k_HRW_Dataset_combined/images/val/3002071.png,3,2,"Behaviors: The students in the classroom are sitting at desks with their attention directed towards the front of the room where a teacher is likely to be giving instructions. Some students appear to be looking down at their desks, while others seem to be paying attention to the teacher or the task at hand.

Posture: The students are seated upright in their chairs, suggesting that they are attentive and focused on the ongoing lesson.

Rating: 2",,0
1034,3002079.png,/home/ubuntu/SCB-05-Dataset/5k_HRW_Dataset_combined/images/val/3002079.png,2,2,"Behaviors: The students in the classroom are sitting at desks and looking at books, with some of them actively reading or writing.
Posture: The students appear to be sitting upright and focused on their tasks.
Rating: Based on the behaviors and posture observed, I would rate the overall engagement level of the majority of students as 2 for engaged.",,0
1035,3002083.png,/home/ubuntu/SCB-05-Dataset/5k_HRW_Dataset_combined/images/val/3002083.png,3,2,"Behaviors: The students in the classroom are sitting at desks with notebooks and pens, suggesting that they are engaged in a learning activity. Some of them appear to be looking at their books or notes, while others may be paying attention to the teacher or the front of the room.

Posture: The students' postures vary; some are sitting upright, while others have their heads resting on their hands or desks. This suggests a range of engagement levels among the class.

Rating: Based on the behaviors and posture observed in the image, I would rate the overall engagement level of the majority of students as 2 for engaged. While some students seem to be actively participating in the learning activity, others appear to be less focused or attentive. This could indicate a need for better teaching methods or strategies to keep all students engaged and interested in the lesson.",,0
1036,3002106.png,/home/ubuntu/SCB-05-Dataset/5k_HRW_Dataset_combined/images/val/3002106.png,2,2,"Behaviors: The students in the classroom are sitting at desks and appear to be engaged in an activity. Some of them are looking down at their books or papers, while others seem to be paying attention to a teacher or presentation.
Posture: Most of the students have upright postures with their heads facing forward, indicating that they are focused on the task at hand.
Rating: 2",,0
1037,3002107.png,/home/ubuntu/SCB-05-Dataset/5k_HRW_Dataset_combined/images/val/3002107.png,2,2,"Behaviors: The students in the classroom are sitting at desks and appear to be engaged in an activity that involves writing or reading. They seem focused on their tasks.

Posture: The students are seated upright with their attention directed towards their work.

Rating: 2",,0
1038,3002108.png,/home/ubuntu/SCB-05-Dataset/5k_HRW_Dataset_combined/images/val/3002108.png,2,2,"Behaviors: The students in the classroom are sitting at desks and appear to be engaged in an activity that involves writing or reading. They seem focused on their tasks.

Posture: The students are seated upright with their attention directed towards their work.

Rating: 2",,0
1039,3002118.png,/home/ubuntu/SCB-05-Dataset/5k_HRW_Dataset_combined/images/val/3002118.png,3,2,"Behaviors: The students in the classroom are sitting at desks and appear to be engaged in a group activity. They seem to be listening attentively to the teacher or an instructional video playing on a screen.
Posture: Most of the students have their heads down, suggesting that they might be focused on the task at hand or possibly tired.
Rating: 2",,0
1040,3002123.png,/home/ubuntu/SCB-05-Dataset/5k_HRW_Dataset_combined/images/val/3002123.png,2,2,"Behaviors: The students in the classroom are sitting at desks and appear to be engaged in writing or reading. They seem focused on their tasks.

Posture: The students are seated upright with their attention directed towards their work.

Rating: Based on the behaviors and posture observed, I would rate the overall engagement level of the majority of students as 2 for engaged.",,0
1041,3002125.png,/home/ubuntu/SCB-05-Dataset/5k_HRW_Dataset_combined/images/val/3002125.png,2,2,"Behaviors: The students in the classroom are sitting at desks and reading books. They appear to be engaged in their learning activities.

Posture: The students are seated upright with their attention directed towards their books, indicating a level of focus on their studies.

Rating: 2",,0
1042,3002126.png,/home/ubuntu/SCB-05-Dataset/5k_HRW_Dataset_combined/images/val/3002126.png,2,2,"Behaviors: The students in the classroom are sitting at desks and appear to be engaged in various activities. Some of them are looking down at their desks, while others seem to be interacting with each other or possibly with a teacher or teaching assistant.
Posture: The students are seated upright in their chairs, suggesting that they are attentive and focused on the task at hand.
Rating: Based on the behaviors and posture observed, I would rate the overall engagement level of the majority of students as 2 for engaged. While some students may be more actively participating than others, it is clear that they are all present in the classroom and attentive to their surroundings.",,0
1043,3002128.png,/home/ubuntu/SCB-05-Dataset/5k_HRW_Dataset_combined/images/val/3002128.png,2,2,"Behaviors: The students in the classroom are sitting at desks and appear to be engaged in an activity that involves reading or writing. They seem to be focused on their tasks, with some students looking down at their papers or devices.

Posture: The students are seated upright in their chairs, suggesting they are attentive and actively participating in the class.

Rating: Based on the behaviors and posture observed, I would rate the overall engagement level of the majority of students as 2 for engaged. While some students may be more focused than others, the general atmosphere suggests that most students are actively involved in the classroom activity.",,0
1044,3002133.png,/home/ubuntu/SCB-05-Dataset/5k_HRW_Dataset_combined/images/val/3002133.png,2,2,"Behaviors: The students in the classroom are sitting at desks and appear to be engaged in an activity that involves writing or reading. They seem focused on their work.

Posture: The students are seated upright with their attention directed towards their tasks.

Rating: 2",,0
1045,3002135.png,/home/ubuntu/SCB-05-Dataset/5k_HRW_Dataset_combined/images/val/3002135.png,2,2,"Behaviors: The students in the classroom are sitting at desks and appear to be engaged in a group activity. They are looking down at their papers, suggesting that they are focused on their work.
Posture: The students are seated upright with their attention directed towards their papers or the task at hand.
Rating: 2",,0
1046,3002140.png,/home/ubuntu/SCB-05-Dataset/5k_HRW_Dataset_combined/images/val/3002140.png,2,2,"Behaviors: The students in the classroom are sitting at desks and appear to be engaged in writing or taking notes. Some of them are looking down at their papers, while others seem to be focused on the task at hand.
Posture: The students are seated upright with their attention directed towards their work.
Rating: 2",,0
1047,3002156.png,/home/ubuntu/SCB-05-Dataset/5k_HRW_Dataset_combined/images/val/3002156.png,2,2,"Behaviors: The students in the classroom are sitting at desks and appear to be engaged in writing or taking notes. Some of them are looking down at their papers, while others seem to be focused on the front of the room where a teacher or speaker is likely present.

Posture: The students are seated upright with their attention directed towards the front of the classroom, indicating that they are actively participating in the class activity.

Rating: Based on the behaviors and posture observed, I would rate the overall engagement level of the majority of students as 2 for engaged. While most students seem to be focused on their tasks, there is no clear indication of high levels of engagement or enthusiasm. The students appear to be attentive but not overly invested in the class activity.",,0
1048,3002157.png,/home/ubuntu/SCB-05-Dataset/5k_HRW_Dataset_combined/images/val/3002157.png,2,2,"Behaviors: The students in the classroom are sitting at desks and appear to be engaged in reading or writing. Some of them have their heads down on the desks, which could indicate a lack of focus or fatigue.

Posture: The students are seated upright with their attention directed towards their work, suggesting that they are focused on their tasks.

Rating: 2",,0
1049,3002165.png,/home/ubuntu/SCB-05-Dataset/5k_HRW_Dataset_combined/images/val/3002165.png,2,2,"Behaviors: The students in the classroom are sitting at desks and appear to be engaged in various activities. Some of them are writing on papers, while others seem to be reading or working on their laptops.

Posture: The students are seated upright with their attention directed towards their work. Their body language suggests that they are focused on their tasks.

Rating: 2",,0
1050,3002173.png,/home/ubuntu/SCB-05-Dataset/5k_HRW_Dataset_combined/images/val/3002173.png,2,2,"Behaviors: The students in the classroom are sitting at desks with notebooks and pens, some of them appear to be writing or drawing, while others seem to be looking around or interacting with each other.
Posture: Most of the students have an upright posture, suggesting they are attentive and engaged in their tasks.
Rating: 2",,0
1051,3002177.png,/home/ubuntu/SCB-05-Dataset/5k_HRW_Dataset_combined/images/val/3002177.png,2,2,"Behaviors: The students in this classroom environment are predominantly engaged in writing and reading activities. They are sitting at desks with notebooks and pens, focusing on their tasks.
Posture: The students appear to be sitting upright with their attention directed towards the task at hand.
Rating: 2",,0
1052,3002198.png,/home/ubuntu/SCB-05-Dataset/5k_HRW_Dataset_combined/images/val/3002198.png,2,2,"Behaviors: The students in the classroom are sitting at desks with laptops open in front of them. They appear to be engaged in a lecture or presentation, as they are facing towards the front of the room where a teacher is standing.

Posture: The students are seated upright and attentive, looking forward towards the front of the room.

Rating: 2",,0
1053,3002189.png,/home/ubuntu/SCB-05-Dataset/5k_HRW_Dataset_combined/images/val/3002189.png,2,2,"Behaviors: The students in this classroom are sitting at desks and appear to be engaged in writing or reading. They seem focused on their tasks.

Posture: The students are seated upright with their attention directed towards the task at hand, which is likely related to writing or reading.

Rating: 2",,0
1054,3002236.png,/home/ubuntu/SCB-05-Dataset/5k_HRW_Dataset_combined/images/val/3002236.png,2,2,"Behaviors: The students in the classroom are sitting at desks and reading books. They appear to be focused on their tasks.

Posture: The students are seated upright with their attention directed towards their books.

Rating: Based on the behaviors and posture observed, I would rate the overall engagement level of the majority of students as 2 for engaged. While they are actively reading, there is no clear indication that they are interacting with each other or the teacher in a way that suggests high engagement.",,0
1055,3002209.png,/home/ubuntu/SCB-05-Dataset/5k_HRW_Dataset_combined/images/val/3002209.png,2,2,"Behaviors: The students in the classroom are actively engaged in reading books. They are standing around a table and holding open books, indicating that they are focused on their reading material.
Posture: The students have upright postures with their attention directed towards the books they are reading.
Rating: 2",,0
1056,3002238.png,/home/ubuntu/SCB-05-Dataset/5k_HRW_Dataset_combined/images/val/3002238.png,2,2,"Behaviors: The students in the classroom are sitting at desks and appear to be engaged in an activity that involves writing or drawing. They seem focused on their tasks.

Posture: The students are seated upright with their attention directed towards their work.

Rating: 2",,0
1057,3002245.png,/home/ubuntu/SCB-05-Dataset/5k_HRW_Dataset_combined/images/val/3002245.png,3,2,"Behaviors: The students are sitting in a classroom environment, with one person standing and gesturing towards the camera. They appear to be attentive as they watch the man speaking.
Posture: The students are seated upright, facing forward, and their attention seems to be directed towards the speaker or the front of the room.
Rating: 2",,0
1058,3002248.png,/home/ubuntu/SCB-05-Dataset/5k_HRW_Dataset_combined/images/val/3002248.png,2,2,"Behaviors: The students in the classroom are sitting at desks and appear to be engaged in a learning activity. They seem to be focused on their work, with some looking down at their papers or books, while others may be interacting with each other or the teacher.
Posture: The students are seated upright in their chairs, suggesting that they are attentive and actively participating in the class.
Rating: Based on the behaviors and posture observed, I would rate the overall engagement level of the majority of students as a 2 for engaged. While some students may be more focused than others, it seems that most of them are actively involved in the learning activity.",,0
1059,3003003.png,/home/ubuntu/SCB-05-Dataset/5k_HRW_Dataset_combined/images/val/3003003.png,3,2,"Behaviors: The students in the classroom are sitting at desks and appear to be engaged in a learning activity. They are looking towards the front of the room where a teacher is standing, suggesting that they are paying attention to the lesson being taught.
Posture: The students are seated upright with their gaze directed forward, indicating that they are focused on the ongoing class.
Rating: 2",,0
1060,3003006.png,/home/ubuntu/SCB-05-Dataset/5k_HRW_Dataset_combined/images/val/3003006.png,3,2,"Behaviors: The students in the classroom are sitting at desks and facing towards the front of the room where a teacher is standing. They appear to be attentive and engaged in the ongoing lesson.
Posture: The students are seated upright with their attention directed forward, indicating that they are actively participating in the class.
Rating: 2 (engaged)",,0
1061,3003007.png,/home/ubuntu/SCB-05-Dataset/5k_HRW_Dataset_combined/images/val/3003007.png,3,2,"Behaviors: The students in the classroom are sitting at desks and appear to be engaged in a learning activity. They are looking towards the front of the room where the teacher is standing, suggesting that they are paying attention to the lesson being taught.
Posture: The students are seated upright with their gaze directed forward, indicating that they are focused on the ongoing lesson.
Rating: 2",,0
1062,3003018.png,/home/ubuntu/SCB-05-Dataset/5k_HRW_Dataset_combined/images/val/3003018.png,2,2,"Behaviors: The students in the classroom are sitting at desks and appear to be engaged in an activity that involves writing or drawing on paper. They seem to be focused on their work.
Posture: The students are seated upright with their attention directed towards their tasks.
Rating: 2",,0
1063,3003021.png,/home/ubuntu/SCB-05-Dataset/5k_HRW_Dataset_combined/images/val/3003021.png,2,2,"Behaviors: The students in the classroom are sitting at desks and appear to be engaged in an activity that involves writing or reading. They seem focused on their tasks.

Posture: The students are seated upright with their attention directed towards their work.

Rating: 2",,0
1064,3003030.png,/home/ubuntu/SCB-05-Dataset/5k_HRW_Dataset_combined/images/val/3003030.png,2,2,"Behaviors: The students in the classroom are sitting at desks and facing a large screen displaying an educational video. They appear to be attentive and engaged with the content being shown on the screen.
Posture: The students are seated upright in their chairs, suggesting that they are actively participating in the class.
Rating: 2",,0
1065,3003036.png,/home/ubuntu/SCB-05-Dataset/5k_HRW_Dataset_combined/images/val/3003036.png,2,2,"Behaviors: The students in the classroom are sitting at desks with their attention directed towards a teacher who is standing and speaking. Some students appear to be taking notes or looking at materials on their desks.

Posture: The students are seated upright in their chairs, suggesting that they are attentive and engaged in the ongoing lesson.

Rating: 2",,0
1066,3003048.png,/home/ubuntu/SCB-05-Dataset/5k_HRW_Dataset_combined/images/val/3003048.png,3,2,"Behaviors: The students in the classroom are sitting at desks and facing towards the front of the room where a teacher is standing. They appear to be attentive and engaged in the ongoing lesson.
Posture: The students are seated upright with their attention directed towards the front of the room, indicating that they are actively participating in the class.
Rating: 2",,0
1067,3003053.png,/home/ubuntu/SCB-05-Dataset/5k_HRW_Dataset_combined/images/val/3003053.png,3,2,"Behaviors: The students in the classroom are actively participating in a lesson, with one person standing at the front of the room, likely teaching or presenting, while the rest of the class is seated and attentive.
Posture: The students appear to be sitting upright and facing towards the front of the room, indicating that they are focused on the ongoing activity.
Rating: 2",,0
1068,3003059.png,/home/ubuntu/SCB-05-Dataset/5k_HRW_Dataset_combined/images/val/3003059.png,3,2,"Behaviors: The students in the classroom are sitting at desks and facing towards the front of the room where a teacher is standing. They appear to be attentive as they are looking at the teacher who is writing on the chalkboard.
Posture: The students are seated upright, with their attention directed towards the front of the room.
Rating: 2 (engaged)",,0
1069,3003067.png,/home/ubuntu/SCB-05-Dataset/5k_HRW_Dataset_combined/images/val/3003067.png,3,2,"Behaviors: The students in the classroom are sitting at desks and appear to be engaged in a lesson. One student is standing up and seems to be actively participating in the class, possibly giving a presentation or demonstration.
Posture: Most of the students are sitting upright with their attention directed towards the front of the room where the teacher or presenter is likely speaking.
Rating: 2",,0
1070,3003069.png,/home/ubuntu/SCB-05-Dataset/5k_HRW_Dataset_combined/images/val/3003069.png,3,2,"Behaviors: The students in the classroom are sitting at desks and appear to be engaged in a lecture or presentation. One woman is standing at the front of the room, possibly leading the session, while the students are attentively looking towards her.

Posture: The students are seated upright with their attention directed towards the front of the room where the woman is speaking. Their body language suggests that they are actively participating in the class.

Rating: Based on the behaviors and posture observed in the image, I would rate the overall engagement level of the majority of students as 2 for engaged. The students seem to be attentive and focused on the speaker, indicating a moderate level of engagement. However, without more context or information about their actions, it is difficult to accurately assess their learning engagement.",,0
1071,3003077.png,/home/ubuntu/SCB-05-Dataset/5k_HRW_Dataset_combined/images/val/3003077.png,3,2,"Behaviors: The students in the classroom are sitting at desks and appear to be engaged in a lesson being taught by a woman standing at the front of the room. They seem to be listening attentively and possibly taking notes or following along with the teacher's instructions.

Posture: The students are seated upright, facing towards the front of the classroom where the teacher is standing. Their body language suggests that they are actively participating in the lesson.

Rating: Based on their posture and the fact that they seem to be attentively engaged in the lesson, I would rate the overall engagement level of the majority of students as 2 for engaged.",,0
1072,3003079.png,/home/ubuntu/SCB-05-Dataset/5k_HRW_Dataset_combined/images/val/3003079.png,2,2,"Behaviors: The students in the classroom are sitting at desks with various materials such as books and papers. They appear to be engaged in a learning activity, possibly listening to a lecture or participating in a group discussion.
Posture: The students are seated upright, facing towards the front of the room where the teacher is likely standing. Their attention seems focused on the ongoing activity or lesson.
Rating: 2",,0
1073,3003082.png,/home/ubuntu/SCB-05-Dataset/5k_HRW_Dataset_combined/images/val/3003082.png,3,2,"Behaviors: The students in the classroom are sitting at desks and appear to be engaged in an activity. They seem to be focused on a task or listening to someone speaking.
Posture: Most of the students have their heads down, suggesting that they might be working on something or paying close attention to what is being taught.
Rating: 2",,0
1074,3003083.png,/home/ubuntu/SCB-05-Dataset/5k_HRW_Dataset_combined/images/val/3003083.png,2,2,"Behaviors: The students in the classroom are sitting at desks and appear to be engaged in an activity that involves writing or drawing. They seem to be focused on their work.
Posture: The students are seated upright with their attention directed towards their tasks.
Rating: 2",,0
1075,3003087.png,/home/ubuntu/SCB-05-Dataset/5k_HRW_Dataset_combined/images/val/3003087.png,3,2,"Behaviors: The students in the classroom are sitting at desks with their attention directed towards the front of the room where a teacher is standing. Some students appear to be looking down at their desks, while others are looking up at the teacher.

Posture: The students are seated upright in their chairs, suggesting that they are attentive and focused on the ongoing lesson or activity.

Rating: 2",,0
1076,3003091.png,/home/ubuntu/SCB-05-Dataset/5k_HRW_Dataset_combined/images/val/3003091.png,3,2,"Behaviors: The students in the classroom are sitting at desks and facing a teacher who is standing at the front of the room. They appear to be attentive as they listen to the presentation.
Posture: The students are seated upright with their attention directed towards the teacher, indicating that they are engaged in the class.
Rating: 2",,0
1077,3003095.png,/home/ubuntu/SCB-05-Dataset/5k_HRW_Dataset_combined/images/val/3003095.png,3,2,"Behaviors: The students in this classroom environment are predominantly sitting at desks and looking towards the front of the room where a woman is standing. There is no clear indication that they are engaged in writing, reading, using devices, or raising their hands.

Posture: The students appear to be sitting upright with their attention directed towards the front of the room. Their body postures suggest that they are attentive and focused on the ongoing activity or discussion.

Rating: Based on the behaviors and posture observed in the image, I would rate the overall engagement level of the majority of students as 2 for engaged. While their attention is directed towards the front of the room, it's not clear if they are actively participating in a specific task or activity.",,0
1078,3003098.png,/home/ubuntu/SCB-05-Dataset/5k_HRW_Dataset_combined/images/val/3003098.png,3,2,"Behaviors: The students in the classroom are sitting at desks and appear to be engaged in a learning activity. Some of them are looking towards the front of the room where the teacher is standing, while others seem to be focused on their own tasks.
Posture: The students are seated upright with their attention directed towards the front of the room or their individual tasks.
Rating: 2",,0
1079,3003102.png,/home/ubuntu/SCB-05-Dataset/5k_HRW_Dataset_combined/images/val/3003102.png,2,2,"Behaviors: The students in the classroom are sitting at desks and appear to be engaged in reading or writing. Some of them are looking down at their books or papers, while others seem to be focused on the front of the room where a teacher is likely leading the class.

Posture: The students are seated upright with their attention directed towards the front of the classroom, indicating that they are actively participating in the lesson or activity.

Rating: Based on the behaviors and posture observed, I would rate the overall engagement level of the majority of students as 2 for engaged. While some students may be more focused than others, the general atmosphere suggests that they are actively involved in the learning process.",,0
1080,3003110.png,/home/ubuntu/SCB-05-Dataset/5k_HRW_Dataset_combined/images/val/3003110.png,3,2,"Behaviors: The students in the classroom are sitting at desks and facing towards the front of the room where a teacher is standing. They appear to be attentive and engaged in the ongoing lesson.
Posture: The students are seated upright with their attention directed towards the front of the room, indicating that they are actively participating in the class.
Rating: 2",,0
1081,3003139.png,/home/ubuntu/SCB-05-Dataset/5k_HRW_Dataset_combined/images/val/3003139.png,3,2,"Behaviors: The students in the classroom are sitting at desks and facing towards a teacher who is standing in front of them. They appear to be attentive as they listen to the teacher's instructions or lecture.
Posture: The students are seated upright with their attention directed towards the front of the room, where the teacher is speaking.
Rating: 2",,0
1082,3003140.png,/home/ubuntu/SCB-05-Dataset/5k_HRW_Dataset_combined/images/val/3003140.png,3,2,"Behaviors: The students are sitting in a classroom setting and appear to be focused on the front of the room where a presentation is being shown. One student is actively pointing at something on the screen, while others seem to be attentively watching the presentation.
Posture: Most of the students are sitting upright with their attention directed towards the front of the room.
Rating: 2",,0
1083,3003141.png,/home/ubuntu/SCB-05-Dataset/5k_HRW_Dataset_combined/images/val/3003141.png,2,2,"Behaviors: The students in the classroom are sitting at desks and appear to be engaged in various activities. Some of them are looking down at their desks, while others seem to be paying attention to a teacher or an activity being led by someone out of frame.
Posture: The students are seated upright with their attention directed towards the front of the classroom, suggesting that they are focused on the ongoing lesson or activity.
Rating: 2",,0
1084,3003158.png,/home/ubuntu/SCB-05-Dataset/5k_HRW_Dataset_combined/images/val/3003158.png,2,2,"Behaviors: The students in the classroom are sitting at desks and appear to be engaged in writing or reading. Some of them have their heads down on the desks, which could indicate a lack of focus or fatigue.
Posture: The students' postures vary; some are sitting upright while others have their heads down on the desks. This suggests that there is a mix of engagement levels among the students.
Rating: 2",,0
1085,3003162.png,/home/ubuntu/SCB-05-Dataset/5k_HRW_Dataset_combined/images/val/3003162.png,3,2,"Behaviors: The students in the classroom are sitting at desks and appear to be engaged in a group activity, possibly listening to a teacher or participating in a discussion.

Posture: The students are seated upright with their attention directed towards the front of the room, suggesting that they are focused on the ongoing activity.

Rating: 2",,0
1086,3003167.png,/home/ubuntu/SCB-05-Dataset/5k_HRW_Dataset_combined/images/val/3003167.png,3,2,"Behaviors: The students in the classroom are actively participating in a lecture, with one person standing at the front of the room gesturing and speaking to the class. The rest of the students are seated, facing towards the speaker, and appear to be attentive and engaged in the presentation.
Posture: The students are sitting upright in their chairs, indicating that they are focused on the lecture.
Rating: 2 (engaged)",,0
1087,3004001.png,/home/ubuntu/SCB-05-Dataset/5k_HRW_Dataset_combined/images/val/3004001.png,3,2,"Behaviors: The students in the classroom are sitting at desks and facing a teacher who is standing in front of them. They appear to be attentive as they watch the teacher and possibly listen to her instructions.
Posture: The students are seated upright with their attention directed towards the front of the room, indicating that they are focused on the ongoing lesson or activity.
Rating: 2",,0
1088,3004003.png,/home/ubuntu/SCB-05-Dataset/5k_HRW_Dataset_combined/images/val/3004003.png,2,2,"Behaviors: The students in the classroom are sitting at desks with chairs, and it appears that they are engaged in a learning activity. They seem to be focused on the front of the room where the teacher is standing, possibly listening to her instructions or participating in an interactive lesson.

Posture: The students are seated upright in their chairs, suggesting that they are attentive and actively involved in the class. Their gaze appears to be directed towards the front of the room, indicating that they are focused on the ongoing lesson.

Rating: Based on the behaviors and posture observed in the image, I would rate the overall engagement level of the majority of students as 2 for engaged. The students seem to be actively participating in the class, but their level of engagement may vary individually.",,0
1089,3004012.png,/home/ubuntu/SCB-05-Dataset/5k_HRW_Dataset_combined/images/val/3004012.png,3,2,"Behaviors: The students in the classroom are sitting at desks and facing towards a teacher who is standing at the front of the room. They appear to be attentive and engaged in the ongoing lesson.
Posture: The students are seated upright with their attention directed towards the teacher, indicating that they are actively participating in the class.
Rating: 2",,0
1090,3004010.png,/home/ubuntu/SCB-05-Dataset/5k_HRW_Dataset_combined/images/val/3004010.png,2,2,"Behaviors: The students in the classroom are sitting at desks and appear to be engaged in an activity that involves writing or reading. They seem focused on their work.

Posture: The students are seated upright with their attention directed towards their tasks.

Rating: 2",,0
1091,3004028.png,/home/ubuntu/SCB-05-Dataset/5k_HRW_Dataset_combined/images/val/3004028.png,3,2,"Behaviors: The students in the classroom are sitting at desks facing a teacher who is standing in front of them. They appear to be attentive and engaged in the ongoing lesson.
Posture: Most of the students are sitting upright with their attention directed towards the teacher, indicating that they are actively participating in the class.
Rating: 2",,0
1092,3004032.png,/home/ubuntu/SCB-05-Dataset/5k_HRW_Dataset_combined/images/val/3004032.png,3,2,"Behaviors: The students are seated in a classroom setting, with one person standing at the front of the room. They appear to be attentive and engaged in the activity being led by the individual at the front.
Posture: The students are sitting upright, facing towards the front of the room where the presentation is taking place. Their attention seems focused on the speaker or the content being presented.
Rating: 2",,0
1093,3004015.png,/home/ubuntu/SCB-05-Dataset/5k_HRW_Dataset_combined/images/val/3004015.png,2,2,"Behaviors: The students in the classroom are sitting at desks and appear to be engaged in writing or reading. They seem focused on their tasks.

Posture: The students are seated upright with their attention directed towards their work.

Rating: Based on the behaviors and posture observed, I would rate the overall engagement level of the majority of students as 2 for engaged.",,0
1094,3004034.png,/home/ubuntu/SCB-05-Dataset/5k_HRW_Dataset_combined/images/val/3004034.png,3,2,"Behaviors: The students in the classroom are seated at desks with chairs, and they appear to be engaged in a learning activity. They are looking towards the front of the room where a teacher is standing, suggesting that their attention is focused on the ongoing lesson or presentation.

Posture: The students are sitting upright in their seats, indicating that they are attentive and actively participating in the class.

Rating: Based on the behaviors and posture observed in the image, I would rate the overall engagement level of the majority of students as 2 for engaged. While it is not possible to determine the exact level of engagement from a single image, their body language and focus on the teacher suggest that they are actively participating in the class.",,0
1095,3004035.png,/home/ubuntu/SCB-05-Dataset/5k_HRW_Dataset_combined/images/val/3004035.png,2,2,"Behaviors: The students in the classroom are seated at desks and appear to be engaged in reading books. They seem focused on their tasks.

Posture: The students are sitting upright with their attention directed towards the books they are reading.

Rating: Based on the behaviors and posture observed, I would rate the overall engagement level of the majority of students as 2 for engaged. While all students are present in the classroom and appear to be focused on their tasks, there is no clear indication that they are actively participating in a discussion or group activity, which could suggest a higher level of engagement. However, since they are reading books, it can be assumed that they are at least somewhat engaged in learning.",,0
1096,3004036.png,/home/ubuntu/SCB-05-Dataset/5k_HRW_Dataset_combined/images/val/3004036.png,3,2,"Behaviors: The students in the classroom are sitting at desks and appear to be attentive, with some looking towards the teacher who is standing at the front of the room.
Posture: Most of the students have their bodies oriented towards the front of the room, suggesting that they are focused on the teacher or the activity being conducted.
Rating: 2",,0
1097,3004041.png,/home/ubuntu/SCB-05-Dataset/5k_HRW_Dataset_combined/images/val/3004041.png,2,2,"Behaviors: The students in the classroom are sitting at desks and appear to be engaged in an activity that involves writing or reading. They seem focused on their tasks.

Posture: The students are seated upright with their attention directed towards their work.

Rating: 2",,0
1098,3004047.png,/home/ubuntu/SCB-05-Dataset/5k_HRW_Dataset_combined/images/val/3004047.png,2,2,"Behaviors: The students in the classroom are sitting at desks and appear to be engaged in various activities. Some of them are writing, while others seem to be reading or working on their devices. A few students have their heads resting on their hands, which could indicate a lack of focus or fatigue.

Posture: The majority of the students are sitting upright at their desks, with most of them looking down towards their work. There is no clear indication that any student is leaning forward or slumped over.

Rating: Based on the behaviors and posture observed in the image, I would rate the overall engagement level of the majority of students as a 2 for engaged. While some students are actively writing or working on their devices, others seem to be less focused, with some resting their heads on their hands. This suggests that while there is some level of engagement, it may not be at its highest potential.",,0
1099,3004073.png,/home/ubuntu/SCB-05-Dataset/5k_HRW_Dataset_combined/images/val/3004073.png,2,2,"Behaviors: The students in the classroom are sitting at desks and appear to be engaged in writing or reading. Some of them may also be looking out of the window or towards the front of the room.
Posture: Most of the students have their heads down on their desks, suggesting that they might be focused on their work or possibly tired.
Rating: 2",,0
1100,3004077.png,/home/ubuntu/SCB-05-Dataset/5k_HRW_Dataset_combined/images/val/3004077.png,2,2,"Behaviors: The students in the classroom are sitting at desks and appear to be engaged in an activity that involves writing or taking notes. Some of them are looking down at their papers, while others seem to be paying attention to a teacher or presentation.

Posture: The students are seated upright with their attention directed towards the front of the room, suggesting they are focused on the ongoing lesson or task.

Rating: 2",,0
1101,3004078.png,/home/ubuntu/SCB-05-Dataset/5k_HRW_Dataset_combined/images/val/3004078.png,2,2,"Behaviors: The students in the classroom are sitting at desks and appear to be engaged in writing or reading. Some of them have their heads resting on their hands, suggesting a level of fatigue or boredom.
Posture: The students' postures vary; some are sitting upright while others lean forward or rest their heads on their hands. Their visual attention seems to be directed towards the front of the classroom where the teacher is likely providing instruction.
Rating: 2",,0
1102,3004079.png,/home/ubuntu/SCB-05-Dataset/5k_HRW_Dataset_combined/images/val/3004079.png,2,2,"Behaviors: The students in the classroom are sitting at desks and appear to be engaged in an activity that involves writing or reading. They seem to be focused on their work.
Posture: The students are seated upright with their attention directed towards their tasks.
Rating: 2",,0
1103,3004084.png,/home/ubuntu/SCB-05-Dataset/5k_HRW_Dataset_combined/images/val/3004084.png,2,2,"Behaviors: The students in the classroom are sitting at desks and appear to be engaged in an activity that involves writing or reading. They seem focused on their tasks.

Posture: The students are seated upright with their attention directed towards their work.

Rating: 2",,0
1104,3004085.png,/home/ubuntu/SCB-05-Dataset/5k_HRW_Dataset_combined/images/val/3004085.png,2,2,"Behaviors: The students in the classroom are sitting at desks and appear to be engaged in an activity that involves writing or reading. Some of them have their heads down on the desks, which could indicate a lack of engagement or focus.

Posture: The students' postures vary; some are sitting upright while others have their heads down on the desks. This suggests a mix of attentiveness and disinterest among the class.

Rating: 2",,0
1105,3004088.png,/home/ubuntu/SCB-05-Dataset/5k_HRW_Dataset_combined/images/val/3004088.png,2,2,"Behaviors: The students in the classroom are sitting at desks and appear to be engaged in reading or writing. Some of them are looking down at their books or papers, while others seem to be focused on the front of the room where a teacher is likely providing instruction.

Posture: The students are seated upright with their attention directed towards the front of the classroom, indicating that they are actively participating in the class activity.

Rating: Based on the behaviors and posture observed, I would rate the overall engagement level of the majority of students as 2 for engaged. While some students may be more focused than others, the general atmosphere suggests that they are actively involved in the learning process.",,0
1106,3004090.png,/home/ubuntu/SCB-05-Dataset/5k_HRW_Dataset_combined/images/val/3004090.png,2,2,"Behaviors: The students in the classroom are sitting at desks and appear to be engaged in various activities. Some of them are looking down at their books or papers, while others seem to be focused on the front of the room where a teacher might be leading a lesson.

Posture: The students' postures vary, with some sitting upright, while others lean forward slightly. Their attention seems to be directed towards the front of the classroom, indicating that they are actively participating in the class.

Rating: Based on their behaviors and posture, I would rate the overall engagement level of the majority of students as a 2 for engaged. They seem to be actively involved in the learning process, but it's not possible to determine if their engagement is high or low without more context about the lesson being taught or the students' individual levels of interest and focus.",,0
1107,3004092.png,/home/ubuntu/SCB-05-Dataset/5k_HRW_Dataset_combined/images/val/3004092.png,2,2,"Behaviors: The students in the classroom are sitting at desks and appear to be engaged in an activity that involves writing or reading. They seem focused on their work.

Posture: The students are seated upright with their attention directed towards their tasks.

Rating: 2",,0
1108,3004094.png,/home/ubuntu/SCB-05-Dataset/5k_HRW_Dataset_combined/images/val/3004094.png,2,2,"Behaviors: The students in the classroom are sitting at desks and appear to be engaged in a group activity. They are looking towards the front of the room where a teacher is standing, suggesting that they are paying attention to the ongoing lesson or discussion.

Posture: The students are seated upright with their attention directed forward, indicating that they are actively participating in the class.

Rating: 2",,0
1109,3004099.png,/home/ubuntu/SCB-05-Dataset/5k_HRW_Dataset_combined/images/val/3004099.png,2,2,"Behaviors: The students in the classroom are sitting at desks and appear to be engaged in writing or reading. They seem focused on their tasks.

Posture: The students are seated upright with their attention directed towards their work.

Rating: Based on the behaviors and posture observed, I would rate the overall engagement level of the majority of students as 2 for engaged.",,0
1110,3004110.png,/home/ubuntu/SCB-05-Dataset/5k_HRW_Dataset_combined/images/val/3004110.png,2,2,"Behaviors: The students in the classroom are sitting at desks and appear to be engaged in a lecture or discussion. Some of them are looking down at their papers, while others seem to be paying attention to the front of the room where the teacher is likely speaking.

Posture: The students are seated upright with their attention directed towards the front of the classroom, indicating that they are actively participating in the class.

Rating: 2",,0
1111,3004113.png,/home/ubuntu/SCB-05-Dataset/5k_HRW_Dataset_combined/images/val/3004113.png,2,2,"Behaviors: The students in the classroom are sitting at desks and appear to be engaged in an activity that involves writing or taking notes. Some of them are looking down at their papers, while others seem to be paying attention to a teacher or presentation.

Posture: The students are seated upright with their attention directed towards the front of the room, suggesting they are focused on the ongoing lesson or task.

Rating: 2",,0
1112,3004114.png,/home/ubuntu/SCB-05-Dataset/5k_HRW_Dataset_combined/images/val/3004114.png,2,2,"Behaviors: The students in the classroom are sitting at desks and appear to be engaged in writing or taking notes. Some of them may also be looking at their phones or other devices.
Posture: Most of the students are sitting upright with their attention directed towards the front of the room, where a teacher is likely providing instruction or guidance.
Rating: 2",,0
1113,3004115.png,/home/ubuntu/SCB-05-Dataset/5k_HRW_Dataset_combined/images/val/3004115.png,2,2,"Behaviors: The students in the classroom are sitting at desks and appear to be engaged in writing or reading. Some of them have their heads resting on their hands, suggesting a level of fatigue or boredom.
Posture: The students' postures vary; some are sitting upright while others lean forward or rest their heads on their hands. Their visual attention seems to be directed towards the front of the classroom where the teacher is likely providing instruction.
Rating: 2",,0
1114,3004116.png,/home/ubuntu/SCB-05-Dataset/5k_HRW_Dataset_combined/images/val/3004116.png,2,2,"Behaviors: The students in the classroom are sitting at desks and appear to be engaged in writing or reading. They seem focused on their tasks.

Posture: The students are seated upright with their attention directed towards their work.

Rating: Based on the behaviors and posture observed, I would rate the overall engagement level of the majority of students as 2 for engaged.",,0
1115,3004134.png,/home/ubuntu/SCB-05-Dataset/5k_HRW_Dataset_combined/images/val/3004134.png,2,2,"Behaviors: The students in the classroom are sitting at desks and appear to be engaged in an activity that involves reading or writing. They seem focused on their work.

Posture: The students are seated upright with their attention directed towards their tasks.

Rating: 2",,0
1116,3004136.png,/home/ubuntu/SCB-05-Dataset/5k_HRW_Dataset_combined/images/val/3004136.png,2,2,"Behaviors: The students in the classroom are sitting at desks and appear to be engaged in an activity that involves reading or writing. They seem focused on their work.

Posture: The students are seated upright with their attention directed towards their tasks.

Rating: 2",,0
1117,3004138.png,/home/ubuntu/SCB-05-Dataset/5k_HRW_Dataset_combined/images/val/3004138.png,2,2,"Behaviors: The students in the classroom are sitting at desks and appear to be engaged in an activity that involves writing or drawing. They seem focused on their tasks.

Posture: The students are seated upright with their attention directed towards their work.

Rating: 2",,0
1118,3004144.png,/home/ubuntu/SCB-05-Dataset/5k_HRW_Dataset_combined/images/val/3004144.png,2,2,"Behaviors: The students in the classroom are sitting at desks and appear to be engaged in a group study session. They are looking down at their books and papers, suggesting that they are focused on their work.
Posture: The students are seated upright with their attention directed towards their tasks.
Rating: 2",,0
1119,3004151.png,/home/ubuntu/SCB-05-Dataset/5k_HRW_Dataset_combined/images/val/3004151.png,2,2,"Behaviors: The students in the classroom are sitting at desks and appear to be engaged in an activity that involves writing or reading. Some students are looking down at their desks, while others are looking up towards the front of the room where a teacher is standing.

Posture: The students are seated upright with their attention directed towards the front of the classroom, indicating that they are focused on the ongoing lesson or activity.

Rating: 2",,0
1120,3004152.png,/home/ubuntu/SCB-05-Dataset/5k_HRW_Dataset_combined/images/val/3004152.png,2,2,"Behaviors: The students in the classroom are sitting at desks and appear to be engaged in writing or reading. Some of them may also be looking at their phones or other devices.
Posture: Most of the students are seated upright with their attention directed towards their work, suggesting a level of focus on the task at hand.
Rating: 2",,0
1121,3004160.png,/home/ubuntu/SCB-05-Dataset/5k_HRW_Dataset_combined/images/val/3004160.png,2,2,"Behaviors: The students in the classroom are sitting at desks and appear to be engaged in writing or taking notes. Some of them are looking down at their papers, while others seem to be paying attention to the front of the room where a teacher is likely providing instruction.

Posture: The students are seated upright with their focus directed towards the front of the classroom, indicating that they are actively participating in the class activity.

Rating: Based on the behaviors and posture observed, I would rate the overall engagement level of the majority of students as 2 for engaged. While most students seem to be paying attention and taking notes, there is no clear indication of high levels of engagement or enthusiasm.",,0
1122,3004181.png,/home/ubuntu/SCB-05-Dataset/5k_HRW_Dataset_combined/images/val/3004181.png,2,2,"Behaviors: The students in the classroom are sitting at desks and appear to be engaged in an activity that involves reading or writing. Some of them are looking down at their papers, while others seem to be focused on the front of the room where a teacher is standing.
Posture: The students are seated upright with their attention directed towards the front of the classroom, suggesting they are actively participating in the class.
Rating: 2",,0
1123,3004188.png,/home/ubuntu/SCB-05-Dataset/5k_HRW_Dataset_combined/images/val/3004188.png,2,2,"Behaviors: The students in the classroom are sitting at desks and appear to be engaged in an activity that involves writing or reading. Some of them are looking down at their papers, while others seem to be paying attention to a teacher or speaker who is standing in front of them.

Posture: The students are seated upright with their attention directed towards the front of the classroom, suggesting they are focused on the ongoing activity or instruction.

Rating: 2",,0
1124,3004190.png,/home/ubuntu/SCB-05-Dataset/5k_HRW_Dataset_combined/images/val/3004190.png,2,2,"Behaviors: The students in the classroom are sitting at desks and appear to be engaged in writing or reading. Some of them may be looking at their papers or books, while others might be paying attention to a teacher or an instructional video.

Posture: The students are seated upright with their attention directed towards their work or the front of the classroom. Their body language suggests that they are focused on the task at hand.

Rating: Based on the behaviors and posture observed in the image, I would rate the overall engagement level of the majority of students as 2 for engaged. The students seem to be actively participating in the class activity, but their level of engagement may vary individually.",,0
1125,3004213.png,/home/ubuntu/SCB-05-Dataset/5k_HRW_Dataset_combined/images/val/3004213.png,2,2,"Behaviors: The students in the classroom are sitting at desks and appear to be engaged in writing or reading. They seem focused on their tasks.

Posture: The students are seated upright with their attention directed towards their work.

Rating: Based on the behaviors and posture observed, I would rate the overall engagement level of the majority of students as 2 for engaged.",,0
1126,3005002.png,/home/ubuntu/SCB-05-Dataset/5k_HRW_Dataset_combined/images/val/3005002.png,2,2,"Behaviors: The students in the classroom are sitting at desks with laptops open in front of them. They appear to be engaged in a group activity, possibly working on assignments or participating in a class discussion.
Posture: Most of the students are sitting upright and facing towards the front of the room, indicating that they are focused on the task at hand or the teacher's instructions.
Rating: 2",,0
1127,3005006.png,/home/ubuntu/SCB-05-Dataset/5k_HRW_Dataset_combined/images/val/3005006.png,2,2,"Behaviors: The students in this classroom environment are predominantly sitting at desks and using laptops. Some of them appear to be writing or taking notes, while others seem to be focused on their screens. There is no clear indication that they are resting their heads or raising hands.

Posture: The students' posture appears to be relatively upright, with most of them sitting in chairs and looking at their laptops or the front of the classroom.

Rating: Based on the behaviors and posture observed, I would rate the overall engagement level of the majority of students as a 2 for engaged. While some students are actively using their laptops and possibly taking notes, there is no clear indication that they are highly engaged in the learning process or demonstrating a high level of focus and attention. The fact that they are all looking at their screens suggests that they may be more focused on individual tasks rather than actively participating in a group discussion or activity.",,0
1128,3005010.png,/home/ubuntu/SCB-05-Dataset/5k_HRW_Dataset_combined/images/val/3005010.png,2,2,"Behaviors: The students in this classroom environment are predominantly sitting at desks and using laptops. Some of them appear to be writing or taking notes, while others seem to be engaged in conversation with their peers.
Posture: The students' postures vary; some are sitting upright, while others lean forward or slump over their desks. Their visual attention is directed towards the front of the classroom and their laptops.
Rating: Based on the behaviors and posture observed, I would rate the overall engagement level of the majority of students as a 2 for being engaged. While some students are actively using their laptops or writing, others seem to be more focused on their peers or the front of the classroom rather than the task at hand. This suggests that while there is some level of engagement, it could be improved by ensuring that all students are actively participating in the lesson or activity.",,0
1129,3005013.png,/home/ubuntu/SCB-05-Dataset/5k_HRW_Dataset_combined/images/val/3005013.png,2,2,"Behaviors: The students in this classroom environment are predominantly sitting at desks and working on their laptops. Some of them appear to be writing or taking notes, while others seem to be focused on their screens.

Posture: The students' posture is generally upright with a focus on the task at hand. They are seated in chairs and are engaged in their work.

Rating: Based on the behaviors and posture observed, I would rate the overall engagement level of the majority of students as 2 for engaged. While they are actively using their laptops and working on tasks, there is no clear indication that they are highly engaged or demonstrating a high level of focus and interaction with each other.",,0
1130,3005018.png,/home/ubuntu/SCB-05-Dataset/5k_HRW_Dataset_combined/images/val/3005018.png,2,2,"Behaviors: The students in this classroom environment are predominantly focused on their work. They are sitting at desks and using laptops, with some students also writing or reading. There is a teacher present who appears to be guiding the class.

Posture: The students are seated upright at their desks, indicating that they are actively engaged in their tasks. Their visual attention seems to be directed towards their work on the laptops and papers in front of them.

Rating: Based on the behaviors and posture observed, I would rate the overall engagement level of the majority of students as 2 for engaged. The students appear to be actively participating in the class activities, but there is no clear indication of high levels of engagement or enthusiasm.",,0
1131,3005014.png,/home/ubuntu/SCB-05-Dataset/5k_HRW_Dataset_combined/images/val/3005014.png,2,2,"Behaviors: The students in this classroom environment are predominantly focused on their laptops and tablets, with some looking at papers. They appear to be engaged in a learning activity that involves the use of technology.
Posture: The students are sitting upright at desks, with most of them looking down at their devices or papers. Their body posture suggests concentration and engagement in the task at hand.
Rating: 2",,0
1132,3005021.png,/home/ubuntu/SCB-05-Dataset/5k_HRW_Dataset_combined/images/val/3005021.png,2,2,"Behaviors: The students in the classroom are sitting at desks and appear to be engaged in a group activity, possibly working on a task together. They seem focused on their work, with some students looking down at their papers or materials.
Posture: The students are seated upright in their chairs, suggesting that they are attentive and actively participating in the class.
Rating: 2",,0
1133,3005023.png,/home/ubuntu/SCB-05-Dataset/5k_HRW_Dataset_combined/images/val/3005023.png,2,2,"Behaviors: The students in the classroom are sitting at desks and appear to be engaged in a learning activity. They seem to be focused on their work, with some students looking down at their papers or books, while others may be interacting with each other or the teacher.

Posture: The students are seated upright in their chairs, suggesting that they are attentive and actively participating in the class. Their gaze is directed towards the front of the room, where the teacher or presentation is taking place.

Rating: Based on the behaviors and posture observed in the image, I would rate the overall engagement level of the majority of students as 2 for engaged. The students seem to be actively participating in the class, but it's not possible to determine their level of focus or comprehension from this single snapshot.",,0
1134,3005024.png,/home/ubuntu/SCB-05-Dataset/5k_HRW_Dataset_combined/images/val/3005024.png,2,2,"Behaviors: The students in the classroom are sitting at desks with their attention directed towards the front of the room where a teacher is likely to be giving instructions. Some students appear to be looking down at their desks, possibly taking notes or working on assignments.

Posture: The students are seated upright in their chairs, suggesting that they are attentive and focused on the ongoing lesson or activity.

Rating: 2",,0
1135,3005029.png,/home/ubuntu/SCB-05-Dataset/5k_HRW_Dataset_combined/images/val/3005029.png,2,2,"Behaviors: The students in the classroom are sitting at desks and appear to be engaged in a learning activity. They seem to be focused on their work, with some students looking down at their papers or books, while others may be interacting with each other or the teacher.

Posture: The students are seated upright in their chairs, suggesting that they are attentive and actively participating in the class. Their gaze is directed towards the front of the classroom, where the teacher is likely providing instructions or guidance.

Rating: Based on the behaviors and posture observed in the image, I would rate the overall engagement level of the majority of students as 2 for engaged. The students seem to be actively participating in the class, but it's not possible to determine their level of focus or comprehension from this single snapshot.",,0
1136,3005033.png,/home/ubuntu/SCB-05-Dataset/5k_HRW_Dataset_combined/images/val/3005033.png,2,2,"Behaviors: The students in the classroom are sitting at desks and appear to be engaged in a learning activity. They seem to be focused on their work, with some students looking down at their papers while others may be interacting with each other or the teacher.

Posture: The students are seated upright in their chairs, suggesting that they are attentive and actively participating in the class. Their gaze is directed towards the front of the room, where the teacher is likely providing instructions or guidance.

Rating: Based on the behaviors and posture observed in the image, I would rate the overall engagement level of the majority of students as 2 for engaged. The students seem to be actively participating in the class, but their level of engagement may vary individually.",,0
1137,3005034.png,/home/ubuntu/SCB-05-Dataset/5k_HRW_Dataset_combined/images/val/3005034.png,2,2,"Behaviors: The students in the classroom are sitting at desks and appear to be engaged in a learning activity. They are looking towards the front of the room where the teacher is standing, suggesting that they are paying attention to the lesson being taught.
Posture: The students are seated upright with their gaze directed forward, indicating that they are focused on the ongoing class.
Rating: 2",,0
1138,3005037.png,/home/ubuntu/SCB-05-Dataset/5k_HRW_Dataset_combined/images/val/3005037.png,2,2,"Behaviors: The students in the classroom are sitting at desks with papers and pens, suggesting that they are actively engaged in a learning activity.
Posture: The students appear to be focused on their work, with most of them sitting upright and looking down at their papers or towards the front of the room where the teacher is likely providing instruction.
Rating: 2",,0
1139,3005040.png,/home/ubuntu/SCB-05-Dataset/5k_HRW_Dataset_combined/images/val/3005040.png,2,2,"Behaviors: The students in the classroom are sitting at desks and appear to be engaged in a learning activity. They are looking down at their desks, suggesting that they might be taking notes or working on assignments.
Posture: The students are seated upright with their attention directed towards their work.
Rating: 2",,0
1140,3005049.png,/home/ubuntu/SCB-05-Dataset/5k_HRW_Dataset_combined/images/val/3005049.png,2,2,"Behaviors: The students in the classroom are sitting at desks and appear to be engaged in various activities. Some of them are reading books, while others seem to be writing or working on their laptops. There is a mix of individual and group work taking place.

Posture: The students are seated upright with their attention directed towards their tasks. They seem focused and attentive to the learning environment.

Rating: 2",,0
1141,3005055.png,/home/ubuntu/SCB-05-Dataset/5k_HRW_Dataset_combined/images/val/3005055.png,2,2,"Behaviors: The students in the classroom are sitting at desks and appear to be engaged in writing or drawing on paper. They seem focused on their tasks.

Posture: The students are seated upright with their attention directed towards their work.

Rating: Based on the behaviors and posture observed, I would rate the overall engagement level of the majority of students as 2 for engaged.",,0
1142,3005067.png,/home/ubuntu/SCB-05-Dataset/5k_HRW_Dataset_combined/images/val/3005067.png,2,2,"Behaviors: The students in this classroom are sitting at desks and appear to be engaged in writing or reading. They seem focused on their tasks.

Posture: The students are seated upright with their attention directed towards the front of the room, indicating that they are actively participating in the class.

Rating: 2",,0
1143,3005078.png,/home/ubuntu/SCB-05-Dataset/5k_HRW_Dataset_combined/images/val/3005078.png,2,2,"Behaviors: The students in the classroom are sitting at desks and appear to be engaged in an activity that involves writing on paper. They seem to be focused on their work, with some students looking down at their papers while others may be interacting with each other or the teacher.

Posture: The students are seated upright at their desks, suggesting a level of attentiveness and engagement in their task. Their gaze is directed towards their papers or the activity they are working on.

Rating: Based on the behaviors and posture observed, I would rate the overall engagement level of the majority of students as 2 for engaged. The students seem to be actively participating in the classroom activity, but it's not possible to determine if their engagement is highly focused or just moderately engaged from this image alone.",,0
1144,3005079.png,/home/ubuntu/SCB-05-Dataset/5k_HRW_Dataset_combined/images/val/3005079.png,2,2,"Behaviors: The students in the classroom are sitting at desks and appear to be engaged in an activity that involves writing or drawing. They seem focused on their tasks.

Posture: The students are seated upright with their attention directed towards their work.

Rating: 2",,0
1145,3005096.png,/home/ubuntu/SCB-05-Dataset/5k_HRW_Dataset_combined/images/val/3005096.png,2,2,"Behaviors: The students in the classroom are sitting at desks and appear to be engaged in various activities. Some of them are looking down at their desks, while others seem to be focused on a teacher or an activity being led by the teacher.
Posture: The students are seated upright with their attention directed towards the front of the room, indicating that they are actively participating in the class.
Rating: 2",,0
1146,3005101.png,/home/ubuntu/SCB-05-Dataset/5k_HRW_Dataset_combined/images/val/3005101.png,2,2,"Behaviors: The students in the classroom are sitting at desks and appear to be engaged in an activity that involves looking at books or papers. Some of them might be writing or drawing as well.
Posture: The students are seated upright with their attention directed towards the materials on their desks, suggesting a level of focus and engagement.
Rating: 2",,0
1147,3005107.png,/home/ubuntu/SCB-05-Dataset/5k_HRW_Dataset_combined/images/val/3005107.png,2,2,"Behaviors: The students in the classroom are sitting at desks and appear to be engaged in various activities. Some of them are looking down at their work, while others seem to be interacting with each other or observing something outside the frame of the image.
Posture: The students are seated upright at their desks, suggesting that they are focused on their tasks.
Rating: 2",,0
1148,3005118.png,/home/ubuntu/SCB-05-Dataset/5k_HRW_Dataset_combined/images/val/3005118.png,2,2,"Behaviors: The students in the classroom are sitting at desks and appear to be engaged in writing or taking notes. Some of them may also be looking at a presentation or listening to a speaker.
Posture: The students are seated upright with their attention directed towards the front of the room, where the teacher is likely presenting or leading a discussion.
Rating: 2",,0
1149,3005127.png,/home/ubuntu/SCB-05-Dataset/5k_HRW_Dataset_combined/images/val/3005127.png,2,2,"Behaviors: The students in this classroom environment are predominantly sitting at desks and working on papers. They appear to be engaged in their tasks, with some students looking down at their work while others may be interacting with each other or the teacher.
Posture: The students' postures vary, but many of them seem to be sitting upright and focused on their work. Some students might be leaning forward slightly as they concentrate on their papers.
Rating: Based on the behaviors and posture described, I would rate the overall engagement level of the majority of students as a 2 for engaged. While most students are actively working on their papers, there may not be a high level of interaction or participation in class activities beyond individual work.",,0
1150,3005140.png,/home/ubuntu/SCB-05-Dataset/5k_HRW_Dataset_combined/images/val/3005140.png,3,2,"Behaviors: The students in the classroom are sitting at desks with their heads down, focusing on their work.
Posture: The students are seated upright and appear to be focused on their tasks.
Rating: 2",,0
1151,3005139.png,/home/ubuntu/SCB-05-Dataset/5k_HRW_Dataset_combined/images/val/3005139.png,2,2,"Behaviors: The students in the classroom are sitting at desks and appear to be engaged in an activity. They seem to be focused on their work, with some looking down at their papers or books, while others may be interacting with each other or the teacher.
Posture: Most of the students are sitting upright in their chairs, suggesting that they are attentive and actively participating in the class.
Rating: Based on the behaviors and posture observed, I would rate the overall engagement level of the majority of students as 2 for engaged. The students seem to be actively involved in the classroom activity, but it is not possible to determine their level of focus or comprehension from this image alone.",,0
1152,3005164.png,/home/ubuntu/SCB-05-Dataset/5k_HRW_Dataset_combined/images/val/3005164.png,2,2,"Behaviors: The students in the classroom are sitting at desks and appear to be engaged in some form of activity. Some students are looking down at their desks, while others seem to be paying attention to a teacher or presentation.
Posture: The students are seated upright with their attention directed towards the front of the room, suggesting that they are focused on the ongoing lesson or activity.
Rating: 2",,0
1153,3005168.png,/home/ubuntu/SCB-05-Dataset/5k_HRW_Dataset_combined/images/val/3005168.png,2,2,"Behaviors: The students in the classroom are sitting at desks and appear to be engaged in various activities. Some of them are writing on papers, while others seem to be looking at their work or interacting with each other.
Posture: The students are seated upright at their desks, suggesting that they are focused on their tasks.
Rating: 2",,0
1154,3005188.png,/home/ubuntu/SCB-05-Dataset/5k_HRW_Dataset_combined/images/val/3005188.png,2,2,"Behaviors: The students in this classroom environment are predominantly sitting at desks and facing the front of the room where a teacher is standing. They appear to be engaged in an activity that involves writing on paper or using devices, as some students have laptops open in front of them.

Posture: The students are seated upright with their attention directed towards the front of the classroom, indicating that they are focused on the ongoing lesson or activity.

Rating: Based on the behaviors and posture observed, I would rate the overall engagement level of the majority of students as 2 for engaged. While some students seem to be actively participating in the activity, others may be slightly less engaged but still present and attentive.",,0
1155,3005195.png,/home/ubuntu/SCB-05-Dataset/5k_HRW_Dataset_combined/images/val/3005195.png,2,2,"Behaviors: The students in the classroom are sitting at desks and appear to be engaged in writing or reading. Some of them may also be looking out of the window or interacting with their devices.
Posture: The students are seated upright at their desks, suggesting that they are focused on their tasks.
Rating: 2",,0
1156,3005221.png,/home/ubuntu/SCB-05-Dataset/5k_HRW_Dataset_combined/images/val/3005221.png,2,2,"Behaviors: The students in the classroom are sitting at desks and appear to be engaged in an activity that involves reading or writing. Some of them are looking down at their papers, while others seem to be focused on the front of the room where a teacher is likely providing instructions or guidance.

Posture: The students are seated upright with their attention directed towards the front of the classroom, indicating that they are actively participating in the class activity.

Rating: Based on the behaviors and posture observed, I would rate the overall engagement level of the majority of students as 2 for engaged. While some students may be more focused than others, the general atmosphere suggests that they are actively involved in the learning process.",,0
1157,3005215.png,/home/ubuntu/SCB-05-Dataset/5k_HRW_Dataset_combined/images/val/3005215.png,2,2,"Behaviors: The students in the classroom are sitting at desks and appear to be engaged in an activity that involves writing or drawing. They seem to be focused on their work.
Posture: The students are seated upright with their attention directed towards their tasks.
Rating: 2",,0
1158,3005224.png,/home/ubuntu/SCB-05-Dataset/5k_HRW_Dataset_combined/images/val/3005224.png,2,2,"Behaviors: The students in this classroom are predominantly sitting at desks and appear to be engaged in various activities such as writing, reading, or working on their laptops.
Posture: The majority of the students have an upright posture with their attention directed towards their work.
Rating: Based on the behaviors and posture observed, I would rate the overall engagement level of the majority of students as a 2 for being engaged.",,0
1159,3005231.png,/home/ubuntu/SCB-05-Dataset/5k_HRW_Dataset_combined/images/val/3005231.png,3,2,"Behaviors: The students in this classroom are sitting at desks and appear to be engaged in a learning activity. They are looking down at their desks, suggesting that they might be writing or reading. There is no clear indication of students using devices or raising hands.

Posture: The students are seated upright with their attention directed towards the front of the classroom, indicating that they are focused on the ongoing lesson or task.

Rating: Based on the behaviors and posture observed in the image, I would rate the overall engagement level of the majority of students as 2 for engaged. While they seem to be actively participating in the class, their attention is directed downwards towards their desks rather than upwards towards the front of the classroom, which could suggest a moderate level of engagement.",,0
1160,3005242.png,/home/ubuntu/SCB-05-Dataset/5k_HRW_Dataset_combined/images/val/3005242.png,2,2,"Behaviors: The students in the classroom are sitting at desks and appear to be engaged in writing or reading. Some of them may be looking at their books or papers, while others might be paying attention to the teacher or a presentation.

Posture: Most of the students are seated upright with their focus directed towards their work or the front of the classroom. There is no clear indication that any student is resting their head on their hand or using devices.

Rating: Based on the behaviors and posture observed in the image, I would rate the overall engagement level of the majority of students as 2 for engaged. The students seem to be actively participating in the classroom activity, but it's not possible to determine if they are highly engaged without more context or a closer observation of their facial expressions and body language.",,0
1161,3005258.png,/home/ubuntu/SCB-05-Dataset/5k_HRW_Dataset_combined/images/val/3005258.png,2,2,"Behaviors: The students in the classroom are sitting at desks and appear to be engaged in various activities. Some of them are writing on paper, while others seem to be listening attentively to a teacher or presentation.

Posture: The students are seated upright with their attention directed towards the front of the room, suggesting that they are focused on the ongoing activity or lesson.

Rating: Based on the behaviors and posture observed in the image, I would rate the overall engagement level of the majority of students as 2 for engaged. While some students seem to be actively participating in the class, others may not be fully engaged but are at least present and attentive.",,0
1162,3005273.png,/home/ubuntu/SCB-05-Dataset/5k_HRW_Dataset_combined/images/val/3005273.png,2,2,"Behaviors: The students in the classroom are sitting at desks with books and notebooks open in front of them. They appear to be engaged in a lesson or activity led by an instructor who is standing at the front of the room.
Posture: Most of the students are sitting upright, facing forward towards the teacher, indicating that they are attentive and focused on the ongoing lesson.
Rating: 2",,0
1163,3005276.png,/home/ubuntu/SCB-05-Dataset/5k_HRW_Dataset_combined/images/val/3005276.png,3,2,"Behaviors: The students in the classroom are sitting at desks with their attention directed towards the front of the room where a teacher is likely to be giving instructions. Some students appear to be looking down at their desks, while others seem to be paying attention to the front of the room.
Posture: The students' postures vary; some are sitting upright, while others are leaning slightly forward or slumped over their desks. Their visual attention is directed towards the front of the room, indicating that they are engaged in the ongoing lesson or activity.
Rating: 2",,0
1164,3005277.png,/home/ubuntu/SCB-05-Dataset/5k_HRW_Dataset_combined/images/val/3005277.png,3,2,"Behaviors: The students in the classroom are sitting at desks with books and notebooks open in front of them. They appear to be engaged in a learning activity, possibly listening to a teacher or working on assignments.
Posture: Most of the students are sitting upright with their attention directed towards the front of the room, suggesting that they are focused on the ongoing lesson or task.
Rating: 2 (engaged)",,0
1165,3005278.png,/home/ubuntu/SCB-05-Dataset/5k_HRW_Dataset_combined/images/val/3005278.png,2,2,"Behaviors: The students in the classroom are sitting at their desks, with some looking down at their books and others looking up towards the front of the room. There is a teacher standing in front of them, likely leading a lesson or activity.
Posture: The students appear to be sitting upright, with most of them focused on their work or the teacher's instructions.
Rating: 2",,0
1166,3005283.png,/home/ubuntu/SCB-05-Dataset/5k_HRW_Dataset_combined/images/val/3005283.png,2,2,"Behaviors: The students in this classroom environment are predominantly sitting at desks with chairs, focusing on their work. Some of them appear to be writing or taking notes, while others seem to be engaged in conversation or individual tasks.

Posture: The majority of the students have an upright posture and are looking down at their desks or towards the front of the classroom, indicating that they are focused on their work or the ongoing lesson.

Rating: Based on the behaviors and posture observed, I would rate the overall engagement level of the majority of students as 2 for engaged. While some students seem to be actively participating in the class, others appear to be more passive, suggesting a moderate level of engagement.",,0
1167,3005294.png,/home/ubuntu/SCB-05-Dataset/5k_HRW_Dataset_combined/images/val/3005294.png,2,2,"Behaviors: The students in the classroom are sitting at desks and appear to be engaged in an activity, possibly taking notes or working on assignments.
Posture: The students are seated upright with their attention directed towards the front of the room, suggesting that they are focused on the ongoing lesson or discussion.
Rating: 2",,0
